Player,Year,era,is_udfa,udfa_type,tier,rbpi_post,rbpi_pre,raw_post,raw_pre,diamond_score,is_diamond,is_star_pre,is_star_post,low_conf,low_conf_reason,actual_fantasy_pctl,pick,nfl_entry_age,breakout_age,best_dom,best_rec_ydshare,career_ypc,avg_ppa,explosion_p,best_scrim_yds,best_rush_share,recruit_stars,similar
Melvin Gordon,2015,historical,0,,10,0.9803921568627451,0.8431372549019608,74.15942978697484,10.96033265705912,0.8452690733770091,0,0,1,0,,0.9517543859649122,15.0,21.71937029431896,20.50650239561944,0.4703752763779057,0.0734870317002881,7.789223454833597,0.294,0.6350829768868422,2740.0,0.5418641390205371,4.0,"[{'p': 'Chuba Hubbard', 'y': 2021, 'sim': 64.0, 'fant': 0.711}, {'p': 'Jeremiyah Love', 'y': 2026, 'sim': 58.0, 'fant': None}, {'p': 'Rashaad Penny', 'y': 2018, 'sim': 57.0, 'fant': 0.566}, {'p': 'Isaiah Davis', 'y': 2024, 'sim': 57.0, 'fant': None}, {'p': 'Tevin Coleman', 'y': 2015, 'sim': 56.0, 'fant': 0.838}, {'p': 'Bijan Robinson', 'y': 2023, 'sim': 55.0, 'fant': 0.978}]"
T.J. Yeldon,2015,historical,0,,10,0.9150326797385621,0.6993464052287581,53.05104084018203,10.83636328612247,0.3612582030450205,0,0,1,0,,0.7631578947368421,36.0,21.24845995893224,19.0362765229295,0.2403117236724981,0.056656346749226,5.767361111111111,0.2195,0.4334564498308235,1418.0,0.4579646017699115,5.0,"[{'p': 'Zach Charbonnet', 'y': 2023, 'sim': 64.0, 'fant': 0.759}, {'p': 'Trey Benson', 'y': 2024, 'sim': 61.0, 'fant': None}, {'p': 'Qadree Ollison', 'y': 2019, 'sim': 60.0, 'fant': 0.346}, {'p': 'Isaiah Davis', 'y': 2024, 'sim': 59.0, 'fant': None}, {'p': 'Isaiah Spiller', 'y': 2022, 'sim': 58.0, 'fant': 0.206}, {'p': 'Ollie Gordon', 'y': 2025, 'sim': 58.0, 'fant': None}]"
Ameer Abdullah,2015,historical,0,,9,0.869281045751634,0.7058823529411765,43.88292058093232,10.857137023737018,0.1349162879435864,0,0,0,0,,0.6359649122807017,54.0,21.5523613963039,19.34017796030116,0.3456008540582114,0.0975698222705839,5.64329643296433,0.215,0.6868454029334488,1922.0,0.487001733102253,3.0,"[{'p': 'Jarquez Hunter', 'y': 2025, 'sim': 62.0, 'fant': None}, {'p': 'Eno Benjamin', 'y': 2020, 'sim': 62.0, 'fant': 0.447}, {'p': 'J.K. Dobbins', 'y': 2020, 'sim': 61.0, 'fant': 0.75}, {'p': 'Sean Tucker', 'y': 2023, 'sim': 60.0, 'fant': 0.456}, {'p': 'Kenneth Dixon', 'y': 2016, 'sim': 59.0, 'fant': 0.658}, {'p': 'Myles Gaskin', 'y': 2019, 'sim': 59.0, 'fant': 0.842}]"
Tevin Coleman,2015,historical,0,,9,0.803921568627451,0.8431372549019608,39.29250666406618,10.96033265705912,0.5897244864886251,1,0,0,0,,0.8377192982456141,73.0,21.711156741957563,20.49828884325804,0.4320283600493218,0.0830878020035356,7.121681415929204,0.1855,0.1496062992125984,2177.0,0.5018587360594795,3.0,"[{'p': 'Chuba Hubbard', 'y': 2021, 'sim': 63.0, 'fant': 0.711}, {'p': 'Rasheen Ali', 'y': 2024, 'sim': 60.0, 'fant': None}, {'p': 'Ronald Jones II', 'y': 2018, 'sim': 58.0, 'fant': 0.803}, {'p': 'Emmett Johnson', 'y': 2026, 'sim': 55.0, 'fant': None}, {'p': 'Jerome Ford', 'y': 2022, 'sim': 55.0, 'fant': 0.754}, {'p': 'Jeremy Langford', 'y': 2015, 'sim': 55.0, 'fant': 0.618}]"
David Johnson,2015,historical,0,,8,0.7254901960784313,0.24836601307189543,31.167056376624174,9.871693942455678,0.523716466005126,1,0,0,1,no reliable college production data (thin CFBD team-season),0.9692982456140351,86.0,23.04449007529089,99.0,,,4.659090909090909,0.0555,0.8855684103536644,356.0,1.0,,"[{'p': 'Zach Zenner', 'y': 2015, 'sim': 56.0, 'fant': 0.43}, {'p': 'Hassan Haskins', 'y': 2022, 'sim': 49.0, 'fant': 0.298}, {'p': 'Javorius Allen', 'y': 2015, 'sim': 49.0, 'fant': 0.715}, {'p': 'Brian Robinson Jr.', 'y': 2022, 'sim': 48.0, 'fant': 0.825}, {'p': 'Daniel Lasco', 'y': 2016, 'sim': 47.0, 'fant': 0.092}, {'p': 'Jordan Wilkins', 'y': 2018, 'sim': 47.0, 'fant': 0.382}]"
Matt Jones,2015,historical,0,,6,0.5032679738562091,0.10457516339869281,25.670229277444804,8.858883473199562,-0.48410511765446573,0,0,0,0,,0.7192982456140351,95.0,21.82067077344285,21.607118412046542,0.1858496877787689,0.0301065308012968,4.818181818181818,0.0045,0.2504970969537898,882.0,0.3293650793650793,4.0,"[{'p': 'Brian Robinson Jr.', 'y': 2022, 'sim': 62.0, 'fant': 0.825}, {'p': 'Kendall Milton', 'y': 2024, 'sim': 62.0, 'fant': None}, {'p': 'Hassan Haskins', 'y': 2022, 'sim': 60.0, 'fant': 0.298}, {'p': ""Ja'Quinden Jackson"", 'y': 2025, 'sim': 60.0, 'fant': None}, {'p': 'CJ Donaldson', 'y': 2026, 'sim': 59.0, 'fant': None}, {'p': 'Roschon Johnson', 'y': 2023, 'sim': 58.0, 'fant': 0.539}]"
Jeremy Langford,2015,historical,0,,7,0.6666666666666666,0.29411764705882354,28.61129783639575,9.985585813238696,0.032853513938296094,0,0,0,0,,0.618421052631579,106.0,23.071868583162217,21.859000684462696,0.4015689941812136,0.0670367207514944,5.1421143847487,0.0965,0.5069208377189766,1584.0,0.5427509293680297,,"[{'p': 'Rasheen Ali', 'y': 2024, 'sim': 68.0, 'fant': None}, {'p': 'Chuba Hubbard', 'y': 2021, 'sim': 60.0, 'fant': 0.711}, {'p': 'Darius Jackson', 'y': 2016, 'sim': 59.0, 'fant': 0.092}, {'p': 'Roman Hemby', 'y': 2026, 'sim': 59.0, 'fant': None}, {'p': 'Joshua Kelley', 'y': 2020, 'sim': 58.0, 'fant': 0.461}, {'p': 'Jerome Ford', 'y': 2022, 'sim': 57.0, 'fant': 0.754}]"
Javorius Allen,2015,historical,0,,7,0.6339869281045751,0.1503267973856209,28.00414359902248,9.38013533623316,-0.02408414610117933,0,0,0,0,,0.7149122807017544,125.0,23.34839151266256,22.13552361396304,0.2682738745725667,0.1187759336099585,5.5299760191846525,,0.5951298959530885,1947.0,0.5369649805447471,4.0,"[{'p': 'Raheim Sanders', 'y': 2025, 'sim': 64.0, 'fant': None}, {'p': 'Devontae Booker', 'y': 2016, 'sim': 59.0, 'fant': 0.623}, {'p': 'Brian Robinson Jr.', 'y': 2022, 'sim': 59.0, 'fant': 0.825}, {'p': 'Omarion Hampton', 'y': 2025, 'sim': 57.0, 'fant': None}, {'p': 'Jordan Wilkins', 'y': 2018, 'sim': 56.0, 'fant': 0.382}, {'p': 'Jay Ajayi', 'y': 2015, 'sim': 56.0, 'fant': 0.816}]"
Mike Davis,2015,historical,0,,7,0.6405228758169934,0.5359477124183006,28.06298621196848,10.553776933365029,-0.02929525805539547,0,0,0,0,,0.4780701754385965,126.0,21.86447638603696,20.65160848733744,0.2263338942857058,0.1066666666666666,5.3744493392070485,0.191,0.2743985083820445,1535.0,0.4207188160676532,4.0,"[{'p': 'Zack Moss', 'y': 2020, 'sim': 63.0, 'fant': 0.614}, {'p': 'Dameon Pierce', 'y': 2022, 'sim': 62.0, 'fant': 0.706}, {'p': 'Khalil Herbert', 'y': 2021, 'sim': 62.0, 'fant': 0.675}, {'p': 'David Montgomery', 'y': 2019, 'sim': 60.0, 'fant': 0.921}, {'p': ""D'Andre Swift"", 'y': 2020, 'sim': 59.0, 'fant': 0.904}, {'p': 'Corey Clement', 'y': 2017, 'sim': 58.0, 'fant': 0.553}]"
David Cobb,2015,historical,0,,6,0.5490196078431373,0.41830065359477125,26.40019038333071,10.328295138153063,-0.14580362988061224,0,0,0,0,,0.27631578947368424,138.0,21.579739904175224,20.366872005475702,0.3670159934085035,0.1047865459249676,5.143872113676732,0.0955,0.6522529639029281,1791.0,0.5555555555555556,3.0,"[{'p': 'Alexander Mattison', 'y': 2019, 'sim': 63.0, 'fant': 0.588}, {'p': 'David Montgomery', 'y': 2019, 'sim': 62.0, 'fant': 0.921}, {'p': 'Kevin Harris', 'y': 2022, 'sim': 60.0, 'fant': 0.32}, {'p': 'Tyler Allgeier', 'y': 2022, 'sim': 59.0, 'fant': 0.662}, {'p': 'Jordan Howard', 'y': 2016, 'sim': 58.0, 'fant': 0.86}, {'p': 'Zack Moss', 'y': 2020, 'sim': 58.0, 'fant': 0.614}]"
Jay Ajayi,2015,historical,0,,7,0.6013071895424836,0.5816993464052288,27.05299104765907,10.60409791421506,0.7396150117516735,1,0,0,0,,0.8157894736842105,149.0,21.54688569472964,20.33401779603012,0.4116991885836107,0.1362710137544574,5.59882005899705,0.1855,0.637911006647585,2358.0,0.5871404399323181,3.0,"[{'p': 'Omarion Hampton', 'y': 2025, 'sim': 68.0, 'fant': None}, {'p': 'Kaleb Johnson', 'y': 2025, 'sim': 62.0, 'fant': None}, {'p': 'Brian Hill', 'y': 2017, 'sim': 61.0, 'fant': 0.425}, {'p': 'Lew Nichols', 'y': 2023, 'sim': 59.0, 'fant': 0.092}, {'p': 'Rashaad Penny', 'y': 2018, 'sim': 59.0, 'fant': 0.566}, {'p': 'Jaleel McLaughlin', 'y': 2023, 'sim': 59.0, 'fant': 0.496}]"
Karlos Williams,2015,historical,0,,6,0.5816993464052288,0.6601307189542484,26.78195019501672,10.750697586332873,0.3208257757392865,0,0,0,0,,0.7763157894736842,155.0,21.661875427789184,21.44832306639288,0.2324668681701929,0.0968567251461988,5.8879668049792535,0.226,0.4877673692992233,954.0,0.3440366972477064,,"[{'p': 'Rodney Anderson', 'y': 2019, 'sim': 62.0, 'fant': 0.092}, {'p': 'Gerrid Doaks', 'y': 2021, 'sim': 62.0, 'fant': 0.092}, {'p': 'Qadree Ollison', 'y': 2019, 'sim': 62.0, 'fant': 0.346}, {'p': 'Keaontay Ingram', 'y': 2022, 'sim': 58.0, 'fant': 0.211}, {'p': 'Joe Mixon', 'y': 2017, 'sim': 57.0, 'fant': 0.912}, {'p': 'Roschon Johnson', 'y': 2023, 'sim': 56.0, 'fant': 0.539}]"
Cameron Artis-Payne,2015,historical,0,,4,0.33986928104575165,0.13725490196078433,22.595614625308055,9.134488696838226,-0.21468749977921736,0,0,0,0,,0.36403508771929827,174.0,24.525667351129364,24.31211498973306,0.2872017198136868,0.0652173913043478,5.629441624365482,0.1649999999999999,0.4813198711731281,1755.0,0.5033222591362126,,"[{'p': 'Patrick Laird', 'y': 2019, 'sim': 59.0, 'fant': 0.434}, {'p': 'Kaelon Black', 'y': 2026, 'sim': 58.0, 'fant': None}, {'p': 'Jerome Ford', 'y': 2022, 'sim': 57.0, 'fant': 0.754}, {'p': 'Eric Gray', 'y': 2023, 'sim': 56.0, 'fant': 0.246}, {'p': 'Devontae Booker', 'y': 2016, 'sim': 56.0, 'fant': 0.623}, {'p': 'Tahj Brooks', 'y': 2025, 'sim': 56.0, 'fant': None}]"
Josh Robinson,2015,historical,0,,5,0.45751633986928103,0.6535947712418301,24.781425203669116,10.748254384320983,-0.4919226094206933,0,0,0,0,,0.2412280701754386,205.0,22.354551676933607,22.140999315537304,0.2168300653594771,0.101397643189915,6.182662538699691,0.2334999999999999,0.114405938582746,1573.0,0.3368794326241134,3.0,"[{'p': 'Jonah Coleman', 'y': 2026, 'sim': 64.0, 'fant': None}, {'p': 'Zack Moss', 'y': 2020, 'sim': 62.0, 'fant': 0.614}, {'p': 'Mike Davis', 'y': 2015, 'sim': 60.0, 'fant': 0.478}, {'p': 'Kyle Monangai', 'y': 2025, 'sim': 59.0, 'fant': None}, {'p': 'Khalil Herbert', 'y': 2021, 'sim': 57.0, 'fant': 0.675}, {'p': 'MarShawn Lloyd', 'y': 2024, 'sim': 57.0, 'fant': None}]"
Marcus Murphy,2015,historical,0,,3,0.24836601307189543,0.05228758169934641,21.07258402603308,8.164840291729014,-0.58932804431147,0,0,0,0,,0.09210526315789473,230.0,23.24709103353868,23.033538672142367,0.1694309302668435,0.080060422960725,5.807121661721069,,0.0300065367173455,1136.0,0.3390804597701149,3.0,"[{'p': 'Jawhar Jordan', 'y': 2024, 'sim': 67.0, 'fant': None}, {'p': 'Ulysses Bentley IV', 'y': 2025, 'sim': 64.0, 'fant': None}, {'p': 'Robert Henry Jr.', 'y': 2026, 'sim': 60.0, 'fant': None}, {'p': 'T.J. Logan', 'y': 2017, 'sim': 59.0, 'fant': 0.202}, {'p': ""D'Ernest Johnson"", 'y': 2019, 'sim': 58.0, 'fant': 0.443}, {'p': 'Kyren Williams', 'y': 2022, 'sim': 58.0, 'fant': 0.961}]"
Kenny Hilliard,2015,historical,0,,1,0.013071895424836602,0.013071895424836602,13.73677122241871,5.741647511911452,-0.7590844571603607,0,0,0,0,,0.09210526315789473,235.0,23.24709103353868,99.0,0.1228429971722904,0.0165250236071765,5.155629139072848,0.0935,0.0215661317128747,485.0,0.1576923076923077,4.0,"[{'p': 'Tony Jones', 'y': 2020, 'sim': 64.0, 'fant': 0.232}, {'p': 'Gary Brightwell', 'y': 2021, 'sim': 62.0, 'fant': 0.303}, {'p': 'Snoop Conner', 'y': 2022, 'sim': 60.0, 'fant': 0.224}, {'p': 'Roschon Johnson', 'y': 2023, 'sim': 59.0, 'fant': 0.539}, {'p': 'David Williams', 'y': 2018, 'sim': 59.0, 'fant': 0.092}, {'p': 'Rhamondre Stevenson', 'y': 2021, 'sim': 58.0, 'fant': 0.846}]"
Ezekiel Elliott,2016,historical,0,,10,0.9869281045751634,0.9411764705882353,74.38764852918308,11.178732947758323,0.874964594468789,0,1,1,0,,0.9912280701754386,4.0,20.44626967830253,19.23340177960301,0.376332784064749,0.0839103869653767,6.690878378378378,0.3723333333333333,0.4729302948701659,2098.0,0.5226039783001808,,"[{'p': 'Audric Estime', 'y': 2024, 'sim': 65.0, 'fant': None}, {'p': 'Rashaad Penny', 'y': 2018, 'sim': 64.0, 'fant': 0.566}, {'p': 'Derrius Guice', 'y': 2018, 'sim': 62.0, 'fant': 0.781}, {'p': 'Tyler Allgeier', 'y': 2022, 'sim': 61.0, 'fant': 0.662}, {'p': 'Joe Mixon', 'y': 2017, 'sim': 60.0, 'fant': 0.912}, {'p': ""D'Onta Foreman"", 'y': 2017, 'sim': 60.0, 'fant': 0.386}]"
Derrick Henry,2016,historical,0,,9,0.8888888888888888,0.2222222222222222,45.94664557882519,9.746459796645901,0.9690475266609941,1,0,0,0,,0.7456140350877193,45.0,21.99041752224504,20.77754962354552,0.4343959684040656,0.0341902313624678,5.955223880597015,0.2476666666666666,0.8724784488027151,2310.0,0.6240126382306477,5.0,"[{'p': ""D'Onta Foreman"", 'y': 2017, 'sim': 61.0, 'fant': 0.386}, {'p': 'Leonard Fournette', 'y': 2017, 'sim': 61.0, 'fant': 0.939}, {'p': 'AJ Dillon', 'y': 2020, 'sim': 59.0, 'fant': 0.741}, {'p': 'Najee Harris', 'y': 2021, 'sim': 57.0, 'fant': 0.908}, {'p': 'Phil Mafah', 'y': 2025, 'sim': 57.0, 'fant': None}, {'p': 'Ollie Gordon', 'y': 2025, 'sim': 56.0, 'fant': None}]"
Kenyan Drake,2016,historical,0,,8,0.7973856209150327,0.8431372549019608,38.40218233880837,10.96033265705912,-0.09336475750360139,0,0,0,0,,0.7850877192982456,73.0,21.93018480492813,99.0,0.1475204063229057,0.0810096859407103,6.416309012875536,0.4066666666666667,0.6187134235631014,829.0,0.2035398230088495,,"[{'p': 'Tony Pollard', 'y': 2019, 'sim': 66.0, 'fant': 0.671}, {'p': 'Trey Sermon', 'y': 2021, 'sim': 61.0, 'fant': 0.333}, {'p': 'James Cook', 'y': 2022, 'sim': 61.0, 'fant': 0.895}, {'p': 'Pierre Strong', 'y': 2022, 'sim': 59.0, 'fant': 0.408}, {'p': 'Jordan Wilkins', 'y': 2018, 'sim': 56.0, 'fant': 0.382}, {'p': 'Chris Carson', 'y': 2017, 'sim': 55.0, 'fant': 0.882}]"
C.J. Prosise,2016,historical,0,,8,0.7777777777777778,0.8431372549019608,35.163337953933336,10.96033265705912,0.7431924336237052,1,0,0,0,,0.5789473684210527,90.0,21.61806981519507,21.404517453798768,0.2883725733168112,0.1971723347344287,6.975903614457831,0.5486666666666667,0.6377808145882592,1340.0,0.3326226012793177,,"[{'p': 'Rachaad White', 'y': 2022, 'sim': 69.0, 'fant': 0.877}, {'p': 'Joe Mixon', 'y': 2017, 'sim': 59.0, 'fant': 0.912}, {'p': 'DJ Giddens', 'y': 2025, 'sim': 52.0, 'fant': None}, {'p': 'Jason Huntley', 'y': 2020, 'sim': 52.0, 'fant': 0.092}, {'p': 'Omarion Hampton', 'y': 2025, 'sim': 52.0, 'fant': None}, {'p': 'Tony Pollard', 'y': 2019, 'sim': 51.0, 'fant': 0.671}]"
Tyler Ervin,2016,historical,0,,7,0.6143790849673203,0.38562091503267976,27.570720035288154,10.221317827085517,-0.09268261273012345,0,0,0,0,,0.09210526315789473,119.0,22.2340862422998,21.021218343600275,0.3491105663460934,0.1158917418459403,5.308712121212121,0.0076666666666666,0.7823438822901959,1935.0,0.564299424184261,2.0,"[{'p': 'Demond Claiborne', 'y': 2026, 'sim': 61.0, 'fant': None}, {'p': 'Emmett Johnson', 'y': 2026, 'sim': 60.0, 'fant': None}, {'p': 'Darrynton Evans', 'y': 2020, 'sim': 59.0, 'fant': 0.329}, {'p': 'Justin Jackson', 'y': 2018, 'sim': 59.0, 'fant': 0.605}, {'p': 'Rasheen Ali', 'y': 2024, 'sim': 56.0, 'fant': None}, {'p': 'Justice Hill', 'y': 2019, 'sim': 56.0, 'fant': 0.289}]"
Kenneth Dixon,2016,historical,0,,7,0.6797385620915033,0.7320261437908496,29.630047409416527,10.924032022531517,0.4642572712629708,1,0,0,0,,0.6578947368421053,134.0,21.94387405886379,18.73237508555784,0.3750972317547472,0.1111640085693882,5.593008739076155,0.1693333333333333,0.5667584423847846,1684.0,0.5270833333333333,3.0,"[{'p': 'Devin Neal', 'y': 2025, 'sim': 66.0, 'fant': None}, {'p': 'Marlon Mack', 'y': 2017, 'sim': 63.0, 'fant': 0.855}, {'p': ""Ke'Shawn Vaughn"", 'y': 2020, 'sim': 61.0, 'fant': 0.399}, {'p': 'Kareem Hunt', 'y': 2017, 'sim': 61.0, 'fant': 0.974}, {'p': 'Sean Tucker', 'y': 2023, 'sim': 59.0, 'fant': 0.456}, {'p': 'Dontrell Hilliard', 'y': 2018, 'sim': 59.0, 'fant': 0.368}]"
Devontae Booker,2016,historical,0,,6,0.5228758169934641,0.11764705882352941,25.83393570793571,8.906727940588201,-0.26070071498150355,0,0,0,0,,0.6228070175438597,136.0,23.59753593429158,22.38466803559206,0.3255960483091322,0.1358974358974359,4.951785714285714,0.1375,0.5,1818.0,0.5223613595706619,,"[{'p': 'Patrick Laird', 'y': 2019, 'sim': 67.0, 'fant': 0.434}, {'p': 'Javorius Allen', 'y': 2015, 'sim': 58.0, 'fant': 0.715}, {'p': 'Eric Gray', 'y': 2023, 'sim': 57.0, 'fant': 0.246}, {'p': 'Jaleel McLaughlin', 'y': 2023, 'sim': 55.0, 'fant': 0.496}, {'p': 'Cameron Artis-Payne', 'y': 2015, 'sim': 55.0, 'fant': 0.364}, {'p': 'Dare Ogunbowale', 'y': 2017, 'sim': 54.0, 'fant': 0.377}]"
DeAndre Washington,2016,historical,0,,6,0.5620915032679739,0.5555555555555556,26.53865224750251,10.568442465656751,-0.30123864567190106,0,0,0,0,,0.49122807017543857,143.0,22.855578370978783,21.642710472279266,0.2335488878796706,0.0778542606218846,5.63801652892562,0.1586666666666666,0.3506389783233019,1877.0,0.5433526011560693,4.0,"[{'p': 'Blake Corum', 'y': 2024, 'sim': 66.0, 'fant': None}, {'p': 'Khalil Herbert', 'y': 2021, 'sim': 61.0, 'fant': 0.675}, {'p': 'Matthew Dayes', 'y': 2017, 'sim': 60.0, 'fant': 0.092}, {'p': 'Corey Kiner', 'y': 2025, 'sim': 59.0, 'fant': None}, {'p': 'Jarquez Hunter', 'y': 2025, 'sim': 59.0, 'fant': None}, {'p': 'Tahj Brooks', 'y': 2025, 'sim': 59.0, 'fant': None}]"
Paul Perkins,2016,historical,0,,6,0.5751633986928104,0.7124183006535948,26.68987949505346,10.867701132747364,0.28263571939396914,0,0,0,0,,0.35964912280701755,149.0,21.12525667351129,18.91307323750856,0.2984904104092203,0.1451692005885237,5.616747181964573,0.1603333333333333,0.4235369769550156,1773.0,0.5325842696629214,3.0,"[{'p': 'Sean Tucker', 'y': 2023, 'sim': 69.0, 'fant': 0.456}, {'p': 'Devin Neal', 'y': 2025, 'sim': 65.0, 'fant': None}, {'p': 'Jason Huntley', 'y': 2020, 'sim': 63.0, 'fant': 0.092}, {'p': 'Jarquez Hunter', 'y': 2025, 'sim': 60.0, 'fant': None}, {'p': 'Lew Nichols', 'y': 2023, 'sim': 59.0, 'fant': 0.092}, {'p': 'Kenneth Dixon', 'y': 2016, 'sim': 58.0, 'fant': 0.658}]"
Jordan Howard,2016,historical,0,,4,0.3660130718954248,0.16993464052287582,23.23583943634997,9.547834120326026,0.31315184902522425,0,0,0,0,,0.8596491228070176,150.0,21.163586584531146,19.95071868583162,0.3188867095147195,0.0321955003878976,5.689335394126739,0.2026666666666667,0.534870081666789,1659.0,0.5041186161449753,2.0,"[{'p': ""D'Onta Foreman"", 'y': 2017, 'sim': 71.0, 'fant': 0.386}, {'p': 'Tyler Allgeier', 'y': 2022, 'sim': 64.0, 'fant': 0.662}, {'p': 'Elijah Hood', 'y': 2017, 'sim': 63.0, 'fant': 0.092}, {'p': 'Alexander Mattison', 'y': 2019, 'sim': 60.0, 'fant': 0.588}, {'p': 'David Cobb', 'y': 2015, 'sim': 58.0, 'fant': 0.276}, {'p': 'Benny Snell Jr.', 'y': 2019, 'sim': 57.0, 'fant': 0.412}]"
Wendell Smallwood,2016,historical,0,,6,0.5686274509803921,0.6339869281045751,26.616373848925612,10.716794529618152,-0.09061781156861949,0,0,0,0,,0.5921052631578947,153.0,21.94661190965092,21.73305954825462,0.222512325467615,0.079107012860956,5.792941176470588,0.221,0.4717265025067458,1679.0,0.3882544861337683,,"[{'p': 'Jerome Ford', 'y': 2022, 'sim': 68.0, 'fant': 0.754}, {'p': 'Boston Scott', 'y': 2018, 'sim': 65.0, 'fant': 0.798}, {'p': 'Jalen Richard', 'y': 2016, 'sim': 59.0, 'fant': 0.649}, {'p': 'Joshua Kelley', 'y': 2020, 'sim': 59.0, 'fant': 0.461}, {'p': 'Mike Boone', 'y': 2018, 'sim': 59.0, 'fant': 0.535}, {'p': 'Rahsul Faison', 'y': 2026, 'sim': 57.0, 'fant': None}]"
Jonathan Williams,2016,historical,0,,5,0.41830065359477125,0.5228758169934641,24.08562808844298,10.53705255130632,0.03483932718799867,0,0,0,0,,0.4649122807017544,156.0,21.911019849418206,19.698836413415467,0.2636453201970443,0.0574903261470425,5.716748768472907,0.134,0.2677165354330709,1255.0,0.3767857142857143,4.0,"[{'p': ""La'Mical Perine"", 'y': 2020, 'sim': 66.0, 'fant': 0.469}, {'p': 'Ryquell Armstead', 'y': 2019, 'sim': 63.0, 'fant': 0.316}, {'p': 'Keaontay Ingram', 'y': 2022, 'sim': 62.0, 'fant': 0.211}, {'p': 'Corey Clement', 'y': 2017, 'sim': 61.0, 'fant': 0.553}, {'p': 'DeeJay Dallas', 'y': 2020, 'sim': 61.0, 'fant': 0.5}, {'p': 'Kylin Hill', 'y': 2021, 'sim': 60.0, 'fant': 0.189}]"
Alex Collins,2016,historical,0,,3,0.2679738562091503,0.20915032679738563,21.288754509753165,9.704207420717687,0.20422569652720207,0,0,0,0,,0.7675438596491229,171.0,21.349760438056126,19.137577002053387,0.2988582014682541,0.0353535353535353,5.568421052631579,0.1136666666666666,0.1375488790485211,1672.0,0.5355731225296443,4.0,"[{'p': 'Corey Clement', 'y': 2017, 'sim': 74.0, 'fant': 0.553}, {'p': 'Benny Snell Jr.', 'y': 2019, 'sim': 62.0, 'fant': 0.412}, {'p': 'Larry Rountree', 'y': 2021, 'sim': 60.0, 'fant': 0.215}, {'p': 'Jonathan Williams', 'y': 2016, 'sim': 59.0, 'fant': 0.465}, {'p': 'David Montgomery', 'y': 2019, 'sim': 58.0, 'fant': 0.921}, {'p': 'Ryquell Armstead', 'y': 2019, 'sim': 56.0, 'fant': 0.316}]"
Keenan Reynolds,2016,historical,0,,3,0.29411764705882354,0.22875816993464052,21.774540502517315,9.798075064195231,0.28141757780295057,0,0,0,0,,0.09210526315789473,182.0,22.050650239561943,18.83915126625599,0.3926840633737185,0.03671875,4.66632548618219,0.2303333333333333,0.4064690346902229,1420.0,0.3926701570680628,,"[{'p': 'Demond Claiborne', 'y': 2026, 'sim': 62.0, 'fant': None}, {'p': 'Robert Henry Jr.', 'y': 2026, 'sim': 58.0, 'fant': None}, {'p': 'Salvon Ahmed', 'y': 2020, 'sim': 57.0, 'fant': 0.596}, {'p': 'Kyren Williams', 'y': 2022, 'sim': 57.0, 'fant': 0.961}, {'p': 'Jaden Shirden', 'y': 2024, 'sim': 57.0, 'fant': None}, {'p': ""De'Von Achane"", 'y': 2023, 'sim': 56.0, 'fant': 0.956}]"
Kelvin Taylor,2016,historical,0,,1,0.08496732026143791,0.1830065359477124,18.448160916946346,9.634801185478658,-0.602374199015758,0,0,0,0,,0.09210526315789473,211.0,22.258726899383984,20.046543463381244,0.2921963276836158,0.051741979993101,4.337448559670782,0.0123333333333333,0.1373718178478379,1185.0,0.5169660678642715,5.0,"[{'p': 'Jordan Scarlett', 'y': 2019, 'sim': 62.0, 'fant': 0.092}, {'p': 'Larry Rountree', 'y': 2021, 'sim': 61.0, 'fant': 0.215}, {'p': 'Corey Kiner', 'y': 2025, 'sim': 57.0, 'fant': None}, {'p': 'Mark Walton', 'y': 2018, 'sim': 57.0, 'fant': 0.092}, {'p': 'SaRodorick Thompson', 'y': 2023, 'sim': 56.0, 'fant': 0.092}, {'p': 'Jermar Jefferson', 'y': 2021, 'sim': 55.0, 'fant': 0.513}]"
Darius Jackson,2016,historical,0,,3,0.28104575163398693,0.37254901960784315,21.36035535261325,10.204526066103906,-0.2339622990975351,0,0,0,1,no athletic testing at all,0.09210526315789473,216.0,22.083504449007528,21.869952087611225,0.3497296244529477,0.0748324646314222,4.976973684210527,0.0493333333333333,,1279.0,0.5012048192771085,,"[{'p': 'Gus Edwards', 'y': 2018, 'sim': 69.0, 'fant': 0.632}, {'p': 'Joshua Kelley', 'y': 2020, 'sim': 67.0, 'fant': 0.461}, {'p': 'Jerome Ford', 'y': 2022, 'sim': 65.0, 'fant': 0.754}, {'p': 'Patrick Laird', 'y': 2019, 'sim': 62.0, 'fant': 0.434}, {'p': 'Jordan Mason', 'y': 2022, 'sim': 62.0, 'fant': 0.583}, {'p': 'Kylin Hill', 'y': 2021, 'sim': 61.0, 'fant': 0.189}]"
Dwayne Washington,2016,historical,0,,4,0.35294117647058826,0.6405228758169934,23.151451864463024,10.72907836675515,0.30752511346074046,0,0,0,0,,0.34210526315789475,236.0,21.689253935660503,20.476386036960985,0.1792380081035158,0.1012861736334405,5.800884955752212,,0.8312158294262805,788.0,0.2225969645868465,,"[{'p': 'Rico Dowdle', 'y': 2020, 'sim': 60.0, 'fant': 0.667}, {'p': 'Trey Benson', 'y': 2024, 'sim': 60.0, 'fant': None}, {'p': 'Isaac Guerendo', 'y': 2024, 'sim': 60.0, 'fant': None}, {'p': 'Rodney Anderson', 'y': 2019, 'sim': 59.0, 'fant': 0.092}, {'p': 'Bo Scarbrough', 'y': 2018, 'sim': 58.0, 'fant': 0.575}, {'p': 'Raheim Sanders', 'y': 2025, 'sim': 58.0, 'fant': None}]"
Daniel Lasco,2016,historical,0,,4,0.30718954248366015,0.19607843137254902,21.94768025431135,9.66985368693128,-0.11532178207860855,0,0,0,0,,0.09210526315789473,237.0,23.227926078028748,22.015058179329227,0.251525953490657,0.0912820512820512,5.379310344827586,0.1586666666666666,0.8943100862392201,1471.0,0.4827586206896552,,"[{'p': 'Roman Hemby', 'y': 2026, 'sim': 61.0, 'fant': None}, {'p': 'DJ Giddens', 'y': 2025, 'sim': 59.0, 'fant': None}, {'p': 'Raheim Sanders', 'y': 2025, 'sim': 59.0, 'fant': None}, {'p': 'Jordan Wilkins', 'y': 2018, 'sim': 58.0, 'fant': 0.382}, {'p': 'Joe Williams', 'y': 2017, 'sim': 57.0, 'fant': 0.092}, {'p': 'Chris Evans', 'y': 2021, 'sim': 57.0, 'fant': 0.355}]"
Keith Marshall,2016,historical,0,,3,0.21568627450980393,0.20261437908496732,20.53067213924106,9.69846718205876,-0.2811024334617815,0,0,0,0,,0.09210526315789473,242.0,21.87268993839836,18.6611909650924,0.1705139604517198,0.0304610318331503,5.450592885375494,,0.558531746031746,850.0,0.4020618556701031,,"[{'p': 'Ryquell Armstead', 'y': 2019, 'sim': 64.0, 'fant': 0.316}, {'p': 'Keaontay Ingram', 'y': 2022, 'sim': 64.0, 'fant': 0.211}, {'p': 'Jordan Mason', 'y': 2022, 'sim': 61.0, 'fant': 0.583}, {'p': 'Rico Dowdle', 'y': 2020, 'sim': 60.0, 'fant': 0.667}, {'p': 'Jalen Richard', 'y': 2016, 'sim': 59.0, 'fant': 0.649}, {'p': 'Jase McClellan', 'y': 2024, 'sim': 58.0, 'fant': None}]"
Zac Brooks,2016,historical,0,,1,0.05228758169934641,0.0457516339869281,17.83389823252923,7.824893668216375,-0.7770457514321782,0,0,0,0,,0.09210526315789473,247.0,22.91307323750856,99.0,0.0585699811353496,0.0258403841756231,5.208695652173913,0.264,0.6322807703444784,347.0,0.0902255639097744,4.0,"[{'p': 'Raheem Mostert', 'y': 2015, 'sim': 64.0, 'fant': 0.522}, {'p': 'Jadarian Price', 'y': 2026, 'sim': 59.0, 'fant': None}, {'p': 'Zach Evans', 'y': 2023, 'sim': 58.0, 'fant': 0.184}, {'p': 'James Cook', 'y': 2022, 'sim': 57.0, 'fant': 0.895}, {'p': ""Le'Veon Moss"", 'y': 2026, 'sim': 57.0, 'fant': None}, {'p': 'Kenyan Drake', 'y': 2016, 'sim': 57.0, 'fant': 0.785}]"
Leonard Fournette,2017,historical,0,,10,0.9738562091503268,0.7189542483660131,73.54277626856509,10.878794646722575,0.8104363429586453,0,0,1,0,,0.9385964912280702,4.0,21.95482546201232,19.73990417522245,0.4442701648396391,0.1168591224018475,6.217532467532467,0.1993333333333333,0.4813851393575803,2206.0,0.6048387096774194,5.0,"[{'p': 'Royce Freeman', 'y': 2018, 'sim': 64.0, 'fant': 0.627}, {'p': 'Nick Chubb', 'y': 2018, 'sim': 62.0, 'fant': 0.925}, {'p': 'Saquon Barkley', 'y': 2018, 'sim': 61.0, 'fant': 0.987}, {'p': 'David Cobb', 'y': 2015, 'sim': 61.0, 'fant': 0.276}, {'p': 'AJ Dillon', 'y': 2020, 'sim': 60.0, 'fant': 0.741}, {'p': 'Jonathan Taylor', 'y': 2020, 'sim': 59.0, 'fant': 0.965}]"
Christian McCaffrey,2017,historical,0,,10,0.9934640522875817,0.9281045751633987,74.55398378645698,11.147270657186684,0.7153793677596874,0,1,1,0,,1.0,8.0,20.56947296372348,19.353867214236825,0.4279253260287024,0.2175379426644182,6.205696202531645,0.334,0.5857873137758607,2664.0,0.5626043405676127,,"[{'p': 'Paul Perkins', 'y': 2016, 'sim': 56.0, 'fant': 0.36}, {'p': 'Dalvin Cook', 'y': 2017, 'sim': 54.0, 'fant': 0.947}, {'p': 'Evan Hull', 'y': 2023, 'sim': 53.0, 'fant': 0.193}, {'p': 'Jahmyr Gibbs', 'y': 2023, 'sim': 53.0, 'fant': 0.982}, {'p': 'Aaron Jones', 'y': 2017, 'sim': 53.0, 'fant': 0.934}, {'p': 'LeQuint Allen', 'y': 2025, 'sim': 53.0, 'fant': None}]"
Dalvin Cook,2017,historical,0,,10,0.9084967320261438,0.934640522875817,52.45235346402452,11.149148250976893,0.650183738773642,1,1,1,0,,0.9473684210526315,41.0,21.39630390143737,19.1813826146475,0.3792264552453856,0.1421497232741042,6.497816593886463,0.2283333333333333,0.2861470398156153,2253.0,0.5669291338582677,5.0,"[{'p': 'Paul Perkins', 'y': 2016, 'sim': 60.0, 'fant': 0.36}, {'p': 'Tevin Coleman', 'y': 2015, 'sim': 56.0, 'fant': 0.838}, {'p': 'Bijan Robinson', 'y': 2023, 'sim': 55.0, 'fant': 0.978}, {'p': 'Devin Neal', 'y': 2025, 'sim': 55.0, 'fant': None}, {'p': 'Kareem Hunt', 'y': 2017, 'sim': 54.0, 'fant': 0.974}, {'p': 'Jaleel McLaughlin', 'y': 2023, 'sim': 54.0, 'fant': 0.496}]"
Joe Mixon,2017,historical,0,,10,0.9019607843137255,0.9477124183006536,48.118986593959896,11.180878103933662,0.5210225863328304,1,1,1,0,,0.9122807017543859,48.0,20.44079397672827,19.225188227241617,0.2278605656904272,0.1298575911175476,6.756666666666667,0.3325,0.5760007443973084,1812.0,0.3315602836879432,,"[{'p': 'Zach Charbonnet', 'y': 2023, 'sim': 62.0, 'fant': 0.759}, {'p': 'Ezekiel Elliott', 'y': 2016, 'sim': 61.0, 'fant': 0.991}, {'p': 'Nicholas Singleton', 'y': 2026, 'sim': 60.0, 'fant': None}, {'p': 'Karlos Williams', 'y': 2015, 'sim': 58.0, 'fant': 0.776}, {'p': 'Jonathon Brooks', 'y': 2024, 'sim': 57.0, 'fant': None}, {'p': 'Isaiah Davis', 'y': 2024, 'sim': 56.0, 'fant': None}]"
Alvin Kamara,2017,historical,0,,9,0.8300653594771242,0.7581699346405228,39.93907904519726,10.948218504962053,0.3809239146014591,0,0,0,0,,0.9956140350877193,67.0,21.440109514031484,20.22450376454483,0.1954742748098305,0.1264516129032258,6.161904761904762,0.2985,0.7546245510633485,989.0,0.201171875,,"[{'p': 'Javonte Williams', 'y': 2021, 'sim': 57.0, 'fant': 0.794}, {'p': 'Ty Johnson', 'y': 2019, 'sim': 56.0, 'fant': 0.561}, {'p': 'Michael Wiley', 'y': 2024, 'sim': 53.0, 'fant': None}, {'p': 'Jason Huntley', 'y': 2020, 'sim': 53.0, 'fant': 0.092}, {'p': 'Dameon Pierce', 'y': 2022, 'sim': 52.0, 'fant': 0.706}, {'p': 'Mike Boone', 'y': 2018, 'sim': 52.0, 'fant': 0.535}]"
Kareem Hunt,2017,historical,0,,9,0.8169934640522876,1.0,39.661135142337756,11.378319506201247,0.1663423481751495,0,1,0,0,,0.9736842105263158,86.0,21.4072553045859,18.19301848049281,0.2660212115917165,0.0960438512869399,6.323529411764706,0.2385,0.4168744144585233,1878.0,0.5198412698412699,3.0,"[{'p': 'Devin Neal', 'y': 2025, 'sim': 65.0, 'fant': None}, {'p': 'J.K. Dobbins', 'y': 2020, 'sim': 62.0, 'fant': 0.75}, {'p': 'Kenneth Dixon', 'y': 2016, 'sim': 61.0, 'fant': 0.658}, {'p': 'Kylin Hill', 'y': 2021, 'sim': 57.0, 'fant': 0.189}, {'p': 'Paul Perkins', 'y': 2016, 'sim': 56.0, 'fant': 0.36}, {'p': 'Matt Breida', 'y': 2017, 'sim': 56.0, 'fant': 0.728}]"
D'Onta Foreman,2017,historical,0,,8,0.7189542483660131,0.28104575163398693,30.97179459458161,9.965368942155067,0.5259890084663201,1,0,0,0,,0.38596491228070173,89.0,20.689938398357288,19.47433264887064,0.3334491911021233,0.0364464692482915,6.412442396313364,0.16,0.5614704928412874,2103.0,0.5502555366269165,3.0,"[{'p': 'Jordan Howard', 'y': 2016, 'sim': 74.0, 'fant': 0.86}, {'p': 'Elijah Hood', 'y': 2017, 'sim': 65.0, 'fant': 0.092}, {'p': 'Ezekiel Elliott', 'y': 2016, 'sim': 63.0, 'fant': 0.991}, {'p': 'Braelon Allen', 'y': 2024, 'sim': 62.0, 'fant': None}, {'p': 'Derrius Guice', 'y': 2018, 'sim': 62.0, 'fant': 0.781}, {'p': 'Tyler Allgeier', 'y': 2022, 'sim': 61.0, 'fant': 0.662}]"
James Conner,2017,historical,0,,8,0.7843137254901961,0.954248366013072,36.08933786823583,11.182109433487891,0.3459139485356036,0,1,0,0,,0.9429824561403509,105.0,21.661875427789184,18.4476386036961,0.4106267507002801,0.1047883414295628,5.588323353293413,0.277,0.1723570280298984,1835.0,0.5008403361344538,,"[{'p': 'Qadree Ollison', 'y': 2019, 'sim': 66.0, 'fant': 0.346}, {'p': 'Braelon Allen', 'y': 2024, 'sim': 63.0, 'fant': None}, {'p': 'Ollie Gordon', 'y': 2025, 'sim': 61.0, 'fant': None}, {'p': 'Ezekiel Elliott', 'y': 2016, 'sim': 59.0, 'fant': 0.991}, {'p': 'Kaleb Johnson', 'y': 2025, 'sim': 59.0, 'fant': None}, {'p': 'Royce Freeman', 'y': 2018, 'sim': 58.0, 'fant': 0.627}]"
Samaje Perine,2017,historical,0,,7,0.6209150326797386,0.39869281045751637,27.779782769122377,10.266614418983817,0.5026571632284201,1,0,0,0,,0.40350877192982454,114.0,21.295003422313485,19.08008213552361,0.3347312735467367,0.0408163265306122,6.017518248175183,0.2326666666666666,0.2832932298751912,1821.0,0.4747292418772563,4.0,"[{'p': 'Elijah Hood', 'y': 2017, 'sim': 68.0, 'fant': 0.092}, {'p': 'Benny Snell Jr.', 'y': 2019, 'sim': 67.0, 'fant': 0.412}, {'p': 'Derrius Guice', 'y': 2018, 'sim': 64.0, 'fant': 0.781}, {'p': ""D'Onta Foreman"", 'y': 2017, 'sim': 60.0, 'fant': 0.386}, {'p': 'Jordan Howard', 'y': 2016, 'sim': 60.0, 'fant': 0.86}, {'p': 'Tyler Allgeier', 'y': 2022, 'sim': 59.0, 'fant': 0.662}]"
Tarik Cohen,2017,historical,0,,7,0.6601307189542484,0.49019607843137253,28.314021178765437,10.500100017950526,-0.2467721627991571,0,0,0,1,no reliable college production data (thin CFBD team-season),0.8289473684210527,119.0,21.43737166324436,99.0,,,5.069767441860465,0.207,0.2076509547876763,274.0,0.4411764705882353,,"[{'p': 'Khalfani Muhammad', 'y': 2017, 'sim': 60.0, 'fant': 0.092}, {'p': 'Marcus Murphy', 'y': 2015, 'sim': 58.0, 'fant': 0.092}, {'p': 'Raymond Calais', 'y': 2020, 'sim': 57.0, 'fant': 0.092}, {'p': 'T.J. Logan', 'y': 2017, 'sim': 56.0, 'fant': 0.202}, {'p': ""De'Von Achane"", 'y': 2023, 'sim': 56.0, 'fant': 0.956}, {'p': 'Jaden Shirden', 'y': 2024, 'sim': 56.0, 'fant': None}]"
Joe Williams,2017,historical,0,,5,0.46405228758169936,0.0718954248366013,25.1541464133467,8.555135084895394,-0.25834408691155086,0,0,0,0,,0.09210526315789473,121.0,23.326488706365502,23.1129363449692,0.249317796297662,0.0379836705715299,6.0,0.1185,0.7218001847565197,1514.0,0.3535353535353535,3.0,"[{'p': 'Dexter Williams', 'y': 2019, 'sim': 64.0, 'fant': 0.092}, {'p': 'Boston Scott', 'y': 2018, 'sim': 60.0, 'fant': 0.798}, {'p': 'Jordan Mason', 'y': 2022, 'sim': 60.0, 'fant': 0.583}, {'p': 'Wendell Smallwood', 'y': 2016, 'sim': 60.0, 'fant': 0.592}, {'p': 'Chris Evans', 'y': 2021, 'sim': 60.0, 'fant': 0.355}, {'p': 'Gus Edwards', 'y': 2018, 'sim': 59.0, 'fant': 0.632}]"
Donnel Pumphrey,2017,historical,0,,7,0.6993464052287581,0.8888888888888888,29.871012880352254,11.059484552411128,0.2963151639409946,0,0,0,0,,0.09210526315789473,132.0,22.072553045859,18.858316221765914,0.4749951352403191,0.2092555331991951,6.048158640226629,0.19675,0.2016781304540789,2364.0,0.5610932475884244,,"[{'p': 'Desmond Reid', 'y': 2026, 'sim': 65.0, 'fant': None}, {'p': 'Malcolm Perry', 'y': 2020, 'sim': 64.0, 'fant': 0.281}, {'p': 'Phillip Lindsay', 'y': 2018, 'sim': 60.0, 'fant': 0.851}, {'p': 'Demetric Felton', 'y': 2021, 'sim': 59.0, 'fant': 0.259}, {'p': ""De'Von Achane"", 'y': 2023, 'sim': 59.0, 'fant': 0.956}, {'p': 'Deuce Vaughn', 'y': 2023, 'sim': 58.0, 'fant': 0.254}]"
Jamaal Williams,2017,historical,0,,8,0.738562091503268,0.9019607843137255,31.389914259624774,11.098380614889543,-0.2609393671869509,0,1,0,0,,0.7368421052631579,134.0,21.749486652977414,17.53593429158111,0.2790630770465919,0.0980087118855009,5.373278236914601,0.123,0.3356342251295723,1455.0,0.4382022471910112,,"[{'p': 'Tank Bigsby', 'y': 2023, 'sim': 64.0, 'fant': 0.487}, {'p': 'Devin Neal', 'y': 2025, 'sim': 62.0, 'fant': None}, {'p': 'Isaiah Spiller', 'y': 2022, 'sim': 60.0, 'fant': 0.206}, {'p': 'Nicholas Singleton', 'y': 2026, 'sim': 59.0, 'fant': None}, {'p': 'Michael Wiley', 'y': 2024, 'sim': 57.0, 'fant': None}, {'p': 'Paul Perkins', 'y': 2016, 'sim': 56.0, 'fant': 0.36}]"
Wayne Gallman,2017,historical,0,,4,0.37254901960784315,0.24183006535947713,23.274704233642687,9.85457866650395,-0.49635090704993745,0,0,0,0,,0.543859649122807,140.0,22.25325119780972,21.037645448323065,0.2134616353468688,0.0487079807912188,5.072485207100592,0.102,0.2557534991321677,1740.0,0.4268476621417797,,"[{'p': 'Tyrion Davis-Price', 'y': 2022, 'sim': 60.0, 'fant': 0.219}, {'p': 'Jordan Wilkins', 'y': 2018, 'sim': 59.0, 'fant': 0.382}, {'p': 'Isaiah Davis', 'y': 2024, 'sim': 59.0, 'fant': None}, {'p': 'Dillon Johnson', 'y': 2024, 'sim': 59.0, 'fant': None}, {'p': 'Ryquell Armstead', 'y': 2019, 'sim': 58.0, 'fant': 0.316}, {'p': 'Rahsul Faison', 'y': 2026, 'sim': 58.0, 'fant': None}]"
Marlon Mack,2017,historical,0,,8,0.7058823529411765,0.9084967320261438,30.312735814439506,11.117352688929024,0.6379283633346686,1,1,0,0,,0.8552631578947368,143.0,20.82135523613963,18.60643394934976,0.3664489325718768,0.0751655629139072,6.158703071672355,0.175,0.6655676304924695,1492.0,0.5564738292011019,3.0,"[{'p': 'Devin Neal', 'y': 2025, 'sim': 66.0, 'fant': None}, {'p': 'Kenneth Dixon', 'y': 2016, 'sim': 63.0, 'fant': 0.658}, {'p': 'Breece Hall', 'y': 2022, 'sim': 61.0, 'fant': 0.93}, {'p': 'Kerryon Johnson', 'y': 2018, 'sim': 60.0, 'fant': 0.82}, {'p': 'Matt Breida', 'y': 2017, 'sim': 59.0, 'fant': 0.728}, {'p': 'Kendre Miller', 'y': 2023, 'sim': 58.0, 'fant': 0.439}]"
Brian Hill,2017,historical,0,,6,0.5098039215686274,0.6666666666666666,25.679791787350773,10.751259163142766,0.40762431197980026,1,0,0,0,,0.42543859649122806,156.0,21.14715947980835,18.93223819301848,0.341595488392466,0.0954609265325222,5.531612903225806,0.1086666666666666,0.5856661598429672,1927.0,0.5940803382663847,2.0,"[{'p': 'Kaleb Johnson', 'y': 2025, 'sim': 64.0, 'fant': None}, {'p': 'Isaiah Davis', 'y': 2024, 'sim': 61.0, 'fant': None}, {'p': 'Ollie Gordon', 'y': 2025, 'sim': 60.0, 'fant': None}, {'p': 'Jay Ajayi', 'y': 2015, 'sim': 60.0, 'fant': 0.816}, {'p': 'Devin Neal', 'y': 2025, 'sim': 59.0, 'fant': None}, {'p': 'Chuba Hubbard', 'y': 2021, 'sim': 59.0, 'fant': 0.711}]"
Jeremy McNichols,2017,historical,0,,7,0.6078431372549019,0.7516339869281046,27.522067324394293,10.941231012444113,1.0328883043235386,1,0,0,0,,0.3508771929824561,162.0,21.018480492813143,19.802874743326488,0.4140336637047163,0.1222279525528623,5.612959719789842,0.3389999999999999,0.5997230718061068,2183.0,0.6434426229508197,,"[{'p': 'Eno Benjamin', 'y': 2020, 'sim': 62.0, 'fant': 0.447}, {'p': 'Aaron Jones', 'y': 2017, 'sim': 61.0, 'fant': 0.934}, {'p': 'Kenneth Dixon', 'y': 2016, 'sim': 60.0, 'fant': 0.658}, {'p': 'Kimani Vidal', 'y': 2024, 'sim': 59.0, 'fant': None}, {'p': 'Kevin Harris', 'y': 2022, 'sim': 59.0, 'fant': 0.32}, {'p': 'Ashton Jeanty', 'y': 2025, 'sim': 59.0, 'fant': None}]"
T.J. Logan,2017,historical,0,,4,0.3464052287581699,0.5163398692810458,23.007594928231978,10.536647721993468,-0.4247350799748505,0,0,0,0,,0.20175438596491227,179.0,22.32991101984942,22.11635865845312,0.1763366408045089,0.0640251902387824,5.439698492462312,,0.5400222010816141,894.0,0.3,,"[{'p': 'Jaydon Blue', 'y': 2025, 'sim': 64.0, 'fant': None}, {'p': 'Robert Henry Jr.', 'y': 2026, 'sim': 63.0, 'fant': None}, {'p': 'Kerrith Whyte Jr', 'y': 2019, 'sim': 62.0, 'fant': 0.25}, {'p': 'Trevor Etienne', 'y': 2025, 'sim': 60.0, 'fant': None}, {'p': 'Jadarian Price', 'y': 2026, 'sim': 60.0, 'fant': None}, {'p': 'James Cook', 'y': 2022, 'sim': 57.0, 'fant': 0.895}]"
Aaron Jones,2017,historical,0,,6,0.5882352941176471,0.9150326797385621,26.927303336039373,11.123024763114895,0.4352466373876257,1,1,0,0,,0.9342105263157895,182.0,22.083504449007528,18.869267624914443,0.4692450586604271,0.1635957565605806,6.252279635258359,0.20375,0.6409271155155193,2006.0,0.571072319201995,3.0,"[{'p': 'Bhayshul Tuten', 'y': 2025, 'sim': 64.0, 'fant': None}, {'p': 'Sean Tucker', 'y': 2023, 'sim': 63.0, 'fant': 0.456}, {'p': 'Kenneth Dixon', 'y': 2016, 'sim': 63.0, 'fant': 0.658}, {'p': 'Ameer Abdullah', 'y': 2015, 'sim': 62.0, 'fant': 0.636}, {'p': 'Jeremy McNichols', 'y': 2017, 'sim': 60.0, 'fant': 0.351}, {'p': 'Eno Benjamin', 'y': 2020, 'sim': 59.0, 'fant': 0.447}]"
Elijah McGuire,2017,historical,0,,6,0.5294117647058824,0.8758169934640523,25.936453186761405,11.030816385468995,0.25724229328486997,0,0,0,0,,0.6096491228070176,188.0,22.587268993839835,19.37303216974675,0.3575659326810714,0.1876503608660785,6.064697609001406,0.25575,0.5348696512798159,1732.0,0.4719101123595505,3.0,"[{'p': ""Ke'Shawn Vaughn"", 'y': 2020, 'sim': 62.0, 'fant': 0.399}, {'p': 'Sean Tucker', 'y': 2023, 'sim': 61.0, 'fant': 0.456}, {'p': 'Travis Etienne', 'y': 2021, 'sim': 58.0, 'fant': 0.868}, {'p': 'Kenneth Dixon', 'y': 2016, 'sim': 58.0, 'fant': 0.658}, {'p': 'Paul Perkins', 'y': 2016, 'sim': 58.0, 'fant': 0.36}, {'p': 'Bhayshul Tuten', 'y': 2025, 'sim': 58.0, 'fant': None}]"
Brandon Wilson,2017,historical,0,,1,0.026143790849673203,0.026143790849673203,15.755141173586024,6.318245785076843,-1.0119415407847485,0,0,0,1,no athletic testing at all,0.09210526315789473,207.0,22.43394934976044,99.0,0.0319648395332499,0.0140926085706068,4.7317073170731705,,,237.0,0.0569230769230769,3.0,"[{'p': 'Rod Smith', 'y': 2015, 'sim': 87.0, 'fant': 0.68}, {'p': 'Kene Nwangwu', 'y': 2021, 'sim': 83.0, 'fant': 0.325}, {'p': 'Nick Bawden', 'y': 2018, 'sim': 70.0, 'fant': 0.092}, {'p': 'Emari Demercado', 'y': 2023, 'sim': 66.0, 'fant': 0.452}, {'p': 'Chandler Cox', 'y': 2019, 'sim': 66.0, 'fant': 0.092}, {'p': 'Malik Davis', 'y': 2022, 'sim': 66.0, 'fant': 0.39}]"
Devante Mays,2017,historical,0,,1,0.06535947712418301,0.06535947712418301,17.90328527669356,8.544397442849263,-0.04686486251982068,0,0,0,0,,0.09210526315789473,238.0,22.60369609856263,21.388090349075977,0.2054784637214112,0.0033682634730538,6.064356435643564,0.2645,0.9093555110018962,975.0,0.3451882845188284,,"[{'p': 'Tiyon Evans', 'y': 2023, 'sim': 59.0, 'fant': 0.092}, {'p': 'Gerrid Doaks', 'y': 2021, 'sim': 58.0, 'fant': 0.092}, {'p': 'Jase McClellan', 'y': 2024, 'sim': 58.0, 'fant': None}, {'p': 'MarShawn Lloyd', 'y': 2024, 'sim': 57.0, 'fant': None}, {'p': 'Miyan Williams', 'y': 2024, 'sim': 57.0, 'fant': None}, {'p': 'Jordan Howard', 'y': 2016, 'sim': 54.0, 'fant': 0.86}]"
Khalfani Muhammad,2017,historical,0,,2,0.1503267973856209,0.3333333333333333,19.613831107961282,10.073678254569682,-0.5830189811672716,0,0,0,0,,0.09210526315789473,241.0,22.26694045174538,99.0,0.142233612923268,0.0482331699767861,5.774373259052925,0.132,0.6025089236434977,959.0,0.3716381418092909,,"[{'p': 'Tarik Cohen', 'y': 2017, 'sim': 64.0, 'fant': 0.829}, {'p': 'Keaton Mitchell', 'y': 2023, 'sim': 63.0, 'fant': 0.57}, {'p': 'Raymond Calais', 'y': 2020, 'sim': 61.0, 'fant': 0.092}, {'p': 'Raheem Mostert', 'y': 2015, 'sim': 61.0, 'fant': 0.522}, {'p': 'Keilan Robinson', 'y': 2024, 'sim': 56.0, 'fant': None}, {'p': 'T.J. Logan', 'y': 2017, 'sim': 56.0, 'fant': 0.202}]"
Elijah Hood,2017,historical,0,,3,0.20261437908496732,0.3202614379084967,20.31755767495996,10.047935206810841,0.2563234267887258,0,0,0,0,,0.09210526315789473,242.0,20.69541409993156,19.479808350444905,0.2319676878775948,0.0372605615324061,5.986078886310905,,0.3183752340874746,1534.0,0.4235976789168278,4.0,"[{'p': 'Samaje Perine', 'y': 2017, 'sim': 65.0, 'fant': 0.404}, {'p': 'Jordan Howard', 'y': 2016, 'sim': 65.0, 'fant': 0.86}, {'p': ""D'Onta Foreman"", 'y': 2017, 'sim': 63.0, 'fant': 0.386}, {'p': 'Derrius Guice', 'y': 2018, 'sim': 62.0, 'fant': 0.781}, {'p': 'Braelon Allen', 'y': 2024, 'sim': 62.0, 'fant': None}, {'p': 'Tavion Thomas', 'y': 2023, 'sim': 61.0, 'fant': 0.092}]"
Chris Carson,2017,historical,0,,1,0.0915032679738562,0.17647058823529413,18.478196783085046,9.605203662644954,-0.42383033513241175,0,0,0,0,,0.881578947368421,249.0,22.2943189596167,99.0,0.1349274351314053,0.0370289697233718,5.051643192488263,0.238,0.6887514146819802,687.0,0.2911111111111111,3.0,"[{'p': 'Deneric Prince', 'y': 2023, 'sim': 79.0, 'fant': 0.092}, {'p': 'Roschon Johnson', 'y': 2023, 'sim': 68.0, 'fant': 0.539}, {'p': 'Kendall Milton', 'y': 2024, 'sim': 61.0, 'fant': None}, {'p': 'Malik Davis', 'y': 2022, 'sim': 60.0, 'fant': 0.39}, {'p': 'Jordan Wilkins', 'y': 2018, 'sim': 59.0, 'fant': 0.382}, {'p': 'Kene Nwangwu', 'y': 2021, 'sim': 59.0, 'fant': 0.325}]"
Matthew Dayes,2017,historical,0,,3,0.2875816993464052,0.43137254901960786,21.684790297735358,10.356748317570634,-0.18084876214146223,0,0,0,1,no verified birth date,0.09210526315789473,252.0,23.0,,0.2479160346764993,0.1210407239819004,5.192727272727272,0.1745,0.1985844228149167,1433.0,0.5,3.0,"[{'p': 'Eric Gray', 'y': 2023, 'sim': 64.0, 'fant': 0.246}, {'p': 'Jarquez Hunter', 'y': 2025, 'sim': 63.0, 'fant': None}, {'p': 'Travis Dye', 'y': 2023, 'sim': 61.0, 'fant': 0.092}, {'p': 'Myles Gaskin', 'y': 2019, 'sim': 60.0, 'fant': 0.842}, {'p': 'Ito Smith', 'y': 2018, 'sim': 60.0, 'fant': 0.509}, {'p': 'Ronnie Rivers', 'y': 2022, 'sim': 59.0, 'fant': 0.294}]"
Saquon Barkley,2018,historical,0,,10,1.0,0.8562091503267973,74.626253550619,11.009029773260124,0.7390111532725178,0,0,1,0,,0.9868421052631579,2.0,20.892539356605067,18.6776180698152,0.3287366811810534,0.1675503711558854,5.727272727272728,0.1896666666666666,0.979213535808024,1903.0,0.518095238095238,4.0,"[{'p': 'Nick Chubb', 'y': 2018, 'sim': 62.0, 'fant': 0.925}, {'p': 'Royce Freeman', 'y': 2018, 'sim': 62.0, 'fant': 0.627}, {'p': 'Jonathan Taylor', 'y': 2020, 'sim': 60.0, 'fant': 0.965}, {'p': 'Omarion Hampton', 'y': 2025, 'sim': 60.0, 'fant': None}, {'p': 'Leonard Fournette', 'y': 2017, 'sim': 59.0, 'fant': 0.939}, {'p': 'Jay Ajayi', 'y': 2015, 'sim': 59.0, 'fant': 0.816}]"
Rashaad Penny,2018,historical,0,,10,0.9607843137254902,0.8431372549019608,66.70962043306784,10.96033265705912,0.8620877655049819,0,0,1,0,,0.5657894736842105,27.0,21.913757700205338,20.700889801505816,0.4998647287499271,0.1107266435986159,7.480492813141684,0.39475,0.5167417089392751,2383.0,0.517921146953405,3.0,"[{'p': 'Ezekiel Elliott', 'y': 2016, 'sim': 64.0, 'fant': 0.991}, {'p': 'Jay Ajayi', 'y': 2015, 'sim': 61.0, 'fant': 0.816}, {'p': 'Jaleel McLaughlin', 'y': 2023, 'sim': 60.0, 'fant': 0.496}, {'p': 'Tyler Allgeier', 'y': 2022, 'sim': 58.0, 'fant': 0.662}, {'p': 'Omarion Hampton', 'y': 2025, 'sim': 56.0, 'fant': None}, {'p': 'Kenneth Dixon', 'y': 2016, 'sim': 55.0, 'fant': 0.658}]"
Sony Michel,2018,historical,0,,10,0.954248366013072,0.7254901960784313,60.86354567819278,10.918097629439675,0.07894841514303072,0,0,1,0,,0.7324561403508771,31.0,22.87200547570157,20.657084188911703,0.2983229364433595,0.112219451371571,6.155668358714044,,0.484251968503937,1431.0,0.4620253164556962,5.0,"[{'p': 'Kylin Hill', 'y': 2021, 'sim': 58.0, 'fant': 0.189}, {'p': 'Kaytron Allen', 'y': 2026, 'sim': 56.0, 'fant': None}, {'p': 'Dontrell Hilliard', 'y': 2018, 'sim': 55.0, 'fant': 0.368}, {'p': 'Kenneth Dixon', 'y': 2016, 'sim': 55.0, 'fant': 0.658}, {'p': ""Ke'Shawn Vaughn"", 'y': 2020, 'sim': 54.0, 'fant': 0.399}, {'p': 'Eric Gray', 'y': 2023, 'sim': 52.0, 'fant': 0.246}]"
Nick Chubb,2018,historical,0,,10,0.9477124183006536,0.9934640522875817,58.51149891141039,11.291711172992834,0.3808400796024139,0,1,1,0,,0.9254385964912281,35.0,22.015058179329227,18.80082135523614,0.3272961016372367,0.0837922895357985,6.29155672823219,,0.8457086373156524,1760.0,0.5177304964539007,5.0,"[{'p': 'Royce Freeman', 'y': 2018, 'sim': 66.0, 'fant': 0.627}, {'p': 'Jonathan Taylor', 'y': 2020, 'sim': 63.0, 'fant': 0.965}, {'p': 'Derrius Guice', 'y': 2018, 'sim': 58.0, 'fant': 0.781}, {'p': 'Bijan Robinson', 'y': 2023, 'sim': 57.0, 'fant': 0.978}, {'p': 'Saquon Barkley', 'y': 2018, 'sim': 56.0, 'fant': 0.987}, {'p': 'David Cobb', 'y': 2015, 'sim': 56.0, 'fant': 0.276}]"
Ronald Jones II,2018,historical,0,,10,0.9281045751633987,0.673202614379085,56.06130185540607,10.758825222659372,0.5281431658262449,1,0,1,0,,0.8026315789473685,38.0,20.413415468856947,18.19849418206708,0.3092389564660691,0.044672718585762,6.123519458544839,,0.3737579677540307,1737.0,0.5,4.0,"[{'p': 'Jermar Jefferson', 'y': 2021, 'sim': 62.0, 'fant': 0.513}, {'p': 'Mark Walton', 'y': 2018, 'sim': 61.0, 'fant': 0.092}, {'p': 'Tank Bigsby', 'y': 2023, 'sim': 58.0, 'fant': 0.487}, {'p': 'Tevin Coleman', 'y': 2015, 'sim': 57.0, 'fant': 0.838}, {'p': 'Jordan James', 'y': 2025, 'sim': 56.0, 'fant': None}, {'p': 'Chuba Hubbard', 'y': 2021, 'sim': 56.0, 'fant': 0.711}]"
Kerryon Johnson,2018,historical,0,,9,0.8954248366013072,0.5620915032679739,47.91684652716708,10.584242735765855,0.33176712918436096,0,0,0,0,,0.8201754385964912,43.0,20.50650239561944,19.29363449691992,0.3068970959595959,0.0752484619025082,4.805394990366088,0.1789999999999999,0.7654781358253083,1585.0,0.4481132075471698,4.0,"[{'p': 'Trey Benson', 'y': 2024, 'sim': 63.0, 'fant': None}, {'p': 'Jeremiyah Love', 'y': 2026, 'sim': 63.0, 'fant': None}, {'p': 'DJ Giddens', 'y': 2025, 'sim': 62.0, 'fant': None}, {'p': 'Will Shipley', 'y': 2024, 'sim': 62.0, 'fant': None}, {'p': 'Quinshon Judkins', 'y': 2025, 'sim': 61.0, 'fant': None}, {'p': 'Marlon Mack', 'y': 2017, 'sim': 61.0, 'fant': 0.855}]"
Derrius Guice,2018,historical,0,,9,0.8562091503267973,0.5947712418300654,40.88006524479497,10.616006364620176,0.656685167123026,1,0,0,0,,0.7807017543859649,59.0,20.531143052703623,19.318275154004105,0.3371939577717879,0.0468809073724007,6.526539278131635,0.3016666666666667,0.510498687664042,1493.0,0.4293478260869565,4.0,"[{'p': 'Audric Estime', 'y': 2024, 'sim': 68.0, 'fant': None}, {'p': 'Israel Abanikanda', 'y': 2023, 'sim': 62.0, 'fant': 0.272}, {'p': 'Benny Snell Jr.', 'y': 2019, 'sim': 60.0, 'fant': 0.412}, {'p': 'Ezekiel Elliott', 'y': 2016, 'sim': 60.0, 'fant': 0.991}, {'p': 'Jonathan Williams', 'y': 2016, 'sim': 60.0, 'fant': 0.465}, {'p': 'Alexander Mattison', 'y': 2019, 'sim': 59.0, 'fant': 0.588}]"
Royce Freeman,2018,historical,0,,9,0.8627450980392157,0.9607843137254902,41.031048748000586,11.206524099887844,0.21300175917831574,0,1,0,0,,0.6271929824561403,71.0,21.85352498288844,18.639288158795345,0.2966626941875504,0.1036331149493746,5.93558606124604,0.2665,0.4805491341819187,2184.0,0.4685430463576159,4.0,"[{'p': 'Nick Chubb', 'y': 2018, 'sim': 66.0, 'fant': 0.925}, {'p': 'Ezekiel Elliott', 'y': 2016, 'sim': 60.0, 'fant': 0.991}, {'p': 'Jonathan Taylor', 'y': 2020, 'sim': 60.0, 'fant': 0.965}, {'p': 'David Cobb', 'y': 2015, 'sim': 58.0, 'fant': 0.276}, {'p': 'Kenneth Dixon', 'y': 2016, 'sim': 57.0, 'fant': 0.658}, {'p': 'Zach Charbonnet', 'y': 2023, 'sim': 57.0, 'fant': 0.759}]"
Nyheim Hines,2018,historical,0,,8,0.7124183006535948,0.5424836601307189,30.600883737510735,10.563708674970364,-0.03538865459881679,0,0,0,0,,0.6447368421052632,104.0,21.136208076659823,20.92265571526352,0.22243068584532,0.1551877032219923,5.422480620155039,0.1893333333333333,0.5668712898490994,1264.0,0.4078674948240166,,"[{'p': 'Kenneth Gainwell', 'y': 2021, 'sim': 63.0, 'fant': 0.548}, {'p': 'Jarquez Hunter', 'y': 2025, 'sim': 62.0, 'fant': None}, {'p': 'Jahmyr Gibbs', 'y': 2023, 'sim': 62.0, 'fant': 0.982}, {'p': 'Ito Smith', 'y': 2018, 'sim': 58.0, 'fant': 0.509}, {'p': 'Eric Gray', 'y': 2023, 'sim': 58.0, 'fant': 0.246}, {'p': 'Darwin Thompson', 'y': 2019, 'sim': 58.0, 'fant': 0.395}]"
Mark Walton,2018,historical,0,,8,0.7581699346405228,0.6862745098039216,32.111963717595245,10.777188518197317,0.09742406937632227,0,0,0,0,,0.09210526315789473,112.0,20.761122518822724,18.546201232032853,0.2690692533082285,0.0812534664448142,5.063451776649746,0.1376666666666666,0.1827165715855766,1357.0,0.4988066825775656,4.0,"[{'p': 'Jermar Jefferson', 'y': 2021, 'sim': 66.0, 'fant': 0.513}, {'p': 'Jordan James', 'y': 2025, 'sim': 65.0, 'fant': None}, {'p': 'Kyren Williams', 'y': 2022, 'sim': 63.0, 'fant': 0.961}, {'p': 'Ronald Jones II', 'y': 2018, 'sim': 60.0, 'fant': 0.803}, {'p': 'Myles Gaskin', 'y': 2019, 'sim': 60.0, 'fant': 0.842}, {'p': 'Jarquez Hunter', 'y': 2025, 'sim': 56.0, 'fant': None}]"
Ito Smith,2018,historical,0,,7,0.6274509803921569,0.46405228758169936,27.93686873243646,10.452653558740469,-0.05734179476492901,0,0,0,0,,0.5087719298245614,126.0,22.308008213552363,20.09308692676249,0.3370399638744638,0.1268824094841397,5.53170731707317,0.10775,0.5231736270569485,1918.0,0.5102880658436214,3.0,"[{'p': 'Tyler Badie', 'y': 2022, 'sim': 71.0, 'fant': 0.237}, {'p': 'Jarquez Hunter', 'y': 2025, 'sim': 65.0, 'fant': None}, {'p': 'Sean Tucker', 'y': 2023, 'sim': 64.0, 'fant': 0.456}, {'p': 'Kenneth Gainwell', 'y': 2021, 'sim': 63.0, 'fant': 0.548}, {'p': 'Eric Gray', 'y': 2023, 'sim': 63.0, 'fant': 0.246}, {'p': 'Myles Gaskin', 'y': 2019, 'sim': 61.0, 'fant': 0.842}]"
Kalen Ballage,2018,historical,0,,5,0.477124183006536,0.30718954248366015,25.240395618391858,10.02127151824953,-0.5906892974342842,0,0,0,0,,0.5175438596491229,131.0,22.028747433264886,20.815879534565365,0.2811065027403348,0.1507553841208614,4.408888888888889,0.03075,0.6259368233240817,1005.0,0.2849364791288566,4.0,"[{'p': 'Dwayne Washington', 'y': 2016, 'sim': 59.0, 'fant': 0.342}, {'p': 'Karlos Williams', 'y': 2015, 'sim': 59.0, 'fant': 0.776}, {'p': 'Raheim Sanders', 'y': 2025, 'sim': 58.0, 'fant': None}, {'p': 'Seth McGowan', 'y': 2026, 'sim': 56.0, 'fant': None}, {'p': 'Javorius Allen', 'y': 2015, 'sim': 55.0, 'fant': 0.715}, {'p': 'Kaleb Johnson', 'y': 2025, 'sim': 54.0, 'fant': None}]"
Chase Edmonds,2018,historical,0,,6,0.5555555555555556,0.4444444444444444,26.40501577349403,10.396256107422516,-0.11019704714569992,0,0,0,1,no reliable college production data (thin CFBD team-season),0.6929824561403509,134.0,21.71937029431896,99.0,,,4.409090909090909,0.2489999999999999,0.4180721814043217,250.0,0.7222222222222222,3.0,"[{'p': 'Darius Jackson', 'y': 2016, 'sim': 52.0, 'fant': 0.092}, {'p': 'Gus Edwards', 'y': 2018, 'sim': 51.0, 'fant': 0.632}, {'p': 'Jerome Ford', 'y': 2022, 'sim': 50.0, 'fant': 0.754}, {'p': 'Zach Zenner', 'y': 2015, 'sim': 49.0, 'fant': 0.43}, {'p': 'Joshua Kelley', 'y': 2020, 'sim': 49.0, 'fant': 0.461}, {'p': 'Jordan James', 'y': 2025, 'sim': 48.0, 'fant': None}]"
Jordan Wilkins,2018,historical,0,,5,0.43790849673202614,0.1568627450980392,24.373199771862325,9.407502747787962,-0.20804719097948157,0,0,0,0,,0.3815789473684211,169.0,23.457905544147845,23.24435318275154,0.2191148353774651,0.0611519918802334,6.275985663082437,0.2236666666666666,0.4695456886759679,1252.0,0.4223433242506812,,"[{'p': 'Trey Sermon', 'y': 2021, 'sim': 64.0, 'fant': 0.333}, {'p': 'Wayne Gallman', 'y': 2017, 'sim': 61.0, 'fant': 0.544}, {'p': 'Brian Robinson Jr.', 'y': 2022, 'sim': 59.0, 'fant': 0.825}, {'p': 'Joe Williams', 'y': 2017, 'sim': 58.0, 'fant': 0.092}, {'p': 'Isaiah Davis', 'y': 2024, 'sim': 57.0, 'fant': None}, {'p': 'Dexter Williams', 'y': 2019, 'sim': 57.0, 'fant': 0.092}]"
John Kelly,2018,historical,0,,4,0.38562091503267976,0.3660130718954248,23.315141413107742,10.201381877093045,-0.06766450343954904,0,0,0,0,,0.09210526315789473,176.0,21.24298425735797,21.02943189596167,0.3331569965870307,0.1434740882917466,4.81039755351682,0.0733333333333333,0.3711244944244228,1077.0,0.4666666666666667,3.0,"[{'p': 'Jason Huntley', 'y': 2020, 'sim': 60.0, 'fant': 0.092}, {'p': 'David Montgomery', 'y': 2019, 'sim': 56.0, 'fant': 0.921}, {'p': 'Michael Wiley', 'y': 2024, 'sim': 55.0, 'fant': None}, {'p': 'Mike Davis', 'y': 2015, 'sim': 55.0, 'fant': 0.478}, {'p': 'Dare Ogunbowale', 'y': 2017, 'sim': 55.0, 'fant': 0.377}, {'p': 'Sean Tucker', 'y': 2023, 'sim': 55.0, 'fant': 0.456}]"
Boston Scott,2018,historical,0,,5,0.42483660130718953,0.8431372549019608,24.210801000230695,10.96033265705912,-0.1664892283331199,0,0,0,1,no athletic testing at all,0.7982456140350878,201.0,22.68309377138946,22.469541409993155,0.2299679487179487,0.0603937270603937,6.386759581881533,0.2966666666666667,,1221.0,0.3699186991869919,,"[{'p': 'Jerome Ford', 'y': 2022, 'sim': 68.0, 'fant': 0.754}, {'p': 'Mike Boone', 'y': 2018, 'sim': 66.0, 'fant': 0.535}, {'p': 'Wendell Smallwood', 'y': 2016, 'sim': 65.0, 'fant': 0.592}, {'p': 'Dexter Williams', 'y': 2019, 'sim': 60.0, 'fant': 0.092}, {'p': 'Kylin Hill', 'y': 2021, 'sim': 60.0, 'fant': 0.189}, {'p': 'Gus Edwards', 'y': 2018, 'sim': 59.0, 'fant': 0.632}]"
David Williams,2018,historical,0,,2,0.11764705882352941,0.09803921568627451,19.491866895915653,8.849213562590194,-0.8228345894246081,0,0,0,1,no verified birth date,0.09210526315789473,226.0,24.0,,0.2108956865731632,0.0693711967545639,4.769736842105263,0.13225,0.3403215696522783,827.0,0.2565789473684211,,"[{'p': ""Ja'Quinden Jackson"", 'y': 2025, 'sim': 59.0, 'fant': None}, {'p': 'Darrel Williams', 'y': 2018, 'sim': 58.0, 'fant': 0.474}, {'p': 'Brittain Brown', 'y': 2022, 'sim': 57.0, 'fant': 0.092}, {'p': 'Keaontay Ingram', 'y': 2022, 'sim': 57.0, 'fant': 0.211}, {'p': 'Dare Ogunbowale', 'y': 2017, 'sim': 56.0, 'fant': 0.377}, {'p': 'Ryquell Armstead', 'y': 2019, 'sim': 56.0, 'fant': 0.316}]"
Bo Scarbrough,2018,historical,0,,2,0.1111111111111111,0.23529411764705882,19.449931575017196,9.812599563555715,0.1428698882811822,0,0,0,0,,0.5745614035087719,236.0,21.256673511293634,20.04380561259412,0.1539720872347991,0.0402511078286558,5.662921348314606,0.1833333333333333,0.887644683188706,834.0,0.2077051926298157,5.0,"[{'p': 'Kendall Milton', 'y': 2024, 'sim': 69.0, 'fant': None}, {'p': 'CJ Donaldson', 'y': 2026, 'sim': 63.0, 'fant': None}, {'p': 'Dwayne Washington', 'y': 2016, 'sim': 61.0, 'fant': 0.342}, {'p': 'Keaontay Ingram', 'y': 2022, 'sim': 58.0, 'fant': 0.211}, {'p': 'Phil Mafah', 'y': 2025, 'sim': 57.0, 'fant': None}, {'p': 'Trey Benson', 'y': 2024, 'sim': 57.0, 'fant': None}]"
Nick Bawden,2018,historical,0,,3,0.23529411764705882,0.058823529411764705,20.841629664716585,8.347632171379182,-0.8314663783884352,0,0,0,1,no athletic testing at all,0.09210526315789473,237.0,21.52772073921972,99.0,0.0207297987996237,0.0677212061295106,3.9166666666666665,0.431,,141.0,0.0216962524654832,,"[{'p': 'Brandon Wilson', 'y': 2017, 'sim': 70.0, 'fant': 0.092}, {'p': 'Chandler Cox', 'y': 2019, 'sim': 69.0, 'fant': 0.092}, {'p': 'Rod Smith', 'y': 2015, 'sim': 66.0, 'fant': 0.68}, {'p': 'Malik Davis', 'y': 2022, 'sim': 62.0, 'fant': 0.39}, {'p': 'Kene Nwangwu', 'y': 2021, 'sim': 62.0, 'fant': 0.325}, {'p': 'Cullen Gillaspia', 'y': 2019, 'sim': 59.0, 'fant': 0.092}]"
Justin Jackson,2018,historical,0,,5,0.4444444444444444,0.5882352941176471,24.672706310631774,10.611535326841043,-0.10786391547338528,0,0,0,0,,0.6052631578947368,251.0,21.69472963723477,18.480492813141684,0.3763145226986595,0.1120331950207468,4.7635726795096325,0.07775,0.5636269037306976,1743.0,0.6131687242798354,,"[{'p': 'LeQuint Allen', 'y': 2025, 'sim': 66.0, 'fant': None}, {'p': 'Tyler Ervin', 'y': 2016, 'sim': 59.0, 'fant': 0.092}, {'p': 'Rasheen Ali', 'y': 2024, 'sim': 57.0, 'fant': None}, {'p': 'Roman Hemby', 'y': 2026, 'sim': 56.0, 'fant': None}, {'p': 'Demond Claiborne', 'y': 2026, 'sim': 56.0, 'fant': None}, {'p': 'Will Shipley', 'y': 2024, 'sim': 55.0, 'fant': None}]"
Josh Jacobs,2019,historical,0,,10,0.9673202614379085,0.8431372549019608,68.37639961132558,10.96033265705912,0.002946473471007814,0,0,1,0,,0.8991228070175439,24.0,20.8870636550308,99.0,0.13882098293863,0.0620384047267356,5.904761904761905,0.386,0.2579544981119784,887.0,0.2131438721136767,,"[{'p': 'Dameon Pierce', 'y': 2022, 'sim': 63.0, 'fant': 0.706}, {'p': 'Tony Jones', 'y': 2020, 'sim': 61.0, 'fant': 0.232}, {'p': 'DeeJay Dallas', 'y': 2020, 'sim': 60.0, 'fant': 0.5}, {'p': 'Snoop Conner', 'y': 2022, 'sim': 58.0, 'fant': 0.224}, {'p': 'Jase McClellan', 'y': 2024, 'sim': 58.0, 'fant': None}, {'p': 'Rhamondre Stevenson', 'y': 2021, 'sim': 57.0, 'fant': 0.846}]"
Miles Sanders,2019,historical,0,,9,0.8366013071895425,0.2875816993464052,40.47647837051742,9.97426037942131,0.09703730218806404,0,0,0,0,,0.8640350877192983,53.0,21.67008898015058,21.45653661875428,0.2072407045009784,0.0478156174750602,5.985454545454545,0.0513333333333333,0.6661628987147956,1410.0,0.4294117647058823,5.0,"[{'p': 'Dexter Williams', 'y': 2019, 'sim': 64.0, 'fant': 0.092}, {'p': 'Zamir White', 'y': 2022, 'sim': 59.0, 'fant': 0.373}, {'p': 'Damien Harris', 'y': 2019, 'sim': 58.0, 'fant': 0.789}, {'p': 'Wendell Smallwood', 'y': 2016, 'sim': 57.0, 'fant': 0.592}, {'p': 'Trey Sermon', 'y': 2021, 'sim': 57.0, 'fant': 0.333}, {'p': 'Joe Williams', 'y': 2017, 'sim': 56.0, 'fant': 0.092}]"
Darrell Henderson,2019,historical,0,,9,0.8235294117647058,0.8431372549019608,39.760918770370836,10.96033265705912,1.0090102403203614,1,0,0,0,,0.7719298245614035,70.0,21.36892539356605,20.15605749486653,0.3149173702173523,0.0869949867295783,8.22505800464037,0.3686666666666666,0.4691560593493307,2204.0,0.3543046357615894,3.0,"[{'p': 'J.K. Dobbins', 'y': 2020, 'sim': 62.0, 'fant': 0.75}, {'p': 'Devin Singletary', 'y': 2019, 'sim': 60.0, 'fant': 0.811}, {'p': 'Trayveon Williams', 'y': 2019, 'sim': 60.0, 'fant': 0.263}, {'p': 'Javonte Williams', 'y': 2021, 'sim': 57.0, 'fant': 0.794}, {'p': 'Anthony McFarland Jr.', 'y': 2020, 'sim': 57.0, 'fant': 0.228}, {'p': 'Kenneth Gainwell', 'y': 2021, 'sim': 57.0, 'fant': 0.548}]"
David Montgomery,2019,historical,0,,8,0.7712418300653595,0.35294117647058826,34.76295939772882,10.150220034512326,0.007754647217450271,0,0,0,0,,0.9210526315789473,73.0,21.56878850102669,20.35592060232717,0.3005942580777938,0.0834272829763247,4.652733118971061,0.068,0.2800078278782645,1442.0,0.6231884057971014,3.0,"[{'p': 'Alexander Mattison', 'y': 2019, 'sim': 67.0, 'fant': 0.588}, {'p': 'Benny Snell Jr.', 'y': 2019, 'sim': 64.0, 'fant': 0.412}, {'p': 'Corey Clement', 'y': 2017, 'sim': 62.0, 'fant': 0.553}, {'p': 'Mike Davis', 'y': 2015, 'sim': 60.0, 'fant': 0.478}, {'p': 'David Cobb', 'y': 2015, 'sim': 60.0, 'fant': 0.276}, {'p': 'Tyler Allgeier', 'y': 2022, 'sim': 58.0, 'fant': 0.662}]"
Devin Singletary,2019,historical,0,,8,0.7908496732026143,0.9215686274509803,37.14160840536718,11.12661164380037,0.7046250916006802,1,1,0,0,,0.8114035087719298,74.0,21.32785763175907,19.11567419575633,0.3758788193630049,0.0663761314113308,6.007002801120448,0.2813333333333334,0.2506824215843543,2118.0,0.4574468085106383,3.0,"[{'p': 'Trayveon Williams', 'y': 2019, 'sim': 76.0, 'fant': 0.263}, {'p': 'Dylan Sampson', 'y': 2025, 'sim': 64.0, 'fant': None}, {'p': 'Myles Gaskin', 'y': 2019, 'sim': 63.0, 'fant': 0.842}, {'p': 'J.K. Dobbins', 'y': 2020, 'sim': 62.0, 'fant': 0.75}, {'p': 'Darrell Henderson', 'y': 2019, 'sim': 62.0, 'fant': 0.772}, {'p': 'Jaret Patterson', 'y': 2021, 'sim': 62.0, 'fant': 0.338}]"
Damien Harris,2019,historical,0,,8,0.7320261437908496,0.32679738562091504,31.33122555768855,10.05123542304852,-0.33912646408001523,0,0,0,0,,0.7894736842105263,87.0,21.88637919233402,20.673511293634498,0.1731477318145483,0.0419407894736842,6.455882352941177,0.1629999999999999,0.544974707018372,1139.0,0.2664298401420959,5.0,"[{'p': 'DeeJay Dallas', 'y': 2020, 'sim': 68.0, 'fant': 0.5}, {'p': 'Dameon Pierce', 'y': 2022, 'sim': 65.0, 'fant': 0.706}, {'p': 'Mike Weber', 'y': 2019, 'sim': 64.0, 'fant': 0.092}, {'p': 'Jase McClellan', 'y': 2024, 'sim': 63.0, 'fant': None}, {'p': 'Jonathan Williams', 'y': 2016, 'sim': 60.0, 'fant': 0.465}, {'p': 'Miles Sanders', 'y': 2019, 'sim': 59.0, 'fant': 0.864}]"
Alexander Mattison,2019,historical,0,,7,0.6862745098039216,0.5032679738562091,29.678533398568085,10.515263420492118,0.27472907118337664,0,0,0,0,,0.5877192982456141,102.0,20.53661875427789,19.32375085557837,0.2857757906938235,0.0772368778895839,4.864027538726334,0.1343333333333333,0.5089956902770073,1585.0,0.5956607495069034,3.0,"[{'p': 'David Montgomery', 'y': 2019, 'sim': 65.0, 'fant': 0.921}, {'p': 'Israel Abanikanda', 'y': 2023, 'sim': 63.0, 'fant': 0.272}, {'p': 'Benny Snell Jr.', 'y': 2019, 'sim': 59.0, 'fant': 0.412}, {'p': 'Cam Akers', 'y': 2020, 'sim': 58.0, 'fant': 0.689}, {'p': 'David Cobb', 'y': 2015, 'sim': 58.0, 'fant': 0.276}, {'p': 'Tyler Allgeier', 'y': 2022, 'sim': 58.0, 'fant': 0.662}]"
Bryce Love,2019,historical,0,,8,0.7516339869281046,0.738562091503268,31.864031813497824,10.940345373071946,0.2816176450410215,0,0,0,0,,0.09210526315789473,112.0,21.4839151266256,20.27104722792608,0.3722925499901947,0.0843170320404721,6.78207381370826,0.1977499999999999,,2151.0,0.5717391304347826,,"[{'p': 'Myles Gaskin', 'y': 2019, 'sim': 62.0, 'fant': 0.842}, {'p': 'Ito Smith', 'y': 2018, 'sim': 62.0, 'fant': 0.509}, {'p': 'Dylan Sampson', 'y': 2025, 'sim': 61.0, 'fant': None}, {'p': 'J.K. Dobbins', 'y': 2020, 'sim': 60.0, 'fant': 0.75}, {'p': 'Tyjae Spears', 'y': 2023, 'sim': 60.0, 'fant': 0.684}, {'p': 'Jarquez Hunter', 'y': 2025, 'sim': 60.0, 'fant': None}]"
Justice Hill,2019,historical,0,,6,0.5359477124183006,0.1895424836601307,26.030603989268073,9.65150185433432,0.2910852518035295,0,0,0,0,,0.2894736842105263,113.0,21.13073237508556,19.91786447638604,0.2237648200816591,0.0375568294129274,5.599683544303797,0.1443333333333333,0.8638545267929664,1657.0,0.5414141414141415,3.0,"[{'p': 'Darrynton Evans', 'y': 2020, 'sim': 67.0, 'fant': 0.329}, {'p': 'Travis Homer', 'y': 2019, 'sim': 61.0, 'fant': 0.482}, {'p': 'Trevor Etienne', 'y': 2025, 'sim': 57.0, 'fant': None}, {'p': 'Tyjae Spears', 'y': 2023, 'sim': 55.0, 'fant': 0.684}, {'p': 'Kerrith Whyte Jr', 'y': 2019, 'sim': 54.0, 'fant': 0.25}, {'p': 'TreVeyon Henderson', 'y': 2025, 'sim': 54.0, 'fant': None}]"
Benny Snell Jr.,2019,historical,0,,7,0.673202614379085,0.48366013071895425,29.163961213212033,10.498931668329753,0.4773420689684539,1,0,0,0,,0.41228070175438597,122.0,20.843258042436688,18.63107460643395,0.4095405758085184,0.050071530758226,5.241847826086956,0.1996666666666666,0.2111449223117082,1539.0,0.549618320610687,3.0,"[{'p': 'David Montgomery', 'y': 2019, 'sim': 66.0, 'fant': 0.921}, {'p': 'Tyler Allgeier', 'y': 2022, 'sim': 65.0, 'fant': 0.662}, {'p': 'Alex Collins', 'y': 2016, 'sim': 65.0, 'fant': 0.768}, {'p': 'Alexander Mattison', 'y': 2019, 'sim': 63.0, 'fant': 0.588}, {'p': 'Samaje Perine', 'y': 2017, 'sim': 62.0, 'fant': 0.404}, {'p': 'Derrius Guice', 'y': 2018, 'sim': 62.0, 'fant': 0.781}]"
Tony Pollard,2019,historical,0,,7,0.6928104575163399,0.8431372549019608,29.762282892908473,10.96033265705912,0.08935310817193527,0,0,0,0,,0.6710526315789473,128.0,21.67282683093772,99.0,0.1272651338243219,0.1309348274845178,6.728571428571429,0.3356666666666667,0.5024123189835431,997.0,0.1307947019867549,,"[{'p': 'Kenyan Drake', 'y': 2016, 'sim': 65.0, 'fant': 0.785}, {'p': 'James Cook', 'y': 2022, 'sim': 59.0, 'fant': 0.895}, {'p': 'Trestan Ebner', 'y': 2022, 'sim': 57.0, 'fant': 0.197}, {'p': 'Mike Boone', 'y': 2018, 'sim': 54.0, 'fant': 0.535}, {'p': 'Kenny McIntosh', 'y': 2023, 'sim': 53.0, 'fant': 0.285}, {'p': 'Malik Davis', 'y': 2022, 'sim': 53.0, 'fant': 0.39}]"
Ryquell Armstead,2019,historical,0,,3,0.2549019607843137,0.08496732026143791,21.167629231623856,8.7846433879008,-0.3372992110344456,0,0,0,0,,0.3157894736842105,140.0,22.17111567419576,19.95893223819301,0.2407859171706065,0.0229147571035747,4.907504363001745,0.10175,0.3553301102513701,1150.0,0.430327868852459,3.0,"[{'p': 'Jordan Mason', 'y': 2022, 'sim': 65.0, 'fant': 0.583}, {'p': 'Jonathan Williams', 'y': 2016, 'sim': 65.0, 'fant': 0.465}, {'p': ""La'Mical Perine"", 'y': 2020, 'sim': 64.0, 'fant': 0.469}, {'p': 'Keith Marshall', 'y': 2016, 'sim': 64.0, 'fant': 0.092}, {'p': 'Keaontay Ingram', 'y': 2022, 'sim': 63.0, 'fant': 0.211}, {'p': 'Jalen Richard', 'y': 2016, 'sim': 60.0, 'fant': 0.649}]"
Qadree Ollison,2019,historical,0,,5,0.49673202614379086,0.6470588235294118,25.394360671835166,10.7456549124582,-0.255233477361329,0,0,0,0,,0.34649122807017546,152.0,22.313483915126625,19.09924709103354,0.2713041717294451,0.0742725880551301,5.404536862003781,0.1505,0.247630031094598,1279.0,0.4231536926147705,3.0,"[{'p': 'Karlos Williams', 'y': 2015, 'sim': 61.0, 'fant': 0.776}, {'p': 'Keaontay Ingram', 'y': 2022, 'sim': 61.0, 'fant': 0.211}, {'p': 'James Conner', 'y': 2017, 'sim': 59.0, 'fant': 0.943}, {'p': 'Jonathan Williams', 'y': 2016, 'sim': 59.0, 'fant': 0.465}, {'p': 'Nicholas Singleton', 'y': 2026, 'sim': 58.0, 'fant': None}, {'p': ""La'Mical Perine"", 'y': 2020, 'sim': 58.0, 'fant': 0.469}]"
Jordan Scarlett,2019,historical,0,,3,0.22875816993464052,0.0392156862745098,20.811245743564726,7.76204788894007,-0.6558360465586783,0,0,0,0,,0.09210526315789473,154.0,23.485284052019164,21.27310061601643,0.2047365921659339,0.0298719772403982,5.366279069767442,0.1263333333333333,0.2913130607296677,912.0,0.4049773755656108,4.0,"[{'p': 'SaRodorick Thompson', 'y': 2023, 'sim': 62.0, 'fant': 0.092}, {'p': 'Jordan Mason', 'y': 2022, 'sim': 62.0, 'fant': 0.583}, {'p': 'Kelvin Taylor', 'y': 2016, 'sim': 60.0, 'fant': 0.092}, {'p': 'Ulysses Bentley IV', 'y': 2025, 'sim': 60.0, 'fant': None}, {'p': 'Corey Kiner', 'y': 2025, 'sim': 59.0, 'fant': None}, {'p': 'Gus Edwards', 'y': 2018, 'sim': 57.0, 'fant': 0.632}]"
Trayveon Williams,2019,historical,0,,5,0.48366013071895425,0.7450980392156863,25.255802821103057,10.94082937230127,0.4084971696328148,1,0,0,0,,0.2631578947368421,182.0,21.204654346338124,18.99247091033539,0.3445057081365054,0.0845801526717557,6.025,0.1516666666666666,0.4040444066392527,2037.0,0.5122873345935728,,"[{'p': 'Devin Singletary', 'y': 2019, 'sim': 74.0, 'fant': 0.811}, {'p': 'Myles Gaskin', 'y': 2019, 'sim': 65.0, 'fant': 0.842}, {'p': 'J.K. Dobbins', 'y': 2020, 'sim': 64.0, 'fant': 0.75}, {'p': 'Sean Tucker', 'y': 2023, 'sim': 62.0, 'fant': 0.456}, {'p': 'Dylan Sampson', 'y': 2025, 'sim': 62.0, 'fant': None}, {'p': 'Ito Smith', 'y': 2018, 'sim': 60.0, 'fant': 0.509}]"
Ty Johnson,2019,historical,0,,6,0.5424836601307189,0.9738562091503268,26.335924220365804,11.219490915089757,0.13481980172221925,0,1,0,0,,0.5614035087719298,186.0,21.28952772073922,19.077344284736483,0.2078354892860669,0.0889080707811825,7.57183908045977,0.30975,0.6646451820932852,1210.0,0.3215962441314554,3.0,"[{'p': 'Matt Breida', 'y': 2017, 'sim': 60.0, 'fant': 0.728}, {'p': 'Montrell Johnson Jr.', 'y': 2025, 'sim': 58.0, 'fant': None}, {'p': 'Kendre Miller', 'y': 2023, 'sim': 57.0, 'fant': 0.439}, {'p': 'Boston Scott', 'y': 2018, 'sim': 57.0, 'fant': 0.798}, {'p': 'Wendell Smallwood', 'y': 2016, 'sim': 56.0, 'fant': 0.592}, {'p': 'Trey Benson', 'y': 2024, 'sim': 56.0, 'fant': None}]"
Dexter Williams,2019,historical,0,,4,0.3333333333333333,0.33986928104575165,22.544347696876166,10.102998675410134,0.20112749878289538,0,0,0,0,,0.09210526315789473,194.0,21.984941820670773,21.77138945927447,0.2279847116052814,0.0398442180946674,6.365758754863813,0.257,0.6340811651298409,1128.0,0.3073929961089494,4.0,"[{'p': 'Trey Sermon', 'y': 2021, 'sim': 68.0, 'fant': 0.333}, {'p': 'Zamir White', 'y': 2022, 'sim': 63.0, 'fant': 0.373}, {'p': 'Miles Sanders', 'y': 2019, 'sim': 63.0, 'fant': 0.864}, {'p': 'Boston Scott', 'y': 2018, 'sim': 62.0, 'fant': 0.798}, {'p': 'Joe Williams', 'y': 2017, 'sim': 62.0, 'fant': 0.092}, {'p': 'Trey Benson', 'y': 2024, 'sim': 61.0, 'fant': None}]"
Travis Homer,2019,historical,0,,4,0.39869281045751637,0.6928104575163399,23.540409899179018,10.807344064810522,0.09316381352066369,0,0,0,0,,0.4824561403508772,204.0,20.40246406570842,19.189596167008897,0.2126680552925582,0.0852038479157123,5.9880239520958085,0.1096666666666666,0.7614194145153345,1190.0,0.4064837905236907,4.0,"[{'p': 'Donovan Edwards', 'y': 2025, 'sim': 66.0, 'fant': None}, {'p': 'Darrynton Evans', 'y': 2020, 'sim': 65.0, 'fant': 0.329}, {'p': 'Trevor Etienne', 'y': 2025, 'sim': 64.0, 'fant': None}, {'p': 'Will Shipley', 'y': 2024, 'sim': 62.0, 'fant': None}, {'p': 'Jaydon Blue', 'y': 2025, 'sim': 59.0, 'fant': None}, {'p': 'Justice Hill', 'y': 2019, 'sim': 59.0, 'fant': 0.289}]"
Rodney Anderson,2019,historical,0,,4,0.39215686274509803,0.6797385620915033,23.43244632300788,10.771267416871474,0.3269650451043635,0,0,0,0,,0.09210526315789473,211.0,22.302532511978097,21.08966461327857,0.2010858213539746,0.0554787759131293,6.425,0.349,,1442.0,0.3540489642184557,,"[{'p': 'Isaiah Davis', 'y': 2024, 'sim': 62.0, 'fant': None}, {'p': 'Karlos Williams', 'y': 2015, 'sim': 60.0, 'fant': 0.776}, {'p': 'Keaontay Ingram', 'y': 2022, 'sim': 59.0, 'fant': 0.211}, {'p': 'Hassan Haskins', 'y': 2022, 'sim': 59.0, 'fant': 0.298}, {'p': 'Trey Benson', 'y': 2024, 'sim': 59.0, 'fant': None}, {'p': 'Keith Marshall', 'y': 2016, 'sim': 57.0, 'fant': 0.092}]"
Darwin Thompson,2019,historical,0,,5,0.49019607843137253,0.8431372549019608,25.319677594029244,10.96033265705912,0.672919753411801,1,0,0,0,,0.39473684210526316,214.0,21.883641341546884,21.67008898015058,0.2233488660658891,0.0913348946135831,6.823529411764706,0.435,0.6157260215062649,1395.0,0.3311688311688311,,"[{'p': 'Jarquez Hunter', 'y': 2025, 'sim': 60.0, 'fant': None}, {'p': 'Tyjae Spears', 'y': 2023, 'sim': 60.0, 'fant': 0.684}, {'p': 'Kenneth Gainwell', 'y': 2021, 'sim': 59.0, 'fant': 0.548}, {'p': 'Michael Carter', 'y': 2021, 'sim': 59.0, 'fant': 0.697}, {'p': 'Dylan Sampson', 'y': 2025, 'sim': 58.0, 'fant': None}, {'p': 'Nyheim Hines', 'y': 2018, 'sim': 58.0, 'fant': 0.645}]"
Mike Weber,2019,historical,0,,2,0.1830065359477124,0.26143790849673204,20.118563580163126,9.878267738598463,0.03737074032613831,0,0,0,0,,0.09210526315789473,218.0,21.347022587268995,19.134839151266256,0.1753695334101219,0.0327220424307802,5.894273127753304,0.2266666666666666,0.522981502312211,1187.0,0.3176265270506108,4.0,"[{'p': 'DeeJay Dallas', 'y': 2020, 'sim': 67.0, 'fant': 0.5}, {'p': 'Damien Harris', 'y': 2019, 'sim': 63.0, 'fant': 0.789}, {'p': 'Jalen Richard', 'y': 2016, 'sim': 59.0, 'fant': 0.649}, {'p': 'Jordan Mason', 'y': 2022, 'sim': 58.0, 'fant': 0.583}, {'p': 'Kylin Hill', 'y': 2021, 'sim': 57.0, 'fant': 0.189}, {'p': 'Jase McClellan', 'y': 2024, 'sim': 56.0, 'fant': None}]"
Cullen Gillaspia,2019,historical,0,,1,0.0718954248366013,0.006535947712418301,17.975446894902113,5.016338224042195,-0.1502184572394829,0,0,0,1,no athletic testing at all,0.09210526315789473,220.0,23.64134154688569,99.0,0.0163299544757362,0.0158778625954198,6.6,0.591,,85.0,0.0094517958412098,,"[{'p': 'Brandon Wilson', 'y': 2017, 'sim': 66.0, 'fant': 0.092}, {'p': 'Rod Smith', 'y': 2015, 'sim': 65.0, 'fant': 0.68}, {'p': 'Kene Nwangwu', 'y': 2021, 'sim': 63.0, 'fant': 0.325}, {'p': 'Nick Bawden', 'y': 2018, 'sim': 62.0, 'fant': 0.092}, {'p': 'Ray Davis', 'y': 2024, 'sim': 59.0, 'fant': None}, {'p': 'Corey Grant', 'y': 2015, 'sim': 57.0, 'fant': 0.504}]"
Kerrith Whyte Jr,2019,historical,0,,3,0.24183006535947713,0.45751633986928103,20.960107835410327,10.426877192721495,-0.3277104823783076,0,0,0,0,,0.25,222.0,22.168377823408623,21.95482546201232,0.1906724680196888,0.0569597721609113,5.853448275862069,0.1176666666666666,0.9197314523012446,1026.0,0.2322357019064125,2.0,"[{'p': 'T.J. Logan', 'y': 2017, 'sim': 65.0, 'fant': 0.202}, {'p': 'Donovan Edwards', 'y': 2025, 'sim': 60.0, 'fant': None}, {'p': 'Jaydon Blue', 'y': 2025, 'sim': 59.0, 'fant': None}, {'p': 'Raheem Mostert', 'y': 2015, 'sim': 59.0, 'fant': 0.522}, {'p': 'James Cook', 'y': 2022, 'sim': 59.0, 'fant': 0.895}, {'p': 'Darrynton Evans', 'y': 2020, 'sim': 57.0, 'fant': 0.329}]"
Chandler Cox,2019,historical,0,,1,0.006535947712418301,0.0196078431372549,13.34312923683558,6.248499506760499,-0.9339958332314562,0,0,0,1,no athletic testing at all,0.09210526315789473,233.0,22.42573579739904,99.0,0.0408278737343656,0.0276639344262295,1.6363636363636365,0.313,,84.0,0.0110410094637223,,"[{'p': 'Nick Bawden', 'y': 2018, 'sim': 72.0, 'fant': 0.092}, {'p': 'Brandon Wilson', 'y': 2017, 'sim': 70.0, 'fant': 0.092}, {'p': 'Rod Smith', 'y': 2015, 'sim': 65.0, 'fant': 0.68}, {'p': 'Kene Nwangwu', 'y': 2021, 'sim': 63.0, 'fant': 0.325}, {'p': 'Emari Demercado', 'y': 2023, 'sim': 59.0, 'fant': 0.452}, {'p': 'Malik Davis', 'y': 2022, 'sim': 58.0, 'fant': 0.39}]"
Myles Gaskin,2019,historical,0,,6,0.5163398692810458,0.8627450980392157,25.71414253284172,11.01430534231768,0.0888554961914944,0,0,0,0,,0.8421052631578947,234.0,21.87542778918549,18.6611909650924,0.3671688705831346,0.0805275945852134,5.645811240721103,,0.3426028358025494,1612.0,0.4881720430107527,3.0,"[{'p': 'Jarquez Hunter', 'y': 2025, 'sim': 66.0, 'fant': None}, {'p': 'Sean Tucker', 'y': 2023, 'sim': 62.0, 'fant': 0.456}, {'p': 'J.K. Dobbins', 'y': 2020, 'sim': 62.0, 'fant': 0.75}, {'p': 'Trayveon Williams', 'y': 2019, 'sim': 61.0, 'fant': 0.263}, {'p': 'Jermar Jefferson', 'y': 2021, 'sim': 61.0, 'fant': 0.513}, {'p': 'Matthew Dayes', 'y': 2017, 'sim': 59.0, 'fant': 0.092}]"
Clyde Edwards-Helaire,2020,historical,0,,10,0.9411764705882353,0.5686274509803921,57.52629908921131,10.58843007489245,0.2126959890712714,0,0,1,0,,0.8333333333333334,32.0,20.725530458590008,20.511978097193705,0.2004388493455568,0.075199203187251,5.7366946778711485,0.155,0.5759895973747083,1867.0,0.4352226720647773,,"[{'p': ""D'Andre Swift"", 'y': 2020, 'sim': 64.0, 'fant': 0.904}, {'p': 'Anthony McFarland Jr.', 'y': 2020, 'sim': 62.0, 'fant': 0.228}, {'p': 'Trayveon Williams', 'y': 2019, 'sim': 60.0, 'fant': 0.263}, {'p': 'DeAndre Washington', 'y': 2016, 'sim': 59.0, 'fant': 0.491}, {'p': 'Dylan Sampson', 'y': 2025, 'sim': 59.0, 'fant': None}, {'p': 'Kimani Vidal', 'y': 2024, 'sim': 59.0, 'fant': None}]"
D'Andre Swift,2020,historical,0,,10,0.934640522875817,0.8823529411764706,56.871595255261155,11.043588108711976,0.30095089308198075,0,0,1,0,,0.9035087719298246,35.0,20.9637234770705,19.750855578370977,0.2092837297054293,0.0938388625592417,6.556818181818182,0.2456666666666666,0.5984107358481016,1434.0,0.3881188118811881,5.0,"[{'p': 'Mike Davis', 'y': 2015, 'sim': 62.0, 'fant': 0.478}, {'p': 'Clyde Edwards-Helaire', 'y': 2020, 'sim': 62.0, 'fant': 0.833}, {'p': 'Anthony McFarland Jr.', 'y': 2020, 'sim': 59.0, 'fant': 0.228}, {'p': 'Dameon Pierce', 'y': 2022, 'sim': 57.0, 'fant': 0.706}, {'p': 'Javonte Williams', 'y': 2021, 'sim': 57.0, 'fant': 0.794}, {'p': 'Darrell Henderson', 'y': 2019, 'sim': 56.0, 'fant': 0.772}]"
Jonathan Taylor,2020,historical,0,,10,0.9215686274509803,0.9869281045751634,54.22560473451773,11.26398650263016,0.8793432758271909,1,1,1,0,,0.9649122807017544,41.0,20.95003422313484,18.7378507871321,0.417617441778488,0.0899357601713062,6.678929765886288,0.1996666666666666,0.7662366498264852,2255.0,0.5385964912280702,3.0,"[{'p': 'Nick Chubb', 'y': 2018, 'sim': 65.0, 'fant': 0.925}, {'p': 'Ezekiel Elliott', 'y': 2016, 'sim': 63.0, 'fant': 0.991}, {'p': 'Royce Freeman', 'y': 2018, 'sim': 62.0, 'fant': 0.627}, {'p': 'Kevin Harris', 'y': 2022, 'sim': 62.0, 'fant': 0.32}, {'p': 'Derrius Guice', 'y': 2018, 'sim': 62.0, 'fant': 0.781}, {'p': 'David Cobb', 'y': 2015, 'sim': 61.0, 'fant': 0.276}]"
Cam Akers,2020,historical,0,,9,0.8823529411764706,0.6274509803921569,45.91130064981793,10.7032722961128,0.2629013357032834,0,0,0,0,,0.6885964912280702,52.0,20.52840520191649,18.31622176591376,0.3148014692207551,0.0646737568266743,4.90443686006826,0.0843333333333333,0.6607033108464747,1369.0,0.4935897435897436,5.0,"[{'p': 'Alexander Mattison', 'y': 2019, 'sim': 60.0, 'fant': 0.588}, {'p': 'Tank Bigsby', 'y': 2023, 'sim': 57.0, 'fant': 0.487}, {'p': 'Kerryon Johnson', 'y': 2018, 'sim': 57.0, 'fant': 0.82}, {'p': 'Kylin Hill', 'y': 2021, 'sim': 57.0, 'fant': 0.189}, {'p': 'Derrius Guice', 'y': 2018, 'sim': 56.0, 'fant': 0.781}, {'p': 'Israel Abanikanda', 'y': 2023, 'sim': 55.0, 'fant': 0.272}]"
J.K. Dobbins,2020,historical,0,,9,0.8758169934640523,0.9673202614379085,44.14949878971221,11.207781566015111,0.4832967391999896,1,1,0,0,,0.75,55.0,21.0403832991102,18.82819986310746,0.2831095855345737,0.0670466883821932,6.1588397790055245,0.2613333333333333,,2250.0,0.4652241112828439,,"[{'p': 'Myles Gaskin', 'y': 2019, 'sim': 62.0, 'fant': 0.842}, {'p': 'Kareem Hunt', 'y': 2017, 'sim': 62.0, 'fant': 0.974}, {'p': 'Trayveon Williams', 'y': 2019, 'sim': 60.0, 'fant': 0.263}, {'p': 'Ameer Abdullah', 'y': 2015, 'sim': 60.0, 'fant': 0.636}, {'p': 'Jarquez Hunter', 'y': 2025, 'sim': 59.0, 'fant': None}, {'p': 'Matt Breida', 'y': 2017, 'sim': 58.0, 'fant': 0.728}]"
AJ Dillon,2020,historical,0,,9,0.8104575163398693,0.5294117647058824,39.36005052869365,10.552340758256882,0.42934865001501843,1,0,0,0,,0.7412280701754386,62.0,21.66735112936345,19.45516769336071,0.3313976377952756,0.0852272727272727,5.185798816568047,0.126,0.96737920673139,1880.0,0.4909983633387889,3.0,"[{'p': 'Leonard Fournette', 'y': 2017, 'sim': 63.0, 'fant': 0.939}, {'p': 'David Cobb', 'y': 2015, 'sim': 61.0, 'fant': 0.276}, {'p': ""D'Onta Foreman"", 'y': 2017, 'sim': 60.0, 'fant': 0.386}, {'p': 'Saquon Barkley', 'y': 2018, 'sim': 60.0, 'fant': 0.987}, {'p': 'Derrick Henry', 'y': 2016, 'sim': 58.0, 'fant': 0.746}, {'p': 'Nick Chubb', 'y': 2018, 'sim': 57.0, 'fant': 0.925}]"
Antonio Gibson,2020,historical,0,,9,0.8431372549019608,0.8431372549019608,40.496604275028105,10.96033265705912,2.2510591612437594,1,0,0,0,,0.8728070175438597,66.0,21.52498288843258,21.31143052703628,0.1725402504472272,0.1759636102465884,11.181818181818182,1.275,0.5917487758933714,1104.0,0.0615671641791044,,"[{'p': 'C.J. Prosise', 'y': 2016, 'sim': 53.0, 'fant': 0.579}, {'p': 'Joe Mixon', 'y': 2017, 'sim': 48.0, 'fant': 0.912}, {'p': 'J.D. McKissic', 'y': 2016, 'sim': 48.0, 'fant': 0.64}, {'p': 'Rachaad White', 'y': 2022, 'sim': 47.0, 'fant': 0.877}, {'p': 'Travis Etienne', 'y': 2021, 'sim': 46.0, 'fant': 0.868}, {'p': 'Jonathon Brooks', 'y': 2024, 'sim': 45.0, 'fant': None}]"
Ke'Shawn Vaughn,2020,historical,0,,9,0.8496732026143791,0.869281045751634,40.610424700024325,11.021860965792154,0.10820579369269522,0,0,0,0,,0.3991228070175439,76.0,22.6611909650924,18.4476386036961,0.4188751823849317,0.1308139534883721,5.7622377622377625,0.15675,0.3358436514306235,1414.0,0.5546218487394958,4.0,"[{'p': 'Kenneth Dixon', 'y': 2016, 'sim': 64.0, 'fant': 0.658}, {'p': 'Sean Tucker', 'y': 2023, 'sim': 60.0, 'fant': 0.456}, {'p': 'Elijah McGuire', 'y': 2017, 'sim': 58.0, 'fant': 0.61}, {'p': 'Sony Michel', 'y': 2018, 'sim': 58.0, 'fant': 0.732}, {'p': 'Myles Gaskin', 'y': 2019, 'sim': 57.0, 'fant': 0.842}, {'p': 'Kareem Hunt', 'y': 2017, 'sim': 56.0, 'fant': 0.974}]"
Zack Moss,2020,historical,0,,8,0.7647058823529411,0.6078431372549019,34.08918459195827,10.682980050848332,-0.13623915059852792,0,0,0,0,,0.6140350877192983,86.0,22.04517453798768,19.83299110198494,0.3072661879357343,0.1217445873862566,5.706460674157303,0.17875,0.2619281964754406,1804.0,0.41796875,3.0,"[{'p': 'Mike Davis', 'y': 2015, 'sim': 66.0, 'fant': 0.478}, {'p': 'Jonah Coleman', 'y': 2026, 'sim': 66.0, 'fant': None}, {'p': 'David Montgomery', 'y': 2019, 'sim': 61.0, 'fant': 0.921}, {'p': 'David Cobb', 'y': 2015, 'sim': 59.0, 'fant': 0.276}, {'p': ""Ke'Shawn Vaughn"", 'y': 2020, 'sim': 57.0, 'fant': 0.399}, {'p': 'Josh Robinson', 'y': 2015, 'sim': 57.0, 'fant': 0.241}]"
Darrynton Evans,2020,historical,0,,8,0.7450980392156863,0.5098039215686274,31.573949676961416,10.521319138680976,0.4177985104489015,1,0,0,0,,0.32894736842105265,93.0,21.481177275838466,20.268309377138944,0.3147889105304429,0.0700884955752212,5.981327800829876,0.078,0.7558323890643145,1677.0,0.4307432432432432,,"[{'p': 'Justice Hill', 'y': 2019, 'sim': 63.0, 'fant': 0.289}, {'p': 'Travis Homer', 'y': 2019, 'sim': 62.0, 'fant': 0.482}, {'p': 'Tyjae Spears', 'y': 2023, 'sim': 60.0, 'fant': 0.684}, {'p': 'Wendell Smallwood', 'y': 2016, 'sim': 59.0, 'fant': 0.592}, {'p': 'TreVeyon Henderson', 'y': 2025, 'sim': 56.0, 'fant': None}, {'p': 'Kerryon Johnson', 'y': 2018, 'sim': 56.0, 'fant': 0.82}]"
Joshua Kelley,2020,historical,0,,7,0.6535947712418301,0.45098039215686275,28.244208849018136,10.420922426084633,-0.11378453522528172,0,0,0,0,,0.4605263157894737,112.0,22.11362080766598,20.90075290896646,0.3332949750671269,0.0672239637756879,5.090146750524109,0.15775,0.4377901884165305,1436.0,0.5244755244755245,2.0,"[{'p': 'Darius Jackson', 'y': 2016, 'sim': 68.0, 'fant': 0.092}, {'p': 'Jerome Ford', 'y': 2022, 'sim': 63.0, 'fant': 0.754}, {'p': 'Wendell Smallwood', 'y': 2016, 'sim': 60.0, 'fant': 0.592}, {'p': 'Jalen Richard', 'y': 2016, 'sim': 58.0, 'fant': 0.649}, {'p': ""La'Mical Perine"", 'y': 2020, 'sim': 58.0, 'fant': 0.469}, {'p': 'Lew Nichols', 'y': 2023, 'sim': 57.0, 'fant': 0.092}]"
La'Mical Perine,2020,historical,0,,6,0.5947712418300654,0.47058823529411764,26.973381673268857,10.483944190174146,-0.39162965979122744,0,0,0,0,,0.4692982456140351,120.0,21.919233401779604,19.707049965776864,0.2668918918918919,0.0670076726342711,5.040567951318458,0.147,0.3332185921663373,996.0,0.3417085427135678,3.0,"[{'p': 'Jalen Richard', 'y': 2016, 'sim': 65.0, 'fant': 0.649}, {'p': 'Jonathan Williams', 'y': 2016, 'sim': 65.0, 'fant': 0.465}, {'p': 'Ryquell Armstead', 'y': 2019, 'sim': 62.0, 'fant': 0.316}, {'p': 'Michael Wiley', 'y': 2024, 'sim': 61.0, 'fant': None}, {'p': 'Kylin Hill', 'y': 2021, 'sim': 60.0, 'fant': 0.189}, {'p': 'Dontrell Hilliard', 'y': 2018, 'sim': 60.0, 'fant': 0.368}]"
Anthony McFarland Jr.,2020,historical,0,,7,0.6470588235294118,0.8496732026143791,28.233791574104945,11.004760266349795,0.07311897698808809,0,0,0,0,,0.22807017543859648,124.0,20.829568788501028,19.616700889801507,0.2050381167173025,0.0603448275862069,6.726530612244898,0.175,0.3141904093944179,1107.0,0.2734864300626304,,"[{'p': 'Khalil Herbert', 'y': 2021, 'sim': 65.0, 'fant': 0.675}, {'p': 'Michael Carter', 'y': 2021, 'sim': 64.0, 'fant': 0.697}, {'p': 'Clyde Edwards-Helaire', 'y': 2020, 'sim': 59.0, 'fant': 0.833}, {'p': ""D'Andre Swift"", 'y': 2020, 'sim': 59.0, 'fant': 0.904}, {'p': 'Mike Weber', 'y': 2019, 'sim': 57.0, 'fant': 0.092}, {'p': 'Dameon Pierce', 'y': 2022, 'sim': 57.0, 'fant': 0.706}]"
DeeJay Dallas,2020,historical,0,,5,0.43137254901960786,0.3006535947712418,24.317475810944618,10.0065930964798,0.020940657531179664,0,0,0,0,,0.5,144.0,21.29226557152635,21.078713210130047,0.2032673738610091,0.043223217042297,5.784090909090909,0.2106666666666666,0.3536271120379925,833.0,0.285,4.0,"[{'p': 'Dameon Pierce', 'y': 2022, 'sim': 72.0, 'fant': 0.706}, {'p': 'Damien Harris', 'y': 2019, 'sim': 67.0, 'fant': 0.789}, {'p': 'Mike Weber', 'y': 2019, 'sim': 67.0, 'fant': 0.092}, {'p': 'Snoop Conner', 'y': 2022, 'sim': 67.0, 'fant': 0.224}, {'p': 'Jase McClellan', 'y': 2024, 'sim': 63.0, 'fant': None}, {'p': 'Jonathan Williams', 'y': 2016, 'sim': 63.0, 'fant': 0.465}]"
Jason Huntley,2020,historical,0,,5,0.47058823529411764,0.5490196078431373,25.234939652077934,10.567040537370861,-0.15865435715119827,0,0,0,1,no athletic testing at all,0.09210526315789473,172.0,21.700205338809035,20.48733744010952,0.324674121666185,0.1495238095238095,5.849865951742627,0.125,,1282.0,0.4010416666666667,2.0,"[{'p': 'Paul Perkins', 'y': 2016, 'sim': 62.0, 'fant': 0.36}, {'p': 'Michael Wiley', 'y': 2024, 'sim': 61.0, 'fant': None}, {'p': 'Dontrell Hilliard', 'y': 2018, 'sim': 61.0, 'fant': 0.368}, {'p': 'Eric Gray', 'y': 2023, 'sim': 60.0, 'fant': 0.246}, {'p': 'Patrick Laird', 'y': 2019, 'sim': 59.0, 'fant': 0.434}, {'p': 'Jaleel McLaughlin', 'y': 2023, 'sim': 58.0, 'fant': 0.496}]"
Eno Benjamin,2020,historical,0,,4,0.3202614379084967,0.477124183006536,22.313932564101517,10.487256629212311,0.3899948545968512,0,0,0,0,,0.4473684210526316,222.0,20.720054757015745,19.50718685831622,0.3702073014125848,0.1072642967542503,4.977430555555555,0.1283333333333333,0.5689699858454332,1903.0,0.6198347107438017,4.0,"[{'p': 'Sean Tucker', 'y': 2023, 'sim': 65.0, 'fant': 0.456}, {'p': 'Ameer Abdullah', 'y': 2015, 'sim': 62.0, 'fant': 0.636}, {'p': 'Lew Nichols', 'y': 2023, 'sim': 61.0, 'fant': 0.092}, {'p': 'Jeremy McNichols', 'y': 2017, 'sim': 57.0, 'fant': 0.351}, {'p': 'Kenneth Dixon', 'y': 2016, 'sim': 56.0, 'fant': 0.658}, {'p': 'Trayveon Williams', 'y': 2019, 'sim': 56.0, 'fant': 0.263}]"
Raymond Calais,2020,historical,0,,2,0.16993464052287582,0.16339869281045752,19.785736835594747,9.483341550646035,-0.143566472366653,0,0,0,0,,0.09210526315789473,245.0,21.749486652977414,99.0,0.1294580287954779,0.0239749826268241,7.817796610169491,0.20725,0.5253656309490239,953.0,0.2067137809187279,2.0,"[{'p': 'T.J. Logan', 'y': 2017, 'sim': 61.0, 'fant': 0.202}, {'p': 'Keilan Robinson', 'y': 2024, 'sim': 61.0, 'fant': None}, {'p': 'Corey Grant', 'y': 2015, 'sim': 61.0, 'fant': 0.504}, {'p': 'Kerrith Whyte Jr', 'y': 2019, 'sim': 57.0, 'fant': 0.25}, {'p': 'Jake Funk', 'y': 2021, 'sim': 54.0, 'fant': 0.092}, {'p': 'Robert Henry Jr.', 'y': 2026, 'sim': 54.0, 'fant': None}]"
Malcolm Perry,2020,historical,0,,5,0.45098039215686275,0.8431372549019608,24.776247013732593,10.96033265705912,0.48715000207469744,1,0,0,0,,0.2807017543859649,246.0,22.702258726899384,20.490075290896645,0.3395083733815181,0.3014925373134328,7.099348534201955,0.35575,0.4226757726220861,2017.0,0.3891820580474934,,"[{'p': 'Donnel Pumphrey', 'y': 2017, 'sim': 63.0, 'fant': 0.092}, {'p': 'Demetric Felton', 'y': 2021, 'sim': 58.0, 'fant': 0.259}, {'p': 'Christian McCaffrey', 'y': 2017, 'sim': 56.0, 'fant': 1.0}, {'p': 'Jahmyr Gibbs', 'y': 2023, 'sim': 55.0, 'fant': 0.982}, {'p': 'Desmond Reid', 'y': 2026, 'sim': 55.0, 'fant': None}, {'p': 'Dylan Laube', 'y': 2024, 'sim': 53.0, 'fant': None}]"
Najee Harris,2021,historical,0,,10,0.9673202614379085,0.6993464052287581,69.57377283494738,10.845642702825852,0.20023786323349935,0,0,1,0,,0.9078947368421053,24.0,22.81724845995893,21.60164271047228,0.3238728508280949,0.0912800687285223,6.023510971786834,0.26025,0.2086776859504132,1891.0,0.5386266094420601,5.0,"[{'p': 'Brian Robinson Jr.', 'y': 2022, 'sim': 61.0, 'fant': 0.825}, {'p': 'T.J. Yeldon', 'y': 2015, 'sim': 59.0, 'fant': 0.763}, {'p': 'Ollie Gordon', 'y': 2025, 'sim': 58.0, 'fant': None}, {'p': 'Javorius Allen', 'y': 2015, 'sim': 58.0, 'fant': 0.715}, {'p': 'Hassan Haskins', 'y': 2022, 'sim': 57.0, 'fant': 0.298}, {'p': 'Qadree Ollison', 'y': 2019, 'sim': 57.0, 'fant': 0.346}]"
Travis Etienne,2021,historical,0,,10,0.9673202614379085,0.9934640522875817,70.51549573718529,11.313162734746225,0.779050826290518,0,1,1,0,,0.868421052631579,25.0,21.932922655715263,18.71868583162217,0.2638924834547269,0.1406025824964132,7.21865889212828,0.4295,0.6862337800061494,2046.0,0.4148148148148148,4.0,"[{'p': 'Bijan Robinson', 'y': 2023, 'sim': 59.0, 'fant': 0.978}, {'p': 'Kareem Hunt', 'y': 2017, 'sim': 59.0, 'fant': 0.974}, {'p': 'Kenneth Dixon', 'y': 2016, 'sim': 58.0, 'fant': 0.658}, {'p': 'Elijah McGuire', 'y': 2017, 'sim': 57.0, 'fant': 0.61}, {'p': 'Sony Michel', 'y': 2018, 'sim': 56.0, 'fant': 0.732}, {'p': 'Devin Neal', 'y': 2025, 'sim': 55.0, 'fant': None}]"
Javonte Williams,2021,historical,0,,10,0.934640522875817,0.8431372549019608,57.346975797839534,10.96033265705912,0.5905052743691201,1,0,1,0,,0.793859649122807,35.0,20.68720054757016,20.47364818617385,0.2785780669144981,0.0847457627118644,6.275956284153006,0.3626666666666667,0.5424833689865901,1445.0,0.3264033264033264,3.0,"[{'p': 'Wendell Smallwood', 'y': 2016, 'sim': 56.0, 'fant': 0.592}, {'p': 'Israel Abanikanda', 'y': 2023, 'sim': 56.0, 'fant': 0.272}, {'p': 'J.K. Dobbins', 'y': 2020, 'sim': 55.0, 'fant': 0.75}, {'p': 'Alvin Kamara', 'y': 2017, 'sim': 55.0, 'fant': 0.996}, {'p': 'Ty Johnson', 'y': 2019, 'sim': 55.0, 'fant': 0.561}, {'p': 'Kendre Miller', 'y': 2023, 'sim': 55.0, 'fant': 0.439}]"
Trey Sermon,2021,historical,0,,8,0.7516339869281046,0.41830065359477125,32.07708074908176,10.334927884873448,-0.11622341746547721,0,0,0,0,,0.3333333333333333,88.0,21.92197125256673,21.70841889117043,0.1638532280862994,0.0452380952380952,6.474725274725275,0.24675,0.5826040426076217,1124.0,0.3452380952380952,4.0,"[{'p': 'Trey Benson', 'y': 2024, 'sim': 71.0, 'fant': None}, {'p': 'Dexter Williams', 'y': 2019, 'sim': 69.0, 'fant': 0.092}, {'p': 'Jordan Wilkins', 'y': 2018, 'sim': 63.0, 'fant': 0.382}, {'p': 'Zamir White', 'y': 2022, 'sim': 62.0, 'fant': 0.373}, {'p': 'Jonathon Brooks', 'y': 2024, 'sim': 60.0, 'fant': None}, {'p': 'Miles Sanders', 'y': 2019, 'sim': 58.0, 'fant': 0.864}]"
Michael Carter,2021,historical,0,,8,0.7581699346405228,0.9869281045751634,33.9595702779463,11.270465143910819,-0.20651552458477782,0,1,0,0,,0.6973684210526315,107.0,21.82067077344285,18.60643394934976,0.2004337050805452,0.0741872742428452,6.620622568093385,0.1925,0.3157099766799122,1512.0,0.3416988416988417,,"[{'p': 'Khalil Herbert', 'y': 2021, 'sim': 64.0, 'fant': 0.675}, {'p': 'Anthony McFarland Jr.', 'y': 2020, 'sim': 64.0, 'fant': 0.228}, {'p': 'Jarquez Hunter', 'y': 2025, 'sim': 62.0, 'fant': None}, {'p': 'DeAndre Washington', 'y': 2016, 'sim': 59.0, 'fant': 0.491}, {'p': 'Darwin Thompson', 'y': 2019, 'sim': 59.0, 'fant': 0.395}, {'p': 'Ameer Abdullah', 'y': 2015, 'sim': 57.0, 'fant': 0.636}]"
Kene Nwangwu,2021,historical,0,,3,0.28104575163398693,0.026143790849673203,21.658540871606675,7.096541512861497,-1.0728028023842475,0,0,0,1,no athletic testing at all,0.32456140350877194,119.0,22.89390828199863,99.0,0.0735966386554621,0.0075966850828729,5.2027972027972025,0.094,,361.0,0.1367713004484305,3.0,"[{'p': 'Rod Smith', 'y': 2015, 'sim': 85.0, 'fant': 0.68}, {'p': 'Brandon Wilson', 'y': 2017, 'sim': 83.0, 'fant': 0.092}, {'p': 'Emari Demercado', 'y': 2023, 'sim': 71.0, 'fant': 0.452}, {'p': 'Malik Davis', 'y': 2022, 'sim': 68.0, 'fant': 0.39}, {'p': 'Deneric Prince', 'y': 2023, 'sim': 65.0, 'fant': 0.092}, {'p': 'Chris Carson', 'y': 2017, 'sim': 61.0, 'fant': 0.882}]"
Rhamondre Stevenson,2021,historical,0,,7,0.6666666666666666,0.8431372549019608,29.090267929544716,10.96033265705912,-0.2081476361401422,0,0,0,0,,0.8464912280701754,120.0,22.855578370978783,99.0,0.1415610756462427,0.0608946608946609,7.1454545454545455,0.272,0.2085023462976218,875.0,0.2469437652811736,,"[{'p': 'Roschon Johnson', 'y': 2023, 'sim': 60.0, 'fant': 0.539}, {'p': 'Josh Jacobs', 'y': 2019, 'sim': 60.0, 'fant': 0.899}, {'p': 'Tony Jones', 'y': 2020, 'sim': 58.0, 'fant': 0.232}, {'p': 'Darrel Williams', 'y': 2018, 'sim': 56.0, 'fant': 0.474}, {'p': 'Gerrid Doaks', 'y': 2021, 'sim': 56.0, 'fant': 0.092}, {'p': 'Karlos Williams', 'y': 2015, 'sim': 55.0, 'fant': 0.776}]"
Chuba Hubbard,2021,historical,0,,7,0.6666666666666666,0.6928104575163399,28.991316730389592,10.83068208295414,0.6639323367847677,1,0,0,0,,0.7105263157894737,126.0,21.56057494866529,20.34496919917865,0.4020563097033685,0.0679012345679012,5.919520547945205,0.2676666666666666,0.5315888113848027,2292.0,0.593128390596745,3.0,"[{'p': 'Rasheen Ali', 'y': 2024, 'sim': 64.0, 'fant': None}, {'p': 'Tevin Coleman', 'y': 2015, 'sim': 63.0, 'fant': 0.838}, {'p': 'Jeremy Langford', 'y': 2015, 'sim': 62.0, 'fant': 0.618}, {'p': 'Isaiah Davis', 'y': 2024, 'sim': 61.0, 'fant': None}, {'p': 'Brian Hill', 'y': 2017, 'sim': 59.0, 'fant': 0.425}, {'p': 'Melvin Gordon', 'y': 2015, 'sim': 59.0, 'fant': 0.952}]"
Kenneth Gainwell,2021,historical,0,,7,0.6601307189542484,0.8431372549019608,28.50420810101096,10.96033265705912,0.040332558663197335,0,0,0,1,no verified birth date,0.5482456140350878,150.0,22.0,,0.2734402951699463,0.1460378261910462,6.595744680851064,0.316,0.5050369908995536,2069.0,0.4309701492537313,3.0,"[{'p': 'Ito Smith', 'y': 2018, 'sim': 65.0, 'fant': 0.509}, {'p': 'Jarquez Hunter', 'y': 2025, 'sim': 64.0, 'fant': None}, {'p': 'Nyheim Hines', 'y': 2018, 'sim': 63.0, 'fant': 0.645}, {'p': 'Eric Gray', 'y': 2023, 'sim': 60.0, 'fant': 0.246}, {'p': 'Darwin Thompson', 'y': 2019, 'sim': 59.0, 'fant': 0.395}, {'p': 'Tyler Badie', 'y': 2022, 'sim': 59.0, 'fant': 0.237}]"
Elijah Mitchell,2021,historical,0,,6,0.5359477124183006,0.8431372549019608,26.070865216921682,10.96033265705912,0.31612210754375475,0,0,0,0,,0.8070175438596491,194.0,22.6694045174538,20.45448323066393,0.2492847462731516,0.121264767199444,6.195817490494297,0.32475,0.8540461367948842,1326.0,0.3498233215547703,,"[{'p': 'Darrynton Evans', 'y': 2020, 'sim': 58.0, 'fant': 0.329}, {'p': 'TreVeyon Henderson', 'y': 2025, 'sim': 57.0, 'fant': None}, {'p': 'Donovan Edwards', 'y': 2025, 'sim': 57.0, 'fant': None}, {'p': 'Will Shipley', 'y': 2024, 'sim': 56.0, 'fant': None}, {'p': 'DJ Giddens', 'y': 2025, 'sim': 55.0, 'fant': None}, {'p': 'Tyjae Spears', 'y': 2023, 'sim': 55.0, 'fant': 0.684}]"
Gary Brightwell,2021,historical,0,,1,0.0718954248366013,0.058823529411764705,18.213072035256886,8.494517909097592,-0.5712875722978132,0,0,0,0,,0.3026315789473684,196.0,22.84188911704312,99.0,0.1138030523647737,0.0184779204509865,5.374485596707819,0.1376666666666666,0.3284431474302626,539.0,0.4699453551912568,3.0,"[{'p': 'Tony Jones', 'y': 2020, 'sim': 62.0, 'fant': 0.232}, {'p': 'Jordan Scarlett', 'y': 2019, 'sim': 58.0, 'fant': 0.092}, {'p': 'Kene Nwangwu', 'y': 2021, 'sim': 57.0, 'fant': 0.325}, {'p': 'Kenny Hilliard', 'y': 2015, 'sim': 57.0, 'fant': 0.092}, {'p': 'Emari Demercado', 'y': 2023, 'sim': 57.0, 'fant': 0.452}, {'p': 'Roschon Johnson', 'y': 2023, 'sim': 56.0, 'fant': 0.539}]"
Larry Rountree,2021,historical,0,,1,0.0784313725490196,0.0457516339869281,18.28826957658405,8.138796749950874,-0.2127978296134637,0,0,0,0,,0.2149122807017544,198.0,21.883641341546884,19.668720054757017,0.3658426040379069,0.0376364320662401,4.986595174262734,0.1095,0.0470721548924841,1278.0,0.6075581395348837,3.0,"[{'p': 'Jermar Jefferson', 'y': 2021, 'sim': 63.0, 'fant': 0.513}, {'p': 'Alex Collins', 'y': 2016, 'sim': 61.0, 'fant': 0.768}, {'p': 'Kelvin Taylor', 'y': 2016, 'sim': 60.0, 'fant': 0.092}, {'p': 'Corey Clement', 'y': 2017, 'sim': 57.0, 'fant': 0.553}, {'p': 'Dillon Johnson', 'y': 2024, 'sim': 55.0, 'fant': None}, {'p': 'Joshua Kelley', 'y': 2020, 'sim': 55.0, 'fant': 0.461}]"
Chris Evans,2021,historical,0,,4,0.35947712418300654,0.24183006535947713,23.18225119938111,9.866777129859422,-0.3774302835778376,0,0,0,0,,0.35526315789473684,202.0,23.241615331964407,20.02737850787132,0.1926700418225841,0.0705300988319856,5.609375,0.256,0.7706817295221017,842.0,0.2581261950286806,,"[{'p': 'Dexter Williams', 'y': 2019, 'sim': 63.0, 'fant': 0.092}, {'p': 'Montrell Johnson Jr.', 'y': 2025, 'sim': 62.0, 'fant': None}, {'p': 'Brittain Brown', 'y': 2022, 'sim': 62.0, 'fant': 0.092}, {'p': 'Joe Williams', 'y': 2017, 'sim': 61.0, 'fant': 0.092}, {'p': 'Mike Boone', 'y': 2018, 'sim': 60.0, 'fant': 0.535}, {'p': 'Rico Dowdle', 'y': 2020, 'sim': 59.0, 'fant': 0.667}]"
Demetric Felton,2021,historical,0,,4,0.3137254901960784,0.2679738562091503,22.295895498411728,9.903383028671314,-0.40029666983405826,0,0,0,0,,0.25877192982456143,211.0,22.46406570841889,21.24845995893224,0.2569716145001597,0.1937377690802348,4.725321888412017,0.17925,0.0950449375646226,925.0,0.4244372990353697,,"[{'p': ""D'Ernest Johnson"", 'y': 2019, 'sim': 63.0, 'fant': 0.443}, {'p': 'Kyren Williams', 'y': 2022, 'sim': 62.0, 'fant': 0.961}, {'p': ""J'Mari Taylor"", 'y': 2026, 'sim': 58.0, 'fant': None}, {'p': 'Marcus Murphy', 'y': 2015, 'sim': 58.0, 'fant': 0.092}, {'p': 'Ronnie Rivers', 'y': 2022, 'sim': 57.0, 'fant': 0.294}, {'p': 'Nyheim Hines', 'y': 2018, 'sim': 57.0, 'fant': 0.645}]"
Khalil Herbert,2021,historical,0,,5,0.40522875816993464,0.6993464052287581,23.780837022287475,10.846573396736208,-0.3227787044289952,0,0,0,0,,0.6754385964912281,217.0,22.699520876112253,19.485284052019164,0.2526234567901234,0.0812159709618874,6.143157894736842,0.1533999999999999,0.3149248647638054,1362.0,0.3304904051172708,3.0,"[{'p': 'Anthony McFarland Jr.', 'y': 2020, 'sim': 61.0, 'fant': 0.228}, {'p': 'Jarquez Hunter', 'y': 2025, 'sim': 60.0, 'fant': None}, {'p': 'Mike Davis', 'y': 2015, 'sim': 59.0, 'fant': 0.478}, {'p': 'Michael Carter', 'y': 2021, 'sim': 59.0, 'fant': 0.697}, {'p': 'Eric Gray', 'y': 2023, 'sim': 58.0, 'fant': 0.246}, {'p': 'DeAndre Washington', 'y': 2016, 'sim': 57.0, 'fant': 0.491}]"
Jake Funk,2021,historical,0,,2,0.1111111111111111,0.058823529411764705,19.482544068788666,8.499923318496752,0.2760913683530153,0,0,0,0,,0.09210526315789473,233.0,22.973305954825463,99.0,0.09249097959367,0.0181268882175226,7.133333333333334,0.3652,0.6271814594112376,579.0,0.410958904109589,3.0,"[{'p': 'Jadarian Price', 'y': 2026, 'sim': 60.0, 'fant': None}, {'p': 'Corey Grant', 'y': 2015, 'sim': 59.0, 'fant': 0.504}, {'p': 'Dexter Williams', 'y': 2019, 'sim': 57.0, 'fant': 0.092}, {'p': 'Joe Williams', 'y': 2017, 'sim': 57.0, 'fant': 0.092}, {'p': 'Pierre Strong', 'y': 2022, 'sim': 57.0, 'fant': 0.408}, {'p': 'Boston Scott', 'y': 2018, 'sim': 55.0, 'fant': 0.798}]"
Gerrid Doaks,2021,historical,0,,3,0.2875816993464052,0.46405228758169936,21.689055454502117,10.460390213625185,-0.3681749675030995,0,0,0,0,,0.09210526315789473,244.0,22.56536618754278,22.35181382614648,0.1886930552606254,0.0846605196982397,5.172205438066465,0.168,0.6503968770432621,875.0,0.3891891891891892,3.0,"[{'p': 'Karlos Williams', 'y': 2015, 'sim': 62.0, 'fant': 0.776}, {'p': 'Keaontay Ingram', 'y': 2022, 'sim': 60.0, 'fant': 0.211}, {'p': 'Jase McClellan', 'y': 2024, 'sim': 60.0, 'fant': None}, {'p': 'Roschon Johnson', 'y': 2023, 'sim': 55.0, 'fant': 0.539}, {'p': 'Rodney Anderson', 'y': 2019, 'sim': 55.0, 'fant': 0.092}, {'p': 'Deon Jackson', 'y': 2021, 'sim': 54.0, 'fant': 0.557}]"
Kylin Hill,2021,historical,0,,4,0.3202614379084967,0.5947712418300654,22.362797311910178,10.647881271280188,-0.1901951689115308,0,0,0,0,,0.18859649122807018,256.0,22.37371663244353,20.15879534565366,0.2663418866161701,0.0780172413793103,5.6084070796460175,0.2095,0.5302873211785166,1530.0,0.4618320610687023,4.0,"[{'p': 'Jalen Richard', 'y': 2016, 'sim': 65.0, 'fant': 0.649}, {'p': 'Kaytron Allen', 'y': 2026, 'sim': 61.0, 'fant': None}, {'p': 'Jerome Ford', 'y': 2022, 'sim': 61.0, 'fant': 0.754}, {'p': 'Darius Jackson', 'y': 2016, 'sim': 60.0, 'fant': 0.092}, {'p': 'Michael Wiley', 'y': 2024, 'sim': 59.0, 'fant': None}, {'p': ""La'Mical Perine"", 'y': 2020, 'sim': 58.0, 'fant': 0.469}]"
Jermar Jefferson,2021,historical,0,,5,0.40522875816993464,0.5555555555555556,23.777336414618272,10.578813872668338,0.26563085043600687,0,0,0,0,,0.5131578947368421,257.0,20.71457905544148,18.49965776865161,0.3061414265276926,0.04891846921797,5.688715953307393,0.1843333333333333,0.14788324496628,1528.0,0.5215686274509804,3.0,"[{'p': 'Mark Walton', 'y': 2018, 'sim': 67.0, 'fant': 0.092}, {'p': 'Myles Gaskin', 'y': 2019, 'sim': 63.0, 'fant': 0.842}, {'p': 'Larry Rountree', 'y': 2021, 'sim': 62.0, 'fant': 0.215}, {'p': 'Jordan James', 'y': 2025, 'sim': 62.0, 'fant': None}, {'p': 'Ronald Jones II', 'y': 2018, 'sim': 61.0, 'fant': 0.803}, {'p': 'J.K. Dobbins', 'y': 2020, 'sim': 56.0, 'fant': 0.75}]"
Breece Hall,2022,historical,0,,10,0.9477124183006536,0.8627450980392157,59.21551733860964,11.020107313152831,0.8848357493177169,1,0,1,0,,0.9298245614035088,36.0,20.588637919233403,18.37371663244353,0.4051947851933991,0.0880466472303207,5.49025069637883,0.1866666666666666,0.90589808333187,1774.0,0.6262376237623762,4.0,"[{'p': 'Bijan Robinson', 'y': 2023, 'sim': 71.0, 'fant': 0.978}, {'p': 'Marlon Mack', 'y': 2017, 'sim': 66.0, 'fant': 0.855}, {'p': 'Kerryon Johnson', 'y': 2018, 'sim': 64.0, 'fant': 0.82}, {'p': 'Omarion Hampton', 'y': 2025, 'sim': 64.0, 'fant': None}, {'p': 'Quinshon Judkins', 'y': 2025, 'sim': 62.0, 'fant': None}, {'p': 'Jeremiyah Love', 'y': 2026, 'sim': 62.0, 'fant': None}]"
Kenneth Walker III,2022,historical,0,,9,0.8888888888888888,0.1437908496732026,46.887898183443866,9.3039065574322,0.666179669604539,1,0,0,0,,0.8859649122807017,41.0,21.19917864476386,19.98631074606434,0.3436064113980409,0.0269860521528198,5.820833333333334,0.1696666666666666,0.6424816302232194,1725.0,0.563169164882227,3.0,"[{'p': 'Israel Abanikanda', 'y': 2023, 'sim': 64.0, 'fant': 0.272}, {'p': 'Tahj Brooks', 'y': 2025, 'sim': 58.0, 'fant': None}, {'p': 'DeWayne McBride', 'y': 2023, 'sim': 57.0, 'fant': 0.092}, {'p': 'J.K. Dobbins', 'y': 2020, 'sim': 57.0, 'fant': 0.75}, {'p': 'Joshua Kelley', 'y': 2020, 'sim': 54.0, 'fant': 0.461}, {'p': 'Marlon Mack', 'y': 2017, 'sim': 54.0, 'fant': 0.855}]"
James Cook,2022,historical,0,,9,0.8627450980392157,0.8431372549019608,41.429776842592105,10.96033265705912,-0.18825748957938193,0,0,0,0,,0.8947368421052632,63.0,22.269678302532512,22.05612594113621,0.1569382675661577,0.0904704463208685,6.534782608695652,0.35125,0.5536561287277106,1012.0,0.2116104868913857,,"[{'p': 'Marcus Yarns', 'y': 2025, 'sim': 63.0, 'fant': None}, {'p': 'Jadarian Price', 'y': 2026, 'sim': 60.0, 'fant': None}, {'p': 'Zach Evans', 'y': 2023, 'sim': 59.0, 'fant': 0.184}, {'p': 'T.J. Logan', 'y': 2017, 'sim': 59.0, 'fant': 0.202}, {'p': 'Kenyan Drake', 'y': 2016, 'sim': 59.0, 'fant': 0.785}, {'p': 'Tony Pollard', 'y': 2019, 'sim': 58.0, 'fant': 0.671}]"
Rachaad White,2022,historical,0,,8,0.7712418300653595,0.7320261437908496,35.03163766217459,10.931661622621117,0.4872730028575008,1,0,0,0,,0.8771929824561403,91.0,22.97056810403833,22.757015742642025,0.3176126699771797,0.1802371541501976,6.366071428571429,0.495,0.7731218945427965,1462.0,0.3799582463465553,,"[{'p': 'C.J. Prosise', 'y': 2016, 'sim': 68.0, 'fant': 0.579}, {'p': 'Tyrone Tracy Jr.', 'y': 2024, 'sim': 59.0, 'fant': None}, {'p': 'DJ Giddens', 'y': 2025, 'sim': 56.0, 'fant': None}, {'p': 'Raheim Sanders', 'y': 2025, 'sim': 54.0, 'fant': None}, {'p': 'Javorius Allen', 'y': 2015, 'sim': 53.0, 'fant': 0.715}, {'p': 'Jaleel McLaughlin', 'y': 2023, 'sim': 53.0, 'fant': 0.496}]"
Tyrion Davis-Price,2022,historical,0,,5,0.49019607843137253,0.058823529411764705,25.37122471744233,8.461815900666402,-0.29947369297637555,0,0,0,0,,0.21929824561403508,93.0,21.190965092402465,20.97741273100616,0.1837177685908645,0.0193470374848851,4.601583113456464,0.063,0.318470823034173,1067.0,0.48729792147806,4.0,"[{'p': 'Wayne Gallman', 'y': 2017, 'sim': 64.0, 'fant': 0.544}, {'p': 'Zamir White', 'y': 2022, 'sim': 57.0, 'fant': 0.373}, {'p': 'Rahsul Faison', 'y': 2026, 'sim': 57.0, 'fant': None}, {'p': 'Trey Sermon', 'y': 2021, 'sim': 56.0, 'fant': 0.333}, {'p': ""Le'Veon Moss"", 'y': 2026, 'sim': 56.0, 'fant': None}, {'p': 'SaRodorick Thompson', 'y': 2023, 'sim': 54.0, 'fant': 0.092}]"
Brian Robinson Jr.,2022,historical,0,,7,0.673202614379085,0.45751633986928103,29.52233800326025,10.435907904228891,-0.23932629952010015,0,0,0,0,,0.8245614035087719,98.0,22.781656399726216,22.56810403832991,0.227727597120823,0.058348117484723,4.961467889908257,0.2282,0.3916796471377717,1639.0,0.5,4.0,"[{'p': 'Hassan Haskins', 'y': 2022, 'sim': 68.0, 'fant': 0.298}, {'p': 'Jordan Wilkins', 'y': 2018, 'sim': 61.0, 'fant': 0.382}, {'p': 'Javorius Allen', 'y': 2015, 'sim': 60.0, 'fant': 0.715}, {'p': 'Wayne Gallman', 'y': 2017, 'sim': 59.0, 'fant': 0.544}, {'p': 'Isaiah Davis', 'y': 2024, 'sim': 59.0, 'fant': None}, {'p': ""Ja'Quinden Jackson"", 'y': 2025, 'sim': 58.0, 'fant': None}]"
Dameon Pierce,2022,historical,0,,7,0.673202614379085,0.5751633986928104,29.19685311052447,10.599216808714878,-0.28316765556692564,0,0,0,0,,0.706140350877193,107.0,21.867214236824093,21.65366187542779,0.2164166267916397,0.0653753026634382,5.533742331288344,0.19275,0.3807955909781249,790.0,0.2936288088642659,4.0,"[{'p': 'DeeJay Dallas', 'y': 2020, 'sim': 73.0, 'fant': 0.5}, {'p': 'Damien Harris', 'y': 2019, 'sim': 65.0, 'fant': 0.789}, {'p': 'Jase McClellan', 'y': 2024, 'sim': 64.0, 'fant': None}, {'p': 'MarShawn Lloyd', 'y': 2024, 'sim': 62.0, 'fant': None}, {'p': 'Jonathan Williams', 'y': 2016, 'sim': 62.0, 'fant': 0.465}, {'p': 'Snoop Conner', 'y': 2022, 'sim': 61.0, 'fant': 0.224}]"
Zamir White,2022,historical,0,,5,0.40522875816993464,0.10457516339869281,23.67898709102149,8.871444399014226,-0.13401533198157323,0,0,0,0,,0.37280701754385964,122.0,22.28884325804244,21.07597535934292,0.2438645179602006,0.0198517734250926,5.348167539267016,0.1736666666666666,0.7151051710822648,931.0,0.391304347826087,5.0,"[{'p': 'Dexter Williams', 'y': 2019, 'sim': 65.0, 'fant': 0.092}, {'p': 'Trey Sermon', 'y': 2021, 'sim': 62.0, 'fant': 0.333}, {'p': 'Trey Benson', 'y': 2024, 'sim': 61.0, 'fant': None}, {'p': 'Miles Sanders', 'y': 2019, 'sim': 61.0, 'fant': 0.864}, {'p': 'Keaontay Ingram', 'y': 2022, 'sim': 59.0, 'fant': 0.211}, {'p': 'Kaytron Allen', 'y': 2026, 'sim': 58.0, 'fant': None}]"
Isaiah Spiller,2022,historical,0,,8,0.7581699346405228,0.48366013071895425,32.762890349584985,10.49911386823965,0.10052683599182707,0,0,0,0,,0.20614035087719298,123.0,20.39698836413416,18.18206707734429,0.2522006446959109,0.0851345390383767,5.560296846011132,0.1853333333333333,0.0881132756132756,1233.0,0.5095890410958904,4.0,"[{'p': 'Tank Bigsby', 'y': 2023, 'sim': 73.0, 'fant': 0.487}, {'p': 'Jamaal Williams', 'y': 2017, 'sim': 62.0, 'fant': 0.737}, {'p': 'T.J. Yeldon', 'y': 2015, 'sim': 57.0, 'fant': 0.763}, {'p': 'Isaiah Davis', 'y': 2024, 'sim': 56.0, 'fant': None}, {'p': 'Ronald Jones II', 'y': 2018, 'sim': 54.0, 'fant': 0.803}, {'p': 'Wayne Gallman', 'y': 2017, 'sim': 54.0, 'fant': 0.544}]"
Pierre Strong,2022,historical,0,,7,0.6928104575163399,0.5947712418300654,29.82937546812201,10.64638925933546,0.4062583133131776,1,0,0,1,no reliable college production data (thin CFBD team-season),0.40789473684210525,127.0,23.06091718001369,99.0,,,7.64,0.323,0.7619634236491789,146.0,0.3939393939393939,,"[{'p': 'Kenyan Drake', 'y': 2016, 'sim': 59.0, 'fant': 0.785}, {'p': 'Jake Funk', 'y': 2021, 'sim': 56.0, 'fant': 0.092}, {'p': 'Boston Scott', 'y': 2018, 'sim': 54.0, 'fant': 0.798}, {'p': 'Dexter Williams', 'y': 2019, 'sim': 54.0, 'fant': 0.092}, {'p': 'James Cook', 'y': 2022, 'sim': 54.0, 'fant': 0.895}, {'p': 'Jordan Wilkins', 'y': 2018, 'sim': 54.0, 'fant': 0.382}]"
Hassan Haskins,2022,historical,0,,5,0.43790849673202614,0.20915032679738563,24.581008981270028,9.732378185298952,-0.11709917450848717,0,0,0,0,,0.2982456140350877,131.0,22.09993155373032,21.88637919233402,0.2838692390139335,0.0409119300437226,5.143805309734513,0.2053333333333333,,1458.0,0.4787234042553192,3.0,"[{'p': 'Kalel Mullings', 'y': 2025, 'sim': 76.0, 'fant': None}, {'p': 'Brian Robinson Jr.', 'y': 2022, 'sim': 70.0, 'fant': 0.825}, {'p': 'CJ Donaldson', 'y': 2026, 'sim': 65.0, 'fant': None}, {'p': 'Phil Mafah', 'y': 2025, 'sim': 64.0, 'fant': None}, {'p': 'Rodney Anderson', 'y': 2019, 'sim': 63.0, 'fant': 0.092}, {'p': ""Ja'Quinden Jackson"", 'y': 2025, 'sim': 60.0, 'fant': None}]"
Tyler Allgeier,2022,historical,0,,6,0.5947712418300654,0.7124183006535948,26.98495823697386,10.872981562664524,0.47152367715747434,1,0,0,0,,0.6622807017543859,151.0,21.71389459274469,20.501026694045173,0.3579095431275958,0.0579667928925138,6.426991150442478,0.3085,0.3869298104265892,1805.0,0.5961123110151187,2.0,"[{'p': 'Benny Snell Jr.', 'y': 2019, 'sim': 63.0, 'fant': 0.412}, {'p': 'Jordan Howard', 'y': 2016, 'sim': 62.0, 'fant': 0.86}, {'p': 'Alexander Mattison', 'y': 2019, 'sim': 60.0, 'fant': 0.588}, {'p': 'Ezekiel Elliott', 'y': 2016, 'sim': 59.0, 'fant': 0.991}, {'p': 'David Montgomery', 'y': 2019, 'sim': 58.0, 'fant': 0.921}, {'p': 'Derrius Guice', 'y': 2018, 'sim': 58.0, 'fant': 0.781}]"
Snoop Conner,2022,historical,0,,3,0.26143790849673204,0.13071895424836602,21.23546125741113,9.089384489984983,-0.12476617739378158,0,0,0,0,,0.2236842105263158,154.0,21.418206707734427,21.204654346338124,0.1771549162497908,0.0257731958762886,5.197368421052632,0.1829999999999999,0.2572176756142397,729.0,0.2226027397260274,3.0,"[{'p': 'DeeJay Dallas', 'y': 2020, 'sim': 71.0, 'fant': 0.5}, {'p': 'Tiyon Evans', 'y': 2023, 'sim': 67.0, 'fant': 0.092}, {'p': 'Dameon Pierce', 'y': 2022, 'sim': 65.0, 'fant': 0.706}, {'p': 'Tony Jones', 'y': 2020, 'sim': 64.0, 'fant': 0.232}, {'p': 'Peyton Barber', 'y': 2016, 'sim': 61.0, 'fant': 0.654}, {'p': 'Thomas Rawls', 'y': 2015, 'sim': 60.0, 'fant': 0.702}]"
Jerome Ford,2022,historical,0,,5,0.49673202614379086,0.6339869281045751,25.58192776589115,10.725067263032017,0.18367368343666388,0,0,0,0,,0.7543859649122807,156.0,22.305270362765228,22.091718001368925,0.2814021084684768,0.0651465798045602,6.122257053291536,0.17475,0.3775203461137605,1539.0,0.4767184035476718,,"[{'p': 'Wendell Smallwood', 'y': 2016, 'sim': 67.0, 'fant': 0.592}, {'p': 'Boston Scott', 'y': 2018, 'sim': 67.0, 'fant': 0.798}, {'p': 'Darius Jackson', 'y': 2016, 'sim': 64.0, 'fant': 0.092}, {'p': 'Joshua Kelley', 'y': 2020, 'sim': 62.0, 'fant': 0.461}, {'p': 'Kylin Hill', 'y': 2021, 'sim': 61.0, 'fant': 0.189}, {'p': 'Jalen Richard', 'y': 2016, 'sim': 57.0, 'fant': 0.649}]"
Kyren Williams,2022,historical,0,,5,0.49673202614379086,0.5424836601307189,25.5275405808597,10.56649052492282,0.2603389059231688,0,0,0,0,,0.9605263157894737,164.0,21.349760438056126,20.136892539356605,0.2827914617465473,0.1098631098631098,5.138424821002387,0.235,0.1249588550053832,1438.0,0.4625850340136054,4.0,"[{'p': 'Mark Walton', 'y': 2018, 'sim': 68.0, 'fant': 0.092}, {'p': 'Brashard Smith', 'y': 2025, 'sim': 62.0, 'fant': None}, {'p': ""De'Von Achane"", 'y': 2023, 'sim': 61.0, 'fant': 0.956}, {'p': 'Salvon Ahmed', 'y': 2020, 'sim': 60.0, 'fant': 0.596}, {'p': 'Emmett Johnson', 'y': 2026, 'sim': 58.0, 'fant': None}, {'p': 'Jordan James', 'y': 2025, 'sim': 58.0, 'fant': None}]"
Ty Chandler,2022,historical,0,,4,0.39215686274509803,0.13071895424836602,23.487505131582846,8.986793426196435,-0.4053961781772991,0,0,0,0,,0.42105263157894735,169.0,23.64134154688569,20.42710472279261,0.232248278123975,0.0776740237691001,5.203980099502488,0.145,0.5086563301488141,1308.0,0.358267716535433,4.0,"[{'p': 'Roman Hemby', 'y': 2026, 'sim': 74.0, 'fant': None}, {'p': 'Donovan Edwards', 'y': 2025, 'sim': 61.0, 'fant': None}, {'p': 'George Holani', 'y': 2024, 'sim': 60.0, 'fant': None}, {'p': 'SaRodorick Thompson', 'y': 2023, 'sim': 59.0, 'fant': 0.092}, {'p': 'Jeremy Langford', 'y': 2015, 'sim': 58.0, 'fant': 0.618}, {'p': 'Robert Henry Jr.', 'y': 2026, 'sim': 57.0, 'fant': None}]"
Kevin Harris,2022,historical,0,,5,0.49673202614379086,0.6013071895424836,25.465698729675545,10.68056287363455,0.623581748045389,1,0,0,0,,0.3201754385964912,183.0,21.12251882272416,19.90965092402464,0.4544454154124996,0.0857605177993527,5.3474576271186445,0.2446666666666666,0.8368342516069789,1213.0,0.5084269662921348,3.0,"[{'p': 'Israel Abanikanda', 'y': 2023, 'sim': 61.0, 'fant': 0.272}, {'p': 'David Cobb', 'y': 2015, 'sim': 60.0, 'fant': 0.276}, {'p': 'Derrius Guice', 'y': 2018, 'sim': 59.0, 'fant': 0.781}, {'p': 'Jonathan Taylor', 'y': 2020, 'sim': 58.0, 'fant': 0.965}, {'p': 'Alexander Mattison', 'y': 2019, 'sim': 58.0, 'fant': 0.588}, {'p': 'Jeremy McNichols', 'y': 2017, 'sim': 56.0, 'fant': 0.351}]"
Tyler Badie,2022,historical,0,,5,0.43790849673202614,0.5555555555555556,24.410548521122514,10.570351487918494,0.11549522729750035,0,0,0,0,,0.23684210526315788,196.0,22.899383983572896,20.684462696783022,0.3990850827728333,0.1332834144515162,5.349609375,0.2045,0.4442216761472309,1934.0,0.5838779956427015,,"[{'p': 'Ito Smith', 'y': 2018, 'sim': 74.0, 'fant': 0.509}, {'p': 'Ronnie Rivers', 'y': 2022, 'sim': 68.0, 'fant': 0.294}, {'p': 'Matthew Dayes', 'y': 2017, 'sim': 62.0, 'fant': 0.092}, {'p': 'Sean Tucker', 'y': 2023, 'sim': 62.0, 'fant': 0.456}, {'p': 'Bryce Love', 'y': 2019, 'sim': 61.0, 'fant': 0.092}, {'p': 'Jarquez Hunter', 'y': 2025, 'sim': 61.0, 'fant': None}]"
Keaontay Ingram,2022,historical,0,,4,0.3006535947712418,0.5032679738562091,21.8813334742822,10.515943070465848,-0.43345548242919374,0,0,0,0,,0.21052631578947367,201.0,22.184804928131417,19.969883641341543,0.1763451909211676,0.0643445892049986,5.498989898989899,0.1345,0.5737089768048967,1095.0,0.3919597989949748,4.0,"[{'p': 'Jonathan Williams', 'y': 2016, 'sim': 62.0, 'fant': 0.465}, {'p': 'Keith Marshall', 'y': 2016, 'sim': 62.0, 'fant': 0.092}, {'p': 'Ryquell Armstead', 'y': 2019, 'sim': 61.0, 'fant': 0.316}, {'p': 'Kylin Hill', 'y': 2021, 'sim': 61.0, 'fant': 0.189}, {'p': 'Jalen Richard', 'y': 2016, 'sim': 60.0, 'fant': 0.649}, {'p': ""La'Mical Perine"", 'y': 2020, 'sim': 60.0, 'fant': 0.469}]"
Trestan Ebner,2022,historical,0,,4,0.38562091503267976,0.46405228758169936,23.370859662278967,10.470110411066539,-0.6832671971174332,0,0,0,0,,0.19736842105263158,203.0,22.99794661190965,21.78507871321013,0.1628949065119277,0.1510864072764022,4.9358600583090375,0.2766,0.4107689663792026,1083.0,0.2666666666666666,3.0,"[{'p': ""D'Ernest Johnson"", 'y': 2019, 'sim': 67.0, 'fant': 0.443}, {'p': 'Michael Wiley', 'y': 2024, 'sim': 63.0, 'fant': None}, {'p': 'Dare Ogunbowale', 'y': 2017, 'sim': 62.0, 'fant': 0.377}, {'p': 'Mike Boone', 'y': 2018, 'sim': 58.0, 'fant': 0.535}, {'p': 'Eric Gray', 'y': 2023, 'sim': 57.0, 'fant': 0.246}, {'p': 'Kenny McIntosh', 'y': 2023, 'sim': 55.0, 'fant': 0.285}]"
Brittain Brown,2022,historical,0,,2,0.1503267973856209,0.13725490196078433,19.70877214539213,9.203406261478811,-0.4563741020077934,0,0,0,1,no athletic testing at all,0.09210526315789473,250.0,24.22724161533197,20.01368925393566,0.1777911478497436,0.0580389329488103,5.641975308641976,0.2437999999999999,,862.0,0.2604501607717042,3.0,"[{'p': 'George Holani', 'y': 2024, 'sim': 66.0, 'fant': None}, {'p': 'Mike Boone', 'y': 2018, 'sim': 63.0, 'fant': 0.535}, {'p': 'Jordan Mason', 'y': 2022, 'sim': 62.0, 'fant': 0.583}, {'p': 'Chris Evans', 'y': 2021, 'sim': 60.0, 'fant': 0.355}, {'p': 'Jalen Richard', 'y': 2016, 'sim': 60.0, 'fant': 0.649}, {'p': 'Gus Edwards', 'y': 2018, 'sim': 59.0, 'fant': 0.632}]"
Bijan Robinson,2023,historical,0,,10,1.0,0.9934640522875817,76.25840266719621,11.316022942980005,0.9224213189876638,0,1,1,0,,0.9780701754385965,8.0,20.919917864476385,18.70773442847365,0.3651881918301822,0.1090573012939001,6.322820037105752,0.321,0.7490483713640478,1892.0,0.5560344827586207,5.0,"[{'p': 'Breece Hall', 'y': 2022, 'sim': 70.0, 'fant': 0.93}, {'p': 'Omarion Hampton', 'y': 2025, 'sim': 62.0, 'fant': None}, {'p': 'Jeremiyah Love', 'y': 2026, 'sim': 62.0, 'fant': None}, {'p': 'Marlon Mack', 'y': 2017, 'sim': 61.0, 'fant': 0.855}, {'p': 'Kerryon Johnson', 'y': 2018, 'sim': 59.0, 'fant': 0.82}, {'p': 'Travis Etienne', 'y': 2021, 'sim': 59.0, 'fant': 0.868}]"
Jahmyr Gibbs,2023,historical,0,,10,1.0,0.8823529411764706,75.26549318235374,11.05544342360842,0.124051184408975,0,0,1,0,,0.9824561403508771,12.0,20.78576317590691,18.573579739904176,0.2280241271409749,0.1957894736842105,5.558746736292428,0.2269999999999999,0.5918791401074865,1370.0,0.3370535714285714,4.0,"[{'p': 'Nyheim Hines', 'y': 2018, 'sim': 65.0, 'fant': 0.645}, {'p': 'Paul Perkins', 'y': 2016, 'sim': 58.0, 'fant': 0.36}, {'p': 'Jarquez Hunter', 'y': 2025, 'sim': 56.0, 'fant': None}, {'p': 'Kenneth Gainwell', 'y': 2021, 'sim': 56.0, 'fant': 0.548}, {'p': 'Evan Hull', 'y': 2023, 'sim': 56.0, 'fant': 0.193}, {'p': 'Sean Tucker', 'y': 2023, 'sim': 55.0, 'fant': 0.456}]"
Zach Charbonnet,2023,historical,0,,9,0.8888888888888888,0.8954248366013072,46.31656790027971,11.094028668637286,0.1242158753926342,0,0,0,0,,0.7587719298245614,52.0,21.97946611909651,18.765229295003422,0.2447642532498929,0.093124456048738,5.92212389380531,0.22225,0.6748525838540155,1680.0,0.4023904382470119,4.0,"[{'p': 'Nicholas Singleton', 'y': 2026, 'sim': 68.0, 'fant': None}, {'p': 'Raheim Sanders', 'y': 2025, 'sim': 63.0, 'fant': None}, {'p': 'Trey Benson', 'y': 2024, 'sim': 63.0, 'fant': None}, {'p': 'T.J. Yeldon', 'y': 2015, 'sim': 60.0, 'fant': 0.763}, {'p': 'Keaontay Ingram', 'y': 2022, 'sim': 59.0, 'fant': 0.211}, {'p': 'Isaiah Davis', 'y': 2024, 'sim': 58.0, 'fant': None}]"
Kendre Miller,2023,historical,0,,8,0.7843137254901961,0.43790849673202614,36.20133353564634,10.377682928593568,0.5501922830429571,1,0,0,0,,0.43859649122807015,71.0,20.55852156057495,19.345653661875428,0.2318513119533527,0.0412262156448203,6.67590027700831,0.267,,1515.0,0.4072727272727273,3.0,"[{'p': 'Damien Martinez', 'y': 2025, 'sim': 68.0, 'fant': None}, {'p': 'Audric Estime', 'y': 2024, 'sim': 64.0, 'fant': None}, {'p': 'Trey Benson', 'y': 2024, 'sim': 60.0, 'fant': None}, {'p': 'Isaiah Davis', 'y': 2024, 'sim': 58.0, 'fant': None}, {'p': 'Jonathon Brooks', 'y': 2024, 'sim': 57.0, 'fant': None}, {'p': 'Marlon Mack', 'y': 2017, 'sim': 57.0, 'fant': 0.855}]"
Tyjae Spears,2023,historical,0,,8,0.7843137254901961,0.8431372549019608,36.77818039516518,10.96033265705912,0.4042406865785123,0,0,0,0,,0.6842105263157895,81.0,21.54688569472964,20.33401779603012,0.3121837707627802,0.0772713552671294,6.817330210772834,0.41425,0.62435923987463,1837.0,0.4217311233885819,3.0,"[{'p': 'Darrynton Evans', 'y': 2020, 'sim': 61.0, 'fant': 0.329}, {'p': 'Jarquez Hunter', 'y': 2025, 'sim': 59.0, 'fant': None}, {'p': 'TreVeyon Henderson', 'y': 2025, 'sim': 57.0, 'fant': None}, {'p': 'Bryce Love', 'y': 2019, 'sim': 57.0, 'fant': 0.092}, {'p': 'J.K. Dobbins', 'y': 2020, 'sim': 57.0, 'fant': 0.75}, {'p': 'Ty Johnson', 'y': 2019, 'sim': 57.0, 'fant': 0.561}]"
De'Von Achane,2023,historical,0,,8,0.7843137254901961,0.8431372549019608,36.452404376450396,10.977088267276471,0.7262453590243007,1,0,0,0,,0.956140350877193,84.0,21.218343600273784,20.005475701574262,0.3325287356321839,0.104274870155813,6.439024390243903,0.3206666666666666,0.5276762279715035,1298.0,0.5429362880886427,,"[{'p': 'Brashard Smith', 'y': 2025, 'sim': 65.0, 'fant': None}, {'p': 'Jaden Shirden', 'y': 2024, 'sim': 65.0, 'fant': None}, {'p': 'Keaton Mitchell', 'y': 2023, 'sim': 64.0, 'fant': 0.57}, {'p': 'Kyren Williams', 'y': 2022, 'sim': 62.0, 'fant': 0.961}, {'p': 'Bryce Love', 'y': 2019, 'sim': 60.0, 'fant': 0.092}, {'p': 'Tyjae Spears', 'y': 2023, 'sim': 60.0, 'fant': 0.684}]"
Tank Bigsby,2023,historical,0,,8,0.7908496732026143,0.8431372549019608,37.25182134544921,10.966394694141748,0.1391867728057105,0,0,0,0,,0.4868421052631579,88.0,20.33949349760438,18.127310061601644,0.2729069303361529,0.0868725868725868,5.375925925925926,0.1356666666666666,0.331713184612254,1283.0,0.5138248847926268,4.0,"[{'p': 'Isaiah Spiller', 'y': 2022, 'sim': 71.0, 'fant': 0.206}, {'p': 'Jamaal Williams', 'y': 2017, 'sim': 63.0, 'fant': 0.737}, {'p': 'Devin Neal', 'y': 2025, 'sim': 62.0, 'fant': None}, {'p': 'Kerryon Johnson', 'y': 2018, 'sim': 59.0, 'fant': 0.82}, {'p': 'Damien Martinez', 'y': 2025, 'sim': 58.0, 'fant': None}, {'p': 'Marlon Mack', 'y': 2017, 'sim': 58.0, 'fant': 0.855}]"
Roschon Johnson,2023,historical,0,,6,0.5424836601307189,0.26143790849673204,26.346950696654048,9.896159035654808,-0.5367991609322226,0,0,0,0,,0.5394736842105263,115.0,21.916495550992472,99.0,0.1353962054205034,0.0420101036958255,5.584183673469388,0.20625,0.4365125846872447,807.0,0.2594936708860759,,"[{'p': 'Chris Carson', 'y': 2017, 'sim': 68.0, 'fant': 0.882}, {'p': 'Deneric Prince', 'y': 2023, 'sim': 62.0, 'fant': 0.092}, {'p': 'Kendall Milton', 'y': 2024, 'sim': 60.0, 'fant': None}, {'p': 'Rodney Anderson', 'y': 2019, 'sim': 59.0, 'fant': 0.092}, {'p': 'Gerrid Doaks', 'y': 2021, 'sim': 58.0, 'fant': 0.092}, {'p': 'Karlos Williams', 'y': 2015, 'sim': 58.0, 'fant': 0.776}]"
Israel Abanikanda,2023,historical,0,,5,0.45751633986928103,0.38562091503267976,25.146391098423795,10.229001833995522,0.525648536467996,1,0,0,0,,0.2719298245614035,143.0,20.240930869267626,20.02737850787132,0.3929877072023242,0.0505365178262374,5.582051282051282,0.191,,1577.0,0.4751491053677932,3.0,"[{'p': 'Alexander Mattison', 'y': 2019, 'sim': 63.0, 'fant': 0.588}, {'p': 'Kenneth Walker III', 'y': 2022, 'sim': 62.0, 'fant': 0.886}, {'p': 'Derrius Guice', 'y': 2018, 'sim': 58.0, 'fant': 0.781}, {'p': 'Benny Snell Jr.', 'y': 2019, 'sim': 56.0, 'fant': 0.412}, {'p': 'Kevin Harris', 'y': 2022, 'sim': 56.0, 'fant': 0.32}, {'p': 'DeWayne McBride', 'y': 2023, 'sim': 55.0, 'fant': 0.092}]"
Chase Brown,2023,historical,0,,5,0.42483660130718953,0.3790849673202614,24.22501395488755,10.211035823010764,0.01619876947896322,0,0,0,0,,0.9166666666666666,163.0,22.781656399726216,20.56947296372348,0.387827187340668,0.0881704628949302,5.261515601783061,0.0089999999999999,0.8611756261183605,1883.0,0.6188679245283019,3.0,"[{'p': 'Kenneth Dixon', 'y': 2016, 'sim': 58.0, 'fant': 0.658}, {'p': 'Lew Nichols', 'y': 2023, 'sim': 57.0, 'fant': 0.092}, {'p': 'Bhayshul Tuten', 'y': 2025, 'sim': 56.0, 'fant': None}, {'p': 'Eno Benjamin', 'y': 2020, 'sim': 55.0, 'fant': 0.447}, {'p': 'Ameer Abdullah', 'y': 2015, 'sim': 55.0, 'fant': 0.636}, {'p': 'Darius Jackson', 'y': 2016, 'sim': 55.0, 'fant': 0.092}]"
Eric Gray,2023,historical,0,,5,0.45751633986928103,0.2875816993464052,24.948142568498973,9.982719252651787,-0.2387254939637414,0,0,0,0,,0.24561403508771928,172.0,23.159479808350444,20.947296372347708,0.2631806395851339,0.1240840254030288,5.622950819672131,0.179,0.5284336875245966,1593.0,0.4243243243243243,,"[{'p': 'Patrick Laird', 'y': 2019, 'sim': 67.0, 'fant': 0.434}, {'p': 'Jarquez Hunter', 'y': 2025, 'sim': 63.0, 'fant': None}, {'p': 'Matthew Dayes', 'y': 2017, 'sim': 61.0, 'fant': 0.092}, {'p': 'Dontrell Hilliard', 'y': 2018, 'sim': 61.0, 'fant': 0.368}, {'p': 'Michael Wiley', 'y': 2024, 'sim': 61.0, 'fant': None}, {'p': 'Jason Huntley', 'y': 2020, 'sim': 58.0, 'fant': 0.092}]"
Evan Hull,2023,historical,0,,5,0.41830065359477125,0.43790849673202614,24.116011957849597,10.360706551199897,-0.19296646108989338,0,0,0,0,,0.19298245614035087,176.0,22.18206707734429,20.969199178644764,0.3455095203072648,0.2163232963549921,4.952772073921971,0.144,0.6850801277250812,1459.0,0.4835886214442013,3.0,"[{'p': 'Jason Huntley', 'y': 2020, 'sim': 64.0, 'fant': 0.092}, {'p': 'Dylan Laube', 'y': 2024, 'sim': 62.0, 'fant': None}, {'p': 'Paul Perkins', 'y': 2016, 'sim': 59.0, 'fant': 0.36}, {'p': 'Elijah McGuire', 'y': 2017, 'sim': 58.0, 'fant': 0.61}, {'p': 'Eric Gray', 'y': 2023, 'sim': 58.0, 'fant': 0.246}, {'p': 'Bhayshul Tuten', 'y': 2025, 'sim': 58.0, 'fant': None}]"
Chris Rodriguez,2023,historical,0,,3,0.28104575163398693,0.058823529411764705,21.475046713531913,8.40448293713036,0.5584000693640223,1,0,0,0,,0.5263157894736842,193.0,23.266255989048595,21.05407255304586,0.3226960626542217,0.0207978179338561,6.164128595600677,0.5096,0.3322184158798332,1440.0,0.46875,3.0,"[{'p': 'Kaytron Allen', 'y': 2026, 'sim': 58.0, 'fant': None}, {'p': 'DeWayne McBride', 'y': 2023, 'sim': 57.0, 'fant': 0.092}, {'p': 'Isaiah Davis', 'y': 2024, 'sim': 57.0, 'fant': None}, {'p': 'Ryquell Armstead', 'y': 2019, 'sim': 53.0, 'fant': 0.316}, {'p': 'Boston Scott', 'y': 2018, 'sim': 52.0, 'fant': 0.798}, {'p': 'Jerome Ford', 'y': 2022, 'sim': 52.0, 'fant': 0.754}]"
Deuce Vaughn,2023,historical,0,,5,0.43137254901960786,0.7320261437908496,24.34219056080925,10.933064946267283,0.5634010066001457,1,0,0,0,,0.2543859649122807,212.0,21.163586584531146,18.951403148528406,0.4541610609263886,0.2439572793704328,5.551459293394777,0.2143333333333333,0.3670798898071625,1936.0,0.5465116279069767,,"[{'p': 'Desmond Reid', 'y': 2026, 'sim': 64.0, 'fant': None}, {'p': 'Phillip Lindsay', 'y': 2018, 'sim': 60.0, 'fant': 0.851}, {'p': 'Donnel Pumphrey', 'y': 2017, 'sim': 59.0, 'fant': 0.092}, {'p': 'Jaret Patterson', 'y': 2021, 'sim': 59.0, 'fant': 0.338}, {'p': 'Tyler Badie', 'y': 2022, 'sim': 58.0, 'fant': 0.237}, {'p': 'Ronnie Rivers', 'y': 2022, 'sim': 57.0, 'fant': 0.294}]"
Zach Evans,2023,historical,0,,4,0.32679738562091504,0.43790849673202614,22.463132186370935,10.375865791031167,0.3785880698256295,0,0,0,0,,0.18421052631578946,215.0,21.590691307323752,21.377138945927445,0.1724896662261339,0.0458069062720225,6.893103448275862,0.4226666666666667,,1055.0,0.2380165289256198,5.0,"[{'p': 'Jadarian Price', 'y': 2026, 'sim': 63.0, 'fant': None}, {'p': 'Dexter Williams', 'y': 2019, 'sim': 60.0, 'fant': 0.092}, {'p': 'James Cook', 'y': 2022, 'sim': 60.0, 'fant': 0.895}, {'p': 'Donovan Edwards', 'y': 2025, 'sim': 58.0, 'fant': None}, {'p': 'Trey Sermon', 'y': 2021, 'sim': 57.0, 'fant': 0.333}, {'p': ""Le'Veon Moss"", 'y': 2026, 'sim': 57.0, 'fant': None}]"
DeWayne McBride,2023,historical,0,,2,0.16993464052287582,0.08496732026143791,19.845206958750296,8.79282179884569,0.9275171651157388,1,0,0,0,,0.09210526315789473,222.0,21.4839151266256,20.27104722792608,0.3527670009652545,0.0070842654735272,7.272727272727272,0.3853333333333333,,1720.0,0.4480769230769231,3.0,"[{'p': 'Kendre Miller', 'y': 2023, 'sim': 59.0, 'fant': 0.439}, {'p': 'Israel Abanikanda', 'y': 2023, 'sim': 58.0, 'fant': 0.272}, {'p': 'Kenneth Walker III', 'y': 2022, 'sim': 58.0, 'fant': 0.886}, {'p': 'Chris Rodriguez', 'y': 2023, 'sim': 57.0, 'fant': 0.526}, {'p': 'Audric Estime', 'y': 2024, 'sim': 56.0, 'fant': None}, {'p': 'Matt Breida', 'y': 2017, 'sim': 55.0, 'fant': 0.728}]"
Lew Nichols,2023,historical,0,,4,0.30718954248366015,0.43790849673202614,22.071743867525754,10.36759770200166,0.011998098589793718,0,0,0,1,no athletic testing at all,0.09210526315789473,235.0,21.377138945927445,20.164271047227928,0.3714741566729784,0.0979710144927536,4.952845528455285,0.148,,2186.0,0.6673189823874756,3.0,"[{'p': 'Joshua Kelley', 'y': 2020, 'sim': 60.0, 'fant': 0.461}, {'p': 'Darius Jackson', 'y': 2016, 'sim': 60.0, 'fant': 0.092}, {'p': 'Eno Benjamin', 'y': 2020, 'sim': 59.0, 'fant': 0.447}, {'p': 'Paul Perkins', 'y': 2016, 'sim': 59.0, 'fant': 0.36}, {'p': 'Jaleel McLaughlin', 'y': 2023, 'sim': 57.0, 'fant': 0.496}, {'p': 'Alexander Mattison', 'y': 2019, 'sim': 57.0, 'fant': 0.588}]"
Kenny McIntosh,2023,historical,0,,4,0.3660130718954248,0.673202614379085,23.24261904240785,10.761175882374769,-0.5462425749667528,0,0,0,0,,0.2850877192982456,237.0,22.830937713894592,22.61738535249829,0.1683249403657566,0.1135902636916835,5.65,0.269,0.1702687473983107,1333.0,0.2803738317757009,4.0,"[{'p': 'Dare Ogunbowale', 'y': 2017, 'sim': 56.0, 'fant': 0.377}, {'p': 'Darrel Williams', 'y': 2018, 'sim': 56.0, 'fant': 0.474}, {'p': 'Michael Wiley', 'y': 2024, 'sim': 56.0, 'fant': None}, {'p': 'Trestan Ebner', 'y': 2022, 'sim': 55.0, 'fant': 0.197}, {'p': 'Dillon Johnson', 'y': 2024, 'sim': 55.0, 'fant': None}, {'p': 'Wayne Gallman', 'y': 2017, 'sim': 53.0, 'fant': 0.544}]"
Jonathon Brooks,2024,prediction,0,,10,0.9019607843137255,0.8431372549019608,48.43042379956061,10.96033265705912,0.540576169675396,1,0,1,0,,,46.0,20.449007529089663,20.23545516769336,0.2080050103739019,0.0706696318260439,6.214285714285714,0.4623333333333333,,1425.0,0.361003861003861,4.0,"[{'p': 'Trey Benson', 'y': 2024, 'sim': 68.0, 'fant': None}, {'p': 'Trey Sermon', 'y': 2021, 'sim': 61.0, 'fant': 0.333}, {'p': 'Isaiah Davis', 'y': 2024, 'sim': 61.0, 'fant': None}, {'p': 'Kendre Miller', 'y': 2023, 'sim': 60.0, 'fant': 0.439}, {'p': 'Damien Martinez', 'y': 2025, 'sim': 59.0, 'fant': None}, {'p': 'Audric Estime', 'y': 2024, 'sim': 59.0, 'fant': None}]"
Trey Benson,2024,prediction,0,,8,0.7908496732026143,0.6862745098039216,38.394129918212144,10.78793730369716,0.37782667373637197,0,0,0,0,,,66.0,21.44284736481862,20.229979466119097,0.2315966183350229,0.064709236031927,6.066455696202532,0.22,0.6311861671561028,1134.0,0.350561797752809,4.0,"[{'p': 'Trey Sermon', 'y': 2021, 'sim': 69.0, 'fant': 0.333}, {'p': 'Jonathon Brooks', 'y': 2024, 'sim': 66.0, 'fant': None}, {'p': 'Damien Martinez', 'y': 2025, 'sim': 66.0, 'fant': None}, {'p': 'Kerryon Johnson', 'y': 2018, 'sim': 62.0, 'fant': 0.82}, {'p': 'Zach Charbonnet', 'y': 2023, 'sim': 62.0, 'fant': 0.759}, {'p': 'Dexter Williams', 'y': 2019, 'sim': 61.0, 'fant': 0.092}]"
Blake Corum,2024,prediction,0,,8,0.7516339869281046,0.16993464052287582,32.10116204394471,9.59552359590884,0.25888770113729404,0,0,0,0,,,83.0,23.09924709103354,20.8870636550308,0.3369176210307131,0.0440349781386633,5.531851851851852,0.241,0.4491469816272966,1543.0,0.4690909090909091,4.0,"[{'p': 'DeAndre Washington', 'y': 2016, 'sim': 67.0, 'fant': 0.491}, {'p': 'Tahj Brooks', 'y': 2025, 'sim': 61.0, 'fant': None}, {'p': 'Kyle Monangai', 'y': 2025, 'sim': 60.0, 'fant': None}, {'p': 'Khalil Herbert', 'y': 2021, 'sim': 58.0, 'fant': 0.675}, {'p': 'Kimani Vidal', 'y': 2024, 'sim': 57.0, 'fant': None}, {'p': 'Ameer Abdullah', 'y': 2015, 'sim': 57.0, 'fant': 0.636}]"
MarShawn Lloyd,2024,prediction,0,,8,0.7124183006535948,0.35947712418300654,30.783422075366282,10.19036050681747,-0.23280357616535985,0,0,0,0,,,88.0,22.98699520876112,21.7741273100616,0.1856166599272139,0.0535920535920535,5.56701030927835,0.151,0.5999821217251425,1052.0,0.332378223495702,4.0,"[{'p': 'Dameon Pierce', 'y': 2022, 'sim': 67.0, 'fant': 0.706}, {'p': 'Mike Davis', 'y': 2015, 'sim': 60.0, 'fant': 0.478}, {'p': 'Jonah Coleman', 'y': 2026, 'sim': 60.0, 'fant': None}, {'p': 'Jase McClellan', 'y': 2024, 'sim': 58.0, 'fant': None}, {'p': 'Damien Harris', 'y': 2019, 'sim': 58.0, 'fant': 0.789}, {'p': 'DeeJay Dallas', 'y': 2020, 'sim': 57.0, 'fant': 0.5}]"
Jaylen Wright,2024,prediction,0,,6,0.5816993464052288,0.35294117647058826,26.90128545904893,10.183916463157608,0.09944191146401718,0,0,0,0,,,120.0,20.752908966461327,99.0,0.1432796619846979,0.0445779323427126,6.241847826086956,0.2106666666666666,0.905608174666872,1154.0,0.2818930041152263,3.0,"[{'p': 'Dexter Williams', 'y': 2019, 'sim': 60.0, 'fant': 0.092}, {'p': 'Deneric Prince', 'y': 2023, 'sim': 58.0, 'fant': 0.092}, {'p': 'Chris Carson', 'y': 2017, 'sim': 56.0, 'fant': 0.882}, {'p': 'Joe Williams', 'y': 2017, 'sim': 56.0, 'fant': 0.092}, {'p': 'Mike Boone', 'y': 2018, 'sim': 55.0, 'fant': 0.535}, {'p': 'Boston Scott', 'y': 2018, 'sim': 54.0, 'fant': 0.798}]"
Will Shipley,2024,prediction,0,,7,0.6209150326797386,0.673202614379085,27.923931420863845,10.767377458129346,0.26141210358801353,0,0,0,0,,,127.0,21.34154688569473,19.129363449692,0.2596963922964269,0.0821825530481643,5.224334600760456,0.1956666666666666,0.6948604995312225,1424.0,0.3888888888888889,5.0,"[{'p': 'TreVeyon Henderson', 'y': 2025, 'sim': 63.0, 'fant': None}, {'p': 'Kerryon Johnson', 'y': 2018, 'sim': 63.0, 'fant': 0.82}, {'p': 'Donovan Edwards', 'y': 2025, 'sim': 63.0, 'fant': None}, {'p': 'Travis Homer', 'y': 2019, 'sim': 61.0, 'fant': 0.482}, {'p': 'Montrell Johnson Jr.', 'y': 2025, 'sim': 58.0, 'fant': None}, {'p': 'Darrynton Evans', 'y': 2020, 'sim': 58.0, 'fant': 0.329}]"
Ray Davis,2024,prediction,0,,4,0.30718954248366015,0.013071895424836602,22.024342836136356,5.869558213446411,-0.5688289821986259,0,0,0,0,,,128.0,24.11498973305955,99.0,0.0469353684712616,0.0169039145907473,5.043478260869565,0.344,0.4518440015934646,154.0,0.0525114155251141,3.0,"[{'p': 'Noah Whittington', 'y': 2026, 'sim': 63.0, 'fant': None}, {'p': 'Rod Smith', 'y': 2015, 'sim': 61.0, 'fant': 0.68}, {'p': 'Kaelon Black', 'y': 2026, 'sim': 61.0, 'fant': None}, {'p': 'Brandon Wilson', 'y': 2017, 'sim': 60.0, 'fant': 0.092}, {'p': 'Kene Nwangwu', 'y': 2021, 'sim': 60.0, 'fant': 0.325}, {'p': 'Cullen Gillaspia', 'y': 2019, 'sim': 60.0, 'fant': 0.092}]"
Isaac Guerendo,2024,prediction,0,,6,0.5359477124183006,0.13071895424836602,26.12581664183455,9.058906181988661,-0.19812336056354213,0,0,0,0,,,129.0,23.509924709103355,23.29637234770705,0.1938201607207371,0.0712762717027109,6.021551724137931,0.0602,0.9638747377652174,1044.0,0.2543352601156069,,"[{'p': 'Deneric Prince', 'y': 2023, 'sim': 61.0, 'fant': 0.092}, {'p': 'Chris Evans', 'y': 2021, 'sim': 61.0, 'fant': 0.355}, {'p': 'Dwayne Washington', 'y': 2016, 'sim': 59.0, 'fant': 0.342}, {'p': 'Joe Williams', 'y': 2017, 'sim': 59.0, 'fant': 0.092}, {'p': 'Chris Carson', 'y': 2017, 'sim': 56.0, 'fant': 0.882}, {'p': 'Raheim Sanders', 'y': 2025, 'sim': 55.0, 'fant': None}]"
Braelon Allen,2024,prediction,0,,7,0.6993464052287581,0.6339869281045751,30.027367311427348,10.720066035401057,0.30680511264061433,0,0,0,0,,,134.0,19.94798083504449,17.73579739904175,0.2973504120587281,0.0457721872816212,5.854026845637584,0.1996666666666666,0.2065213826577462,1341.0,0.4607645875251509,,"[{'p': 'Elijah Hood', 'y': 2017, 'sim': 65.0, 'fant': 0.092}, {'p': 'Qadree Ollison', 'y': 2019, 'sim': 64.0, 'fant': 0.346}, {'p': ""D'Onta Foreman"", 'y': 2017, 'sim': 64.0, 'fant': 0.386}, {'p': 'James Conner', 'y': 2017, 'sim': 64.0, 'fant': 0.943}, {'p': 'Jordan Howard', 'y': 2016, 'sim': 62.0, 'fant': 0.86}, {'p': 'T.J. Yeldon', 'y': 2015, 'sim': 61.0, 'fant': 0.763}]"
Audric Estime,2024,prediction,0,,6,0.5555555555555556,0.6862745098039216,26.41760474535039,10.803892152307562,0.8365867054293046,1,0,0,0,,,147.0,20.32032854209445,19.107460643394933,0.2842241345577899,0.0501299665800222,6.222520107238606,0.4193333333333333,0.565772813177967,1483.0,0.4677060133630289,4.0,"[{'p': 'Derrius Guice', 'y': 2018, 'sim': 66.0, 'fant': 0.781}, {'p': 'Kendre Miller', 'y': 2023, 'sim': 66.0, 'fant': 0.439}, {'p': 'Ezekiel Elliott', 'y': 2016, 'sim': 62.0, 'fant': 0.991}, {'p': 'Damien Martinez', 'y': 2025, 'sim': 62.0, 'fant': None}, {'p': 'Jonathon Brooks', 'y': 2024, 'sim': 58.0, 'fant': None}, {'p': 'Alexander Mattison', 'y': 2019, 'sim': 58.0, 'fant': 0.588}]"
Rasheen Ali,2024,prediction,0,,6,0.5620915032679739,0.6405228758169934,26.599318016314385,10.73232432624847,0.2873663929863898,0,0,0,0,,,165.0,22.87200547570157,20.65982203969884,0.3869137768112565,0.0893650378886856,5.517509727626459,0.27275,,1743.0,0.5630630630630631,2.0,"[{'p': 'Jeremy Langford', 'y': 2015, 'sim': 67.0, 'fant': 0.618}, {'p': 'Chuba Hubbard', 'y': 2021, 'sim': 62.0, 'fant': 0.711}, {'p': 'Emmett Johnson', 'y': 2026, 'sim': 62.0, 'fant': None}, {'p': 'Joshua Kelley', 'y': 2020, 'sim': 58.0, 'fant': 0.461}, {'p': 'Jerome Ford', 'y': 2022, 'sim': 57.0, 'fant': 0.754}, {'p': 'Tevin Coleman', 'y': 2015, 'sim': 57.0, 'fant': 0.838}]"
Tyrone Tracy Jr.,2024,prediction,0,,6,0.5359477124183006,0.16339869281045752,26.098285732172066,9.517783122834512,0.010231617888726723,0,0,0,0,,,166.0,24.10677618069815,23.89322381930185,0.2070038424291649,0.1979166666666666,6.452054794520548,0.5228333333333334,0.7627341606403882,848.0,0.2478070175438596,3.0,"[{'p': 'Rachaad White', 'y': 2022, 'sim': 63.0, 'fant': 0.877}, {'p': 'Trestan Ebner', 'y': 2022, 'sim': 55.0, 'fant': 0.197}, {'p': 'Elijah Mitchell', 'y': 2021, 'sim': 54.0, 'fant': 0.807}, {'p': 'Tony Pollard', 'y': 2019, 'sim': 53.0, 'fant': 0.671}, {'p': 'C.J. Prosise', 'y': 2016, 'sim': 52.0, 'fant': 0.579}, {'p': 'Chris Evans', 'y': 2021, 'sim': 51.0, 'fant': 0.355}]"
Keilan Robinson,2024,prediction,0,,5,0.45751633986928103,0.05228758169934641,25.058360992899672,8.240295407007949,-0.248882914153137,0,0,0,0,,,167.0,23.874058863791923,99.0,0.0649419276110784,0.0704270235818993,6.578512396694215,0.3062499999999999,0.5079467081077675,379.0,0.0993377483443708,4.0,"[{'p': 'Corey Grant', 'y': 2015, 'sim': 64.0, 'fant': 0.504}, {'p': 'T.J. Logan', 'y': 2017, 'sim': 62.0, 'fant': 0.202}, {'p': 'Raymond Calais', 'y': 2020, 'sim': 61.0, 'fant': 0.092}, {'p': 'Jawhar Jordan', 'y': 2024, 'sim': 59.0, 'fant': None}, {'p': 'Robert Henry Jr.', 'y': 2026, 'sim': 57.0, 'fant': None}, {'p': 'Marcus Murphy', 'y': 2015, 'sim': 57.0, 'fant': 0.092}]"
Isaiah Davis,2024,prediction,0,,6,0.5228758169934641,0.8431372549019608,25.910214188236868,10.96033265705912,0.492762180746427,1,0,0,0,,,173.0,21.859000684462696,20.64613278576317,0.277183627264061,0.0659801678108314,6.219148936170213,0.31,0.4096669820542404,1719.0,0.4789915966386555,,"[{'p': 'Damien Martinez', 'y': 2025, 'sim': 63.0, 'fant': None}, {'p': 'Trey Benson', 'y': 2024, 'sim': 61.0, 'fant': None}, {'p': 'Rodney Anderson', 'y': 2019, 'sim': 59.0, 'fant': 0.092}, {'p': 'Kendre Miller', 'y': 2023, 'sim': 58.0, 'fant': 0.439}, {'p': 'Wayne Gallman', 'y': 2017, 'sim': 57.0, 'fant': 0.544}, {'p': 'Brian Hill', 'y': 2017, 'sim': 57.0, 'fant': 0.425}]"
Kimani Vidal,2024,prediction,0,,4,0.35947712418300654,0.4444444444444444,23.197093774761356,10.398432113377886,-0.025439003163013445,0,0,0,0,,,181.0,22.34360027378508,20.13141683778234,0.3148031914893617,0.0704887218045112,5.154043645699615,0.1347499999999999,0.6592238986655593,1863.0,0.6166666666666667,3.0,"[{'p': 'Tahj Brooks', 'y': 2025, 'sim': 70.0, 'fant': None}, {'p': 'Jeremy McNichols', 'y': 2017, 'sim': 59.0, 'fant': 0.351}, {'p': 'Kyle Monangai', 'y': 2025, 'sim': 59.0, 'fant': None}, {'p': 'Blake Corum', 'y': 2024, 'sim': 58.0, 'fant': None}, {'p': 'Clyde Edwards-Helaire', 'y': 2020, 'sim': 58.0, 'fant': 0.833}, {'p': 'Jonah Coleman', 'y': 2026, 'sim': 57.0, 'fant': None}]"
Jase McClellan,2024,prediction,0,,4,0.33986928104575165,0.42483660130718953,22.977179769111704,10.3565826215657,-0.13400557574748284,0,0,0,0,,,186.0,21.51950718685832,21.305954825462013,0.1648514205564797,0.0475409836065573,5.580281690140845,0.34325,,1027.0,0.3296703296703296,4.0,"[{'p': 'Dameon Pierce', 'y': 2022, 'sim': 65.0, 'fant': 0.706}, {'p': 'DeeJay Dallas', 'y': 2020, 'sim': 64.0, 'fant': 0.5}, {'p': 'Damien Harris', 'y': 2019, 'sim': 63.0, 'fant': 0.789}, {'p': 'Jonathan Williams', 'y': 2016, 'sim': 62.0, 'fant': 0.465}, {'p': 'Keith Marshall', 'y': 2016, 'sim': 59.0, 'fant': 0.092}, {'p': 'Gerrid Doaks', 'y': 2021, 'sim': 58.0, 'fant': 0.092}]"
Jawhar Jordan,2024,prediction,0,,4,0.33986928104575165,0.1437908496732026,22.76421597111968,9.314106996768992,-0.40070442950107094,0,0,0,0,,,205.0,24.372347707049965,24.15879534565366,0.2505850456156567,0.0749314651233627,5.811023622047244,0.2413999999999999,0.3761469382442897,1374.0,0.348747591522158,,"[{'p': 'Robert Henry Jr.', 'y': 2026, 'sim': 68.0, 'fant': None}, {'p': 'Marcus Murphy', 'y': 2015, 'sim': 66.0, 'fant': 0.092}, {'p': 'T.J. Logan', 'y': 2017, 'sim': 61.0, 'fant': 0.202}, {'p': 'Ulysses Bentley IV', 'y': 2025, 'sim': 61.0, 'fant': None}, {'p': ""J'Mari Taylor"", 'y': 2026, 'sim': 61.0, 'fant': None}, {'p': 'Ty Chandler', 'y': 2022, 'sim': 55.0, 'fant': 0.421}]"
Dylan Laube,2024,prediction,0,,4,0.30718954248366015,0.13071895424836602,22.240546403847784,9.028908096574895,0.03065874378715877,0,0,0,0,,,208.0,24.04928131416838,22.83641341546885,0.3702793834296725,0.2418685121107266,4.697841726618705,0.248,0.4368046022484104,1669.0,0.5791962174940898,,"[{'p': 'Evan Hull', 'y': 2023, 'sim': 66.0, 'fant': 0.193}, {'p': 'Eric Gray', 'y': 2023, 'sim': 54.0, 'fant': 0.246}, {'p': 'Patrick Laird', 'y': 2019, 'sim': 54.0, 'fant': 0.434}, {'p': 'Devontae Booker', 'y': 2016, 'sim': 54.0, 'fant': 0.623}, {'p': 'Jaleel McLaughlin', 'y': 2023, 'sim': 53.0, 'fant': 0.496}, {'p': ""J'Mari Taylor"", 'y': 2026, 'sim': 53.0, 'fant': None}]"
Ashton Jeanty,2025,prediction,0,,10,1.0,0.9869281045751634,74.93249710708362,11.273834871531676,1.0006565022052627,0,1,1,0,,,6.0,21.08418891170432,18.869267624914443,0.436324780394388,0.183666881859264,6.35372340425532,0.2833333333333334,,2739.0,0.6951672862453532,3.0,"[{'p': 'Jeremy McNichols', 'y': 2017, 'sim': 64.0, 'fant': 0.351}, {'p': 'Aaron Jones', 'y': 2017, 'sim': 62.0, 'fant': 0.934}, {'p': 'Sean Tucker', 'y': 2023, 'sim': 60.0, 'fant': 0.456}, {'p': 'Elijah McGuire', 'y': 2017, 'sim': 60.0, 'fant': 0.61}, {'p': ""Ke'Shawn Vaughn"", 'y': 2020, 'sim': 57.0, 'fant': 0.399}, {'p': 'Trayveon Williams', 'y': 2019, 'sim': 56.0, 'fant': 0.263}]"
Omarion Hampton,2025,prediction,0,,10,0.9673202614379085,0.6209150326797386,72.31633877630368,10.699285142479741,0.6991381334782663,0,0,1,0,,,22.0,21.79876796714579,20.583162217659137,0.3852279168026381,0.1278711004456633,5.731511254019293,0.2203333333333333,0.8792692666171549,2033.0,0.5699797160243407,4.0,"[{'p': 'Jay Ajayi', 'y': 2015, 'sim': 68.0, 'fant': 0.816}, {'p': 'Breece Hall', 'y': 2022, 'sim': 63.0, 'fant': 0.93}, {'p': 'Bijan Robinson', 'y': 2023, 'sim': 63.0, 'fant': 0.978}, {'p': 'Zach Charbonnet', 'y': 2023, 'sim': 61.0, 'fant': 0.759}, {'p': 'Kaleb Johnson', 'y': 2025, 'sim': 60.0, 'fant': None}, {'p': 'Javorius Allen', 'y': 2015, 'sim': 58.0, 'fant': 0.715}]"
Quinshon Judkins,2025,prediction,0,,10,0.9019607843137255,0.3137254901960784,51.03341235908123,10.047532403238993,0.5382452251749451,1,0,1,0,,,36.0,21.177275838466805,18.96235455167693,0.2859249782076877,0.0423348300192431,5.121786197564276,0.19,0.8898237324328949,1699.0,0.5122873345935728,3.0,"[{'p': 'Damien Martinez', 'y': 2025, 'sim': 63.0, 'fant': None}, {'p': 'Kerryon Johnson', 'y': 2018, 'sim': 62.0, 'fant': 0.82}, {'p': 'Breece Hall', 'y': 2022, 'sim': 60.0, 'fant': 0.93}, {'p': 'Kendre Miller', 'y': 2023, 'sim': 58.0, 'fant': 0.439}, {'p': 'Zach Charbonnet', 'y': 2023, 'sim': 58.0, 'fant': 0.759}, {'p': 'Audric Estime', 'y': 2024, 'sim': 57.0, 'fant': None}]"
TreVeyon Henderson,2025,prediction,0,,10,0.9150326797385621,0.9738562091503268,53.69279740734338,11.244517737135379,0.3567766128482267,0,1,1,0,,,38.0,22.195756331279945,18.981519507186857,0.2429549098588244,0.0674904942965779,6.375634517766497,0.30125,0.8024015507014791,1567.0,0.4444444444444444,5.0,"[{'p': 'Will Shipley', 'y': 2024, 'sim': 64.0, 'fant': None}, {'p': 'Darrynton Evans', 'y': 2020, 'sim': 60.0, 'fant': 0.329}, {'p': 'Tyjae Spears', 'y': 2023, 'sim': 59.0, 'fant': 0.684}, {'p': 'Travis Homer', 'y': 2019, 'sim': 59.0, 'fant': 0.482}, {'p': 'Elijah Mitchell', 'y': 2021, 'sim': 57.0, 'fant': 0.807}, {'p': 'Donovan Edwards', 'y': 2025, 'sim': 55.0, 'fant': None}]"
RJ Harvey,2025,prediction,0,,9,0.8496732026143791,0.13725490196078433,40.65950783692253,9.210293558468571,0.42763119571236574,1,0,0,0,,,60.0,23.906913073237508,22.691307323750856,0.4375561812213154,0.1114357262103505,6.549222797927461,0.0665,0.8306586074123654,1844.0,0.4496124031007752,,"[{'p': 'Bhayshul Tuten', 'y': 2025, 'sim': 61.0, 'fant': None}, {'p': 'Eric Gray', 'y': 2023, 'sim': 57.0, 'fant': 0.246}, {'p': 'Chase Brown', 'y': 2023, 'sim': 57.0, 'fant': 0.917}, {'p': 'Ito Smith', 'y': 2018, 'sim': 56.0, 'fant': 0.509}, {'p': 'Tyler Badie', 'y': 2022, 'sim': 55.0, 'fant': 0.237}, {'p': 'Blake Corum', 'y': 2024, 'sim': 54.0, 'fant': None}]"
Kaleb Johnson,2025,prediction,0,,8,0.7581699346405228,0.5359477124183006,33.87131358581751,10.56167201961481,0.49370709214943503,1,0,0,0,,,83.0,21.38535249828884,19.17043121149897,0.488268156424581,0.1099415204678362,5.4704724409448815,0.0439999999999999,0.562992125984252,1725.0,0.4838709677419355,3.0,"[{'p': 'Brian Hill', 'y': 2017, 'sim': 65.0, 'fant': 0.425}, {'p': 'Ollie Gordon', 'y': 2025, 'sim': 64.0, 'fant': None}, {'p': 'Jay Ajayi', 'y': 2015, 'sim': 63.0, 'fant': 0.816}, {'p': 'Omarion Hampton', 'y': 2025, 'sim': 60.0, 'fant': None}, {'p': 'Zach Charbonnet', 'y': 2023, 'sim': 56.0, 'fant': 0.759}, {'p': 'James Conner', 'y': 2017, 'sim': 54.0, 'fant': 0.943}]"
Bhayshul Tuten,2025,prediction,0,,8,0.7581699346405228,0.6862745098039216,32.42168625686904,10.799310613169002,0.5220905250063217,1,0,0,0,,,104.0,22.88021902806297,20.6652977412731,0.4381253291205897,0.1560218978102189,6.021015761821366,0.2336666666666666,0.9590561682544504,1705.0,0.5187032418952618,,"[{'p': 'Aaron Jones', 'y': 2017, 'sim': 64.0, 'fant': 0.934}, {'p': 'RJ Harvey', 'y': 2025, 'sim': 60.0, 'fant': None}, {'p': 'Chase Brown', 'y': 2023, 'sim': 60.0, 'fant': 0.917}, {'p': 'Ito Smith', 'y': 2018, 'sim': 58.0, 'fant': 0.509}, {'p': 'Elijah McGuire', 'y': 2017, 'sim': 58.0, 'fant': 0.61}, {'p': 'Sean Tucker', 'y': 2023, 'sim': 57.0, 'fant': 0.456}]"
Trevor Etienne,2025,prediction,0,,7,0.6143790849673203,0.5947712418300654,27.71252191890052,10.662443366736017,0.12771838671815297,0,0,0,0,,,114.0,20.48186173853525,19.266255989048595,0.203228207504387,0.0557355800388852,5.609164420485175,0.1996666666666666,0.6179033061638645,925.0,0.3171912832929782,4.0,"[{'p': 'Jaydon Blue', 'y': 2025, 'sim': 68.0, 'fant': None}, {'p': 'Travis Homer', 'y': 2019, 'sim': 64.0, 'fant': 0.482}, {'p': 'T.J. Logan', 'y': 2017, 'sim': 60.0, 'fant': 0.202}, {'p': 'Darrynton Evans', 'y': 2020, 'sim': 56.0, 'fant': 0.329}, {'p': 'Dylan Sampson', 'y': 2025, 'sim': 56.0, 'fant': None}, {'p': 'Donovan Edwards', 'y': 2025, 'sim': 55.0, 'fant': None}]"
Jarquez Hunter,2025,prediction,0,,8,0.7058823529411765,0.7516339869281046,30.574518665386815,10.948004675643674,-0.013402881688642931,0,0,0,0,,,117.0,22.00958247775496,19.79466119096509,0.2439208179879821,0.1081081081081081,6.267161410018553,0.2402499999999999,0.4861621980448036,1356.0,0.4686716791979949,3.0,"[{'p': 'Myles Gaskin', 'y': 2019, 'sim': 65.0, 'fant': 0.842}, {'p': 'Eric Gray', 'y': 2023, 'sim': 64.0, 'fant': 0.246}, {'p': 'Ito Smith', 'y': 2018, 'sim': 62.0, 'fant': 0.509}, {'p': 'Matthew Dayes', 'y': 2017, 'sim': 61.0, 'fant': 0.092}, {'p': 'Ameer Abdullah', 'y': 2015, 'sim': 60.0, 'fant': 0.636}, {'p': 'Sean Tucker', 'y': 2023, 'sim': 60.0, 'fant': 0.456}]"
Dylan Sampson,2025,prediction,0,,7,0.6209150326797386,0.7189542483660131,27.87629426278292,10.904167730957251,0.6595666513205265,1,0,0,0,,,126.0,20.2984257357974,19.082819986310746,0.3397536777283613,0.0553272209927284,5.902843601895735,0.2766666666666666,0.6217368490095763,1634.0,0.4479166666666667,3.0,"[{'p': 'Trayveon Williams', 'y': 2019, 'sim': 62.0, 'fant': 0.263}, {'p': 'J.K. Dobbins', 'y': 2020, 'sim': 62.0, 'fant': 0.75}, {'p': 'Bryce Love', 'y': 2019, 'sim': 61.0, 'fant': 0.092}, {'p': 'Devin Singletary', 'y': 2019, 'sim': 61.0, 'fant': 0.811}, {'p': 'Ameer Abdullah', 'y': 2015, 'sim': 60.0, 'fant': 0.636}, {'p': 'Myles Gaskin', 'y': 2019, 'sim': 59.0, 'fant': 0.842}]"
Jordan James,2025,prediction,0,,6,0.5359477124183006,0.6013071895424836,26.196626601272037,10.669184991340984,0.43214150916009286,1,0,0,0,,,147.0,20.761122518822724,20.54757015742642,0.2450585651537335,0.0534117045744952,5.738341968911917,0.361,0.2322915988807184,1476.0,0.4824016563146998,4.0,"[{'p': 'Mark Walton', 'y': 2018, 'sim': 63.0, 'fant': 0.092}, {'p': 'Jermar Jefferson', 'y': 2021, 'sim': 60.0, 'fant': 0.513}, {'p': 'Jerome Ford', 'y': 2022, 'sim': 58.0, 'fant': 0.754}, {'p': 'Dylan Sampson', 'y': 2025, 'sim': 54.0, 'fant': None}, {'p': 'J.K. Dobbins', 'y': 2020, 'sim': 54.0, 'fant': 0.75}, {'p': 'Mike Weber', 'y': 2019, 'sim': 53.0, 'fant': 0.092}]"
Jaydon Blue,2025,prediction,0,,5,0.45751633986928103,0.40522875816993464,24.868495273786195,10.299886080540432,-0.05593583705481357,0,0,0,0,,,149.0,20.982888432580424,20.76933607118412,0.184849354625474,0.0834467120181405,5.425233644859813,0.0353333333333333,0.7283464566929134,1098.0,0.2350877192982456,4.0,"[{'p': 'Trevor Etienne', 'y': 2025, 'sim': 69.0, 'fant': None}, {'p': 'T.J. Logan', 'y': 2017, 'sim': 65.0, 'fant': 0.202}, {'p': 'Travis Homer', 'y': 2019, 'sim': 61.0, 'fant': 0.482}, {'p': 'Donovan Edwards', 'y': 2025, 'sim': 57.0, 'fant': None}, {'p': 'Kerrith Whyte Jr', 'y': 2019, 'sim': 57.0, 'fant': 0.25}, {'p': 'Nyheim Hines', 'y': 2018, 'sim': 56.0, 'fant': 0.645}]"
DJ Giddens,2025,prediction,0,,7,0.6143790849673203,0.7124183006535948,27.651515942981582,10.875314050641453,0.4700732313113109,1,0,0,0,,,151.0,21.352498288843258,20.136892539356605,0.2372545072496539,0.103030303030303,5.970986460348162,0.2856666666666667,0.9005270260638908,1601.0,0.4586129753914988,,"[{'p': 'Jeremiyah Love', 'y': 2026, 'sim': 69.0, 'fant': None}, {'p': 'Kerryon Johnson', 'y': 2018, 'sim': 63.0, 'fant': 0.82}, {'p': 'Trey Benson', 'y': 2024, 'sim': 62.0, 'fant': None}, {'p': 'Raheim Sanders', 'y': 2025, 'sim': 61.0, 'fant': None}, {'p': 'Montrell Johnson Jr.', 'y': 2025, 'sim': 60.0, 'fant': None}, {'p': 'Damien Martinez', 'y': 2025, 'sim': 58.0, 'fant': None}]"
Ollie Gordon,2025,prediction,0,,5,0.45751633986928103,0.5947712418300654,25.09873909917195,10.641837548287473,0.5835211037206769,1,0,0,0,,,179.0,20.9637234770705,19.74811772758385,0.4030323859235326,0.0852492895892534,5.404850746268656,0.1886666666666666,0.4418083672736499,2061.0,0.6612529002320185,4.0,"[{'p': 'Kaleb Johnson', 'y': 2025, 'sim': 66.0, 'fant': None}, {'p': 'Brian Hill', 'y': 2017, 'sim': 63.0, 'fant': 0.425}, {'p': 'T.J. Yeldon', 'y': 2015, 'sim': 60.0, 'fant': 0.763}, {'p': 'Jay Ajayi', 'y': 2015, 'sim': 60.0, 'fant': 0.816}, {'p': 'Isaiah Davis', 'y': 2024, 'sim': 59.0, 'fant': None}, {'p': 'James Conner', 'y': 2017, 'sim': 59.0, 'fant': 0.943}]"
Devin Neal,2025,prediction,0,,7,0.6862745098039216,0.9411764705882353,29.7106943252342,11.179135884030643,0.2600351989292367,0,1,0,0,,,184.0,21.39082819986311,18.17659137577002,0.3431423548826864,0.1013972055888223,5.714473684210526,0.2145,0.6015407681477831,1520.0,0.4910313901345291,3.0,"[{'p': 'Marlon Mack', 'y': 2017, 'sim': 65.0, 'fant': 0.855}, {'p': 'Kenneth Dixon', 'y': 2016, 'sim': 65.0, 'fant': 0.658}, {'p': 'Kareem Hunt', 'y': 2017, 'sim': 64.0, 'fant': 0.974}, {'p': 'Paul Perkins', 'y': 2016, 'sim': 63.0, 'fant': 0.36}, {'p': 'Tank Bigsby', 'y': 2023, 'sim': 61.0, 'fant': 0.487}, {'p': 'Dontrell Hilliard', 'y': 2018, 'sim': 61.0, 'fant': 0.368}]"
Kalel Mullings,2025,prediction,0,,2,0.17647058823529413,0.13071895424836602,20.02767523170628,8.983320203654298,-0.1278107820811289,0,0,0,0,,,188.0,22.245037645448324,22.031485284052017,0.3316988210075027,0.0208581644815256,5.1063829787234045,0.2523333333333333,,983.0,0.3878406708595387,,"[{'p': 'Hassan Haskins', 'y': 2022, 'sim': 77.0, 'fant': 0.298}, {'p': 'CJ Donaldson', 'y': 2026, 'sim': 68.0, 'fant': None}, {'p': 'Kendall Milton', 'y': 2024, 'sim': 62.0, 'fant': None}, {'p': 'Phil Mafah', 'y': 2025, 'sim': 62.0, 'fant': None}, {'p': ""Ja'Quinden Jackson"", 'y': 2025, 'sim': 61.0, 'fant': None}, {'p': 'Rodney Anderson', 'y': 2019, 'sim': 61.0, 'fant': 0.092}]"
Tahj Brooks,2025,prediction,0,,3,0.28104575163398693,0.3333333333333333,21.656194750608527,10.074105291757576,0.03442038169676614,0,0,0,0,,,193.0,22.639288158795345,21.423682409308693,0.3022079226868242,0.0485436893203883,5.182746878547105,0.2166,0.4997334183089372,1690.0,0.6258064516129033,3.0,"[{'p': 'Kimani Vidal', 'y': 2024, 'sim': 66.0, 'fant': None}, {'p': 'Kyle Monangai', 'y': 2025, 'sim': 60.0, 'fant': None}, {'p': 'Kenneth Walker III', 'y': 2022, 'sim': 58.0, 'fant': 0.886}, {'p': 'Blake Corum', 'y': 2024, 'sim': 58.0, 'fant': None}, {'p': 'DeAndre Washington', 'y': 2016, 'sim': 58.0, 'fant': 0.491}, {'p': 'David Montgomery', 'y': 2019, 'sim': 57.0, 'fant': 0.921}]"
Damien Martinez,2025,prediction,0,,5,0.40522875816993464,0.5947712418300654,23.57982409941114,10.627390243225662,0.39658399625299073,0,0,0,0,,,223.0,20.919917864476385,18.704996577686515,0.2082880900674362,0.0450629555997349,6.165369649805448,0.2616666666666666,0.6375883455339433,1311.0,0.4501160092807424,3.0,"[{'p': 'Kendre Miller', 'y': 2023, 'sim': 68.0, 'fant': 0.439}, {'p': 'Trey Benson', 'y': 2024, 'sim': 66.0, 'fant': None}, {'p': 'Isaiah Davis', 'y': 2024, 'sim': 63.0, 'fant': None}, {'p': 'Montrell Johnson Jr.', 'y': 2025, 'sim': 62.0, 'fant': None}, {'p': 'Audric Estime', 'y': 2024, 'sim': 60.0, 'fant': None}, {'p': 'Quinshon Judkins', 'y': 2025, 'sim': 60.0, 'fant': None}]"
Brashard Smith,2025,prediction,0,,5,0.45751633986928103,0.8431372549019608,25.119668542310695,10.96033265705912,0.17679688887976047,0,0,0,0,,,228.0,21.72758384668036,21.51403148528405,0.2958860759493671,0.1069815908301493,5.98015873015873,0.5322500000000001,0.3667720770440885,1657.0,0.444022770398482,,"[{'p': 'Marcus Yarns', 'y': 2025, 'sim': 65.0, 'fant': None}, {'p': ""De'Von Achane"", 'y': 2023, 'sim': 62.0, 'fant': 0.956}, {'p': 'Kyren Williams', 'y': 2022, 'sim': 61.0, 'fant': 0.961}, {'p': 'Tyjae Spears', 'y': 2023, 'sim': 60.0, 'fant': 0.684}, {'p': 'Emmett Johnson', 'y': 2026, 'sim': 59.0, 'fant': None}, {'p': 'James Cook', 'y': 2022, 'sim': 57.0, 'fant': 0.895}]"
Kyle Monangai,2025,prediction,0,,1,0.0915032679738562,0.17647058823529413,18.712774329445114,9.627870104780254,-0.4104411370682599,0,0,0,0,,,233.0,22.573579739904176,21.357973990417523,0.2873576191137658,0.0436241610738255,4.835575485799701,0.12775,0.2774030398404056,1354.0,0.5009784735812133,3.0,"[{'p': 'Corey Kiner', 'y': 2025, 'sim': 67.0, 'fant': None}, {'p': 'Thomas Rawls', 'y': 2015, 'sim': 66.0, 'fant': 0.702}, {'p': 'Jaylen Warren', 'y': 2022, 'sim': 65.0, 'fant': 0.724}, {'p': 'Tahj Brooks', 'y': 2025, 'sim': 63.0, 'fant': None}, {'p': 'Emani Bailey', 'y': 2024, 'sim': 63.0, 'fant': None}, {'p': 'Khalil Herbert', 'y': 2021, 'sim': 60.0, 'fant': 0.675}]"
LeQuint Allen,2025,prediction,0,,3,0.2875816993464052,0.5555555555555556,21.71782659710314,10.57280203845772,0.23135323312850925,0,0,0,0,,,236.0,20.407939767282684,19.19233401779603,0.3055789670833918,0.1099792099792099,4.596491228070176,0.1893333333333333,0.4740095762823035,1550.0,0.5861182519280206,3.0,"[{'p': 'Justin Jackson', 'y': 2018, 'sim': 63.0, 'fant': 0.605}, {'p': 'Chuba Hubbard', 'y': 2021, 'sim': 58.0, 'fant': 0.711}, {'p': 'Jamaal Williams', 'y': 2017, 'sim': 56.0, 'fant': 0.737}, {'p': 'DJ Giddens', 'y': 2025, 'sim': 56.0, 'fant': None}, {'p': 'Travis Homer', 'y': 2019, 'sim': 56.0, 'fant': 0.482}, {'p': 'Rasheen Ali', 'y': 2024, 'sim': 56.0, 'fant': None}]"
Phil Mafah,2025,prediction,0,,1,0.0718954248366013,0.1503267973856209,18.203338293989194,9.400972805608163,-0.332878028444678,0,0,0,0,,,239.0,22.190280629705683,20.974674880219027,0.2497622670216812,0.0363758841360727,5.146167557932264,0.12,,1218.0,0.4625267665952891,4.0,"[{'p': 'CJ Donaldson', 'y': 2026, 'sim': 66.0, 'fant': None}, {'p': 'Hassan Haskins', 'y': 2022, 'sim': 66.0, 'fant': 0.298}, {'p': 'Kalel Mullings', 'y': 2025, 'sim': 62.0, 'fant': None}, {'p': 'Gerrid Doaks', 'y': 2021, 'sim': 59.0, 'fant': 0.092}, {'p': 'Qadree Ollison', 'y': 2019, 'sim': 59.0, 'fant': 0.346}, {'p': 'Keaontay Ingram', 'y': 2022, 'sim': 58.0, 'fant': 0.211}]"
Jeremiyah Love,2026,prediction,0,,10,0.9738562091503268,0.9215686274509803,74.12451178765056,11.141550240719116,0.9829329388964937,0,1,1,0,,,3.0,20.588637919233403,19.37577002053388,0.3159527682390505,0.0914733747141457,6.655889145496536,0.2526666666666666,0.9606299212598424,1652.0,0.4865525672371638,4.0,"[{'p': 'DJ Giddens', 'y': 2025, 'sim': 71.0, 'fant': None}, {'p': 'Kerryon Johnson', 'y': 2018, 'sim': 66.0, 'fant': 0.82}, {'p': 'Bijan Robinson', 'y': 2023, 'sim': 63.0, 'fant': 0.978}, {'p': 'Breece Hall', 'y': 2022, 'sim': 61.0, 'fant': 0.93}, {'p': 'Trey Benson', 'y': 2024, 'sim': 61.0, 'fant': None}, {'p': 'Marlon Mack', 'y': 2017, 'sim': 59.0, 'fant': 0.855}]"
Jadarian Price,2026,prediction,0,,10,0.9215686274509803,0.16339869281045752,54.845586191976366,9.504216130107853,-0.15295288840216426,0,0,1,0,,,32.0,22.23134839151266,22.01779603011636,0.1719438061386371,0.0284220842861809,6.042857142857143,0.2303333333333333,0.5575358520956231,761.0,0.2762836185819071,4.0,"[{'p': 'Dexter Williams', 'y': 2019, 'sim': 62.0, 'fant': 0.092}, {'p': 'Zach Evans', 'y': 2023, 'sim': 60.0, 'fant': 0.184}, {'p': 'T.J. Logan', 'y': 2017, 'sim': 60.0, 'fant': 0.202}, {'p': ""Le'Veon Moss"", 'y': 2026, 'sim': 59.0, 'fant': None}, {'p': 'Trey Sermon', 'y': 2021, 'sim': 57.0, 'fant': 0.333}, {'p': 'James Cook', 'y': 2022, 'sim': 57.0, 'fant': 0.895}]"
Kaelon Black,2026,prediction,0,,7,0.673202614379085,0.12418300653594772,29.190188930992097,8.960319891629752,-0.7203525295227843,0,0,0,1,no athletic testing at all,,90.0,24.20807665982204,99.0,0.1352276429764008,0.064064602960969,5.09009009009009,0.14725,,1075.0,0.3302325581395349,3.0,"[{'p': 'Noah Whittington', 'y': 2026, 'sim': 71.0, 'fant': None}, {'p': 'Cameron Artis-Payne', 'y': 2015, 'sim': 61.0, 'fant': 0.364}, {'p': 'Emari Demercado', 'y': 2023, 'sim': 60.0, 'fant': 0.452}, {'p': 'JaMycal Hasty', 'y': 2020, 'sim': 60.0, 'fant': 0.417}, {'p': 'Malik Davis', 'y': 2022, 'sim': 59.0, 'fant': 0.39}, {'p': 'Jaylen Warren', 'y': 2022, 'sim': 59.0, 'fant': 0.724}]"
Jonah Coleman,2026,prediction,0,,8,0.7124183006535948,0.6013071895424836,30.72204107018446,10.674502241378768,-0.026312432182303978,0,0,0,0,,,108.0,22.368240930869263,20.1533196440794,0.2594771241830065,0.1113908118313404,5.532608695652174,0.23675,,1230.0,0.4628297362110312,3.0,"[{'p': 'Zack Moss', 'y': 2020, 'sim': 69.0, 'fant': 0.614}, {'p': 'Mike Davis', 'y': 2015, 'sim': 64.0, 'fant': 0.478}, {'p': 'MarShawn Lloyd', 'y': 2024, 'sim': 63.0, 'fant': None}, {'p': 'Josh Robinson', 'y': 2015, 'sim': 63.0, 'fant': 0.241}, {'p': 'Kimani Vidal', 'y': 2024, 'sim': 60.0, 'fant': None}, {'p': ""D'Andre Swift"", 'y': 2020, 'sim': 58.0, 'fant': 0.904}]"
Emmett Johnson,2026,prediction,0,,6,0.5163398692810458,0.5098039215686274,25.74198593850452,10.521983642829468,-0.15720436684421094,0,0,0,0,,,161.0,22.22861054072553,22.015058179329227,0.3618028400905536,0.1267123287671233,5.37117903930131,0.173,0.3975691055147032,1821.0,0.5743707093821511,3.0,"[{'p': ""J'Mari Taylor"", 'y': 2026, 'sim': 64.0, 'fant': None}, {'p': 'Rasheen Ali', 'y': 2024, 'sim': 63.0, 'fant': None}, {'p': 'Jaleel McLaughlin', 'y': 2023, 'sim': 59.0, 'fant': 0.496}, {'p': 'Ito Smith', 'y': 2018, 'sim': 58.0, 'fant': 0.509}, {'p': 'Paul Perkins', 'y': 2016, 'sim': 58.0, 'fant': 0.36}, {'p': 'Jeremy Langford', 'y': 2015, 'sim': 57.0, 'fant': 0.618}]"
Nicholas Singleton,2026,prediction,0,,6,0.5947712418300654,0.8431372549019608,27.05226741896476,10.982637712979692,-0.01984576555027813,0,0,0,0,,,165.0,21.987679671457904,18.77344284736482,0.2375344053310155,0.1101967799642218,5.55877616747182,0.215,,1474.0,0.333984375,,"[{'p': 'Zach Charbonnet', 'y': 2023, 'sim': 68.0, 'fant': 0.759}, {'p': 'Raheim Sanders', 'y': 2025, 'sim': 61.0, 'fant': None}, {'p': 'Montrell Johnson Jr.', 'y': 2025, 'sim': 61.0, 'fant': None}, {'p': 'Dontrell Hilliard', 'y': 2018, 'sim': 59.0, 'fant': 0.368}, {'p': 'Trey Benson', 'y': 2024, 'sim': 59.0, 'fant': None}, {'p': 'Jamaal Williams', 'y': 2017, 'sim': 58.0, 'fant': 0.737}]"
Adam Randall,2026,prediction,0,,5,0.48366013071895425,0.5947712418300654,25.267335879620028,10.639090026040599,-0.09439340572096104,0,0,0,0,,,174.0,21.46748802190281,21.253935660506503,0.2594267420806033,0.0842034355001684,4.959537572254336,0.3049999999999999,0.7871061141462,1068.0,0.4127764127764127,,"[{'p': 'Hassan Haskins', 'y': 2022, 'sim': 64.0, 'fant': 0.298}, {'p': 'CJ Donaldson', 'y': 2026, 'sim': 61.0, 'fant': None}, {'p': 'Brian Robinson Jr.', 'y': 2022, 'sim': 60.0, 'fant': 0.825}, {'p': 'Kalel Mullings', 'y': 2025, 'sim': 59.0, 'fant': None}, {'p': 'Karlos Williams', 'y': 2015, 'sim': 59.0, 'fant': 0.776}, {'p': 'Kalen Ballage', 'y': 2018, 'sim': 57.0, 'fant': 0.518}]"
Kaytron Allen,2026,prediction,0,,4,0.33986928104575165,0.46405228758169936,22.648767661931196,10.469800377554787,-0.05310290909964769,0,0,0,0,,,187.0,22.981519507186857,19.76728268309377,0.3083997123575617,0.0572646969235455,5.435630689206762,0.19075,,1371.0,0.4477611940298507,4.0,"[{'p': 'Kylin Hill', 'y': 2021, 'sim': 64.0, 'fant': 0.189}, {'p': 'Dontrell Hilliard', 'y': 2018, 'sim': 60.0, 'fant': 0.368}, {'p': ""La'Mical Perine"", 'y': 2020, 'sim': 60.0, 'fant': 0.469}, {'p': 'Keaontay Ingram', 'y': 2022, 'sim': 59.0, 'fant': 0.211}, {'p': 'Jalen Richard', 'y': 2016, 'sim': 59.0, 'fant': 0.649}, {'p': 'Montrell Johnson Jr.', 'y': 2025, 'sim': 58.0, 'fant': None}]"
Demond Claiborne,2026,prediction,0,,3,0.23529411764705882,0.26143790849673204,20.844399978360833,9.899881494042177,-0.29814270165508866,0,0,0,0,,,198.0,22.23134839151266,20.0164271047228,0.3311566449636155,0.0881638320027768,4.652329749103942,-0.0857499999999999,0.5930890870046203,1302.0,0.5277777777777778,4.0,"[{'p': 'Tyler Ervin', 'y': 2016, 'sim': 64.0, 'fant': 0.092}, {'p': 'Keenan Reynolds', 'y': 2016, 'sim': 63.0, 'fant': 0.092}, {'p': 'Justin Jackson', 'y': 2018, 'sim': 58.0, 'fant': 0.605}, {'p': 'Salvon Ahmed', 'y': 2020, 'sim': 57.0, 'fant': 0.596}, {'p': 'Keaton Mitchell', 'y': 2023, 'sim': 56.0, 'fant': 0.57}, {'p': 'Kyren Williams', 'y': 2022, 'sim': 56.0, 'fant': 0.961}]"
Seth McGowan,2026,prediction,0,,3,0.24836601307189543,0.13071895424836602,21.122196166336906,9.070827944339939,-0.17700435385325453,0,0,0,0,,,237.0,24.191649555099247,22.978781656399725,0.2802510760401722,0.1612339930151339,5.074468085106383,0.214,0.9372683872504916,1090.0,0.3864168618266979,4.0,"[{'p': 'Raheim Sanders', 'y': 2025, 'sim': 59.0, 'fant': None}, {'p': 'Javorius Allen', 'y': 2015, 'sim': 58.0, 'fant': 0.715}, {'p': 'Kalen Ballage', 'y': 2018, 'sim': 56.0, 'fant': 0.518}, {'p': 'Devontae Booker', 'y': 2016, 'sim': 56.0, 'fant': 0.623}, {'p': 'Patrick Laird', 'y': 2019, 'sim': 54.0, 'fant': 0.434}, {'p': 'Rachaad White', 'y': 2022, 'sim': 53.0, 'fant': 0.877}]"
Josh Adams,2018,historical,1,retro,4,0.32679738562091504,0.9803921568627451,22.3745968032361,11.25023815360295,0.30408356938573444,0,1,0,0,,0.5307017543859649,270.0,21.17453798767967,18.9596167008898,0.2128296485304871,0.0632579482137004,6.648648648648648,0.246,0.5217467220867364,1531.0,0.3738656987295826,4.0,"[{'p': 'Patrick Taylor', 'y': 2020, 'sim': 61.0, 'fant': 0.311}, {'p': 'Trey Benson', 'y': 2024, 'sim': 61.0, 'fant': None}, {'p': 'Trey Sermon', 'y': 2021, 'sim': 59.0, 'fant': 0.333}, {'p': 'Jonathon Brooks', 'y': 2024, 'sim': 58.0, 'fant': None}, {'p': 'Damien Martinez', 'y': 2025, 'sim': 57.0, 'fant': None}, {'p': 'Isaiah Davis', 'y': 2024, 'sim': 57.0, 'fant': None}]"
Salvon Ahmed,2020,historical,1,retro,2,0.16339869281045752,0.40522875816993464,19.753610464438548,10.267085562487043,0.04151728321597831,0,0,0,0,,0.5964912280701754,270.0,21.00752908966461,20.79397672826831,0.2222276391055642,0.051375037775763,5.721590909090909,0.178,0.3072939315781119,1104.0,0.4224719101123595,4.0,"[{'p': ""Le'Veon Moss"", 'y': 2026, 'sim': 67.0, 'fant': None}, {'p': 'Kyren Williams', 'y': 2022, 'sim': 58.0, 'fant': 0.961}, {'p': 'Mark Walton', 'y': 2018, 'sim': 56.0, 'fant': 0.092}, {'p': 'Ronald Jones II', 'y': 2018, 'sim': 56.0, 'fant': 0.803}, {'p': 'Brashard Smith', 'y': 2025, 'sim': 56.0, 'fant': None}, {'p': 'Jadarian Price', 'y': 2026, 'sim': 56.0, 'fant': None}]"
Peyton Barber,2016,historical,1,retro,1,0.058823529411764705,0.2549019607843137,17.89681086916931,9.872364702509806,-0.2263771724723846,0,0,0,0,,0.6535087719298246,270.0,21.842573579739906,21.6290212183436,0.2909803987342479,0.0530052058684335,4.318548387096774,0.127,0.209183304566268,1129.0,0.4110535405872193,3.0,"[{'p': 'Snoop Conner', 'y': 2022, 'sim': 63.0, 'fant': 0.224}, {'p': 'Corey Clement', 'y': 2017, 'sim': 63.0, 'fant': 0.553}, {'p': 'David Montgomery', 'y': 2019, 'sim': 62.0, 'fant': 0.921}, {'p': 'Thomas Rawls', 'y': 2015, 'sim': 59.0, 'fant': 0.702}, {'p': 'Dameon Pierce', 'y': 2022, 'sim': 58.0, 'fant': 0.706}, {'p': 'Tony Jones', 'y': 2020, 'sim': 58.0, 'fant': 0.232}]"
Mike Boone,2018,historical,1,retro,3,0.26143790849673204,0.49673202614379086,21.229601250300668,10.510943531101749,-0.46302799390617727,0,0,0,1,no athletic testing at all,0.5350877192982456,270.0,22.42573579739904,22.21218343600274,0.1552546273663309,0.081081081081081,5.357142857142857,0.16875,,857.0,0.3064066852367688,,"[{'p': 'Gus Edwards', 'y': 2018, 'sim': 72.0, 'fant': 0.632}, {'p': 'Dare Ogunbowale', 'y': 2017, 'sim': 71.0, 'fant': 0.377}, {'p': 'Boston Scott', 'y': 2018, 'sim': 66.0, 'fant': 0.798}, {'p': 'Malik Davis', 'y': 2022, 'sim': 65.0, 'fant': 0.39}, {'p': 'Michael Wiley', 'y': 2024, 'sim': 63.0, 'fant': None}, {'p': 'Jalen Richard', 'y': 2016, 'sim': 62.0, 'fant': 0.649}]"
Matt Breida,2017,historical,1,retro,5,0.4117647058823529,0.8954248366013072,23.91498541178476,11.075765451342058,0.703275049601488,1,0,0,1,no athletic testing at all,0.7280701754385965,270.0,21.842573579739906,19.627652292950035,0.3593218350346122,0.0754276827371695,6.898523985239852,0.2609999999999999,,1614.0,0.3664259927797834,2.0,"[{'p': 'Devin Neal', 'y': 2025, 'sim': 61.0, 'fant': None}, {'p': 'Ty Johnson', 'y': 2019, 'sim': 59.0, 'fant': 0.561}, {'p': 'Marlon Mack', 'y': 2017, 'sim': 58.0, 'fant': 0.855}, {'p': 'Joshua Kelley', 'y': 2020, 'sim': 56.0, 'fant': 0.461}, {'p': 'Jerome Ford', 'y': 2022, 'sim': 56.0, 'fant': 0.754}, {'p': 'J.K. Dobbins', 'y': 2020, 'sim': 56.0, 'fant': 0.75}]"
Malcolm Brown,2015,historical,1,retro,4,0.3137254901960784,0.43790849673202614,22.267918016447645,10.357817532688372,-0.7224984997382963,0,0,0,0,,0.2675438596491228,270.0,21.631759069130734,18.417522245037645,0.2312352956610721,0.0706010137581462,4.250793650793651,0.0,0.3325211500766261,1099.0,0.3901918976545842,5.0,"[{'p': 'Jonathan Williams', 'y': 2016, 'sim': 64.0, 'fant': 0.465}, {'p': 'Keaontay Ingram', 'y': 2022, 'sim': 61.0, 'fant': 0.211}, {'p': 'Ryquell Armstead', 'y': 2019, 'sim': 57.0, 'fant': 0.316}, {'p': ""La'Mical Perine"", 'y': 2020, 'sim': 57.0, 'fant': 0.469}, {'p': 'Qadree Ollison', 'y': 2019, 'sim': 56.0, 'fant': 0.346}, {'p': 'Corey Clement', 'y': 2017, 'sim': 54.0, 'fant': 0.553}]"
Corey Clement,2017,historical,1,retro,2,0.10457516339869281,0.21568627450980393,19.30838547706436,9.745538901033306,-0.19096663832241537,0,0,0,0,,0.5526315789473685,270.0,22.16563997262149,19.95071868583162,0.3057144614627545,0.0571565802113352,5.368055555555555,0.1325,0.0865575773413998,1507.0,0.4883359253499222,4.0,"[{'p': 'Alex Collins', 'y': 2016, 'sim': 73.0, 'fant': 0.768}, {'p': 'Jonathan Williams', 'y': 2016, 'sim': 65.0, 'fant': 0.465}, {'p': 'David Montgomery', 'y': 2019, 'sim': 61.0, 'fant': 0.921}, {'p': 'Ryquell Armstead', 'y': 2019, 'sim': 59.0, 'fant': 0.316}, {'p': 'Benny Snell Jr.', 'y': 2019, 'sim': 59.0, 'fant': 0.412}, {'p': 'Mike Davis', 'y': 2015, 'sim': 58.0, 'fant': 0.478}]"
Malik Davis,2022,historical,1,retro,2,0.1830065359477124,0.2549019607843137,20.18574535936841,9.875071943784548,-0.9429744851247066,0,0,0,1,no athletic testing at all,0.39035087719298245,270.0,23.09924709103354,99.0,0.1243835008084466,0.0829848117983711,5.176056338028169,0.1038,,704.0,0.1984924623115578,3.0,"[{'p': 'Emari Demercado', 'y': 2023, 'sim': 77.0, 'fant': 0.452}, {'p': 'Mike Boone', 'y': 2018, 'sim': 70.0, 'fant': 0.535}, {'p': 'Rod Smith', 'y': 2015, 'sim': 66.0, 'fant': 0.68}, {'p': 'Gus Edwards', 'y': 2018, 'sim': 64.0, 'fant': 0.632}, {'p': 'Kene Nwangwu', 'y': 2021, 'sim': 64.0, 'fant': 0.325}, {'p': 'Dare Ogunbowale', 'y': 2017, 'sim': 61.0, 'fant': 0.377}]"
Emari Demercado,2023,historical,1,retro,1,0.032679738562091505,0.0457516339869281,15.979398232307734,8.010631483662827,-1.0877715727522823,0,0,0,1,no athletic testing at all,0.4517543859649123,270.0,23.94798083504449,99.0,0.1043731778425656,0.0569063631660631,4.704142011834319,-0.0012,,746.0,0.22,,"[{'p': 'Malik Davis', 'y': 2022, 'sim': 79.0, 'fant': 0.39}, {'p': 'Rod Smith', 'y': 2015, 'sim': 70.0, 'fant': 0.68}, {'p': 'Kene Nwangwu', 'y': 2021, 'sim': 70.0, 'fant': 0.325}, {'p': 'Brandon Wilson', 'y': 2017, 'sim': 63.0, 'fant': 0.092}, {'p': 'Deneric Prince', 'y': 2023, 'sim': 63.0, 'fant': 0.092}, {'p': 'Mike Boone', 'y': 2018, 'sim': 63.0, 'fant': 0.535}]"
Rico Dowdle,2020,historical,1,retro,4,0.35947712418300654,0.6143790849673203,23.16055509217519,10.69629339187204,-0.5945330882233698,0,0,0,0,,0.6666666666666666,270.0,21.54962354551677,18.338124572210816,0.1997524001324211,0.0626171728533933,5.063084112149533,0.059,0.723047058855935,819.0,0.2841880341880342,3.0,"[{'p': 'Montrell Johnson Jr.', 'y': 2025, 'sim': 67.0, 'fant': None}, {'p': 'Trey Benson', 'y': 2024, 'sim': 62.0, 'fant': None}, {'p': 'Keith Marshall', 'y': 2016, 'sim': 61.0, 'fant': 0.092}, {'p': 'Keaontay Ingram', 'y': 2022, 'sim': 61.0, 'fant': 0.211}, {'p': 'Donovan Edwards', 'y': 2025, 'sim': 60.0, 'fant': None}, {'p': 'Jalen Richard', 'y': 2016, 'sim': 60.0, 'fant': 0.649}]"
Gus Edwards,2018,historical,1,retro,2,0.1437908496732026,0.35947712418300654,19.57020055959038,10.190189463541095,-0.47708509590915893,0,0,0,1,no athletic testing at all,0.631578947368421,270.0,22.72142368240931,22.50787132101301,0.2621552408204487,0.0742609949531362,4.828571428571428,0.064,,816.0,0.3840749414519906,3.0,"[{'p': 'Mike Boone', 'y': 2018, 'sim': 73.0, 'fant': 0.535}, {'p': 'Dare Ogunbowale', 'y': 2017, 'sim': 71.0, 'fant': 0.377}, {'p': 'Darius Jackson', 'y': 2016, 'sim': 70.0, 'fant': 0.092}, {'p': 'Jordan Mason', 'y': 2022, 'sim': 70.0, 'fant': 0.583}, {'p': 'Patrick Laird', 'y': 2019, 'sim': 63.0, 'fant': 0.434}, {'p': 'Jalen Richard', 'y': 2016, 'sim': 61.0, 'fant': 0.649}]"
Corey Grant,2015,historical,1,retro,2,0.19607843137254902,0.1437908496732026,20.275070872457913,9.216587017131758,-0.18810717754930759,0,0,0,0,,0.5043859649122807,270.0,23.0362765229295,99.0,0.0917699492207494,0.0408163265306122,7.703703703703703,0.216,0.8540515166320463,655.0,0.0996677740863787,,"[{'p': 'Jake Funk', 'y': 2021, 'sim': 62.0, 'fant': 0.092}, {'p': 'Keilan Robinson', 'y': 2024, 'sim': 61.0, 'fant': None}, {'p': 'JaMycal Hasty', 'y': 2020, 'sim': 60.0, 'fant': 0.417}, {'p': 'Raymond Calais', 'y': 2020, 'sim': 58.0, 'fant': 0.092}, {'p': 'T.J. Logan', 'y': 2017, 'sim': 57.0, 'fant': 0.202}, {'p': 'Jaylen Wright', 'y': 2024, 'sim': 57.0, 'fant': None}]"
JaMycal Hasty,2020,historical,1,retro,1,0.0457516339869281,0.1111111111111111,17.590228316662408,8.903304706639226,-0.8498512623536624,0,0,0,0,,0.4166666666666667,270.0,23.301848049281315,99.0,0.1280042832207983,0.051526183141977,5.176165803108808,0.082,0.6041319129185987,811.0,0.2171314741035856,,"[{'p': 'Kaelon Black', 'y': 2026, 'sim': 63.0, 'fant': None}, {'p': 'Noah Whittington', 'y': 2026, 'sim': 62.0, 'fant': None}, {'p': 'Corey Grant', 'y': 2015, 'sim': 58.0, 'fant': 0.504}, {'p': 'Emari Demercado', 'y': 2023, 'sim': 58.0, 'fant': 0.452}, {'p': 'Malik Davis', 'y': 2022, 'sim': 58.0, 'fant': 0.39}, {'p': 'Jaylen Warren', 'y': 2022, 'sim': 57.0, 'fant': 0.724}]"
Dontrell Hilliard,2018,historical,1,retro,4,0.3006535947712418,0.6013071895424836,21.856110220749372,10.662735946947421,-0.1491866844629613,0,0,0,1,no athletic testing at all,0.3684210526315789,270.0,22.847364818617383,19.633127994524298,0.2935909980430529,0.1134239592183517,5.292639138240575,0.20075,,1206.0,0.3723404255319149,3.0,"[{'p': 'Michael Wiley', 'y': 2024, 'sim': 65.0, 'fant': None}, {'p': 'Eric Gray', 'y': 2023, 'sim': 60.0, 'fant': 0.246}, {'p': 'Kaytron Allen', 'y': 2026, 'sim': 60.0, 'fant': None}, {'p': ""La'Mical Perine"", 'y': 2020, 'sim': 60.0, 'fant': 0.469}, {'p': 'Montrell Johnson Jr.', 'y': 2025, 'sim': 60.0, 'fant': None}, {'p': 'Patrick Laird', 'y': 2019, 'sim': 60.0, 'fant': 0.434}]"
Deon Jackson,2021,historical,1,retro,1,0.0915032679738562,0.30718954248366015,18.599374003742327,10.023728022515883,-0.6069885410124,0,0,0,0,,0.5570175438596491,270.0,21.869952087611225,19.65503080082136,0.2217200223417703,0.0892193308550185,4.309885931558935,-0.0155,0.7478639464144118,1100.0,0.3709677419354839,3.0,"[{'p': 'Keaontay Ingram', 'y': 2022, 'sim': 61.0, 'fant': 0.211}, {'p': 'Jalen Richard', 'y': 2016, 'sim': 60.0, 'fant': 0.649}, {'p': ""La'Mical Perine"", 'y': 2020, 'sim': 60.0, 'fant': 0.469}, {'p': 'Montrell Johnson Jr.', 'y': 2025, 'sim': 59.0, 'fant': None}, {'p': 'Gus Edwards', 'y': 2018, 'sim': 56.0, 'fant': 0.632}, {'p': 'Dontrell Hilliard', 'y': 2018, 'sim': 56.0, 'fant': 0.368}]"
D'Ernest Johnson,2019,historical,1,retro,3,0.2222222222222222,0.3790849673202614,20.640243980599916,10.206648464598882,-0.7435083290417784,0,0,0,0,,0.44298245614035087,270.0,22.84462696783025,21.631759069130734,0.1587474943992453,0.140378548895899,4.26603325415677,0.26475,0.109892728629307,949.0,0.3083067092651757,3.0,"[{'p': 'Trestan Ebner', 'y': 2022, 'sim': 71.0, 'fant': 0.197}, {'p': 'Michael Wiley', 'y': 2024, 'sim': 57.0, 'fant': None}, {'p': 'Marcus Murphy', 'y': 2015, 'sim': 57.0, 'fant': 0.092}, {'p': ""Le'Veon Moss"", 'y': 2026, 'sim': 57.0, 'fant': None}, {'p': 'Demetric Felton', 'y': 2021, 'sim': 57.0, 'fant': 0.259}, {'p': 'Ulysses Bentley IV', 'y': 2025, 'sim': 55.0, 'fant': None}]"
Tony Jones,2020,historical,1,retro,1,0.09803921568627451,0.3137254901960784,18.973123515437354,10.047024411063024,-0.6495714209818277,0,0,0,0,,0.2324561403508772,270.0,22.102669404517453,99.0,0.1467801967605581,0.0470341521869382,5.464944649446495,0.1929999999999999,0.2385373315938813,961.0,0.3123644251626898,4.0,"[{'p': 'Dameon Pierce', 'y': 2022, 'sim': 65.0, 'fant': 0.706}, {'p': 'Snoop Conner', 'y': 2022, 'sim': 64.0, 'fant': 0.224}, {'p': 'DeeJay Dallas', 'y': 2020, 'sim': 64.0, 'fant': 0.5}, {'p': 'Gary Brightwell', 'y': 2021, 'sim': 61.0, 'fant': 0.303}, {'p': 'Josh Jacobs', 'y': 2019, 'sim': 60.0, 'fant': 0.899}, {'p': 'Kenny Hilliard', 'y': 2015, 'sim': 58.0, 'fant': 0.092}]"
Rob Kelley,2016,historical,1,retro,1,0.0392156862745098,0.12418300653594772,17.486678828910637,8.922231574417435,-1.1651201355021592,0,0,0,1,no athletic testing at all,0.6008771929824561,270.0,23.24435318275154,20.032854209445585,0.1598150260756193,0.1036269430051813,3.993710691823899,-0.0375,,626.0,0.313953488372093,,"[{'p': 'Dare Ogunbowale', 'y': 2017, 'sim': 66.0, 'fant': 0.377}, {'p': 'Gus Edwards', 'y': 2018, 'sim': 66.0, 'fant': 0.632}, {'p': 'Mike Boone', 'y': 2018, 'sim': 63.0, 'fant': 0.535}, {'p': 'Michael Wiley', 'y': 2024, 'sim': 59.0, 'fant': None}, {'p': 'Deon Jackson', 'y': 2021, 'sim': 59.0, 'fant': 0.557}, {'p': 'Malik Davis', 'y': 2022, 'sim': 58.0, 'fant': 0.39}]"
Patrick Laird,2019,historical,1,retro,2,0.17647058823529413,0.13071895424836602,20.001183713465092,8.972341527614958,-0.17688061709832562,0,0,0,1,no athletic testing at all,0.4342105263157895,270.0,23.37577002053388,22.16290212183436,0.2872134431337636,0.1183063511830635,5.047169811320755,0.072,,1449.0,0.4673684210526316,,"[{'p': 'Eric Gray', 'y': 2023, 'sim': 68.0, 'fant': 0.246}, {'p': 'Dare Ogunbowale', 'y': 2017, 'sim': 65.0, 'fant': 0.377}, {'p': 'Devontae Booker', 'y': 2016, 'sim': 65.0, 'fant': 0.623}, {'p': 'Darius Jackson', 'y': 2016, 'sim': 64.0, 'fant': 0.092}, {'p': 'Gus Edwards', 'y': 2018, 'sim': 63.0, 'fant': 0.632}, {'p': 'Dontrell Hilliard', 'y': 2018, 'sim': 61.0, 'fant': 0.368}]"
Phillip Lindsay,2018,historical,1,retro,2,0.1895424836601307,0.0915032679738562,20.25673093852822,8.82497101145184,-0.020382670541542646,0,0,0,0,,0.8508771929824561,270.0,23.44147843942505,21.22655715263518,0.3795160864978903,0.1383665450463093,4.93455497382199,,0.5695447676478457,1745.0,0.6193415637860082,,"[{'p': 'Tyler Badie', 'y': 2022, 'sim': 66.0, 'fant': 0.237}, {'p': 'Ronnie Rivers', 'y': 2022, 'sim': 62.0, 'fant': 0.294}, {'p': ""De'Von Achane"", 'y': 2023, 'sim': 59.0, 'fant': 0.956}, {'p': 'Ito Smith', 'y': 2018, 'sim': 59.0, 'fant': 0.509}, {'p': 'Tyler Ervin', 'y': 2016, 'sim': 59.0, 'fant': 0.092}, {'p': ""J'Mari Taylor"", 'y': 2026, 'sim': 59.0, 'fant': None}]"
Jordan Mason,2022,historical,1,retro,1,0.032679738562091505,0.1437908496732026,17.320263565153727,9.287384302354969,-0.4739897799258657,0,0,0,1,no athletic testing at all,0.5833333333333334,270.0,22.60917180013689,20.39425051334702,0.2693589372088357,0.0336842105263157,5.17960088691796,0.11275,,930.0,0.3931818181818182,3.0,"[{'p': 'Gus Edwards', 'y': 2018, 'sim': 70.0, 'fant': 0.632}, {'p': 'Jalen Richard', 'y': 2016, 'sim': 67.0, 'fant': 0.649}, {'p': 'Darius Jackson', 'y': 2016, 'sim': 64.0, 'fant': 0.092}, {'p': 'Ryquell Armstead', 'y': 2019, 'sim': 63.0, 'fant': 0.316}, {'p': 'Rahsul Faison', 'y': 2026, 'sim': 62.0, 'fant': None}, {'p': 'Mike Boone', 'y': 2018, 'sim': 62.0, 'fant': 0.535}]"
J.D. McKissic,2016,historical,1,retro,5,0.40522875816993464,0.8431372549019608,23.559820917407652,10.96033265705912,-0.10098555226622682,0,0,0,1,no athletic testing at all,0.6403508771929824,270.0,22.379192334017795,99.0,0.130611777444611,0.3018310691080921,8.063829787234043,0.5895,,1035.0,0.0319148936170212,,"[{'p': 'Tyrone Tracy Jr.', 'y': 2024, 'sim': 58.0, 'fant': None}, {'p': 'C.J. Prosise', 'y': 2016, 'sim': 56.0, 'fant': 0.579}, {'p': 'Tony Pollard', 'y': 2019, 'sim': 54.0, 'fant': 0.671}, {'p': 'Rachaad White', 'y': 2022, 'sim': 53.0, 'fant': 0.877}, {'p': 'Trestan Ebner', 'y': 2022, 'sim': 50.0, 'fant': 0.197}, {'p': 'Evan Hull', 'y': 2023, 'sim': 50.0, 'fant': 0.193}]"
Jaleel McLaughlin,2023,historical,1,retro,5,0.41830065359477125,0.7516339869281046,24.135605797147466,10.943040174726175,0.32659574702144323,0,0,0,1,no athletic testing at all,0.4956140350877193,270.0,22.299794661190965,22.086242299794662,0.4164224219691732,0.1388888888888889,6.758333333333334,0.203,,1888.0,0.5523114355231143,,"[{'p': 'Jason Huntley', 'y': 2020, 'sim': 60.0, 'fant': 0.092}, {'p': 'Lew Nichols', 'y': 2023, 'sim': 58.0, 'fant': 0.092}, {'p': 'Emmett Johnson', 'y': 2026, 'sim': 58.0, 'fant': None}, {'p': 'Jerome Ford', 'y': 2022, 'sim': 56.0, 'fant': 0.754}, {'p': 'Paul Perkins', 'y': 2016, 'sim': 56.0, 'fant': 0.36}, {'p': 'Jay Ajayi', 'y': 2015, 'sim': 56.0, 'fant': 0.816}]"
Keaton Mitchell,2023,historical,1,retro,4,0.33986928104575165,0.7189542483660131,22.893766683581024,10.89811380361293,0.4981840645751458,1,0,0,0,,0.5701754385964912,270.0,20.955509924709105,19.742642026009584,0.2846305493662621,0.0778701138811942,6.537796976241901,0.1613333333333333,0.6601579675130141,1704.0,0.4843373493975904,,"[{'p': ""De'Von Achane"", 'y': 2023, 'sim': 69.0, 'fant': 0.956}, {'p': 'Jaden Shirden', 'y': 2024, 'sim': 66.0, 'fant': None}, {'p': 'Demond Claiborne', 'y': 2026, 'sim': 61.0, 'fant': None}, {'p': 'Tyler Ervin', 'y': 2016, 'sim': 60.0, 'fant': 0.092}, {'p': 'Keenan Reynolds', 'y': 2016, 'sim': 58.0, 'fant': 0.092}, {'p': 'Phillip Lindsay', 'y': 2018, 'sim': 58.0, 'fant': 0.851}]"
Raheem Mostert,2015,historical,1,retro,1,0.0784313725490196,0.27450980392156865,18.216435922935162,9.945456299878124,-0.6860204415192703,0,0,0,0,,0.5219298245614035,270.0,22.729637234770703,99.0,0.123184118845724,0.051578479324144,5.580882352941177,0.0494999999999999,0.8913756217800599,645.0,0.2360406091370558,,"[{'p': 'Kerrith Whyte Jr', 'y': 2019, 'sim': 66.0, 'fant': 0.25}, {'p': 'Zac Brooks', 'y': 2016, 'sim': 64.0, 'fant': 0.092}, {'p': 'T.J. Logan', 'y': 2017, 'sim': 61.0, 'fant': 0.202}, {'p': 'James Cook', 'y': 2022, 'sim': 58.0, 'fant': 0.895}, {'p': 'Keilan Robinson', 'y': 2024, 'sim': 56.0, 'fant': None}, {'p': 'Jadarian Price', 'y': 2026, 'sim': 56.0, 'fant': None}]"
Dare Ogunbowale,2017,historical,1,retro,3,0.20915032679738563,0.4117647058823529,20.462586363817266,10.312995600206595,-0.6385111825318877,0,0,0,0,,0.37719298245614036,270.0,22.663928815879533,21.44832306639288,0.2106273186518273,0.1007412398921832,4.758620689655173,0.1463333333333333,0.3527517910123494,1118.0,0.3841584158415841,,"[{'p': 'Gus Edwards', 'y': 2018, 'sim': 71.0, 'fant': 0.632}, {'p': 'Mike Boone', 'y': 2018, 'sim': 71.0, 'fant': 0.535}, {'p': 'Michael Wiley', 'y': 2024, 'sim': 70.0, 'fant': None}, {'p': 'Patrick Laird', 'y': 2019, 'sim': 65.0, 'fant': 0.434}, {'p': 'Jalen Richard', 'y': 2016, 'sim': 63.0, 'fant': 0.649}, {'p': 'Darius Jackson', 'y': 2016, 'sim': 62.0, 'fant': 0.092}]"
Jaret Patterson,2021,historical,1,retro,5,0.49673202614379086,0.9869281045751634,25.474410196764037,11.28885096475905,0.7840209697671472,1,1,0,0,,0.33771929824561403,270.0,21.026694045174537,18.811772758384667,0.403541996648532,0.1166945840312674,6.1069182389937104,0.352,0.1203080933753804,2008.0,0.484472049689441,2.0,"[{'p': 'Devin Singletary', 'y': 2019, 'sim': 68.0, 'fant': 0.811}, {'p': 'Trayveon Williams', 'y': 2019, 'sim': 62.0, 'fant': 0.263}, {'p': 'Ronnie Rivers', 'y': 2022, 'sim': 61.0, 'fant': 0.294}, {'p': 'Tyler Badie', 'y': 2022, 'sim': 59.0, 'fant': 0.237}, {'p': 'Dylan Sampson', 'y': 2025, 'sim': 58.0, 'fant': None}, {'p': 'Michael Carter', 'y': 2021, 'sim': 57.0, 'fant': 0.697}]"
Thomas Rawls,2015,historical,1,retro,1,0.0196078431372549,0.0784313725490196,15.096193658726289,8.747693116190224,-0.5420681961104983,0,0,0,0,,0.7017543859649122,270.0,21.412731006160165,21.19917864476386,0.2239394371035719,0.0294583465315172,5.074204946996466,-0.0845,0.2867146771942763,1196.0,0.4242424242424242,3.0,"[{'p': 'Kyle Monangai', 'y': 2025, 'sim': 65.0, 'fant': None}, {'p': 'Corey Kiner', 'y': 2025, 'sim': 62.0, 'fant': None}, {'p': 'Snoop Conner', 'y': 2022, 'sim': 60.0, 'fant': 0.224}, {'p': 'Corey Clement', 'y': 2017, 'sim': 59.0, 'fant': 0.553}, {'p': 'DeeJay Dallas', 'y': 2020, 'sim': 59.0, 'fant': 0.5}, {'p': 'Alex Collins', 'y': 2016, 'sim': 57.0, 'fant': 0.768}]"
Jalen Richard,2016,historical,1,retro,2,0.13725490196078433,0.6209150326797386,19.51577788465772,10.698721571541995,-0.3998715313063045,0,0,0,1,no athletic testing at all,0.6491228070175439,270.0,22.21218343600274,19.000684462696785,0.2091979169330833,0.0615251299826689,5.242424242424242,0.1333333333333333,,1382.0,0.3760162601626016,3.0,"[{'p': 'Kylin Hill', 'y': 2021, 'sim': 66.0, 'fant': 0.189}, {'p': 'Jordan Mason', 'y': 2022, 'sim': 65.0, 'fant': 0.583}, {'p': 'Montrell Johnson Jr.', 'y': 2025, 'sim': 65.0, 'fant': None}, {'p': ""La'Mical Perine"", 'y': 2020, 'sim': 64.0, 'fant': 0.469}, {'p': 'Michael Wiley', 'y': 2024, 'sim': 63.0, 'fant': None}, {'p': 'Mike Boone', 'y': 2018, 'sim': 61.0, 'fant': 0.535}]"
Ronnie Rivers,2022,historical,1,retro,3,0.28104575163398693,0.5294117647058824,21.497323384251374,10.55343912718942,-0.048830908480796756,0,0,0,0,,0.29385964912280704,270.0,22.91854893908282,19.704312114989733,0.3166943927977297,0.130194924604634,5.092399403874814,0.179,0.3643809761383133,1253.0,0.4830917874396135,2.0,"[{'p': 'Tyler Badie', 'y': 2022, 'sim': 69.0, 'fant': 0.237}, {'p': 'Matthew Dayes', 'y': 2017, 'sim': 65.0, 'fant': 0.092}, {'p': 'Ito Smith', 'y': 2018, 'sim': 64.0, 'fant': 0.509}, {'p': 'Jarquez Hunter', 'y': 2025, 'sim': 60.0, 'fant': None}, {'p': 'Myles Gaskin', 'y': 2019, 'sim': 58.0, 'fant': 0.842}, {'p': 'Sean Tucker', 'y': 2023, 'sim': 56.0, 'fant': 0.456}]"
James Robinson,2020,historical,1,retro,2,0.13071895424836602,0.3464052287581699,19.50168154398915,10.141534015126833,0.2556174942367531,0,0,0,1,no reliable college production data (thin CFBD team-season),0.8903508771929824,270.0,21.39630390143737,99.0,,,5.714285714285714,-0.1016666666666666,0.6409092544561407,195.0,0.5909090909090909,3.0,"[{'p': 'Thomas Rawls', 'y': 2015, 'sim': 55.0, 'fant': 0.702}, {'p': 'Dameon Pierce', 'y': 2022, 'sim': 54.0, 'fant': 0.706}, {'p': 'MarShawn Lloyd', 'y': 2024, 'sim': 53.0, 'fant': None}, {'p': 'Peyton Barber', 'y': 2016, 'sim': 52.0, 'fant': 0.654}, {'p': 'Tony Jones', 'y': 2020, 'sim': 52.0, 'fant': 0.232}, {'p': 'David Montgomery', 'y': 2019, 'sim': 52.0, 'fant': 0.921}]"
Rod Smith,2015,historical,1,retro,1,0.032679738562091505,0.032679738562091505,15.806046803994342,7.368190575084793,-0.7175952014064904,0,0,0,1,no athletic testing at all,0.6798245614035088,270.0,22.9760438056126,99.0,0.0539913700107874,0.0252525252525252,5.130841121495327,0.106,,270.0,0.059040590405904,,"[{'p': 'Brandon Wilson', 'y': 2017, 'sim': 87.0, 'fant': 0.092}, {'p': 'Kene Nwangwu', 'y': 2021, 'sim': 85.0, 'fant': 0.325}, {'p': 'Emari Demercado', 'y': 2023, 'sim': 72.0, 'fant': 0.452}, {'p': 'Malik Davis', 'y': 2022, 'sim': 70.0, 'fant': 0.39}, {'p': 'Nick Bawden', 'y': 2018, 'sim': 65.0, 'fant': 0.092}, {'p': 'Deneric Prince', 'y': 2023, 'sim': 63.0, 'fant': 0.092}]"
Patrick Taylor,2020,historical,1,retro,2,0.1568627450980392,0.5751633986928104,19.73675447443086,10.59820328625539,-0.24222294694482088,0,0,0,0,,0.31140350877192985,270.0,21.675564681724847,19.463381245722108,0.2077725884677564,0.0580949572397522,5.392120075046904,0.16975,0.4827616675326052,1309.0,0.360091743119266,3.0,"[{'p': 'Josh Adams', 'y': 2018, 'sim': 64.0, 'fant': 0.531}, {'p': 'Camerun Peoples', 'y': 2023, 'sim': 64.0, 'fant': 0.092}, {'p': 'Wayne Gallman', 'y': 2017, 'sim': 56.0, 'fant': 0.544}, {'p': 'Tyrion Davis-Price', 'y': 2022, 'sim': 55.0, 'fant': 0.219}, {'p': 'Adam Randall', 'y': 2026, 'sim': 55.0, 'fant': None}, {'p': 'Trey Benson', 'y': 2024, 'sim': 55.0, 'fant': None}]"
Sean Tucker,2023,historical,1,retro,3,0.29411764705882354,0.673202614379085,21.82061209714146,10.768308810441226,0.3623972540191013,0,0,0,0,,0.45614035087719296,270.0,21.1854893908282,18.973305954825463,0.3814840729584212,0.1388888888888889,5.410169491525424,0.1436666666666666,,1751.0,0.5093167701863354,3.0,"[{'p': 'Paul Perkins', 'y': 2016, 'sim': 70.0, 'fant': 0.36}, {'p': 'Eno Benjamin', 'y': 2020, 'sim': 65.0, 'fant': 0.447}, {'p': 'Myles Gaskin', 'y': 2019, 'sim': 63.0, 'fant': 0.842}, {'p': 'Ito Smith', 'y': 2018, 'sim': 63.0, 'fant': 0.509}, {'p': 'Jarquez Hunter', 'y': 2025, 'sim': 62.0, 'fant': None}, {'p': 'Kenneth Dixon', 'y': 2016, 'sim': 61.0, 'fant': 0.658}]"
Terron Ward,2015,historical,1,retro,2,0.12418300653594772,0.39215686274509803,19.494535092236138,10.266305086229867,-0.6318040350674263,0,0,0,0,,0.30701754385964913,270.0,22.87748117727584,22.663928815879533,0.2444887792909453,0.0692889561270801,4.888594164456234,0.099,0.120376826174965,925.0,0.3643835616438356,,"[{'p': 'Emani Bailey', 'y': 2024, 'sim': 67.0, 'fant': None}, {'p': 'Jaylen Warren', 'y': 2022, 'sim': 66.0, 'fant': 0.724}, {'p': 'Kyle Monangai', 'y': 2025, 'sim': 61.0, 'fant': None}, {'p': 'Noah Whittington', 'y': 2026, 'sim': 58.0, 'fant': None}, {'p': 'DeAndre Washington', 'y': 2016, 'sim': 57.0, 'fant': 0.491}, {'p': 'Corey Kiner', 'y': 2025, 'sim': 56.0, 'fant': None}]"
Jaylen Warren,2022,historical,1,retro,1,0.0915032679738562,0.16993464052287582,18.88292584502916,9.557166753448342,-0.641717628208452,0,0,0,0,,0.7236842105263158,270.0,23.16769336071184,22.954140999315538,0.2312758794815687,0.0693160813308687,5.004914004914005,0.042,0.2508170466295019,1441.0,0.4280936454849498,2.0,"[{'p': 'Kyle Monangai', 'y': 2025, 'sim': 65.0, 'fant': None}, {'p': 'Emani Bailey', 'y': 2024, 'sim': 63.0, 'fant': None}, {'p': 'Corey Kiner', 'y': 2025, 'sim': 63.0, 'fant': None}, {'p': 'Cody Schrader', 'y': 2024, 'sim': 62.0, 'fant': None}, {'p': 'DeAndre Washington', 'y': 2016, 'sim': 60.0, 'fant': 0.491}, {'p': 'Kaelon Black', 'y': 2026, 'sim': 60.0, 'fant': None}]"
Darrel Williams,2018,historical,1,retro,3,0.27450980392156865,0.42483660130718953,21.289969577915727,10.341222724354154,-0.6956020882099953,0,0,0,0,,0.47368421052631576,270.0,22.715947980835043,22.50239561943874,0.2144722118612458,0.1251417769376181,5.143302180685359,0.186,0.1118192267977522,1151.0,0.2626811594202898,4.0,"[{'p': 'Dare Ogunbowale', 'y': 2017, 'sim': 58.0, 'fant': 0.377}, {'p': 'David Williams', 'y': 2018, 'sim': 56.0, 'fant': 0.092}, {'p': 'Kenny McIntosh', 'y': 2023, 'sim': 56.0, 'fant': 0.285}, {'p': 'Karlos Williams', 'y': 2015, 'sim': 54.0, 'fant': 0.776}, {'p': 'Gerrid Doaks', 'y': 2021, 'sim': 54.0, 'fant': 0.092}, {'p': 'Jonathan Williams', 'y': 2016, 'sim': 54.0, 'fant': 0.465}]"
Zach Zenner,2015,historical,1,retro,4,0.3790849673202614,0.2679738562091503,23.286471380742373,9.900584811581751,0.5570546616619115,1,0,0,1,no reliable college production data (thin CFBD team-season); no athletic testing at all,0.4298245614035088,270.0,23.301848049281315,99.0,,,7.5606060606060606,0.1659999999999999,,223.0,0.9583333333333334,,"[{'p': 'Chase Edmonds', 'y': 2018, 'sim': 54.0, 'fant': 0.693}, {'p': 'David Johnson', 'y': 2015, 'sim': 52.0, 'fant': 0.969}, {'p': 'Jerome Ford', 'y': 2022, 'sim': 49.0, 'fant': 0.754}, {'p': 'Dillon Johnson', 'y': 2024, 'sim': 48.0, 'fant': None}, {'p': 'Pierre Strong', 'y': 2022, 'sim': 48.0, 'fant': 0.408}, {'p': 'Darius Jackson', 'y': 2016, 'sim': 48.0, 'fant': 0.092}]"
Travis Dye,2023,historical,1,projected,3,0.24836601307189543,0.08496732026143791,21.134866039926827,8.818831665157706,-0.21438560854353397,0,0,0,1,no verified birth date,0.09210526315789473,270.0,,,0.3009489881451323,0.1402582159624413,6.004511278195489,0.3001999999999999,0.0080523250709363,1673.0,0.3996212121212121,3.0,"[{'p': 'Matthew Dayes', 'y': 2017, 'sim': 63.0, 'fant': 0.092}, {'p': 'Michael Wiley', 'y': 2024, 'sim': 57.0, 'fant': None}, {'p': 'Paul Perkins', 'y': 2016, 'sim': 54.0, 'fant': 0.36}, {'p': 'Eric Gray', 'y': 2023, 'sim': 54.0, 'fant': 0.246}, {'p': 'Dare Ogunbowale', 'y': 2017, 'sim': 53.0, 'fant': 0.377}, {'p': 'Sean Tucker', 'y': 2023, 'sim': 53.0, 'fant': 0.456}]"
Tiyon Evans,2023,historical,1,projected,1,0.0915032679738562,0.1437908496732026,18.625455091460537,9.36847741361855,-0.3140929304406061,0,0,0,1,no verified birth date,0.09210526315789473,270.0,,,0.1302124741612338,0.0221424296828246,6.402439024390244,0.245,0.4443585176852893,599.0,0.162109375,3.0,"[{'p': 'Snoop Conner', 'y': 2022, 'sim': 71.0, 'fant': 0.224}, {'p': 'Miyan Williams', 'y': 2024, 'sim': 68.0, 'fant': None}, {'p': 'Dameon Pierce', 'y': 2022, 'sim': 61.0, 'fant': 0.706}, {'p': 'DeeJay Dallas', 'y': 2020, 'sim': 61.0, 'fant': 0.5}, {'p': 'MarShawn Lloyd', 'y': 2024, 'sim': 61.0, 'fant': None}, {'p': 'Tony Jones', 'y': 2020, 'sim': 60.0, 'fant': 0.232}]"
Mohamed Ibrahim,2023,historical,1,projected,2,0.10457516339869281,0.12418300653594772,19.423132171615443,8.971561614226655,0.4175002682748291,1,0,0,0,,0.09210526315789473,270.0,23.31553730321697,19.10198494182067,0.4941301431127012,0.0401721664275466,5.385236447520184,0.2372,,1715.0,0.6931034482758621,3.0,"[{'p': 'Blake Corum', 'y': 2024, 'sim': 60.0, 'fant': None}, {'p': 'Kyle Monangai', 'y': 2025, 'sim': 57.0, 'fant': None}, {'p': 'Trayveon Williams', 'y': 2019, 'sim': 57.0, 'fant': 0.263}, {'p': 'Cody Schrader', 'y': 2024, 'sim': 57.0, 'fant': None}, {'p': 'Devin Singletary', 'y': 2019, 'sim': 56.0, 'fant': 0.811}, {'p': 'Myles Gaskin', 'y': 2019, 'sim': 56.0, 'fant': 0.842}]"
Camerun Peoples,2023,historical,1,projected,1,0.0718954248366013,0.13071895424836602,18.180525342808323,9.01582129250487,0.04491184204890445,0,0,0,1,no verified birth date,0.09210526315789473,270.0,,,0.2270637984923699,0.0143094841930116,6.232967032967033,0.2524,0.5108539721102355,1138.0,0.3116883116883117,2.0,"[{'p': 'Kendall Milton', 'y': 2024, 'sim': 61.0, 'fant': None}, {'p': 'Trey Sermon', 'y': 2021, 'sim': 60.0, 'fant': 0.333}, {'p': 'Jordan Wilkins', 'y': 2018, 'sim': 60.0, 'fant': 0.382}, {'p': 'Patrick Taylor', 'y': 2020, 'sim': 59.0, 'fant': 0.311}, {'p': 'Damien Martinez', 'y': 2025, 'sim': 59.0, 'fant': None}, {'p': 'Kalel Mullings', 'y': 2025, 'sim': 59.0, 'fant': None}]"
Deneric Prince,2023,historical,1,projected,1,0.032679738562091505,0.13071895424836602,16.543329818090225,9.006618525140198,-0.5205312204619685,0,0,0,0,,0.09210526315789473,270.0,22.72416153319644,99.0,0.1484245105926522,0.0256253813300793,5.536507936507936,0.0857499999999999,0.7467101219785545,813.0,0.3007159904534606,3.0,"[{'p': 'Chris Carson', 'y': 2017, 'sim': 79.0, 'fant': 0.882}, {'p': 'Roschon Johnson', 'y': 2023, 'sim': 62.0, 'fant': 0.539}, {'p': 'Kene Nwangwu', 'y': 2021, 'sim': 62.0, 'fant': 0.325}, {'p': 'Emari Demercado', 'y': 2023, 'sim': 62.0, 'fant': 0.452}, {'p': 'Joe Williams', 'y': 2017, 'sim': 62.0, 'fant': 0.092}, {'p': 'Malik Davis', 'y': 2022, 'sim': 61.0, 'fant': 0.39}]"
Tavion Thomas,2023,historical,1,projected,1,0.032679738562091505,0.0718954248366013,16.416056197306297,8.572610438836413,-0.2914229694028948,0,0,0,1,no verified birth date,0.09210526315789473,270.0,,,0.2635413828544606,0.0123244482659787,5.229473684210526,0.19725,0.1818468886292794,1111.0,0.3856332703213611,3.0,"[{'p': 'Elijah Hood', 'y': 2017, 'sim': 66.0, 'fant': 0.092}, {'p': 'Jordan Howard', 'y': 2016, 'sim': 61.0, 'fant': 0.86}, {'p': 'Peyton Barber', 'y': 2016, 'sim': 58.0, 'fant': 0.654}, {'p': 'Samaje Perine', 'y': 2017, 'sim': 57.0, 'fant': 0.404}, {'p': 'Qadree Ollison', 'y': 2019, 'sim': 57.0, 'fant': 0.346}, {'p': 'Phil Mafah', 'y': 2025, 'sim': 57.0, 'fant': None}]"
SaRodorick Thompson,2023,historical,1,projected,1,0.05228758169934641,0.12418300653594772,17.871402901696385,8.936120696224027,-0.4024219203413384,0,0,0,0,,0.09210526315789473,270.0,23.252566735112936,20.03832991101985,0.2170484476015643,0.0468101170252925,4.922651933701657,0.1586,0.2418073257371754,919.0,0.399002493765586,3.0,"[{'p': 'Jordan Scarlett', 'y': 2019, 'sim': 64.0, 'fant': 0.092}, {'p': 'Ty Chandler', 'y': 2022, 'sim': 62.0, 'fant': 0.421}, {'p': 'Ulysses Bentley IV', 'y': 2025, 'sim': 60.0, 'fant': None}, {'p': ""Le'Veon Moss"", 'y': 2026, 'sim': 60.0, 'fant': None}, {'p': 'Roman Hemby', 'y': 2026, 'sim': 60.0, 'fant': None}, {'p': 'Wayne Gallman', 'y': 2017, 'sim': 59.0, 'fant': 0.544}]"
Emani Bailey,2024,prediction,1,projected,3,0.20261437908496732,0.42483660130718953,20.333611317116965,10.354475915413659,-0.25717039051899815,0,0,0,0,,,270.0,22.091718001368925,21.87816563997262,0.222156683172159,0.05,5.904371584699454,0.23325,0.1909245676246392,1393.0,0.551980198019802,3.0,"[{'p': 'Jaylen Warren', 'y': 2022, 'sim': 65.0, 'fant': 0.724}, {'p': 'Kyle Monangai', 'y': 2025, 'sim': 64.0, 'fant': None}, {'p': 'DeAndre Washington', 'y': 2016, 'sim': 62.0, 'fant': 0.491}, {'p': 'Terron Ward', 'y': 2015, 'sim': 61.0, 'fant': 0.307}, {'p': 'Corey Kiner', 'y': 2025, 'sim': 61.0, 'fant': None}, {'p': 'Cody Schrader', 'y': 2024, 'sim': 60.0, 'fant': None}]"
George Holani,2024,prediction,1,projected,2,0.10457516339869281,0.13725490196078433,19.411391207436857,9.182415199850908,-0.2646631803702638,0,0,0,0,,,270.0,24.04380561259412,19.83025325119781,0.2581000339084783,0.0642349903163331,5.262536873156342,0.2133999999999999,0.7179851915893433,1308.0,0.4123134328358209,3.0,"[{'p': 'Brittain Brown', 'y': 2022, 'sim': 65.0, 'fant': 0.092}, {'p': 'Jordan Mason', 'y': 2022, 'sim': 61.0, 'fant': 0.583}, {'p': 'Jalen Richard', 'y': 2016, 'sim': 60.0, 'fant': 0.649}, {'p': 'Patrick Laird', 'y': 2019, 'sim': 58.0, 'fant': 0.434}, {'p': 'Ty Chandler', 'y': 2022, 'sim': 58.0, 'fant': 0.421}, {'p': 'Gus Edwards', 'y': 2018, 'sim': 58.0, 'fant': 0.632}]"
Dillon Johnson,2024,prediction,1,projected,3,0.2549019607843137,0.46405228758169936,21.202195764720962,10.460998847236247,-0.3918276383798165,0,0,0,0,,,270.0,22.546201232032853,22.33264887063655,0.2207521528349471,0.0858072387149247,5.1922246220302375,0.16525,0.1592355191138297,1385.0,0.5959079283887468,3.0,"[{'p': 'Dare Ogunbowale', 'y': 2017, 'sim': 62.0, 'fant': 0.377}, {'p': 'Jerome Ford', 'y': 2022, 'sim': 59.0, 'fant': 0.754}, {'p': 'Wayne Gallman', 'y': 2017, 'sim': 59.0, 'fant': 0.544}, {'p': 'Darius Jackson', 'y': 2016, 'sim': 56.0, 'fant': 0.092}, {'p': 'Patrick Laird', 'y': 2019, 'sim': 54.0, 'fant': 0.434}, {'p': 'Kylin Hill', 'y': 2021, 'sim': 54.0, 'fant': 0.189}]"
Kendall Milton,2024,prediction,1,projected,1,0.032679738562091505,0.11764705882352941,17.461911457695685,8.913544459556753,-0.1631005726009818,0,0,0,0,,,270.0,21.88911704312115,21.675564681724847,0.1599141247166947,0.0144241604687852,6.191919191919192,0.1965,0.5642954238158248,815.0,0.25,4.0,"[{'p': 'Bo Scarbrough', 'y': 2018, 'sim': 68.0, 'fant': 0.575}, {'p': ""Ja'Quinden Jackson"", 'y': 2025, 'sim': 64.0, 'fant': None}, {'p': 'Kalel Mullings', 'y': 2025, 'sim': 63.0, 'fant': None}, {'p': 'CJ Donaldson', 'y': 2026, 'sim': 63.0, 'fant': None}, {'p': 'Chris Carson', 'y': 2017, 'sim': 63.0, 'fant': 0.882}, {'p': 'Camerun Peoples', 'y': 2023, 'sim': 62.0, 'fant': 0.092}]"
Cody Schrader,2024,prediction,1,projected,1,0.0718954248366013,0.08496732026143791,18.065748593522397,8.808015187707412,-0.32110450504777943,0,0,0,0,,,270.0,24.314852840520192,23.10198494182067,0.3050162880788871,0.0562592047128129,5.29372197309417,0.1185,0.1228466018194006,1808.0,0.575,,"[{'p': 'Jaylen Warren', 'y': 2022, 'sim': 64.0, 'fant': 0.724}, {'p': 'Corey Kiner', 'y': 2025, 'sim': 61.0, 'fant': None}, {'p': 'Emani Bailey', 'y': 2024, 'sim': 60.0, 'fant': None}, {'p': 'Matthew Dayes', 'y': 2017, 'sim': 60.0, 'fant': 0.092}, {'p': 'Cameron Artis-Payne', 'y': 2015, 'sim': 59.0, 'fant': 0.364}, {'p': 'Ulysses Bentley IV', 'y': 2025, 'sim': 57.0, 'fant': None}]"
Jaden Shirden,2024,prediction,1,projected,3,0.28104575163398693,0.43790849673202614,21.42535674149828,10.3788005737151,0.3233123064565668,0,0,0,1,no verified birth date,,270.0,,,0.2918073435128914,0.0458786936236391,7.457345971563981,0.2896666666666667,0.2957757432524791,1749.0,0.5606469002695418,,"[{'p': ""De'Von Achane"", 'y': 2023, 'sim': 66.0, 'fant': 0.956}, {'p': 'Keaton Mitchell', 'y': 2023, 'sim': 61.0, 'fant': 0.57}, {'p': 'Bryce Love', 'y': 2019, 'sim': 59.0, 'fant': 0.092}, {'p': 'Keenan Reynolds', 'y': 2016, 'sim': 57.0, 'fant': 0.092}, {'p': 'Brashard Smith', 'y': 2025, 'sim': 57.0, 'fant': None}, {'p': 'Kyren Williams', 'y': 2022, 'sim': 57.0, 'fant': 0.961}]"
Michael Wiley,2024,prediction,1,projected,3,0.28104575163398693,0.5098039215686274,21.433541101338864,10.535691040285872,-0.34928106587745944,0,0,0,0,,,270.0,22.140999315537304,19.928815879534564,0.2363340311700395,0.1093519882179676,5.076923076923077,0.2052,0.4015273745051841,1120.0,0.3284883720930232,3.0,"[{'p': 'Dare Ogunbowale', 'y': 2017, 'sim': 69.0, 'fant': 0.377}, {'p': 'Dontrell Hilliard', 'y': 2018, 'sim': 65.0, 'fant': 0.368}, {'p': 'Jalen Richard', 'y': 2016, 'sim': 64.0, 'fant': 0.649}, {'p': 'Mike Boone', 'y': 2018, 'sim': 63.0, 'fant': 0.535}, {'p': ""La'Mical Perine"", 'y': 2020, 'sim': 61.0, 'fant': 0.469}, {'p': 'Kylin Hill', 'y': 2021, 'sim': 60.0, 'fant': 0.189}]"
Miyan Williams,2024,prediction,1,projected,1,0.0784313725490196,0.13071895424836602,18.266806285707553,9.092328362367251,-0.12894819115776018,0,0,0,1,no verified birth date,,270.0,,,0.163753535669044,0.0149434571890145,6.027237354085603,0.31375,,852.0,0.2813186813186813,3.0,"[{'p': 'Tiyon Evans', 'y': 2023, 'sim': 72.0, 'fant': 0.092}, {'p': 'MarShawn Lloyd', 'y': 2024, 'sim': 63.0, 'fant': None}, {'p': 'Devante Mays', 'y': 2017, 'sim': 61.0, 'fant': 0.092}, {'p': 'Peyton Barber', 'y': 2016, 'sim': 61.0, 'fant': 0.654}, {'p': 'Snoop Conner', 'y': 2022, 'sim': 60.0, 'fant': 0.224}, {'p': 'Jonah Coleman', 'y': 2026, 'sim': 57.0, 'fant': None}]"
Donovan Edwards,2025,prediction,1,projected,3,0.23529411764705882,0.5294117647058824,20.95097956831474,10.55367794630343,-0.42616487998374497,0,0,0,0,,,270.0,21.8507871321013,19.63586584531143,0.1733654876741693,0.0827607745159275,5.334123222748815,0.13125,0.7720363079615048,1191.0,0.2683438155136268,4.0,"[{'p': 'Montrell Johnson Jr.', 'y': 2025, 'sim': 66.0, 'fant': None}, {'p': 'Travis Homer', 'y': 2019, 'sim': 65.0, 'fant': 0.482}, {'p': 'Will Shipley', 'y': 2024, 'sim': 62.0, 'fant': None}, {'p': 'Ty Chandler', 'y': 2022, 'sim': 60.0, 'fant': 0.421}, {'p': 'Rico Dowdle', 'y': 2020, 'sim': 60.0, 'fant': 0.667}, {'p': 'Chris Evans', 'y': 2021, 'sim': 58.0, 'fant': 0.355}]"
Ulysses Bentley IV,2025,prediction,1,projected,1,0.09803921568627451,0.13071895424836602,19.156996859586375,9.07886326662128,-0.24253564888150578,0,0,0,0,,,270.0,24.005475701574262,19.79192334017796,0.2359424027509133,0.0547169811320754,5.516059957173447,0.2361666666666666,0.1725463552593115,1072.0,0.4555256064690027,3.0,"[{'p': 'Jordan Scarlett', 'y': 2019, 'sim': 62.0, 'fant': 0.092}, {'p': 'SaRodorick Thompson', 'y': 2023, 'sim': 61.0, 'fant': 0.092}, {'p': 'Robert Henry Jr.', 'y': 2026, 'sim': 60.0, 'fant': None}, {'p': 'Marcus Murphy', 'y': 2015, 'sim': 60.0, 'fant': 0.092}, {'p': 'Jawhar Jordan', 'y': 2024, 'sim': 58.0, 'fant': None}, {'p': ""J'Mari Taylor"", 'y': 2026, 'sim': 58.0, 'fant': None}]"
Ja'Quinden Jackson,2025,prediction,1,projected,2,0.13725490196078433,0.12418300653594772,19.567052646656464,8.930210744116458,-0.09315782694370413,0,0,0,0,,,270.0,23.30458590006845,22.0889801505818,0.2275977280320748,0.038946483608854,5.451776649746193,0.35925,0.2809015479470025,929.0,0.3072164948453608,,"[{'p': 'Kendall Milton', 'y': 2024, 'sim': 63.0, 'fant': None}, {'p': 'Hassan Haskins', 'y': 2022, 'sim': 61.0, 'fant': 0.298}, {'p': 'Kalel Mullings', 'y': 2025, 'sim': 61.0, 'fant': None}, {'p': 'Brian Robinson Jr.', 'y': 2022, 'sim': 61.0, 'fant': 0.825}, {'p': 'Rodney Anderson', 'y': 2019, 'sim': 61.0, 'fant': 0.092}, {'p': 'David Williams', 'y': 2018, 'sim': 60.0, 'fant': 0.092}]"
Montrell Johnson Jr.,2025,prediction,1,projected,3,0.2549019607843137,0.6928104575163399,21.222681665874514,10.821530822347512,-0.16803904710839218,0,0,0,0,,,270.0,22.220396988364133,19.006160164271048,0.1980414640506834,0.0764744005184705,5.428822495606327,0.17675,0.7142379413317137,1053.0,0.3680387409200968,3.0,"[{'p': 'Jalen Richard', 'y': 2016, 'sim': 67.0, 'fant': 0.649}, {'p': 'Rico Dowdle', 'y': 2020, 'sim': 63.0, 'fant': 0.667}, {'p': 'Donovan Edwards', 'y': 2025, 'sim': 63.0, 'fant': None}, {'p': 'Dontrell Hilliard', 'y': 2018, 'sim': 61.0, 'fant': 0.368}, {'p': 'Damien Martinez', 'y': 2025, 'sim': 61.0, 'fant': None}, {'p': 'Trey Benson', 'y': 2024, 'sim': 61.0, 'fant': None}]"
Corey Kiner,2025,prediction,1,projected,1,0.032679738562091505,0.1437908496732026,16.99759531901676,9.368245847910753,-0.6447537066083524,0,0,0,0,,,270.0,22.94592744695414,21.730321697467488,0.1783345409954851,0.0369978858350951,5.190647482014389,0.07925,0.2716535433070866,1258.0,0.4857142857142857,4.0,"[{'p': 'Kyle Monangai', 'y': 2025, 'sim': 64.0, 'fant': None}, {'p': 'Thomas Rawls', 'y': 2015, 'sim': 60.0, 'fant': 0.702}, {'p': 'Jaylen Warren', 'y': 2022, 'sim': 60.0, 'fant': 0.724}, {'p': 'Jordan Scarlett', 'y': 2019, 'sim': 59.0, 'fant': 0.092}, {'p': 'DeAndre Washington', 'y': 2016, 'sim': 59.0, 'fant': 0.491}, {'p': 'Khalil Herbert', 'y': 2021, 'sim': 57.0, 'fant': 0.675}]"
Raheim Sanders,2025,prediction,1,projected,3,0.28104575163398693,0.5098039215686274,21.614020073151305,10.525716848205658,-0.218419271277282,0,0,0,0,,,270.0,22.56810403832991,20.35318275154004,0.2526024723487313,0.1090783569209527,5.354561101549053,0.17775,0.7576162354705662,1714.0,0.3693843594009983,4.0,"[{'p': 'Zach Charbonnet', 'y': 2023, 'sim': 62.0, 'fant': 0.759}, {'p': 'Javorius Allen', 'y': 2015, 'sim': 61.0, 'fant': 0.715}, {'p': 'Nicholas Singleton', 'y': 2026, 'sim': 61.0, 'fant': None}, {'p': 'Montrell Johnson Jr.', 'y': 2025, 'sim': 61.0, 'fant': None}, {'p': 'Keaontay Ingram', 'y': 2022, 'sim': 60.0, 'fant': 0.211}, {'p': 'DJ Giddens', 'y': 2025, 'sim': 60.0, 'fant': None}]"
Marcus Yarns,2025,prediction,1,projected,5,0.4117647058823529,0.8431372549019608,24.080153520240987,10.96033265705912,0.39375878466303177,0,0,0,1,no verified birth date,,270.0,,,0.2920043894912971,0.1066044508255563,6.666666666666667,0.3939999999999999,0.5798384189579608,1251.0,0.3481675392670157,,"[{'p': 'Brashard Smith', 'y': 2025, 'sim': 67.0, 'fant': None}, {'p': 'James Cook', 'y': 2022, 'sim': 66.0, 'fant': 0.895}, {'p': 'Elijah Mitchell', 'y': 2021, 'sim': 60.0, 'fant': 0.807}, {'p': 'Salvon Ahmed', 'y': 2020, 'sim': 57.0, 'fant': 0.596}, {'p': ""De'Von Achane"", 'y': 2023, 'sim': 57.0, 'fant': 0.956}, {'p': 'Tyjae Spears', 'y': 2023, 'sim': 57.0, 'fant': 0.684}]"
CJ Donaldson,2026,prediction,1,projected,1,0.0718954248366013,0.2222222222222222,18.022147036700595,9.794410375284322,-0.25743687008513394,0,0,0,0,,,270.0,21.481177275838466,19.266255989048595,0.2066565578768332,0.0380395025603511,4.678916827852998,0.25975,,857.0,0.3152804642166344,,"[{'p': 'Kalel Mullings', 'y': 2025, 'sim': 69.0, 'fant': None}, {'p': 'Hassan Haskins', 'y': 2022, 'sim': 67.0, 'fant': 0.298}, {'p': 'Phil Mafah', 'y': 2025, 'sim': 66.0, 'fant': None}, {'p': 'Kendall Milton', 'y': 2024, 'sim': 63.0, 'fant': None}, {'p': 'Bo Scarbrough', 'y': 2018, 'sim': 62.0, 'fant': 0.575}, {'p': ""Ja'Quinden Jackson"", 'y': 2025, 'sim': 61.0, 'fant': None}]"
Rahsul Faison,2026,prediction,1,projected,1,0.0915032679738562,0.24183006535947713,18.613199974526385,9.860576942315266,-0.41848657019600927,0,0,0,1,no verified birth date,,270.0,,,0.1873014745070172,0.0436551979282279,5.618932038834951,0.141,0.5115969491416879,1208.0,0.4725536992840095,2.0,"[{'p': 'Jordan Mason', 'y': 2022, 'sim': 63.0, 'fant': 0.583}, {'p': 'Jalen Richard', 'y': 2016, 'sim': 62.0, 'fant': 0.649}, {'p': 'Wendell Smallwood', 'y': 2016, 'sim': 60.0, 'fant': 0.592}, {'p': 'Jerome Ford', 'y': 2022, 'sim': 59.0, 'fant': 0.754}, {'p': 'Joshua Kelley', 'y': 2020, 'sim': 58.0, 'fant': 0.461}, {'p': 'Gus Edwards', 'y': 2018, 'sim': 57.0, 'fant': 0.632}]"
Eli Heidenreich,2026,prediction,1,projected,5,0.40522875816993464,0.8431372549019608,23.838701677634692,10.96033265705912,0.26450636361394053,0,0,0,0,,,270.0,22.431211498973305,20.216290212183434,0.2171127848724007,0.5,6.846153846153846,0.6826666666666666,0.5156793417351756,1440.0,0.1230031948881789,,"[{'p': 'Malcolm Perry', 'y': 2020, 'sim': 59.0, 'fant': 0.281}, {'p': 'J.D. McKissic', 'y': 2016, 'sim': 57.0, 'fant': 0.64}, {'p': 'Christian McCaffrey', 'y': 2017, 'sim': 50.0, 'fant': 1.0}, {'p': 'Tyrone Tracy Jr.', 'y': 2024, 'sim': 49.0, 'fant': None}, {'p': 'Dylan Laube', 'y': 2024, 'sim': 49.0, 'fant': None}, {'p': 'Evan Hull', 'y': 2023, 'sim': 48.0, 'fant': 0.193}]"
Roman Hemby,2026,prediction,1,projected,3,0.20915032679738563,0.13071895424836602,20.509684322554193,9.097526128228843,-0.34107581608803395,0,0,0,0,,,270.0,23.378507871321013,20.164271047227928,0.2477116704805492,0.0962493105350248,4.86938202247191,0.1774,,1287.0,0.4095860566448802,3.0,"[{'p': 'Ty Chandler', 'y': 2022, 'sim': 74.0, 'fant': 0.421}, {'p': 'Montrell Johnson Jr.', 'y': 2025, 'sim': 60.0, 'fant': None}, {'p': 'Jeremy Langford', 'y': 2015, 'sim': 60.0, 'fant': 0.618}, {'p': 'George Holani', 'y': 2024, 'sim': 58.0, 'fant': None}, {'p': 'Daniel Lasco', 'y': 2016, 'sim': 58.0, 'fant': 0.092}, {'p': 'SaRodorick Thompson', 'y': 2023, 'sim': 58.0, 'fant': 0.092}]"
Robert Henry Jr.,2026,prediction,1,projected,1,0.0915032679738562,0.11764705882352941,18.728444310614474,8.918923407850205,-0.17611684486089763,0,0,0,0,,,270.0,24.00273785078713,21.78781656399726,0.2054211388029834,0.0540027137042062,5.732843137254902,0.1686666666666666,0.5469486338312395,1159.0,0.347926267281106,,"[{'p': 'Jawhar Jordan', 'y': 2024, 'sim': 65.0, 'fant': None}, {'p': 'T.J. Logan', 'y': 2017, 'sim': 65.0, 'fant': 0.202}, {'p': 'Ulysses Bentley IV', 'y': 2025, 'sim': 60.0, 'fant': None}, {'p': 'Ty Chandler', 'y': 2022, 'sim': 59.0, 'fant': 0.421}, {'p': 'George Holani', 'y': 2024, 'sim': 58.0, 'fant': None}, {'p': 'Marcus Murphy', 'y': 2015, 'sim': 56.0, 'fant': 0.092}]"
Le'Veon Moss,2026,prediction,1,projected,1,0.0915032679738562,0.33986928104575165,18.96789891344169,10.126317593198223,-0.5142888995042206,0,0,0,1,no verified birth date,,270.0,,,0.1943451133196873,0.0515727871250914,5.506211180124224,0.12475,0.2180086476793706,906.0,0.2335907335907336,4.0,"[{'p': 'Salvon Ahmed', 'y': 2020, 'sim': 65.0, 'fant': 0.596}, {'p': 'Jadarian Price', 'y': 2026, 'sim': 60.0, 'fant': None}, {'p': 'SaRodorick Thompson', 'y': 2023, 'sim': 59.0, 'fant': 0.092}, {'p': 'Ty Chandler', 'y': 2022, 'sim': 57.0, 'fant': 0.421}, {'p': 'Jordan Scarlett', 'y': 2019, 'sim': 57.0, 'fant': 0.092}, {'p': 'T.J. Logan', 'y': 2017, 'sim': 56.0, 'fant': 0.202}]"
Desmond Reid,2026,prediction,1,projected,5,0.40522875816993464,0.8431372549019608,23.686401183090883,10.96033265705912,-0.013375935045749836,0,0,0,1,no verified birth date,,270.0,,,0.2453160270880361,0.1670031727718488,6.069815195071868,0.32225,0.2598737657792775,1545.0,0.4412470023980815,3.0,"[{'p': 'Donnel Pumphrey', 'y': 2017, 'sim': 63.0, 'fant': 0.092}, {'p': 'Demetric Felton', 'y': 2021, 'sim': 63.0, 'fant': 0.259}, {'p': 'Phillip Lindsay', 'y': 2018, 'sim': 63.0, 'fant': 0.851}, {'p': ""De'Von Achane"", 'y': 2023, 'sim': 62.0, 'fant': 0.956}, {'p': 'Deuce Vaughn', 'y': 2023, 'sim': 62.0, 'fant': 0.254}, {'p': 'Keaton Mitchell', 'y': 2023, 'sim': 60.0, 'fant': 0.57}]"
J'Mari Taylor,2026,prediction,1,projected,3,0.21568627450980393,0.13071895424836602,20.619138395698286,8.988526345162597,-0.049118255765108795,0,0,0,0,,,270.0,23.80013689253936,22.587268993839835,0.3640886890886891,0.1199253383107792,5.094405594405594,0.163,0.2781303292666929,1403.0,0.5957446808510638,,"[{'p': 'Emmett Johnson', 'y': 2026, 'sim': 67.0, 'fant': None}, {'p': 'Matthew Dayes', 'y': 2017, 'sim': 59.0, 'fant': 0.092}, {'p': 'Ulysses Bentley IV', 'y': 2025, 'sim': 59.0, 'fant': None}, {'p': 'Jawhar Jordan', 'y': 2024, 'sim': 58.0, 'fant': None}, {'p': 'Rasheen Ali', 'y': 2024, 'sim': 58.0, 'fant': None}, {'p': 'Tyler Badie', 'y': 2022, 'sim': 58.0, 'fant': 0.237}]"
Noah Whittington,2026,prediction,1,projected,1,0.05228758169934641,0.058823529411764705,17.83797137226229,8.488940483488054,-0.5740413027163055,0,0,0,0,,,270.0,24.05201916495551,99.0,0.1216528387831462,0.045638671347556,5.644359464627151,0.1913333333333333,,950.0,0.2953216374269006,,"[{'p': 'Kaelon Black', 'y': 2026, 'sim': 74.0, 'fant': None}, {'p': 'Jaylen Warren', 'y': 2022, 'sim': 62.0, 'fant': 0.724}, {'p': 'JaMycal Hasty', 'y': 2020, 'sim': 62.0, 'fant': 0.417}, {'p': 'Corey Kiner', 'y': 2025, 'sim': 59.0, 'fant': None}, {'p': 'Ray Davis', 'y': 2024, 'sim': 58.0, 'fant': None}, {'p': 'Cameron Artis-Payne', 'y': 2015, 'sim': 55.0, 'fant': 0.364}]"
