Player,Year,height,weight,hand,arm,forty,ten_split,vertical,broad,cone,shuttle,bench,bmi,speed_score,burst_score,agility_score,n_drills,elite_forty,elite_burst,elite_agility,big_bodied,pick,undrafted,log_pick,round,nfl_entry_age,has_college,best_dom,final_dom,first_dom,best_ydshare,final_ydshare,career_yds,best_yds,career_rec,career_ypr,best_long,td_rate,rush_yds_career,n_seasons,n_seasons_20,n_seasons_30,alpha,final_rank,dom_growth,final_spike,college_entry_age,breakout_age,dom_age19,dom_age20,age_final_season,early_declare,best_ppa,final_ppa,avg_ppa,best_ppa_pass,best_usage,final_usage,team_sp_off,team_sp_overall,team_sp_def,team_sos,team_sp_off_final,team_recruit_rank,power5,conf_g5,n_teams,col_qb_ypa,col_qb_td,col_qb_drafted,was_returner,transferred,recruit_stars,recruit_rating,recruit_rank,blue_chip,ret_yds,ret_td,ret_avg,height_p,weight_p,hand_p,arm_p,forty_p,ten_split_p,vertical_p,broad_p,cone_p,shuttle_p,speed_score_p,burst_score_p,ras,explosion_p,catch_radius,prod_p,recruit_p,prod_over_recruit
Ja'Marr Chase,2021,72.38,201.0,9.625,30.75,4.34,,41.0,132.0,6.96,3.99,,26.97206669445386,113.30971182645204,52.0,10.95,7,1,1,0,0,5.0,0,1.6094379124341003,1.0,20.83778234086242,1,0.3116767901073302,0.3116767901073302,0.1409288968112497,0.2954847277556441,0.2954847277556441,2093.0,1780.0,107.0,19.560747663551403,78.0,0.21495327102803738,5.0,2.0,1.0,1.0,1.0,1.0,0.17074789329608048,5.686900958466453,18.0,19.62217659137577,0.1409288968112497,0.3116767901073302,19.62217659137577,1.0,1.06,1.06,0.881,1.09,0.117,0.117,48.9,33.1,17.7,,48.9,15.0,1.0,0.0,1.0,10.8,60.0,1.0,0.0,0.0,4.0,0.9589,84.0,1.0,,,,0.40569395017793597,0.49377224199288255,0.6592592592592592,0.22592592592592592,0.946911196911197,,0.9456740442655935,0.9193877551020408,0.5653950953678474,0.9896373056994818,0.9514563106796117,0.9512448132780082,73.22143544236167,0.9388393700157488,0.5591382949071786,0.5187165775401069,0.8089171974522293,-0.2902006199121224
D.J. Moore,2018,72.0,210.0,9.63,31.63,4.42,1.53,39.5,132.0,6.95,4.07,15.0,28.47800925925926,110.04244036771127,50.5,11.02,8,1,1,0,0,24.0,0,3.1780538303479458,1.0,20.71731690622861,1,0.5329037800687285,0.5329037800687285,0.1853250478011472,0.5324742268041237,0.5324742268041237,2027.0,1033.0,146.0,13.883561643835616,92.0,0.11643835616438356,125.0,3.0,2.0,2.0,1.0,1.0,0.3475787322675813,1.6216640502354789,18.0,19.50444900752909,0.1853250478011472,0.3374622356495468,20.503764544832308,1.0,0.466,0.466,0.4116666666666667,0.437,0.173,0.173,26.7,-4.5,28.3,0.781,26.7,41.0,1.0,0.0,1.0,5.6,10.0,0.0,1.0,0.0,3.0,0.89,352.0,0.0,487.0,0.0,16.233333333333334,0.34341637010676157,0.7402135231316725,0.687037037037037,0.4601851851851852,0.7847490347490348,0.616710875331565,0.8832997987927566,0.9193877551020408,0.5858310626702997,0.9378238341968912,0.887378640776699,0.8941908713692946,72.83519990374364,0.8966887315571656,0.593484597780435,0.9732620320855615,0.5286624203821656,0.4445996117033959
Amari Cooper,2015,72.88,211.0,10.0,31.5,4.42,1.61,33.0,120.0,6.71,3.98,,27.926792128407403,110.5664519885099,43.0,10.69,7,1,0,1,0,4.0,0,1.3862943611198906,1.0,20.542094455852155,1,0.4719794344473008,0.4719794344473008,0.3412463535280937,0.4439588688946015,0.4439588688946015,3463.0,1727.0,228.0,15.18859649122807,99.0,0.13596491228070176,51.0,3.0,2.0,2.0,1.0,1.0,0.1307330809192071,1.727,18.0,18.32991101984942,0.3412463535280937,0.4719794344473008,20.32854209445585,1.0,0.907,0.769,0.8380000000000001,0.885,0.17,0.17,44.5,34.3,10.7,0.793,44.5,1.0,1.0,0.0,1.0,8.9,28.0,0.0,0.0,0.0,4.0,0.9776,45.0,1.0,,,,0.46174377224199287,0.7588967971530249,0.8787037037037037,0.41944444444444445,0.7847490347490348,0.05702917771883289,0.20020120724346077,0.29183673469387755,0.9168937329700273,0.9935233160621761,0.8970873786407767,0.2053941908713693,57.21252908743934,0.46304177352603837,0.49002328190840044,0.946524064171123,0.8906581740976646,0.055865890073458435
John Ross,2017,70.75,188.0,8.75,31.5,4.22,1.46,37.0,133.0,,4.33,,26.403426188365444,118.55995917251086,48.083333333333336,,6,1,1,0,0,9.0,0,2.1972245773362196,1.0,21.097878165639973,1,0.3395593166589343,0.3395593166589343,0.0507328605200945,0.3174165056582942,0.3174165056582942,1729.0,1150.0,114.0,15.166666666666666,91.0,0.19298245614035087,195.0,3.0,1.0,1.0,1.0,1.0,0.2888264561388398,3.0997304582210243,17.0,20.88432580424367,0.1714895056276893,0.1714895056276893,20.88432580424367,1.0,0.643,0.599,0.622,0.846,0.139,0.139,40.2,26.7,13.9,0.874,40.2,26.0,1.0,0.0,1.0,8.8,43.0,0.0,1.0,0.0,4.0,0.9032,277.0,1.0,2090.0,4.0,23.22222222222222,0.18861209964412812,0.21352313167259787,0.09166666666666666,0.41944444444444445,0.9980694980694981,0.980106100795756,0.6891348088531187,0.9418367346938775,,0.344559585492228,0.9805825242718447,0.7448132780082988,59.93044429647691,0.8705180226062804,0.3472145049020895,0.661319073083779,0.5828025477707006,0.0785165253130784
N'Keal Harry,2019,74.88,228.0,9.5,33.0,4.53,1.55,38.5,122.0,7.05,4.28,27.0,28.586336428884508,108.28593095867697,48.666666666666664,11.33,8,0,1,0,1,32.0,0,3.4657359027997265,1.0,21.0403832991102,1,0.4047158903204493,0.4047158903204493,0.2621644969463195,0.3594317806408986,0.3594317806408986,2889.0,1142.0,213.0,13.56338028169014,70.0,0.10328638497652583,144.0,3.0,3.0,2.0,1.0,1.0,0.1425513933741298,0.9527145359019265,18.0,18.82819986310746,0.2621644969463195,0.3622571772391266,20.826830937713893,1.0,0.757,0.699,0.657,0.801,0.138,0.138,33.9,1.0,33.1,0.873,33.9,24.0,1.0,0.0,1.0,8.0,20.0,0.0,1.0,0.0,4.0,0.9735,53.0,1.0,165.0,1.0,11.785714285714286,0.8051601423487544,0.9813167259786477,0.5944444444444444,0.850925925925926,0.4092664092664093,0.39389920424403185,0.8118712273641852,0.4204081632653061,0.3787465940054496,0.47020725388601037,0.8601941747572815,0.7842323651452282,64.67227192193063,0.6974911884622577,0.7656004350208275,0.857397504456328,0.881104033970276,-0.023706529513948027
DeVante Parker,2015,74.63,209.0,9.25,33.25,4.45,1.51,36.5,125.0,,,17.0,26.379996153788774,106.59485369673038,46.916666666666664,,6,1,0,0,0,14.0,0,2.6390573296152584,1.0,21.946611909650922,1,0.290220925571244,0.2479291384929009,0.2108230744194061,0.2577630388905638,0.2577630388905638,2775.0,885.0,156.0,17.78846153846154,75.0,0.21153846153846154,0.0,4.0,4.0,0.0,1.0,1.0,0.037106064073494816,0.9661016949152542,18.0,18.732375085557837,0.2108230744194061,0.2818336653098929,21.73305954825462,0.0,1.116,0.901,1.0085000000000002,1.116,0.157,0.157,39.1,24.2,15.2,0.958,34.0,45.0,0.0,1.0,1.0,9.3,31.0,1.0,0.0,0.0,3.0,0.8894,309.0,0.0,,,,0.7677935943060499,0.7170818505338078,0.40555555555555556,0.8888888888888888,0.668918918918919,0.8143236074270557,0.6247484909456741,0.6551020408163265,,,0.8262135922330097,0.6358921161825726,70.04518655807858,0.7020213746650034,0.6717466324240421,0.4474153297682709,0.5626326963906582,-0.11521736662238724
Jalen Reagor,2020,70.63,206.0,9.5,31.38,4.47,1.52,42.0,138.0,7.31,4.46,17.0,29.029805956059512,103.19701217499924,53.5,11.77,8,0,1,0,0,21.0,0,3.044522437723423,1.0,20.996577686516083,1,0.4611211176031279,0.2916666666666666,0.226797684973144,0.3928304705003734,0.25,2239.0,1052.0,147.0,15.231292517006803,93.0,0.14965986394557823,332.0,3.0,3.0,1.0,1.0,1.0,0.06486898169352256,0.5807984790874525,18.0,18.784394250513348,0.226797684973144,0.4611211176031279,20.78302532511978,1.0,0.769,0.299,0.482,0.83,0.15,0.099,25.7,6.9,16.9,0.865,28.8,28.0,1.0,0.0,1.0,6.5,9.0,0.0,1.0,0.0,4.0,0.9566,96.0,1.0,724.0,2.0,19.05263157894737,0.17704626334519574,0.6548042704626335,0.5944444444444444,0.38333333333333336,0.6023166023166023,0.7320954907161804,0.9728370221327968,0.9918367346938776,0.07493188010899182,0.12435233160621761,0.7165048543689321,0.9875518672199171,58.433792456242685,0.8937262037318687,0.5319152658139426,0.928698752228164,0.7823779193205945,0.14632083290756948
Phillip Dorsett,2015,69.75,185.0,9.38,30.25,4.33,1.54,37.0,122.0,6.85,4.11,13.0,26.732441772330777,105.2567942126949,47.166666666666664,10.96,8,1,1,1,0,29.0,0,3.367295829986474,1.0,21.987679671457904,1,0.3713870610663551,0.3713870610663551,0.0502009062152688,0.307991513437058,0.307991513437058,2132.0,871.0,121.0,17.619834710743802,79.0,0.14049586776859505,2.0,4.0,2.0,1.0,1.0,1.0,0.3211861548510863,1.0344418052256532,18.0,19.77549623545517,0.0502009062152688,0.2175637238814134,21.7741273100616,0.0,1.384,0.919,1.1515,1.384,0.084,0.084,35.0,13.9,21.3,0.86,35.0,14.0,1.0,0.0,1.0,8.5,26.0,1.0,1.0,0.0,3.0,0.8761,391.0,0.0,613.0,0.0,10.389830508474576,0.09786476868327403,0.1619217081850534,0.5064814814814815,0.1259259259259259,0.9584942084942085,0.4946949602122016,0.6891348088531187,0.4204081632653061,0.7534059945504087,0.8937823834196891,0.7864077669902912,0.6659751037344398,54.620810614961655,0.6319835797029053,0.35485174623595006,0.7700534759358288,0.5042462845010616,0.2658071914347673
CeeDee Lamb,2020,74.0,198.0,,,4.5,,34.5,124.0,,,11.0,25.41891891891892,96.57064471879286,44.833333333333336,,4,0,0,0,0,17.0,0,2.833213344056216,1.0,20.733744010951405,1,0.353786423310919,0.353786423310919,0.1541324483837768,0.3186839577329491,0.3186839577329491,3289.0,1327.0,172.0,19.122093023255815,86.0,0.18604651162790697,20.0,3.0,2.0,1.0,1.0,1.0,0.19965397492714218,1.148917748917749,18.0,19.520876112251884,0.1541324483837768,0.2555877196139627,20.520191649555098,1.0,1.118,1.013,1.0533333333333335,1.144,0.116,0.116,46.1,22.9,24.9,,46.1,9.0,1.0,0.0,1.0,11.3,32.0,1.0,1.0,0.0,4.0,0.9358,148.0,1.0,475.0,0.0,8.482142857142858,0.6708185053380783,0.4225978647686833,,,0.5057915057915058,,0.35714285714285715,0.573469387755102,,,0.458252427184466,0.3921161825726141,48.28841043647581,0.4629548906941417,0.5139806812404677,0.7005347593582888,0.7123142250530785,-0.011779465694789715
Skyy Moore,2022,69.63,195.0,10.25,31.0,4.41,1.46,34.5,125.0,7.13,4.32,,28.274644033091022,103.1122465590578,44.916666666666664,11.45,7,1,0,0,0,54.0,0,3.9889840465642745,2.0,21.308692676249144,1,0.4133270034682386,0.4133270034682386,0.1996255023748629,0.391871398240825,0.391871398240825,2483.0,1292.0,170.0,14.605882352941176,74.0,0.09411764705882353,12.0,3.0,1.0,1.0,1.0,1.0,0.21370150109337568,1.6109725685785536,18.0,21.09514031485284,0.1996255023748629,0.1996255023748629,21.09514031485284,1.0,1.045,1.045,0.7636666666666666,1.05,0.119,0.119,33.1,0.6,29.0,,33.1,86.0,0.0,1.0,1.0,9.1,23.0,0.0,1.0,0.0,,,,,21.0,0.0,5.25,0.09074733096085409,0.3540925266903915,0.9537037037037037,0.275,0.8175675675675675,0.980106100795756,0.35714285714285715,0.6551020408163265,0.2561307901907357,0.37823834196891193,0.7106796116504854,0.4066390041493776,51.95958229697473,0.5743081698698896,0.41914847295185376,0.8680926916221033,,
Elijah Moore,2021,69.5,178.0,9.375,30.125,4.35,,36.0,121.0,6.67,4.0,17.0,25.906319548677605,99.4243980176493,46.083333333333336,10.67,8,1,0,1,0,34.0,0,3.5263605246161616,2.0,20.76659822039699,1,0.4552874101843174,0.3062318840579709,0.0928580709428732,0.3651202749140893,0.3457971014492753,2441.0,1193.0,189.0,12.915343915343914,91.0,0.08465608465608465,71.0,3.0,2.0,2.0,1.0,1.0,0.21337381311509773,1.403529411764706,18.0,19.550992470910334,0.0928580709428732,0.4552874101843174,20.553045859000683,1.0,0.773,0.474,0.4718,0.878,0.176,0.024,38.1,4.8,33.2,,38.1,22.0,1.0,0.0,1.0,10.3,29.0,1.0,1.0,0.0,4.0,0.9205,203.0,1.0,353.0,0.0,9.051282051282051,0.08362989323843416,0.06850533807829182,0.47129629629629627,0.10462962962962963,0.9343629343629344,,0.5543259557344065,0.35612244897959183,0.944141689373297,0.9844559585492227,0.5766990291262136,0.5228215767634855,50.91809772847095,0.49571581128007064,0.3034704437246916,0.9233511586452763,0.6464968152866242,0.2768543433586521
Devin Funchess,2015,76.25,232.0,9.75,33.5,4.7,1.66,38.5,122.0,6.98,4.48,17.0,28.051986025262025,95.08818301852108,48.666666666666664,11.46,8,0,1,0,1,41.0,0,3.713572066704308,2.0,20.61601642710472,1,0.3794809010773751,0.3794809010773751,0.1701563103049015,0.3589618021547502,0.3589618021547502,1715.0,748.0,126.0,13.61111111111111,59.0,0.11904761904761904,23.0,3.0,2.0,1.0,1.0,1.0,0.2093245907724736,0.9799465240641712,18.0,19.4031485284052,0.2589701512396327,0.3794809010773751,20.40246406570842,1.0,0.878,0.354,0.616,0.981,0.146,0.146,31.2,11.1,20.2,0.872,27.0,6.0,1.0,0.0,1.0,8.6,21.0,0.0,0.0,0.0,,,,,,,,0.952846975088968,0.9928825622775801,0.7546296296296297,0.9268518518518518,0.04343629343629344,0.014588859416445624,0.8118712273641852,0.4204081632653061,0.5190735694822888,0.10362694300518134,0.3941747572815534,0.7842323651452282,55.988526643704276,0.5421513826370149,0.8615499209836587,0.8021390374331551,,
Tre'Quan Smith,2018,73.75,203.0,9.5,33.375,4.49,,37.5,130.0,6.97,4.5,12.0,26.237793737431772,99.89429116969761,48.333333333333336,11.469999999999999,8,0,1,0,0,91.0,0,4.51085950651685,3.0,21.984941820670773,1,0.3350277748663662,0.3068050081150011,0.3150215768203301,0.3223508459483526,0.2715047530721076,2748.0,1171.0,168.0,16.357142857142858,79.0,0.13095238095238096,23.0,3.0,3.0,3.0,1.0,1.0,-0.008216568705328997,1.372801875732708,19.0,19.770020533880903,0.0,0.3150215768203301,21.77138945927447,1.0,1.087,1.087,0.7133333333333333,1.108,0.112,0.092,40.5,14.1,26.9,0.953,40.5,65.0,0.0,1.0,1.0,10.2,37.0,0.0,0.0,0.0,,,,,,,,0.6174377224199288,0.552491103202847,0.5944444444444444,0.8981481481481481,0.5395752895752896,,0.7354124748490946,0.8714285714285714,0.5422343324250681,0.08937823834196891,0.596116504854369,0.7634854771784232,61.819566426074125,0.7343191837106783,0.711360697465404,0.64349376114082,,
Chris Godwin,2017,73.0,209.0,9.13,31.625,4.42,,36.0,125.0,7.01,4.0,19.0,27.571214111465565,109.51842874691265,46.416666666666664,11.01,8,1,0,0,0,84.0,0,4.430816798843313,3.0,20.84599589322382,1,0.3241757203589985,0.3241757203589985,0.1326251204299984,0.3949067431850789,0.269041095890411,2421.0,1101.0,154.0,15.720779220779221,72.0,0.11688311688311688,14.0,3.0,2.0,2.0,1.0,1.0,0.1915505999290001,0.8919164396003633,18.0,19.630390143737166,0.1326251204299984,0.3224533715925394,20.632443531827516,1.0,0.796,0.796,0.6316666666666667,0.784,0.13,0.105,28.4,11.3,19.0,0.865,38.0,24.0,1.0,0.0,1.0,7.0,16.0,1.0,0.0,0.0,4.0,0.9293,173.0,1.0,,,,0.4893238434163701,0.7170818505338078,0.31574074074074077,0.4462962962962963,0.7847490347490348,,0.5543259557344065,0.6551020408163265,0.44550408719346046,0.9844559585492227,0.8776699029126214,0.5663900414937759,62.15127047669148,0.6956992998211181,0.4514217090469534,0.5828877005347594,0.6815286624203821,-0.09864096188562277
Tyler Boyd,2016,73.5,197.0,9.75,32.0,4.58,1.56,34.0,119.0,6.9,4.35,11.0,25.635799898190566,89.5435503285939,43.916666666666664,11.25,8,0,0,1,0,55.0,0,4.007333185232471,2.0,21.127994524298426,1,0.496154688602789,0.3297013720742534,0.3576230752548254,0.5217211419114605,0.3736884584342211,3361.0,1261.0,254.0,13.23228346456693,69.0,0.08267716535433071,520.0,3.0,3.0,3.0,1.0,1.0,-0.02792170318057202,0.7343378271213322,18.0,18.915811088295687,0.3576230752548254,0.496154688602789,20.914442162902123,1.0,0.907,0.501,0.6856666666666666,0.99,0.211,0.211,37.4,14.1,25.3,0.931,33.9,32.0,1.0,0.0,1.0,7.8,16.0,0.0,1.0,0.0,2.0,0.7667,1795.0,0.0,1362.0,1.0,18.65753424657534,0.5845195729537367,0.40213523131672596,0.7546296296296297,0.5722222222222222,0.22876447876447875,0.2957559681697613,0.29577464788732394,0.2357142857142857,0.6580381471389646,0.29533678756476683,0.21553398058252426,0.279045643153527,40.145588292482884,0.24900763806137796,0.5517865181732281,0.9625668449197861,0.12420382165605096,0.8383630232637351
Juju Smith-Schuster,2017,73.25,215.0,10.5,32.88,4.54,1.55,32.5,120.0,6.93,5.01,15.0,28.169460331512308,101.21503838570821,42.5,11.94,8,0,0,0,0,62.0,0,4.127134385045092,2.0,20.109514031485283,1,0.3591984463276836,0.2787069132741273,0.1579822321523566,0.3850635593220339,0.2543835235179515,3092.0,1454.0,213.0,14.51643192488263,75.0,0.11737089201877934,34.0,3.0,2.0,1.0,1.0,1.0,0.12072468112177068,0.6286107290233838,17.0,18.89390828199863,0.3591984463276836,0.3591984463276836,19.89596167008898,1.0,0.773,0.663,0.718,0.786,0.132,0.103,38.6,16.8,23.3,0.812,39.2,10.0,1.0,0.0,1.0,7.9,29.0,1.0,1.0,0.0,5.0,0.9904,21.0,1.0,185.0,0.0,11.5625,0.5409252669039146,0.8416370106761566,0.9842592592592593,0.8240740740740741,0.37065637065637064,0.39389920424403185,0.1579476861167002,0.29183673469387755,0.6253405994550408,0.0025906735751295338,0.6456310679611651,0.16701244813278007,48.71508663123751,0.36513849625724765,0.626801571588487,0.7272727272727273,0.9554140127388535,-0.22814128546612622
James Washington,2018,71.0,213.0,9.75,32.375,4.54,1.53,34.5,120.0,7.11,4.32,14.0,29.704225352112676,100.27350314491093,44.5,11.43,8,0,0,0,0,60.0,0,4.0943445622221,2.0,21.749486652977414,1,0.335766065830721,0.3287691724141616,0.2302986746001236,0.3267045454545454,0.3061869934769717,4472.0,1549.0,226.0,19.787610619469028,91.0,0.17256637168141592,70.0,4.0,4.0,2.0,1.0,1.0,0.098470497814038,1.122463768115942,18.0,18.535249828884325,0.2302986746001236,0.2612409372374521,21.53593429158111,0.0,0.858,0.858,0.6405,0.881,0.126,0.112,42.2,19.1,23.0,0.88,42.2,45.0,1.0,0.0,1.0,10.0,37.0,1.0,1.0,0.0,3.0,0.8588,692.0,0.0,83.0,0.0,16.6,0.21263345195729538,0.8033807829181495,0.7546296296296297,0.6888888888888889,0.37065637065637064,0.616710875331565,0.35714285714285715,0.29183673469387755,0.2779291553133515,0.37823834196891193,0.612621359223301,0.3537344398340249,47.653357396318526,0.4205336503533452,0.5033237069046678,0.6488413547237076,0.386411889596603,0.26242946512710463
Christian Kirk,2018,70.38,201.0,9.88,30.38,4.47,1.5,35.5,115.0,7.09,4.45,20.0,28.526786871512513,100.6922303260915,45.083333333333336,11.54,8,0,0,0,0,47.0,0,3.8501476017100584,2.0,21.11978097193703,1,0.3679647052274118,0.3679647052274118,0.2918206439963888,0.3036412879927776,0.2813839559093692,2856.0,1009.0,234.0,12.205128205128204,81.0,0.1111111111111111,120.0,3.0,3.0,2.0,1.0,1.0,0.07614406123102302,0.910802775024777,18.0,18.90485968514716,0.2918206439963888,0.3198854386493819,20.906228610540726,1.0,0.531,0.531,0.40666666666666673,0.531,0.132,0.115,31.9,14.1,18.8,0.809,33.1,5.0,1.0,0.0,1.0,7.8,17.0,0.0,1.0,0.0,5.0,0.9891,25.0,1.0,1862.0,7.0,21.15909090909091,0.15569395017793594,0.49377224199288255,0.825925925925926,0.15925925925925927,0.6023166023166023,0.8793103448275862,0.48893360160965793,0.09489795918367347,0.30381471389645776,0.14248704663212436,0.629126213592233,0.41804979253112035,43.279897099545494,0.4043192581285215,0.40745318424319477,0.7540106951871658,0.9447983014861996,-0.1907876062990338
Alec Pierce,2022,75.13,211.0,9.0,33.0,4.41,1.58,40.5,129.0,7.13,4.28,,26.279131168869384,111.57273858441638,51.25,11.41,7,1,1,0,1,53.0,0,3.970291913552122,2.0,21.66735112936345,1,0.2520975224558286,0.2520975224558286,0.1803745256558323,0.2617708024874148,0.2617708024874148,1851.0,884.0,106.0,17.462264150943398,53.0,0.12264150943396226,0.0,3.0,1.0,0.0,1.0,1.0,0.0717229967999963,1.3558282208588956,19.0,21.453798767967147,0.1803745256558323,0.1803745256558323,21.453798767967147,1.0,1.513,0.666,0.9979999999999999,1.513,0.092,0.092,37.5,21.2,15.9,,37.5,40.0,0.0,1.0,1.0,8.6,30.0,1.0,0.0,0.0,3.0,0.8466,1164.0,0.0,,,,0.8398576512455516,0.7588967971530249,0.20185185185185187,0.850925925925926,0.8175675675675675,0.17904509283819628,0.9275653923541247,0.8428571428571429,0.2561307901907357,0.47020725388601037,0.916504854368932,0.9221991701244814,66.53007908636287,0.8956424631934,0.7050502053443635,0.29411764705882354,0.24628450106157113,0.04783314599725241
Justin Jefferson,2020,73.25,202.0,9.13,33.0,4.43,1.54,37.5,126.0,,,,26.466190637048772,104.89781939490844,48.0,,5,1,1,0,0,22.0,0,3.091042453358316,1.0,20.54483230663929,1,0.3236086353733413,0.2753630287592798,0.3236086353733413,0.2942760942760943,0.2556440903054449,2414.0,1540.0,165.0,14.63030303030303,71.0,0.14545454545454545,26.0,2.0,2.0,1.0,1.0,2.0,-0.048245606614061465,1.7620137299771168,19.0,19.33196440793977,0.3236086353733413,0.3236086353733413,20.331279945242983,1.0,1.008,1.008,0.48900000000000005,1.008,0.12,0.12,48.9,33.1,17.7,,48.9,15.0,1.0,0.0,1.0,10.8,60.0,1.0,1.0,0.0,3.0,0.7983,2174.0,0.0,1.0,0.0,0.5,0.5409252669039146,0.5231316725978647,0.31574074074074077,0.850925925925926,0.7451737451737451,0.4946949602122016,0.7354124748490946,0.713265306122449,,,0.7757281553398059,0.7375518672199171,64.3255011508566,0.7414686454371164,0.6107511021049189,0.5775401069518716,0.08492569002123142,0.49261441693064023
Courtland Sutton,2018,75.38,218.0,9.75,32.375,4.54,1.5,35.5,124.0,6.57,4.11,18.0,26.971155467291542,102.62734124690414,45.833333333333336,10.68,8,0,0,1,1,40.0,0,3.6888794541139363,2.0,22.22861054072553,1,0.4239267676767677,0.3133328350958484,0.0066699604743083,0.3933080808080808,0.283808527334554,3220.0,1246.0,195.0,16.512820512820515,88.0,0.15897435897435896,2.0,4.0,3.0,3.0,1.0,2.0,0.3066628746215401,0.8707865168539326,18.0,20.01368925393566,0.0066699604743083,0.401345922057051,22.015058179329227,0.0,1.208,0.506,0.833,1.208,0.131,0.129,24.3,-10.8,32.6,0.91,35.4,81.0,0.0,1.0,1.0,6.9,19.0,0.0,1.0,0.0,,,,,-8.0,0.0,-8.0,0.8629893238434164,0.8825622775800712,0.7546296296296297,0.6888888888888889,0.37065637065637064,0.8793103448275862,0.48893360160965793,0.573469387755102,0.989100817438692,0.8937823834196891,0.6922330097087379,0.4979253112033195,71.45401122134301,0.5848786663578326,0.6988603609928983,0.8859180035650623,,
Rashod Bateman,2021,72.38,190.0,9.5,33.0,4.43,,36.0,123.0,6.95,4.35,,25.49598344251858,98.66626576748813,46.25,11.3,7,1,0,0,0,27.0,0,3.295836866004329,1.0,21.09240246406571,1,0.3625089388046981,0.3121541299446608,0.2796978629329403,0.3701791679319769,0.3385939741750359,2395.0,1219.0,147.0,16.292517006802722,86.0,0.1292517006802721,0.0,3.0,3.0,2.0,1.0,1.0,0.0324562670117205,0.38720262510254305,18.0,18.87748117727584,0.2796978629329403,0.3625089388046981,20.878850102669404,1.0,1.111,0.671,0.7143333333333333,1.111,0.147,0.147,39.8,19.4,19.6,,35.8,38.0,1.0,0.0,1.0,10.2,30.0,0.0,0.0,0.0,4.0,0.8914,367.0,1.0,,,,0.40569395017793597,0.2526690391459075,0.5944444444444444,0.850925925925926,0.7451737451737451,,0.5543259557344065,0.48775510204081635,0.5858310626702997,0.29533678756476683,0.5436893203883495,0.5435684647302904,53.26739816360807,0.5285901260545242,0.6013475690706782,0.7344028520499108,0.5201698513800425,0.2142330006698684
Breshad Perriman,2015,74.0,212.0,9.25,32.0,4.52,,36.5,127.0,,,18.0,27.216216216216218,101.58091427189677,47.083333333333336,,6,0,0,0,1,26.0,0,3.258096538021482,1.0,21.308692676249144,1,0.3662961752206604,0.3662961752206604,0.1150027141952411,0.3412880026152337,0.3412880026152337,2243.0,1044.0,115.0,19.504347826086956,91.0,0.1391304347826087,0.0,3.0,1.0,1.0,1.0,1.0,0.2512934610254193,1.287299630086313,18.0,21.09514031485284,0.1150027141952411,0.1876851637845901,21.09514031485284,1.0,1.164,0.898,1.031,1.164,0.09,0.09,25.8,5.7,19.7,0.936,25.8,79.0,0.0,1.0,1.0,7.5,23.0,0.0,0.0,0.0,2.0,0.7722,1749.0,0.0,,,,0.6708185053380783,0.7820284697508897,0.40555555555555556,0.5722222222222222,0.4372586872586873,,0.6247484909456741,0.763265306122449,,,0.6572815533980583,0.6566390041493776,61.886864386011034,0.6817651168220604,0.5683361935153826,0.750445632798574,0.13800424628450106,0.612441386514073
Zay Jones,2017,73.88,201.0,9.0,32.5,4.45,1.51,36.5,133.0,6.79,4.01,15.0,25.887946886462462,102.51466790929572,47.583333333333336,10.8,8,1,0,1,0,37.0,0,3.6109179126442243,2.0,21.760438056125942,1,0.3703293954669642,0.3703293954669642,0.1422374811589348,0.4329664832416208,0.4329664832416208,4264.0,1731.0,397.0,10.740554156171285,77.0,0.05793450881612091,18.0,4.0,2.0,1.0,1.0,1.0,0.2280919143080294,1.5750682438580528,18.0,20.54483230663929,0.1422374811589348,0.166477632851853,21.54688569472964,0.0,0.523,0.523,0.523,0.535,0.229,0.229,27.2,-9.0,35.1,0.92,27.2,93.0,0.0,1.0,1.0,7.5,16.0,0.0,1.0,0.0,3.0,0.8186,1463.0,0.0,604.0,0.0,19.483870967741936,0.6379003558718861,0.49377224199288255,0.20185185185185187,0.7324074074074074,0.668918918918919,0.8143236074270557,0.6247484909456741,0.9418367346938775,0.840599455040872,0.977979274611399,0.6873786407766991,0.7012448132780082,69.35801494013776,0.7513212888054168,0.5492270265192049,0.7629233511586453,0.18259023354564755,0.5803331176129978
Nelson Agholor,2015,72.13,198.0,9.25,32.25,4.42,1.59,36.5,125.0,6.83,4.34,12.0,26.753995574905975,103.75430091812777,46.916666666666664,11.17,8,1,0,1,0,20.0,0,2.995732273553991,1.0,21.607118412046542,1,0.3241003032237472,0.3241003032237472,0.0719625515265842,0.3405082987551867,0.3405082987551867,2571.0,1313.0,179.0,14.363128491620111,87.0,0.11173184357541899,18.0,3.0,2.0,1.0,1.0,1.0,0.252137751697163,1.4302832244008714,19.0,20.39425051334702,0.0719625515265842,0.2943396226415094,21.39356605065024,1.0,1.307,0.758,1.0325,1.369,0.136,0.136,38.8,17.1,22.5,0.888,38.8,13.0,1.0,0.0,1.0,8.5,39.0,1.0,1.0,0.0,5.0,0.9854,30.0,1.0,983.0,4.0,15.603174603174603,0.37455516014234874,0.4225978647686833,0.40555555555555556,0.6638888888888889,0.7847490347490348,0.11671087533156499,0.6247484909456741,0.6551020408163265,0.7888283378746594,0.31994818652849744,0.7398058252427184,0.6358921161825726,54.43651980855439,0.6732187856682397,0.5171870238831169,0.5793226381461676,0.9331210191082803,-0.3537983809621127
Sammie Coates,2015,73.38,212.0,9.38,33.38,4.43,1.55,41.0,131.0,6.98,4.06,23.0,27.678067944720528,110.09078075109203,51.916666666666664,11.04,8,1,1,0,0,87.0,0,4.465908118654584,3.0,21.754962354551676,1,0.3612097440132122,0.2754855565414571,0.155335284725918,0.3724194880264244,0.3287488908606921,1757.0,902.0,82.0,21.426829268292682,88.0,0.15853658536585366,0.0,3.0,2.0,1.0,1.0,1.0,0.12015027181553911,0.8215077605321508,19.0,20.542094455852155,0.0,0.155335284725918,21.541409993155373,1.0,1.2,0.592,0.8959999999999999,1.2,0.083,0.083,46.8,25.2,23.4,0.79,45.2,11.0,1.0,0.0,1.0,8.3,14.0,0.0,0.0,0.0,3.0,0.8824,340.0,0.0,,,,0.5640569395017794,0.7820284697508897,0.5064814814814815,0.9064814814814814,0.7451737451737451,0.39389920424403185,0.9456740442655935,0.8959183673469387,0.5190735694822888,0.9520725388601037,0.8893203883495145,0.946058091286307,75.38531934353463,0.9103042666540156,0.7306734866825839,0.7290552584670231,0.5435244161358811,0.18553084233114203
Tyler Lockett,2015,69.88,182.0,8.38,30.0,4.4,1.55,35.5,121.0,6.89,4.07,,26.201184203585253,97.11597568472096,45.583333333333336,10.96,7,1,0,1,0,69.0,0,4.23410650459726,3.0,22.258726899383984,1,0.4660219103046902,0.4418873940973838,0.1807753649858913,0.4320438206093803,0.4055139186295503,3710.0,1515.0,249.0,14.899598393574298,90.0,0.11646586345381527,192.0,4.0,3.0,2.0,1.0,1.0,0.2611120291114925,1.200475435816165,18.0,20.046543463381244,0.1807753649858913,0.2524109792284866,22.04517453798768,0.0,1.058,0.802,0.93,1.081,0.163,0.163,37.7,16.3,23.2,0.846,37.7,64.0,1.0,0.0,1.0,8.8,22.0,0.0,1.0,0.0,3.0,0.8522,733.0,0.0,2684.0,6.0,23.964285714285715,0.10498220640569395,0.11565836298932385,0.026851851851851852,0.08981481481481482,0.8445945945945946,0.39389920424403185,0.48893360160965793,0.35612244897959183,0.6839237057220708,0.9378238341968912,0.4825242718446602,0.4657676348547718,41.59080443423295,0.44252677414463665,0.17764561867050463,0.9358288770053476,0.37367303609341823,0.5621558409119294
Tyquan Thornton,2022,74.38,181.0,8.25,33.25,4.28,1.51,36.5,130.0,,,,22.99966719593816,107.87815107859535,47.333333333333336,,5,1,0,0,0,50.0,0,3.912023005428146,2.0,21.401779603011637,1,0.3750586235197561,0.3750586235197561,0.114846727224792,0.3334505803728456,0.3334505803728456,2242.0,948.0,143.0,15.678321678321678,78.0,0.13286713286713286,-9.0,4.0,2.0,1.0,1.0,1.0,0.2602118962949641,1.2122762148337596,17.0,19.186858316221766,0.2136598058433678,0.2136598058433678,21.188227241615333,0.0,0.806,0.679,0.5707500000000001,0.806,0.104,0.104,33.1,15.6,17.1,,33.1,54.0,1.0,0.0,1.0,8.0,18.0,0.0,1.0,0.0,4.0,0.8971,322.0,1.0,138.0,0.0,17.25,0.7330960854092526,0.10142348754448399,0.011111111111111112,0.8888888888888888,0.9884169884169884,0.8143236074270557,0.6247484909456741,0.8714285714285714,,,0.8524271844660194,0.6846473029045643,65.7051171854261,0.7828680822800883,0.5644611440887317,0.786096256684492,0.554140127388535,0.231956129295957
Terrace Marshall Jr.,2021,74.5,205.0,9.5,32.75,4.4,,39.0,125.0,,,19.0,25.965497049682448,109.38887371081208,49.416666666666664,,6,1,1,0,0,59.0,0,4.07753744390572,2.0,20.56399726214921,1,0.3276607900750898,0.3276607900750898,0.0323232323232323,0.2386549134835129,0.2386549134835129,1594.0,731.0,106.0,15.037735849056604,75.0,0.2169811320754717,0.0,3.0,1.0,1.0,1.0,1.0,0.2953375577518575,1.0894187779433682,18.0,20.35044490075291,0.1622512681514379,0.3276607900750898,20.35044490075291,1.0,0.893,0.68,0.7326666666666667,0.893,0.13,0.13,33.8,6.0,28.3,,33.8,5.0,1.0,0.0,1.0,7.1,8.0,0.0,0.0,0.0,5.0,0.993,13.0,1.0,,,,0.7508896797153025,0.6192170818505338,0.5944444444444444,0.7944444444444444,0.8445945945945946,,0.8501006036217303,0.6551020408163265,,,0.8757281553398059,0.8371369294605809,75.79619971430849,0.7936435999259542,0.7474697930564804,0.6078431372549019,0.970276008492569,-0.3624328712376671
Leonte Carroo,2016,71.88,211.0,9.63,31.38,4.5,1.56,35.5,120.0,,,14.0,28.709236534395888,102.91114159426917,45.5,,6,0,0,0,0,86.0,0,4.454347296253507,3.0,21.935660506502394,1,0.4259345546966006,0.4259345546966006,0.2825735315940997,0.3673883626522327,0.3255533199195171,2373.0,1086.0,122.0,19.450819672131146,78.0,0.23770491803278687,0.0,3.0,3.0,2.0,1.0,1.0,0.14336102310250087,0.7449355432780848,19.0,19.72347707049966,0.0,0.2825735315940997,21.72210814510609,1.0,1.133,1.133,1.036,1.133,0.102,0.102,32.0,-1.5,33.1,0.868,29.3,48.0,1.0,0.0,1.0,8.7,22.0,0.0,1.0,0.0,4.0,0.9294,174.0,1.0,-4.0,0.0,-4.0,0.3185053380782918,0.7588967971530249,0.687037037037037,0.38333333333333336,0.5057915057915058,0.2957559681697613,0.48893360160965793,0.29183673469387755,,,0.7048543689320388,0.4553941908713693,48.90338875669899,0.49520823507852474,0.46945232751458,0.8877005347593583,0.6794055201698513,0.20829501458950694
Calvin Ridley,2018,72.5,189.0,9.13,31.625,4.43,1.53,31.0,110.0,6.88,4.41,15.0,25.277907253269916,98.14696963186977,40.166666666666664,11.29,8,1,0,1,0,26.0,0,3.258096538021482,1.0,23.033538672142367,1,0.3124516370040291,0.2678307659843849,0.3124516370040291,0.3570901033973412,0.3570901033973412,2781.0,1045.0,224.0,12.415178571428571,81.0,0.08482142857142858,40.0,3.0,3.0,1.0,1.0,1.0,-0.04462087101964424,0.9253588516746412,20.0,20.8186173853525,0.0,0.0,22.819986310746064,0.0,0.627,0.627,0.496,0.634,0.114,0.104,37.7,29.0,9.1,0.777,38.7,1.0,1.0,0.0,1.0,7.9,21.0,0.0,1.0,0.0,5.0,0.9931,12.0,1.0,4.0,0.0,1.3333333333333333,0.41459074733096085,0.2313167259786477,0.31574074074074077,0.4462962962962963,0.7451737451737451,0.616710875331565,0.07344064386317907,0.01020408163265306,0.7043596730245232,0.18393782383419688,0.5194174757281553,0.052904564315352696,35.95077827708346,0.20102073374132914,0.3125171070577943,0.5222816399286988,0.9745222929936306,-0.4522406530649318
Drake London,2022,75.88,219.0,9.38,33.0,,,,,,,,26.73897747713075,,,,2,0,0,0,1,8.0,0,2.0794415416798357,1.0,20.44079397672827,1,0.3180633147113594,0.3180633147113594,0.1363770250368188,0.3027932960893855,0.3027932960893855,2153.0,1084.0,160.0,13.45625,65.0,0.09375,2.0,3.0,2.0,1.0,1.0,1.0,0.1816862896745406,1.911816578483245,18.0,19.227926078028748,0.2192373818003193,0.3180633147113594,20.227241615331966,1.0,1.336,0.637,0.985,1.336,0.214,0.214,32.3,-0.6,33.4,,32.3,55.0,1.0,0.0,1.0,7.2,11.0,0.0,0.0,0.0,4.0,0.9087,258.0,1.0,,,,0.9110320284697508,0.895017793594306,0.5064814814814815,0.850925925925926,,,,,,,,,79.08643073678661,,0.7561464786257194,0.5543672014260249,0.6029723991507431,-0.04860519772471816
A.J. Brown,2019,72.5,226.0,9.75,32.88,4.49,,36.5,120.0,7.0,4.25,19.0,30.226492271105826,111.21236356823478,46.5,11.25,8,0,0,0,0,51.0,0,3.9318256327243257,2.0,21.505817932922657,1,0.35527150469424,0.2977500108276668,0.0915488126390481,0.3227727489280609,0.3227727489280609,3019.0,1355.0,189.0,15.973544973544973,84.0,0.10052910052910052,0.0,3.0,2.0,1.0,1.0,1.0,0.20620119818861868,1.0822683706070289,19.0,20.292950034223136,0.0915488126390481,0.35527150469424,21.29226557152635,1.0,1.042,0.706,0.7686666666666667,1.042,0.13,0.13,42.1,9.8,31.2,0.786,42.1,31.0,1.0,0.0,1.0,9.3,18.0,0.0,1.0,0.0,4.0,0.9803,36.0,1.0,92.0,0.0,7.076923076923077,0.41459074733096085,0.9635231316725978,0.7546296296296297,0.8240740740740741,0.5395752895752896,,0.6247484909456741,0.29183673469387755,0.47275204359673023,0.572538860103627,0.9145631067961165,0.5778008298755186,63.187572166309955,0.6103827774785561,0.6545107354950847,0.7165775401069518,0.9193205944798302,-0.20274305437287832
Tee Higgins,2020,75.63,216.0,9.25,34.13,4.59,,31.0,10.0,,4.53,,26.547331648582688,97.32692554024185,31.833333333333332,,6,0,0,0,1,33.0,0,3.4965075614664802,2.0,20.95277207392197,1,0.2974132947976878,0.2974132947976878,0.111143820585559,0.2698265895953757,0.2698265895953757,2448.0,1167.0,135.0,18.133333333333333,78.0,0.2,36.0,3.0,2.0,0.0,1.0,1.0,0.1862694742121288,1.2467948717948718,18.0,19.73990417522245,0.111143820585559,0.2739901191514095,20.739219712525667,1.0,1.214,1.064,1.016,1.214,0.087,0.08,43.5,28.1,14.6,,43.5,7.0,1.0,0.0,1.0,9.0,36.0,1.0,1.0,0.0,5.0,0.9899,19.0,1.0,3.0,0.0,3.0,0.8896797153024911,0.8620996441281139,0.40555555555555556,0.9768518518518519,0.20077220077220076,,0.07344064386317907,0.0020408163265306124,,0.05829015544041451,0.49514563106796117,0.002074688796680498,39.659509031049794,0.19020903041922363,0.5863819416432694,0.4741532976827095,0.9617834394904459,-0.4876301418077364
Jaelen Strong,2015,74.38,217.0,9.0,32.5,4.44,1.57,42.0,123.0,7.34,4.21,,27.574186638224205,111.67548546051955,52.25,11.55,7,1,1,0,1,70.0,0,4.248495242049359,3.0,20.933607118412045,1,0.3108664725732812,0.3108664725732812,0.2756849315068493,0.327615298087739,0.327615298087739,2287.0,1165.0,157.0,14.566878980891719,77.0,0.10828025477707007,0.0,2.0,2.0,1.0,1.0,1.0,0.0351815410664319,1.0383244206773619,19.0,19.720739219712527,0.0,0.2756849315068493,20.720054757015742,1.0,1.012,0.595,0.8035,1.012,0.139,0.139,36.1,13.5,23.3,0.891,36.1,39.0,1.0,0.0,1.0,7.6,22.0,0.0,1.0,0.0,,,,,48.0,0.0,16.0,0.7330960854092526,0.8718861209964412,0.20185185185185187,0.7324074074074074,0.7055984555984556,0.22546419098143236,0.9728370221327968,0.48775510204081635,0.055858310626702996,0.6619170984455959,0.9223300970873787,0.9585062240663901,62.74589972203768,0.7943074070869972,0.6600480917003272,0.5133689839572193,,
Taywan Taylor,2017,71.0,203.0,9.25,32.63,4.5,1.56,33.5,132.0,6.57,4.21,13.0,28.309660781590956,99.00929736320683,44.5,10.780000000000001,8,0,0,1,0,72.0,0,4.276666119016055,3.0,21.83709787816564,1,0.3857602188638864,0.3857602188638864,0.0429936305732484,0.3667585329658681,0.3667585329658681,4234.0,1730.0,253.0,16.73517786561265,80.0,0.16205533596837945,38.0,4.0,2.0,2.0,1.0,1.0,0.342766588290638,1.1792774369461485,18.0,20.621492128678987,0.0429936305732484,0.1502407374787152,21.623545516769337,0.0,1.029,0.797,0.814,1.029,0.144,0.144,40.7,15.5,25.8,0.931,40.7,111.0,0.0,1.0,1.0,10.5,37.0,1.0,1.0,0.0,2.0,0.7667,2564.0,0.0,81.0,0.0,13.5,0.21263345195729538,0.552491103202847,0.40555555555555556,0.7694444444444445,0.5057915057915058,0.2957559681697613,0.24647887323943662,0.9193877551020408,0.989100817438692,0.6619170984455959,0.5601941747572815,0.3537344398340249,53.93737656615401,0.5753536010329197,0.40852808129918294,0.8253119429590018,0.04670912951167728,0.7786028134473245
Dyami Brown,2021,72.0,189.0,,,4.46,,35.0,128.0,6.87,4.35,18.0,25.630208333333336,95.53276880501686,45.666666666666664,11.219999999999999,6,0,0,1,0,82.0,0,4.406719247264253,3.0,21.169062286105408,1,0.2929742485716651,0.2796296462278949,0.0671345545119609,0.3011947763267574,0.3011947763267574,2291.0,1084.0,122.0,18.778688524590162,87.0,0.1721311475409836,2.0,3.0,2.0,0.0,1.0,1.0,0.21249509171593398,1.0483558994197293,18.0,19.953456536618756,0.0671345545119609,0.2929742485716651,20.955509924709105,1.0,0.911,0.911,0.6276666666666667,0.911,0.105,0.105,43.7,18.0,25.6,,43.7,30.0,1.0,0.0,1.0,10.3,30.0,1.0,0.0,0.0,4.0,0.9272,181.0,1.0,,,,0.34341637010676157,0.2313167259786477,,,0.6361003861003861,,0.42655935613682094,0.8061224489795918,0.723433242506812,0.29533678756476683,0.4155339805825243,0.47614107883817425,48.37733751993872,0.5494052618996457,0.38498786312179123,0.45811051693404636,0.6666666666666666,-0.20855614973262027
Treylon Burks,2022,73.88,224.0,9.75,33.5,4.55,1.54,33.0,122.0,7.28,4.4,12.0,28.85024926650543,104.52794861961353,43.166666666666664,11.68,8,0,0,0,0,18.0,0,2.8903717578961645,1.0,21.776865160848732,1,0.4484897518878101,0.4484897518878101,0.1025917926565874,0.3969795037756203,0.3969795037756203,2399.0,1104.0,146.0,16.431506849315067,91.0,0.1232876712328767,222.0,3.0,2.0,2.0,1.0,1.0,0.3458979592312227,1.3463414634146342,19.0,20.56399726214921,0.0,0.1025917926565874,21.56331279945243,1.0,0.918,0.918,0.6646666666666667,1.035,0.139,0.124,34.3,13.8,21.3,,34.3,30.0,1.0,0.0,1.0,9.1,21.0,0.0,1.0,0.0,4.0,0.9544,104.0,1.0,360.0,0.0,14.4,0.6379003558718861,0.9501779359430605,0.7546296296296297,0.9268518518518518,0.3310810810810811,0.4946949602122016,0.20020120724346077,0.4204081632653061,0.10354223433242507,0.2033678756476684,0.7669902912621359,0.22406639004149378,50.11593313651835,0.46253322059030094,0.6298957611492071,0.9180035650623886,0.7717622080679406,0.14624135699444796
Denzel Mims,2020,74.88,207.0,9.38,33.88,4.38,1.51,38.5,131.0,6.66,4.43,16.0,25.953384389381988,112.48740527430714,49.416666666666664,11.09,8,1,1,1,0,59.0,0,4.07753744390572,2.0,22.2258726899384,1,0.3928171380565668,0.3928171380565668,0.0032858707557502,0.3148899188876013,0.2856342761131336,2925.0,1087.0,186.0,15.725806451612904,71.0,0.15053763440860216,-6.0,4.0,3.0,2.0,1.0,1.0,0.3895312673008166,0.9383624655013799,18.0,20.01368925393566,0.0032858707557502,0.3313580029220615,22.012320328542096,0.0,0.844,0.715,0.50375,0.837,0.128,0.119,26.9,-1.4,29.0,0.858,34.7,40.0,1.0,0.0,1.0,7.7,11.0,0.0,1.0,0.0,3.0,0.8792,428.0,0.0,18.0,0.0,18.0,0.8051601423487544,0.6797153024911032,0.5064814814814815,0.962037037037037,0.8947876447876448,0.8143236074270557,0.8118712273641852,0.8959183673469387,0.9495912806539509,0.16321243523316062,0.9339805825242719,0.8371369294605809,77.11846698463471,0.8805900590784653,0.7713874720578646,0.8377896613190731,0.4883227176220807,0.3494669436969924
Corey Coleman,2016,70.63,194.0,9.0,30.25,4.4,,40.5,129.0,,,17.0,27.33874929842498,103.5192268287685,51.25,,6,1,1,0,0,15.0,0,2.70805020110221,1.0,21.489390828199863,1,0.4083301130325572,0.4083301130325572,0.0850195862406659,0.3621147715196599,0.3621147715196599,3009.0,1363.0,173.0,17.393063583815028,81.0,0.1907514450867052,164.0,3.0,2.0,1.0,1.0,1.0,0.32331052679189126,1.2180518319928508,19.0,20.27652292950034,0.0850195862406659,0.262352986734231,21.27583846680356,1.0,0.959,0.719,0.8073333333333332,0.959,0.135,0.135,45.1,19.5,24.1,0.878,45.1,25.0,1.0,0.0,1.0,10.5,29.0,0.0,1.0,0.0,4.0,0.9371,154.0,1.0,660.0,1.0,23.571428571428573,0.17704626334519574,0.33629893238434166,0.20185185185185187,0.1259259259259259,0.8445945945945946,,0.9275653923541247,0.8428571428571429,,,0.7262135922330097,0.9221991701244814,56.71725406300743,0.8322120424814258,0.3580973583692746,0.8663101604278075,0.7070063694267515,0.15930379100105596
Christian Watson,2022,76.13,208.0,10.13,32.5,4.36,1.46,38.5,136.0,,,,25.229404534187648,115.1190967980944,49.833333333333336,,5,1,1,0,0,34.0,0,3.5263605246161616,2.0,22.642026009582477,0,,,,,,,,,,,,,,,,,,,,,,,,,,,,,,,,,,,,,,,,,,,,,,2.0,0.7667,3176.0,0.0,,,,0.9457295373665481,0.6948398576512456,0.9277777777777778,0.7324074074074074,0.9218146718146718,0.980106100795756,0.8118712273641852,0.986734693877551,,,0.9631067961165048,0.8578838174273858,88.22271887599034,0.9205709057860804,0.8544464874789797,,0.012738853503184714,
David Bell,2022,72.88,212.0,9.25,31.88,4.68,1.59,33.0,118.0,7.14,4.57,,28.059146593470945,88.38578923861701,42.833333333333336,11.71,7,0,0,0,0,99.0,0,4.59511985013459,3.0,21.048596851471594,1,0.4352211434735706,0.2248917748917749,0.2598399643953232,0.337108953613808,0.2783549783549783,2946.0,1286.0,232.0,12.698275862068966,89.0,0.09051724137931035,51.0,3.0,3.0,1.0,1.0,1.0,-0.034948189503548305,1.242512077294686,18.0,18.833675564681723,0.2598399643953232,0.4352211434735706,20.83504449007529,1.0,0.871,0.871,0.6396666666666667,0.848,0.187,0.15,32.6,10.3,21.1,,32.6,33.0,1.0,0.0,1.0,8.4,28.0,1.0,0.0,0.0,4.0,0.9495,113.0,1.0,,,,0.46174377224199287,0.7820284697508897,0.40555555555555556,0.5351851851851852,0.05791505791505792,0.11671087533156499,0.20020120724346077,0.19387755102040816,0.2356948228882834,0.03238341968911917,0.18058252427184465,0.1950207468879668,28.307493233177745,0.19155376084523787,0.40067143005654854,0.9037433155080213,0.7558386411889597,0.14790467431906162
Jahan Dotson,2022,70.63,178.0,9.5,30.75,4.43,1.55,36.0,121.0,7.28,,,25.084007088245595,92.43471214006783,46.083333333333336,,6,1,0,0,0,16.0,0,2.772588722239781,1.0,21.779603011635867,1,0.4276352838785645,0.4092924663420223,0.0349157206742346,0.3846823324630113,0.3385849326840446,2757.0,1182.0,183.0,15.065573770491802,86.0,0.1366120218579235,18.0,4.0,2.0,2.0,1.0,1.0,0.3743767456677877,1.33710407239819,18.0,20.566735112936346,0.0349157206742346,0.1848105665623913,21.56605065023956,0.0,0.896,0.698,0.80775,0.896,0.145,0.145,28.0,14.3,14.6,,28.0,15.0,1.0,0.0,1.0,7.3,21.0,1.0,1.0,0.0,4.0,0.9228,192.0,1.0,340.0,1.0,14.166666666666666,0.17704626334519574,0.06850533807829182,0.5944444444444444,0.22592592592592592,0.7451737451737451,0.39389920424403185,0.5543259557344065,0.35612244897959183,0.10354223433242507,,0.30097087378640774,0.5228215767634855,36.752527370981376,0.403806426166802,0.38793564736249314,0.893048128342246,0.6602972399150743,0.23275088842717173
Justin Watson,2018,74.38,215.0,9.25,33.75,4.44,,40.0,124.0,7.08,4.26,20.0,27.320046669208313,110.64621831341799,50.333333333333336,11.34,8,1,1,0,1,144.0,0,4.969813299576001,5.0,21.744010951403148,0,,,,,,,,,,,,,,,,,,,,,,,,,,,,,,,,,,,,,,,,,,,,,,3.0,0.84,1076.0,0.0,,,,0.7330960854092526,0.8416370106761566,0.40555555555555556,0.9518518518518518,0.7055984555984556,,0.9104627766599598,0.573469387755102,0.3242506811989101,0.538860103626943,0.8990291262135922,0.8858921161825726,70.63366500662138,0.7943204302095513,0.7502415673691549,,0.2760084925690021,
Will Fuller,2016,72.13,186.0,8.25,30.75,4.32,1.47,33.5,126.0,6.93,4.27,10.0,25.132541297638944,106.80902548448461,44.0,11.2,8,1,0,0,0,21.0,0,3.044522437723423,1.0,21.711156741957563,0,,,,,,,,,,,,,,,,,,,,,,,,,,,,,,,,,,,,,,,,,,,,,,4.0,0.9029,279.0,1.0,,,,0.37455516014234874,0.17882562277580072,0.011111111111111112,0.22592592592592592,0.9671814671814671,0.9734748010610079,0.24647887323943662,0.713265306122449,0.6253405994550408,0.5051813471502591,0.8310679611650486,0.2863070539419087,49.48929357726504,0.5969373801756447,0.2145177676047056,,0.5796178343949044,
Tylan Wallace,2021,71.38,194.0,9.75,30.375,4.5,,33.0,112.0,6.97,4.25,11.0,26.76726310063441,94.61972260326169,42.333333333333336,11.219999999999999,8,0,0,0,0,131.0,0,4.875197323201151,4.0,21.639972621492127,1,0.363387297633873,0.3410012674271229,0.0116623838703301,0.3631382316313823,0.3486692015209126,3396.0,1458.0,204.0,16.647058823529413,90.0,0.12745098039215685,13.0,4.0,3.0,3.0,1.0,1.0,0.3293388835567928,0.6289437585733882,18.0,19.42505133470226,0.363387297633873,0.363387297633873,21.426420260095824,0.0,1.077,0.728,0.8427499999999999,1.077,0.136,0.12,42.0,13.8,28.9,0.892,30.7,38.0,1.0,0.0,1.0,8.2,32.0,0.0,1.0,0.0,4.0,0.9442,121.0,1.0,22.0,0.0,4.4,0.26334519572953735,0.33629893238434166,0.7546296296296297,0.14351851851851852,0.5057915057915058,,0.20020120724346077,0.02959183673469388,0.5422343324250681,0.572538860103627,0.36699029126213595,0.14937759336099585,35.131980938031944,0.1989277784134302,0.34042363778028656,0.7379679144385026,0.7462845010615711,-0.008316586623068445
Stefon Diggs,2015,72.0,195.0,10.0,31.25,4.46,1.53,35.0,115.0,7.03,4.32,11.0,26.44386574074074,98.56555511628724,44.583333333333336,11.350000000000001,8,0,0,0,0,146.0,0,4.983606621708336,5.0,21.089664613278575,1,0.3708768239070044,0.2698953986433075,0.3708768239070044,0.3888124713434204,0.2766329025497729,2227.0,848.0,150.0,14.846666666666666,77.0,0.09333333333333334,187.0,3.0,2.0,1.0,1.0,1.0,-0.10098142526369686,0.9339622641509434,18.0,18.87748117727584,0.3708768239070044,0.3708768239070044,20.876112251882272,1.0,0.981,0.406,0.6935,1.158,0.15,0.15,17.6,-7.8,23.3,0.893,30.4,50.0,1.0,0.0,1.0,7.9,8.0,0.0,1.0,0.0,5.0,0.9969,8.0,1.0,1692.0,2.0,20.3855421686747,0.34341637010676157,0.3540925266903915,0.8787037037037037,0.34074074074074073,0.6361003861003861,0.616710875331565,0.42655935613682094,0.09489795918367347,0.40463215258855584,0.37823834196891193,0.5359223300970873,0.3651452282157676,44.79299975720304,0.3524598818058606,0.4973550426720067,0.768270944741533,0.9883227176220807,-0.22005177288054767
Gabriel Davis,2020,74.0,216.0,9.25,32.25,4.54,,35.0,124.0,7.08,4.59,14.0,27.72972972972973,101.68580600610686,45.333333333333336,11.67,8,0,0,0,1,128.0,0,4.852030263919617,,,1,0.3161487191841323,0.3161487191841323,0.0979596568513795,0.2989641050349313,0.2989641050349313,2447.0,1241.0,152.0,16.098684210526315,80.0,0.1513157894736842,0.0,3.0,2.0,1.0,1.0,1.0,0.2181890623327528,1.5226993865030676,,,,,,,0.78,0.78,0.6933333333333334,0.78,0.122,0.122,37.3,19.1,18.1,,37.3,62.0,0.0,1.0,1.0,9.2,29.0,1.0,0.0,0.0,3.0,0.8122,1826.0,0.0,,,,0.6708185053380783,0.8620996441281139,0.40555555555555556,0.6638888888888889,0.37065637065637064,,0.42655935613682094,0.573469387755102,0.3242506811989101,0.019430051813471502,0.6601941747572816,0.43983402489626555,49.243242192044164,0.5534076395497349,0.541705576479836,0.5401069518716578,0.12101910828025478,0.41908784359140305
Bryan Edwards,2020,74.75,212.0,9.5,32.25,,,,,,,,26.672811266093223,,,,2,0,0,0,1,81.0,0,4.394449154672439,3.0,21.13347022587269,1,0.4029808773903262,0.4029808773903262,0.2731264284855046,0.3059617547806524,0.3059617547806524,3045.0,846.0,234.0,13.012820512820513,75.0,0.09401709401709402,41.0,4.0,4.0,1.0,1.0,1.0,0.12985444890482156,0.9645390070921985,17.0,17.921971252566735,0.2808001272568202,0.2808001272568202,20.919917864476385,0.0,0.642,0.473,0.49649999999999994,0.645,0.142,0.142,36.4,14.9,23.6,0.788,23.4,21.0,1.0,0.0,1.0,8.2,27.0,0.0,1.0,0.0,4.0,0.9169,218.0,1.0,220.0,0.0,11.578947368421053,0.7846975088967971,0.7820284697508897,0.5944444444444444,0.6638888888888889,,,,,,,,,70.6264827995255,,0.6810102807433768,0.8538324420677362,0.6358811040339702,0.21795133803376598
Corey Davis,2017,74.75,209.0,9.13,33.0,,,,,,4.28,,26.295365823648503,,,,3,0,0,0,0,5.0,0,1.6094379124341003,1.0,21.973990417522245,1,0.500162965631406,0.500162965631406,0.4533275713050994,0.4245683555052363,0.4245683555052363,5285.0,1500.0,332.0,15.918674698795181,80.0,0.1566265060240964,13.0,4.0,4.0,4.0,1.0,1.0,0.04683539432630668,1.0445682451253482,18.0,18.759753593429156,0.4533275713050994,0.4910514665190923,21.760438056125942,0.0,0.91,0.891,0.79825,0.91,0.145,0.127,40.0,11.5,28.9,0.952,40.0,76.0,0.0,1.0,1.0,9.4,33.0,0.0,1.0,0.0,2.0,0.7741,2421.0,0.0,359.0,0.0,19.944444444444443,0.7846975088967971,0.7170818505338078,0.31574074074074077,0.850925925925926,,,,,,0.47020725388601037,,,62.773065599665635,,0.6504547251878212,0.966131907308378,0.06369426751592357,0.9024376397924544
J.J. Arcega-Whiteside,2019,74.0,225.0,9.5,33.25,4.5,,34.0,119.0,7.23,4.41,,28.885135135135133,109.73936899862825,43.916666666666664,11.64,7,0,0,0,1,57.0,0,4.04305126783455,2.0,22.001368925393567,1,0.3878169335495586,0.3878169335495586,0.2588359273670557,0.2994631901840491,0.2928752464094621,2200.0,1040.0,134.0,16.417910447761194,80.0,0.208955223880597,0.0,3.0,3.0,2.0,1.0,1.0,0.1289810061825029,1.3316261203585147,19.0,19.789185489390828,0.0,0.2588359273670557,21.78781656399726,1.0,1.04,0.989,0.9916666666666667,1.04,0.122,0.122,35.4,13.0,24.3,0.877,35.4,14.0,1.0,0.0,1.0,8.6,29.0,0.0,0.0,0.0,3.0,0.8653,603.0,0.0,,,,0.6708185053380783,0.9564056939501779,0.5944444444444444,0.8888888888888888,0.5057915057915058,,0.29577464788732394,0.2357142857142857,0.13487738419618528,0.18393782383419688,0.8854368932038835,0.279045643153527,51.19214287638635,0.4723086089351644,0.6124816216396839,0.8270944741532977,0.40976645435244163,0.4173280198008561
Khalil Shakir,2022,71.88,196.0,9.5,29.0,4.43,1.49,34.5,124.0,7.28,4.21,,26.66829554853836,101.78204258119828,44.833333333333336,11.49,7,1,0,0,0,148.0,0,4.997212273764115,5.0,21.911019849418206,1,0.4623449497932664,0.3536056923568915,0.0384270385539721,0.4246898995865328,0.3572113847137831,2878.0,1117.0,208.0,13.836538461538462,69.0,0.09615384615384616,413.0,4.0,3.0,2.0,1.0,1.0,0.3151786538029194,1.2809633027522935,18.0,19.696098562628336,0.0384270385539721,0.21576982673616,21.697467488021903,0.0,0.908,0.908,0.62325,1.037,0.208,0.122,28.4,9.4,20.8,,28.4,65.0,0.0,1.0,1.0,7.7,20.0,0.0,1.0,0.0,4.0,0.8918,360.0,1.0,374.0,0.0,12.064516129032258,0.3185053380782918,0.37722419928825623,0.5944444444444444,0.018518518518518517,0.7451737451737451,0.9270557029177718,0.35714285714285715,0.573469387755102,0.10354223433242507,0.6619170984455959,0.6660194174757281,0.3921161825726141,47.79274271787792,0.5322105541245624,0.322152789546028,0.9322638146167558,0.5265392781316348,0.40572453648512097
Tajae Sharpe,2016,74.0,194.0,8.38,32.25,4.55,1.53,33.5,114.0,,,11.0,24.905405405405407,90.52866978662958,43.0,,6,0,0,0,0,140.0,0,4.941642422609304,5.0,21.023956194387406,1,0.4033623394305333,0.352319309600863,0.0459821428571428,0.4268608414239482,0.4268608414239482,3486.0,1319.0,277.0,12.584837545126353,77.0,0.05776173285198556,11.0,4.0,3.0,3.0,1.0,1.0,0.3063371667437202,1.029664324746292,17.0,18.811772758384667,0.4033623394305333,0.4033623394305333,20.810403832991103,0.0,0.667,0.421,0.557,0.689,0.197,0.197,22.1,-9.5,29.3,0.933,22.1,120.0,0.0,1.0,1.0,6.2,16.0,0.0,0.0,0.0,3.0,0.8359,1144.0,0.0,,,,0.6708185053380783,0.33629893238434166,0.026851851851851852,0.6638888888888889,0.3310810810810811,0.616710875331565,0.24647887323943662,0.07142857142857142,,,0.24271844660194175,0.2053941908713693,34.11670217017126,0.18687529708998327,0.40200952982956395,0.8556149732620321,0.2526539278131635,0.6029610454488685
Antonio Gandy-Golden,2020,76.0,223.0,9.63,31.75,4.6,1.54,36.0,127.0,7.33,4.55,22.0,27.14144736842105,99.61013575566129,46.583333333333336,11.879999999999999,8,0,0,0,1,142.0,0,4.955827057601261,4.0,21.724845995893222,1,0.5480984340044742,0.3594950045749037,0.0928853754940711,0.4295302013422818,0.3741624229429107,2672.0,1396.0,164.0,16.29268292682927,73.0,0.13414634146341464,0.0,4.0,3.0,3.0,1.0,1.0,0.2666096290808326,1.3461909353905497,18.0,19.512662559890487,0.0928853754940711,0.5480984340044742,21.51129363449692,0.0,3.808,0.574,1.3285,3.808,0.206,0.152,29.3,-2.6,32.0,,29.3,137.0,0.0,1.0,1.0,8.5,28.0,0.0,0.0,0.0,,,,0.0,,,,0.9270462633451957,0.9421708185053381,0.687037037037037,0.49444444444444446,0.17277992277992277,0.4946949602122016,0.5543259557344065,0.763265306122449,0.05994550408719346,0.042746113989637305,0.5902912621359223,0.5912863070539419,52.66694912873074,0.635960841330926,0.665713425140271,0.9786096256684492,,
Wan'Dale Robinson,2022,68.0,178.0,9.0,27.63,4.44,1.59,34.5,118.0,,,,27.061851211072664,91.60477609203907,44.333333333333336,,5,1,0,0,0,43.0,0,3.7612001156935624,2.0,20.98836413415469,1,0.3732455392658257,0.3732455392658257,0.1721220436430158,0.4548244118649847,0.4548244118649847,2248.0,1334.0,195.0,11.528205128205128,79.0,0.05128205128205128,691.0,3.0,2.0,1.0,1.0,1.0,0.2011234956228099,2.893709327548807,18.0,19.77549623545517,0.1721220436430158,0.2574453551912568,20.774811772758383,1.0,0.598,0.598,0.3383333333333334,0.596,0.196,0.171,35.1,13.4,22.3,,35.1,23.0,1.0,0.0,2.0,8.0,24.0,1.0,1.0,1.0,4.0,0.9597,87.0,1.0,251.0,0.0,11.952380952380953,0.019572953736654804,0.06850533807829182,0.20185185185185187,0.001851851851851852,0.7055984555984556,0.11671087533156499,0.35714285714285715,0.19387755102040816,,,0.27766990291262134,0.32676348547717843,22.69545123001736,0.27623010369196216,0.1451048786458039,0.7789661319073083,0.7983014861995754,-0.01933535429226707
Brandon Aiyuk,2020,71.63,205.0,9.75,33.5,4.5,1.52,40.0,128.0,,,11.0,28.0879008728542,99.98475842097241,50.666666666666664,,6,0,1,0,0,25.0,0,3.2188758248682006,1.0,21.793292265571527,1,0.374711120924413,0.374711120924413,0.1532953419226957,0.3684698608964451,0.3684698608964451,1666.0,1192.0,98.0,17.0,86.0,0.11224489795918367,6.0,2.0,1.0,1.0,1.0,1.0,0.2214157790017173,2.5147679324894514,20.0,21.579739904175224,0.0,0.0,21.579739904175224,1.0,0.831,0.8,0.8155,0.831,0.125,0.125,28.0,6.3,23.7,,28.0,36.0,1.0,0.0,1.0,8.7,17.0,1.0,1.0,0.0,,,,,1053.0,1.0,19.867924528301888,0.2891459074733096,0.6192170818505338,0.7546296296296297,0.9268518518518518,0.5057915057915058,0.7320954907161804,0.9104627766599598,0.8061224489795918,,,0.6019417475728155,0.9014522821576764,70.47710722683055,0.7728423244041224,0.7202725414036877,0.7843137254901961,,
Rashard Higgins,2016,73.38,196.0,9.75,32.25,4.64,1.56,32.0,116.0,7.19,4.52,13.0,25.589157156439732,84.5695743629477,41.666666666666664,11.71,8,0,0,0,0,172.0,0,5.147494476813453,5.0,21.234770704996578,1,0.4592800765367137,0.3457560427206295,0.2371983914209115,0.4185601530734274,0.3581787521079258,3649.0,1750.0,239.0,15.267782426778243,73.0,0.1297071129707113,20.0,3.0,3.0,2.0,1.0,1.0,0.10855765129971798,0.6068571428571429,18.0,19.02258726899384,0.2371983914209115,0.4592800765367137,21.021218343600275,1.0,1.033,0.766,0.8546666666666667,1.033,0.156,0.122,33.2,4.5,29.2,0.961,29.4,84.0,0.0,1.0,1.0,9.5,32.0,1.0,0.0,0.0,,,,,,,,0.5640569395017794,0.37722419928825623,0.7546296296296297,0.6638888888888889,0.09749034749034749,0.2957559681697613,0.12173038229376258,0.12346938775510204,0.1880108991825613,0.07124352331606218,0.09320388349514563,0.1078838174273859,28.821565553655688,0.11280121784800341,0.5260764600785152,0.9269162210338681,,
Romeo Doubs,2022,73.88,201.0,10.0,32.25,,,,,,,,25.887946886462462,,,,2,0,0,0,0,132.0,0,4.882801922586371,4.0,21.71937029431896,1,0.3262297730271128,0.2676585889463183,0.1175600331217223,0.3447672383619181,0.2458434936821104,3305.0,1109.0,223.0,14.820627802690582,75.0,0.11210762331838565,-1.0,4.0,3.0,1.0,1.0,1.0,0.15009855582459597,1.1258883248730964,18.0,19.50444900752909,0.1175600331217223,0.2430733256860495,21.505817932922657,0.0,0.929,0.929,0.59575,0.94,0.148,0.131,30.3,3.6,26.9,,30.3,119.0,0.0,1.0,1.0,8.0,36.0,0.0,1.0,0.0,3.0,0.8416,1296.0,0.0,485.0,1.0,12.763157894736842,0.6379003558718861,0.49377224199288255,0.8787037037037037,0.6638888888888889,,,,,,,,,66.85662976143402,,0.7268309828214928,0.5953654188948306,0.2208067940552017,0.37455862483962893
Cooper Kupp,2017,73.75,204.0,9.5,31.5,4.62,1.55,31.0,116.0,6.53,4.08,,26.3670439528871,89.5554995696716,40.666666666666664,10.61,7,0,0,1,0,69.0,0,4.23410650459726,3.0,23.548254620123203,1,0.5808219178082192,0.5051792828685259,0.3363787375415282,0.5616438356164384,0.4103585657370518,786.0,246.0,45.0,17.466666666666665,75.0,0.26666666666666666,29.0,4.0,4.0,4.0,1.0,1.0,0.16880054532699768,0.8373983739837398,20.0,20.334017796030118,0.0,0.3363787375415282,23.3347022587269,0.0,1.3,1.3,1.195,1.367,0.254,0.254,,,,,,179.0,0.0,1.0,1.0,8.6,3.0,0.0,1.0,0.0,,,,,0.0,0.0,0.0,0.6174377224199288,0.5854092526690391,0.5944444444444444,0.41944444444444445,0.13223938223938225,0.39389920424403185,0.07344064386317907,0.12346938775510204,1.0,0.9209844559585493,0.2174757281553398,0.07157676348547717,42.915178580657646,0.13812858659120697,0.42619181379299925,0.983957219251337,,
Jerry Jeudy,2020,73.0,193.0,9.5,32.13,4.45,1.48,35.0,120.0,,4.53,,25.460499155563898,98.43448212186107,45.0,,6,1,0,0,0,15.0,0,2.70805020110221,1.0,20.689938398357288,1,0.2697921938259109,0.2327443452094256,0.0844587465710065,0.2703536184210526,0.26140705776579,2742.0,1315.0,159.0,17.245283018867923,85.0,0.16352201257861634,1.0,3.0,2.0,0.0,1.0,2.0,0.1482855986384191,0.8844106463878327,18.0,19.477070499657767,0.2697921938259109,0.2697921938259109,20.476386036960985,1.0,1.006,0.735,0.878,1.006,0.123,0.123,50.9,36.3,14.2,0.795,47.7,1.0,1.0,0.0,1.0,11.2,43.0,1.0,0.0,0.0,5.0,0.9881,21.0,1.0,,,,0.4893238434163701,0.31494661921708184,0.5944444444444444,0.6277777777777778,0.668918918918919,0.9602122015915119,0.42655935613682094,0.29183673469387755,,0.05829015544041451,0.5281553398058253,0.4139004149377593,48.85787096709821,0.415517143545508,0.5345263554438533,0.3689839572192513,0.9554140127388535,-0.5864300555196023
Pharoh Cooper,2016,71.13,203.0,9.13,32.25,4.65,,31.0,115.0,7.15,4.26,15.0,28.20627563296119,86.83888169754397,40.583333333333336,11.41,8,0,0,0,0,117.0,0,4.762173934797756,4.0,20.82135523613963,1,0.4306756437514765,0.4306756437514765,0.0248484848484848,0.3907630522088353,0.3907630522088353,2163.0,1136.0,138.0,15.673913043478262,85.0,0.13043478260869565,513.0,3.0,2.0,2.0,1.0,1.0,0.4058271589029917,0.8565140845070423,18.0,19.60848733744011,0.0248484848484848,0.3158631521442229,20.607802874743328,1.0,0.719,0.465,0.48666666666666664,0.789,0.17,0.17,43.6,17.4,26.5,0.816,31.3,20.0,1.0,0.0,1.0,7.9,26.0,0.0,1.0,0.0,3.0,0.8758,444.0,0.0,529.0,0.0,10.173076923076923,0.23754448398576514,0.552491103202847,0.31574074074074077,0.6638888888888889,0.08204633204633205,,0.07344064386317907,0.09489795918367347,0.21934604904632152,0.538860103626943,0.13980582524271845,0.06431535269709543,27.112522568404597,0.102714809429857,0.3226536893696435,0.8983957219251337,0.47558386411889597,0.42281185780623776
Dante Pettis,2018,72.5,186.0,9.5,32.25,,,,,,,,24.876670630202142,,,,2,0,0,0,0,44.0,0,3.784189633918261,2.0,22.193018480492814,1,0.3162827234695555,0.3162827234695555,0.0725492775136699,0.2641443943075321,0.2641443943075321,2256.0,822.0,163.0,13.840490797546012,73.0,0.147239263803681,42.0,4.0,2.0,1.0,1.0,1.0,0.24373344595588559,0.9257907542579076,18.0,20.980150581793293,0.0725492775136699,0.0959712502364289,21.97946611909651,0.0,1.101,0.428,0.64525,1.101,0.119,0.119,40.2,26.7,13.9,0.874,39.4,26.0,1.0,0.0,1.0,8.8,43.0,0.0,1.0,0.0,3.0,0.8481,902.0,0.0,1274.0,9.0,13.698924731182796,0.41459074733096085,0.17882562277580072,0.5944444444444444,0.6638888888888889,,,,,,,,,46.293742586002374,,0.5576413602214313,0.5418894830659536,0.31422505307855625,0.2276644299873974
Michael Thomas,2016,74.75,212.0,10.5,32.13,4.57,1.53,35.0,126.0,6.8,4.13,18.0,26.672811266093223,97.20778701646374,45.5,10.93,8,0,0,1,1,47.0,0,3.8501476017100584,2.0,22.830937713894592,1,0.3256715771230503,0.3256715771230503,0.2701839324401998,0.3013431542461005,0.3013431542461005,1983.0,1391.0,112.0,17.705357142857142,69.0,0.16964285714285715,0.0,2.0,2.0,1.0,1.0,1.0,0.0554876446828505,2.3496621621621623,21.0,21.61806981519507,0.0,0.0,22.61738535249829,0.0,4.756,4.756,1.4073333333333335,4.756,0.113,0.012,31.3,1.4,31.1,0.936,31.3,82.0,0.0,1.0,1.0,8.6,38.0,0.0,1.0,0.0,3.0,0.8017,1737.0,0.0,936.0,1.0,22.829268292682926,0.7846975088967971,0.7820284697508897,0.9842592592592593,0.6277777777777778,0.2606177606177606,0.616710875331565,0.42655935613682094,0.713265306122449,0.829700272479564,0.8601036269430051,0.48640776699029126,0.4553941908713693,65.22935142647958,0.5420774764165205,0.7058234755176638,0.5918003565062389,0.14012738853503184,0.45167296797120704
Chase Claypool,2020,76.25,238.0,9.88,32.5,4.42,1.52,40.5,126.0,,,19.0,28.777468422467077,124.71476575007277,51.0,,6,1,1,0,1,49.0,0,3.8918202981106265,2.0,21.48665297741273,1,0.3338513925762247,0.3338513925762247,0.0132743362831858,0.3163514338010982,0.3163514338010982,2159.0,1037.0,150.0,14.393333333333333,47.0,0.12666666666666668,6.0,4.0,1.0,1.0,1.0,1.0,0.3205770562930389,1.6228482003129892,18.0,21.27310061601643,0.136377309840997,0.1826725193424857,21.27310061601643,0.0,0.873,0.58,0.673,0.873,0.123,0.123,35.8,17.7,18.5,,35.8,10.0,0.0,1.0,1.0,7.6,34.0,1.0,0.0,0.0,4.0,0.9284,171.0,1.0,,,,0.952846975088968,0.99644128113879,0.825925925925926,0.7324074074074074,0.7847490347490348,0.7320954907161804,0.9275653923541247,0.713265306122449,,,0.996116504854369,0.9149377593360996,85.76351077693349,0.8789824011103141,0.8596864251941065,0.6363636363636364,0.6857749469214437,-0.04941131055780734
Laquon Treadwell,2016,74.0,221.0,9.5,33.38,4.64,,33.0,117.0,7.04,4.3,12.0,28.37162162162162,95.35650986842573,42.75,11.34,8,0,0,0,1,23.0,0,3.1354942159291497,1.0,20.550308008213552,1,0.2896411334011886,0.2896411334011886,0.1914843231978781,0.2649965525166628,0.2649965525166628,2393.0,1153.0,202.0,11.846534653465346,63.0,0.10396039603960396,-10.0,3.0,1.0,0.0,1.0,1.0,0.09815681020331049,1.8243670886075949,18.0,20.33675564681725,0.1963486970050564,0.2896411334011886,20.33675564681725,1.0,0.654,0.654,0.5486666666666666,0.677,0.128,0.128,43.1,27.0,17.4,0.826,43.1,15.0,1.0,0.0,1.0,8.8,31.0,1.0,1.0,0.0,5.0,0.9925,14.0,1.0,3.0,0.0,3.0,0.6708185053380783,0.9225978647686833,0.5944444444444444,0.9064814814814814,0.09749034749034749,,0.20020120724346077,0.15816326530612246,0.391008174386921,0.4261658031088083,0.4097087378640777,0.18775933609958506,45.13490152301827,0.2560244034712203,0.5929864096268663,0.44385026737967914,0.9681528662420382,-0.5243025988623591
Nico Collins,2021,76.13,215.0,9.375,34.125,4.45,,37.5,125.0,6.79,4.32,14.0,26.078471032934345,109.65499303730637,47.916666666666664,11.11,8,1,1,1,1,89.0,0,4.48863636973214,3.0,21.790554414784395,1,0.2517755289788408,0.2517755289788408,0.0060646900269541,0.2289025715320536,0.2235510579576816,1388.0,729.0,78.0,17.794871794871796,76.0,0.16666666666666666,0.0,3.0,2.0,0.0,1.0,2.0,0.24571083895188672,1.1534810126582278,18.0,19.575633127994525,0.0060646900269541,0.2394512857660268,20.57494866529774,1.0,1.028,0.843,0.8513333333333334,1.028,0.071,0.071,35.7,20.7,16.0,,35.7,22.0,1.0,0.0,1.0,8.0,23.0,0.0,0.0,0.0,4.0,0.9378,138.0,1.0,,,,0.9457295373665481,0.8416370106761566,0.47129629629629627,0.9722222222222222,0.668918918918919,,0.7354124748490946,0.6551020408163265,0.840599455040872,0.37823834196891193,0.8815533980582524,0.7302904564315352,73.82727411495577,0.7573559712412244,0.7811651326835403,0.2905525846702317,0.7261146496815286,-0.4355620650112969
Michael Gallup,2018,72.75,205.0,9.25,31.5,4.51,1.53,36.0,122.0,7.09,4.37,10.0,27.229720952752093,99.1009206722292,46.166666666666664,11.46,8,0,0,0,0,81.0,0,4.394449154672439,3.0,21.828884325804243,1,0.4410026625105526,0.3066596472755988,0.4410026625105526,0.3992467043314501,0.3719399842063701,2685.0,1413.0,176.0,15.255681818181818,76.0,0.11931818181818182,15.0,2.0,2.0,2.0,1.0,1.0,-0.1343430152349538,1.1108490566037736,20.0,20.61601642710472,0.0,0.0,21.61533196440794,1.0,0.688,0.539,0.6134999999999999,0.727,0.164,0.164,34.6,3.9,32.7,0.925,34.6,76.0,0.0,1.0,1.0,8.3,29.0,0.0,0.0,0.0,3.0,0.8169,1533.0,0.0,,,,0.445729537366548,0.6192170818505338,0.40555555555555556,0.41944444444444445,0.46621621621621623,0.616710875331565,0.5543259557344065,0.4204081632653061,0.30381471389645776,0.25,0.5660194174757281,0.5321576763485477,46.663330312377575,0.5135845121584802,0.4562638732752386,0.910873440285205,0.16560509554140126,0.7452683447438038
Amara Darboh,2017,73.75,214.0,9.88,32.63,4.45,1.52,36.0,124.0,6.81,4.26,17.0,27.65954610744039,109.14496981387704,46.333333333333336,11.07,8,1,0,1,0,106.0,0,4.663439094112067,3.0,22.915811088295687,1,0.3313860667634252,0.3313860667634252,0.2158178256611165,0.3127721335268505,0.3127721335268505,2062.0,862.0,151.0,13.655629139072847,46.0,0.09271523178807947,2.0,3.0,3.0,1.0,1.0,1.0,0.11556824110230868,1.1856946354883082,20.0,20.700889801505816,0.0,0.0,22.702258726899384,0.0,0.64,0.596,0.5773333333333334,0.66,0.099,0.096,34.8,24.4,11.1,0.863,34.8,37.0,1.0,0.0,1.0,7.7,18.0,0.0,1.0,0.0,4.0,0.9188,218.0,1.0,23.0,0.0,5.75,0.6174377224199288,0.8202846975088968,0.825925925925926,0.7694444444444445,0.668918918918919,0.7320954907161804,0.5543259557344065,0.573469387755102,0.8160762942779292,0.538860103626943,0.8718446601941747,0.5570539419087137,69.5478128619297,0.6665466678945611,0.6917835121311764,0.6310160427807486,0.6358811040339702,-0.004865061253221614
Josh Reynolds,2017,74.75,194.0,9.38,31.5,4.52,1.57,37.0,124.0,6.83,4.13,,24.408138611424928,92.95611966390554,47.333333333333336,10.96,7,0,1,1,0,117.0,0,4.762173934797756,4.0,21.87542778918549,1,0.3966174253843835,0.3966174253843835,0.2726853017711743,0.3132348507687669,0.3132348507687669,2788.0,1039.0,164.0,17.0,95.0,0.18292682926829268,0.0,3.0,3.0,1.0,1.0,1.0,0.12393212361320921,1.145534729878721,19.0,19.66050650239562,0.0,0.2726853017711743,21.661875427789184,1.0,0.945,0.945,0.7735,0.945,0.091,0.091,37.2,12.0,26.1,0.841,37.2,11.0,1.0,0.0,1.0,6.7,19.0,0.0,0.0,0.0,3.0,0.8356,1119.0,0.0,,,,0.7846975088967971,0.33629893238434166,0.5064814814814815,0.41944444444444445,0.4372586872586873,0.22546419098143236,0.6891348088531187,0.573469387755102,0.7888283378746594,0.8601036269430051,0.3087378640776699,0.6846473029045643,55.12138811546087,0.5237806868952969,0.5999395609189605,0.8467023172905526,0.25902335456475584,0.5876789627257968
K.J. Hamler,2020,68.63,178.0,9.38,30.75,,,,,,,15.0,26.567294474533956,,,,3,0,0,0,0,46.0,0,3.828641396489095,2.0,20.484599589322382,1,0.3171080987139381,0.3171080987139381,0.24890658017593,0.3142161974278762,0.3142161974278762,1659.0,904.0,99.0,16.757575757575758,93.0,0.13131313131313133,87.0,2.0,2.0,1.0,1.0,1.0,0.06820151853800807,1.1973509933774835,19.0,19.27173169062286,0.24890658017593,0.3171080987139381,20.27104722792608,1.0,0.472,0.472,0.4575,0.588,0.112,0.112,37.5,24.3,15.7,,37.5,6.0,1.0,0.0,1.0,8.3,23.0,1.0,1.0,0.0,4.0,0.895,313.0,1.0,1241.0,0.0,14.951807228915662,0.04448398576512456,0.06850533807829182,0.5064814814814815,0.22592592592592592,,,,,,,,,21.134918281270593,,0.2589637977241774,0.5454545454545454,0.5605095541401274,-0.015055008685581961
Jameson Williams,2022,73.5,179.0,9.25,32.13,,,,,,,,23.293442547086865,,,,2,0,0,0,0,12.0,0,2.4849066497880004,1.0,20.76933607118412,1,0.3111879065641632,0.3111879065641632,0.0256175352877307,0.3098758131283264,0.3098758131283264,1838.0,1572.0,94.0,19.5531914893617,94.0,0.19148936170212766,23.0,3.0,1.0,1.0,1.0,1.0,0.2855703712764325,10.207792207792208,18.0,20.555783709787818,0.0256175352877307,0.0821212121212121,20.555783709787818,1.0,1.022,1.022,0.9946666666666667,1.072,0.103,0.103,40.9,26.0,15.6,,40.9,2.0,1.0,0.0,2.0,8.9,47.0,1.0,1.0,1.0,4.0,0.9621,82.0,1.0,352.0,2.0,35.2,0.5845195729537367,0.07829181494661921,0.40555555555555556,0.6277777777777778,,,,,,,,,42.403618030842225,,0.53928430209569,0.5169340463458111,0.8163481953290871,-0.299414148983276
Andy Isabella,2019,68.75,188.0,8.38,29.75,4.31,1.45,36.5,121.0,6.95,4.15,15.0,27.961970247933884,108.96292785055894,46.583333333333336,11.100000000000001,8,1,0,0,0,62.0,0,4.127134385045092,2.0,22.119096509240247,1,0.4780170270942083,0.4780170270942083,0.0011326860841423,0.4745525727069351,0.4745525727069351,3525.0,1697.0,230.0,15.326086956521738,89.0,0.13043478260869565,342.0,4.0,3.0,2.0,1.0,1.0,0.476884341010066,1.6637254901960785,18.0,19.906913073237508,0.0011326860841423,0.2596620971620971,21.905544147843944,0.0,0.734,0.734,0.44575,0.799,0.189,0.189,27.8,-16.1,42.2,0.926,27.8,110.0,0.0,1.0,1.0,9.3,14.0,0.0,1.0,0.0,3.0,0.84,1201.0,0.0,520.0,0.0,15.757575757575758,0.0498220640569395,0.21352313167259787,0.026851851851851852,0.07037037037037037,0.974903474903475,0.9920424403183024,0.6247484909456741,0.35612244897959183,0.5858310626702997,0.7992227979274611,0.8679611650485437,0.5912863070539419,51.2723800483254,0.6162773683246032,0.19294819430620896,0.9554367201426025,0.23991507430997877,0.7155216458326237
Diontae Johnson,2019,70.5,183.0,9.0,30.75,4.53,1.53,33.5,123.0,7.09,4.45,15.0,25.88380866153614,86.91370774314862,43.75,11.54,8,0,0,0,0,66.0,0,4.189654742026425,3.0,22.491444216290212,1,0.3951946560711552,0.2528132348001344,0.1015316205533596,0.3261035978565961,0.2556264696002687,2276.0,1278.0,137.0,16.613138686131386,89.0,0.17518248175182483,26.0,3.0,2.0,1.0,1.0,1.0,0.1512816142467748,0.5954616588419406,19.0,21.27857631759069,0.1015316205533596,0.1015316205533596,22.27789185489391,0.0,0.897,0.572,0.6389999999999999,0.953,0.102,0.092,32.2,6.6,25.7,0.963,35.2,88.0,0.0,1.0,1.0,9.4,28.0,1.0,1.0,0.0,,,,,2169.0,4.0,22.83157894736842,0.16370106761565836,0.1298932384341637,0.20185185185185187,0.22592592592592592,0.4092664092664093,0.616710875331565,0.24647887323943662,0.48775510204081635,0.30381471389645776,0.14248704663212436,0.141747572815534,0.2676348547717842,27.810562765181064,0.2919938493652623,0.20948942965821818,0.8431372549019608,,
Kevin White,2015,74.63,215.0,9.25,32.63,4.35,1.56,36.5,123.0,6.92,4.14,23.0,27.1373166175339,120.09126726850899,46.75,11.059999999999999,8,1,0,0,1,7.0,0,1.9459101490553132,1.0,22.518822724161534,1,0.3678718757583111,0.3678718757583111,0.23685413354531,0.3511283669012375,0.3511283669012375,1954.0,1447.0,144.0,13.569444444444445,68.0,0.10416666666666667,0.0,2.0,2.0,1.0,1.0,1.0,0.13101774221300108,2.854043392504931,21.0,21.305954825462013,0.0,0.0,22.305270362765228,0.0,0.827,0.497,0.6619999999999999,0.827,0.14,0.14,31.3,8.4,24.3,0.811,31.3,30.0,1.0,0.0,1.0,7.8,18.0,0.0,0.0,0.0,,,,,,,,0.7677935943060499,0.8416370106761566,0.40555555555555556,0.7694444444444445,0.9343629343629344,0.2957559681697613,0.6247484909456741,0.48775510204081635,0.6376021798365122,0.8380829015544041,0.9922330097087378,0.6099585062240664,68.37441414854261,0.7015788675650761,0.641885521312931,0.7522281639928698,,
Kenny Golladay,2017,75.75,218.0,9.75,32.0,4.5,1.56,35.5,120.0,7.0,4.15,18.0,26.708318356588133,106.32525529644872,45.5,11.15,8,0,0,0,1,96.0,0,4.564348191467836,3.0,23.16221765913758,1,0.4207271481089164,0.4158753709198813,0.1643356643356643,0.4317507418397626,0.4317507418397626,2340.0,1164.0,164.0,14.268292682926829,68.0,0.10975609756097561,206.0,3.0,2.0,2.0,1.0,1.0,0.251539706584217,1.0310008857395925,18.0,21.946611909650922,0.1643356643356643,0.1643356643356643,22.94866529774127,0.0,0.571,0.377,0.474,0.627,0.17,0.17,32.0,-2.4,32.7,0.94,32.0,83.0,0.0,1.0,2.0,6.9,8.0,0.0,1.0,1.0,2.0,0.7,3022.0,0.0,4.0,0.0,2.0,0.902135231316726,0.8825622775800712,0.7546296296296297,0.5722222222222222,0.5057915057915058,0.2957559681697613,0.48893360160965793,0.29183673469387755,0.47275204359673023,0.7992227979274611,0.8135922330097087,0.4553941908713693,60.29023697015601,0.5314541897710814,0.679480171194559,0.875222816399287,0.027600849256900213,0.8476219671423868
Rondale Moore,2021,67.0,181.0,8.75,28.25,4.32,,42.5,126.0,6.68,4.1,,28.34551124972154,103.93781512199847,53.0,10.78,7,1,1,1,0,49.0,0,3.8918202981106265,2.0,20.56399726214921,1,0.3716143786178804,0.0728155339805825,0.3716143786178804,0.3146573286643321,0.145631067961165,1915.0,1258.0,178.0,10.758426966292134,70.0,0.07865168539325842,248.0,3.0,1.0,1.0,1.0,4.0,-0.2987988446372979,0.21462639109697934,18.0,18.349075975359344,0.3716143786178804,0.3716143786178804,20.35044490075291,1.0,0.59,0.349,0.4666666666666666,0.616,0.254,0.254,37.2,6.5,30.8,0.867,32.6,72.0,1.0,0.0,1.0,8.0,25.0,0.0,1.0,0.0,4.0,0.9123,229.0,1.0,931.0,0.0,15.262295081967213,0.0017793594306049821,0.10142348754448399,0.09166666666666666,0.007407407407407408,0.9671814671814671,,0.9859154929577465,0.713265306122449,0.9400544959128065,0.9067357512953368,0.7495145631067961,0.9782157676348547,58.574179684187456,0.8162317873956638,0.2716922316156064,0.7718360071301248,0.6242038216560509,0.14763218547407386
Miles Boykin,2019,75.75,220.0,9.88,33.5,4.42,1.5,43.5,140.0,6.77,4.07,12.0,26.953348800226557,115.28255657569751,55.166666666666664,10.84,8,1,1,1,1,93.0,0,4.532599493153256,3.0,22.220396988364133,1,0.3045301794878474,0.3045301794878474,0.0317928548017043,0.2612342720191731,0.2612342720191731,1206.0,872.0,77.0,15.662337662337663,55.0,0.14285714285714285,0.0,3.0,1.0,1.0,1.0,1.0,0.2727373246861431,3.4466403162055337,19.0,22.00684462696783,0.0,0.0317928548017043,22.00684462696783,0.0,1.085,0.647,0.8333333333333334,1.085,0.097,0.097,34.6,20.7,14.5,0.905,34.6,10.0,0.0,1.0,1.0,8.4,19.0,1.0,1.0,0.0,4.0,0.9209,194.0,1.0,-2.0,0.0,-2.0,0.902135231316726,0.9083629893238434,0.825925925925926,0.9268518518518518,0.7847490347490348,0.8793103448275862,0.993963782696177,0.9979591836734694,0.8651226158038147,0.9378238341968912,0.9650485436893204,0.9937759336099585,91.50857726387166,0.9856571700196556,0.9122191979476703,0.4919786096256685,0.6581740976645435,-0.16619548803887502
Mike Williams,2017,75.75,218.0,9.38,33.38,4.54,,32.5,121.0,,,15.0,26.708318356588133,102.62734124690414,42.583333333333336,,6,0,0,0,1,7.0,0,1.9459101490553132,1.0,22.245037645448324,1,0.2817273795534665,0.2580776823939131,0.0749511458518387,0.3025851938895417,0.2717109203433819,2727.0,1361.0,177.0,15.40677966101695,56.0,0.11864406779661017,0.0,4.0,2.0,0.0,1.0,1.0,0.1831265365420744,1.3213592233009708,18.0,20.030116358658454,0.0749511458518387,0.2817273795534665,22.031485284052017,0.0,1.313,1.313,0.972,1.313,0.112,0.015,43.5,28.7,14.1,0.82,43.5,9.0,1.0,0.0,1.0,7.9,41.0,1.0,0.0,0.0,4.0,0.9111,236.0,1.0,,,,0.902135231316726,0.8825622775800712,0.5064814814814815,0.9064814814814814,0.37065637065637064,,0.1579476861167002,0.35612244897959183,,,0.6922330097087379,0.17531120331950206,54.999235451562924,0.4021010482683433,0.6182614700990974,0.40998217468805703,0.6199575371549894,-0.20997536246693232
Parris Campbell,2019,71.88,205.0,9.5,32.25,4.31,1.45,40.0,135.0,,4.03,11.0,27.89286014005288,118.81595856044991,51.25,,7,1,1,0,0,59.0,0,4.07753744390572,2.0,21.462012320328544,1,0.2077137176938369,0.2077137176938369,0.021754764473211,0.1954274353876739,0.1954274353876739,1688.0,983.0,141.0,11.97163120567376,74.0,0.09929078014184398,288.0,3.0,1.0,0.0,1.0,1.0,0.1859589532206259,1.6832191780821917,19.0,21.248459958932237,0.021754764473211,0.1178309323185648,21.248459958932237,1.0,0.604,0.604,0.465,0.622,0.103,0.103,44.4,24.1,21.2,0.899,44.4,2.0,1.0,0.0,1.0,8.9,49.0,1.0,1.0,0.0,4.0,0.9389,139.0,1.0,913.0,0.0,30.433333333333334,0.3185053380782918,0.6192170818505338,0.5944444444444444,0.6638888888888889,0.974903474903475,0.9920424403183024,0.9104627766599598,0.9755102040816327,,0.9676165803108808,0.9825242718446602,0.9221991701244814,81.10286065005046,0.9561657508620843,0.6218253620178962,0.16399286987522282,0.7239915074309978,-0.5599986375557751
Josh Malone,2017,74.63,208.0,9.63,31.38,4.4,1.54,30.5,121.0,7.05,4.19,10.0,26.253776076497914,110.98968649682396,40.583333333333336,11.24,8,1,0,0,0,128.0,0,4.852030263919617,4.0,20.78302532511978,1,0.3532027649769585,0.3532027649769585,0.0613753692817283,0.3135483870967742,0.3135483870967742,1608.0,972.0,104.0,15.461538461538462,75.0,0.1346153846153846,11.0,3.0,1.0,1.0,1.0,1.0,0.2918273956952302,2.4,18.0,20.569472963723477,0.0613753692817283,0.1372511049346152,20.569472963723477,1.0,0.974,0.974,0.5706666666666667,0.974,0.082,0.082,39.9,16.3,25.2,0.867,39.9,4.0,1.0,0.0,1.0,8.3,27.0,1.0,0.0,0.0,4.0,0.9825,37.0,1.0,,,,0.7677935943060499,0.6948398576512456,0.687037037037037,0.38333333333333336,0.8445945945945946,0.4946949602122016,0.05331991951710262,0.35612244897959183,0.3787465940054496,0.7202072538860104,0.9067961165048544,0.06431535269709543,52.931675522704715,0.438746161667183,0.4728709710483807,0.6987522281639929,0.9150743099787686,-0.21632208181477575
Chris Olave,2022,72.38,187.0,9.5,31.13,4.39,1.5,32.0,124.0,,,,25.093415282899862,100.69630189361585,42.333333333333336,,5,1,0,0,0,11.0,0,2.3978952727983707,1.0,21.51403148528405,1,0.3326623376623376,0.2358116176160707,0.0495825049701789,0.3471428571428571,0.1890145395799677,2711.0,936.0,176.0,15.403409090909092,61.0,0.19886363636363635,5.0,4.0,3.0,1.0,1.0,3.0,0.1862291126458918,1.1024734982332156,18.0,19.299110198494184,0.2402280130293159,0.3326623376623376,21.300479123887747,0.0,1.361,0.613,0.986,1.361,0.12,0.12,47.2,29.3,20.6,,47.2,5.0,1.0,0.0,1.0,10.1,44.0,1.0,1.0,0.0,3.0,0.8875,399.0,0.0,40.0,0.0,10.0,0.40569395017793597,0.19750889679715303,0.5944444444444444,0.3148148148148148,0.8725868725868726,0.8793103448275862,0.12173038229376258,0.573469387755102,,,0.6310679611650486,0.14937759336099585,47.400046482237165,0.44208924373797104,0.35917089793273943,0.6327985739750446,0.5010615711252654,0.13173700284977918
Tyler Johnson,2020,73.38,206.0,9.0,30.88,,,,,,,,26.89472639911523,,,,2,0,0,0,0,161.0,0,5.081404364984463,5.0,21.352498288843258,1,0.6126165822134098,0.4097988891392298,0.0867917097425294,0.4474553866490416,0.4002429395687822,3305.0,1318.0,213.0,15.51643192488263,73.0,0.15492957746478872,-1.0,4.0,3.0,3.0,1.0,1.0,0.32300717939670043,1.127459366980325,17.0,19.140314852840522,0.6126165822134098,0.6126165822134098,21.138945927446954,0.0,0.919,0.171,0.6146,0.922,0.137,0.026,39.8,19.4,19.6,,39.8,38.0,1.0,0.0,1.0,10.2,30.0,0.0,0.0,1.0,3.0,0.8669,561.0,0.0,,,,0.5640569395017794,0.6548042704626335,0.20185185185185187,0.25,,,,,,,,,41.76782654540661,,0.33863626378454376,0.9910873440285205,0.416135881104034,0.5749514629244865
Josh Doctson,2016,74.0,202.0,9.88,31.88,4.5,1.48,41.0,131.0,6.84,4.08,14.0,25.93243243243243,98.52156683432403,51.916666666666664,10.92,8,0,1,1,0,22.0,0,3.091042453358316,1.0,23.077344284736483,1,0.3263767079352645,0.3263767079352645,0.2174993671323038,0.29377905689617,0.29377905689617,3178.0,1327.0,215.0,14.78139534883721,84.0,0.15813953488372093,6.0,4.0,4.0,1.0,1.0,1.0,0.10887734080296071,1.3035363457760314,18.0,18.863791923340177,0.2174993671323038,0.2174993671323038,22.863791923340177,0.0,1.135,0.994,0.949,1.135,0.123,0.123,40.8,19.0,21.7,0.875,40.8,43.0,1.0,0.0,2.0,9.0,31.0,0.0,0.0,1.0,3.0,0.8,1502.0,0.0,,,,0.6708185053380783,0.5231316725978647,0.825925925925926,0.5351851851851852,0.5057915057915058,0.9602122015915119,0.9456740442655935,0.8959183673469387,0.771117166212534,0.9209844559585493,0.5339805825242718,0.946058091286307,75.28998086686887,0.791857664712268,0.7444009151786957,0.5971479500891266,0.1740976645435244,0.4230502855456022
Michael Pittman Jr.,2020,76.0,223.0,9.25,32.5,4.52,1.51,36.5,121.0,6.96,4.14,13.0,27.14144736842105,106.85162208789141,46.583333333333336,11.1,8,0,0,0,1,34.0,0,3.5263605246161616,2.0,22.239561943874058,1,0.3031909671084929,0.3031909671084929,0.0114110770943501,0.2920962199312715,0.2920962199312715,2504.0,1275.0,170.0,14.729411764705882,77.0,0.11176470588235295,20.0,4.0,2.0,1.0,1.0,1.0,0.29177989001414284,1.7160161507402423,18.0,21.026694045174537,0.0114110770943501,0.086717630195891,22.026009582477755,0.0,0.993,0.754,0.8634999999999999,0.993,0.134,0.134,39.0,13.1,26.7,,39.0,4.0,1.0,0.0,1.0,8.9,30.0,0.0,1.0,0.0,4.0,0.9688,59.0,1.0,187.0,1.0,18.7,0.9270462633451957,0.9421708185053381,0.40555555555555556,0.7324074074074074,0.4372586872586873,0.8143236074270557,0.6247484909456741,0.35612244897959183,0.5653950953678474,0.8380829015544041,0.8349514563106796,0.5912863070539419,67.24457533092817,0.6052741320786486,0.6724394293134582,0.48484848484848486,0.8683651804670913,-0.38351669561860646
Robert Davis,2017,74.75,219.0,9.63,33.0,4.44,1.54,41.0,136.0,6.82,4.28,19.0,27.553517298464225,112.70475260762112,52.333333333333336,11.100000000000001,8,1,1,1,1,209.0,0,5.342334251964811,6.0,21.752224503764545,1,0.3108490096546232,0.3108490096546232,0.2282059727711901,0.327580372250423,0.327580372250423,3391.0,980.0,222.0,15.274774774774775,80.0,0.07657657657657657,3.0,4.0,3.0,1.0,1.0,1.0,0.08264303688343311,0.9877551020408163,18.0,18.537987679671456,0.2282059727711901,0.2282059727711901,21.53867214236824,0.0,0.719,0.418,0.55,0.719,0.156,0.156,28.0,-6.7,31.9,0.953,17.3,105.0,0.0,1.0,1.0,9.0,28.0,0.0,0.0,0.0,2.0,0.7826,2227.0,0.0,,,,0.7846975088967971,0.895017793594306,0.687037037037037,0.850925925925926,0.7055984555984556,0.4946949602122016,0.9456740442655935,0.986734693877551,0.8024523160762943,0.47020725388601037,0.9378640776699029,0.9626556016597511,79.36299723916522,0.9567576052710157,0.8170836290313384,0.5115864527629234,0.07855626326963906,0.4330301894932843
Jalen Tolbert,2022,73.63,193.0,10.0,32.63,4.49,1.54,36.0,123.0,7.08,4.24,,25.026668040733345,94.97339012685536,46.25,11.32,7,0,0,0,0,88.0,0,4.477336814478207,3.0,22.844626967830255,1,0.4220014716703458,0.4217270359848485,0.0122799836266884,0.4798177083333333,0.4798177083333333,3141.0,1474.0,178.0,17.646067415730336,73.0,0.12359550561797752,0.0,4.0,3.0,3.0,1.0,1.0,0.4094470523581601,1.3572744014732965,19.0,20.629705681040384,0.0,0.0122799836266884,22.63107460643395,0.0,1.881,0.945,0.9602499999999999,1.881,0.135,0.135,21.4,-7.2,28.0,,21.4,109.0,0.0,1.0,1.0,8.2,17.0,0.0,0.0,0.0,2.0,0.7733,2917.0,0.0,,,,0.6023131672597865,0.31494661921708184,0.8787037037037037,0.7694444444444445,0.5395752895752896,0.4946949602122016,0.5543259557344065,0.48775510204081635,0.3242506811989101,0.5893782383419689,0.3864077669902913,0.5435684647302904,54.044703278743256,0.4761629415885047,0.7011968177855852,0.8787878787878788,0.03397027600849257,0.8448176027793862
Devonta Smith,2021,72.25,170.0,9.25,31.875,,,,131.0,,,,22.89436189700794,,,,3,0,0,0,0,10.0,0,2.302585092994046,1.0,22.132785763175907,1,0.4731222385861561,0.4731222385861561,0.0831135260603502,0.3986254295532646,0.3986254295532646,3965.0,1856.0,235.0,16.872340425531913,85.0,0.19574468085106383,6.0,4.0,2.0,1.0,1.0,1.0,0.3900087125258059,1.4777070063694266,18.0,20.917180013689254,0.0831135260603502,0.1289299721659919,21.919233401779604,0.0,1.087,1.033,0.8895000000000001,1.087,0.165,0.165,46.8,28.3,18.6,,46.8,1.0,1.0,0.0,1.0,11.2,41.0,1.0,1.0,0.0,4.0,0.9717,62.0,1.0,289.0,1.0,19.266666666666666,0.39234875444839856,0.02491103202846975,0.40555555555555556,0.5175925925925926,,,,0.8959183673469387,,,,,44.7265260394391,0.8959183673469387,0.43849896753218226,0.9500891265597148,0.8577494692144374,0.09233965734527738
Keke Coutee,2018,69.75,181.0,8.38,29.88,4.43,1.53,34.5,113.0,6.93,4.15,14.0,26.154443031307412,93.9926005469229,43.916666666666664,11.08,8,1,0,0,0,103.0,0,4.634728988229636,4.0,20.9637234770705,1,0.3075643812158335,0.3075643812158335,0.0104042806183115,0.3294144767173813,0.3294144767173813,2424.0,1429.0,159.0,15.245283018867925,80.0,0.1069182389937107,17.0,3.0,1.0,1.0,1.0,1.0,0.297160100597522,1.6056179775280899,18.0,20.750171115674195,0.0104042806183115,0.1545616776189819,20.750171115674195,1.0,0.876,0.876,0.6463333333333333,0.918,0.124,0.124,34.4,4.8,28.3,0.857,34.4,44.0,1.0,0.0,1.0,8.0,33.0,0.0,1.0,0.0,3.0,0.8703,530.0,0.0,426.0,1.0,25.058823529411764,0.09786476868327403,0.10142348754448399,0.026851851851851852,0.07777777777777778,0.7451737451737451,0.616710875331565,0.35714285714285715,0.04897959183673469,0.6253405994550408,0.7992227979274611,0.34271844660194173,0.279045643153527,34.31877035400217,0.2496136318605112,0.1399093138639402,0.5026737967914439,0.4256900212314225,0.07698377556002134
D.J. Chark,2018,74.88,199.0,9.25,32.38,4.34,1.54,40.0,129.0,,,16.0,24.95035504100008,112.18225200728337,50.75,,6,1,1,0,0,61.0,0,4.110873864173311,2.0,21.27310061601643,1,0.2534526854219949,0.2534526854219949,0.0025404157043879,0.3304347826086956,0.3304347826086956,1351.0,874.0,66.0,20.46969696969697,80.0,0.09090909090909091,264.0,3.0,2.0,0.0,1.0,1.0,0.250912269717607,1.8755364806866952,18.0,20.060232717316907,0.0025404157043879,0.2271481806225339,21.059548254620122,1.0,3.521,0.819,1.7033333333333334,0.938,0.092,0.092,35.6,21.1,14.0,0.839,35.6,2.0,1.0,0.0,1.0,9.0,16.0,1.0,1.0,0.0,3.0,0.8752,464.0,0.0,202.0,2.0,10.631578947368421,0.8051601423487544,0.4430604982206406,0.40555555555555556,0.7037037037037037,0.946911196911197,0.4946949602122016,0.9104627766599598,0.8428571428571429,,,0.9300970873786408,0.9066390041493776,73.89142067997174,0.8944723356319145,0.7062205445669933,0.30303030303030304,0.4575371549893843,-0.15450685195908126
Curtis Samuel,2017,71.0,196.0,9.5,31.25,4.31,1.49,37.0,119.0,7.09,4.33,18.0,27.333465582225745,113.59964818462528,46.916666666666664,11.42,8,1,0,0,0,40.0,0,3.6888794541139363,2.0,20.39151266255989,1,0.2901349818825547,0.2901349818825547,0.0128135958996493,0.3110391945343401,0.3110391945343401,1249.0,865.0,107.0,11.672897196261681,79.0,0.08411214953271028,1286.0,3.0,1.0,0.0,1.0,1.0,0.2773213859829054,2.9930795847750864,17.0,20.177960301163587,0.1114910494158001,0.2901349818825547,20.177960301163587,1.0,,,,,,,35.6,22.4,15.0,0.816,35.6,7.0,1.0,0.0,1.0,6.7,24.0,0.0,1.0,0.0,4.0,0.972,56.0,1.0,472.0,0.0,17.48148148148148,0.21263345195729538,0.37722419928825623,0.5944444444444444,0.34074074074074073,0.974903474903475,0.9270557029177718,0.6891348088531187,0.2357142857142857,0.30381471389645776,0.344559585492228,0.9533980582524272,0.6358921161825726,54.91262985535893,0.6260823842732771,0.45923836149889985,0.44563279857397503,0.8747346072186837,-0.42910180864470865
Lynn Bowden,2020,71.0,204.0,,,,,,,,,13.0,28.449117238643126,,,,1,0,0,0,0,80.0,0,4.382026634673881,3.0,22.21492128678987,1,0.369942408569018,0.1732822132010223,0.0429272281275551,0.3552694325226514,0.2354533152909337,1303.0,745.0,114.0,11.429824561403509,54.0,0.05263157894736842,1530.0,3.0,1.0,1.0,1.0,1.0,0.1303549850734672,0.4671140939597315,19.0,21.00205338809035,0.0,0.0429272281275551,22.001368925393567,0.0,0.468,0.286,0.3526666666666667,0.545,0.374,0.374,29.5,13.1,16.3,0.806,30.1,30.0,1.0,0.0,1.0,7.1,10.0,0.0,1.0,0.0,4.0,0.9335,157.0,1.0,1841.0,2.0,23.0125,0.21263345195729538,0.5854092526690391,,,,,,,,,,,39.90213523131673,,0.21263345195729538,0.7593582887700535,0.7048832271762208,0.05447506159383275
Isaiah Ford,2017,73.25,194.0,9.25,32.63,4.61,1.55,35.5,127.0,6.94,4.34,14.0,25.41802467122506,85.90689534835319,46.083333333333336,11.280000000000001,8,0,0,0,0,237.0,0,5.4680601411351315,7.0,20.895277207392198,1,0.4273955495004541,0.2621121728877391,0.2830271053560481,0.3964577656675749,0.298417894162575,2967.0,1164.0,210.0,14.128571428571428,75.0,0.11428571428571428,84.0,3.0,3.0,1.0,1.0,1.0,-0.020914932468309,0.9398625429553265,18.0,18.680355920602327,0.2830271053560481,0.4273955495004541,20.681724845995895,1.0,0.749,0.459,0.6246666666666667,0.809,0.138,0.136,30.8,11.4,19.7,0.868,34.5,28.0,1.0,0.0,1.0,7.9,13.0,0.0,0.0,0.0,3.0,0.8849,378.0,0.0,,,,0.5409252669039146,0.33629893238434166,0.40555555555555556,0.7694444444444445,0.14961389961389962,0.39389920424403185,0.48893360160965793,0.763265306122449,0.6049046321525886,0.31994818652849744,0.13009708737864079,0.5228215767634855,45.214230780845895,0.4607653317035825,0.5512147171283931,0.8912655971479501,0.5138004246284501,0.37746517251949996
Quintez Cephus,2020,72.88,202.0,8.75,32.13,4.73,1.59,38.5,124.0,7.2,4.33,23.0,26.735601942835522,80.71175712405854,48.833333333333336,11.530000000000001,8,0,1,0,0,166.0,0,5.111987788356544,5.0,21.752224503764545,1,0.3552224601475137,0.3552224601475137,0.0187475069804547,0.3215560314061385,0.3215560314061385,1496.0,901.0,93.0,16.086021505376344,61.0,0.13978494623655913,46.0,3.0,2.0,1.0,1.0,1.0,0.336474953167059,1.7984031936127745,18.0,19.540041067761805,0.0187475069804547,0.2187850992137776,21.53867214236824,1.0,1.293,0.798,0.9486666666666667,1.481,0.089,0.089,37.7,20.3,16.4,,37.7,45.0,1.0,0.0,1.0,8.0,18.0,0.0,0.0,0.0,3.0,0.8583,705.0,0.0,,,,0.46174377224199287,0.5231316725978647,0.09166666666666666,0.6277777777777778,0.025096525096525095,0.11671087533156499,0.8118712273641852,0.573469387755102,0.17029972752043596,0.344559585492228,0.04271844660194175,0.7956431535269709,38.205740149777135,0.47601968724040966,0.49826486101265555,0.714795008912656,0.38004246284501064,0.3347525460676454
Jordan Lasley,2018,73.0,203.0,9.63,32.75,4.5,1.57,34.5,112.0,7.27,4.19,8.0,26.779696003002442,99.00929736320683,43.833333333333336,11.46,8,0,0,0,0,162.0,0,5.087596335232384,5.0,21.13347022587269,1,0.2875356989731776,0.2875356989731776,0.0024306548470117,0.2847488173011939,0.2847488173011939,1901.0,1264.0,113.0,16.82300884955752,75.0,0.12389380530973451,-6.0,3.0,2.0,0.0,1.0,1.0,0.2851050441261659,2.0387096774193547,18.0,19.920602327173167,0.0024306548470117,0.2010341645949201,20.919917864476385,1.0,0.747,0.738,0.46799999999999997,0.801,0.154,0.154,39.3,4.9,34.5,0.867,39.3,13.0,1.0,0.0,1.0,8.2,26.0,1.0,1.0,0.0,3.0,0.8703,512.0,0.0,81.0,1.0,20.25,0.4893238434163701,0.552491103202847,0.687037037037037,0.7944444444444444,0.5057915057915058,0.22546419098143236,0.35714285714285715,0.02959183673469388,0.11580381471389646,0.7202072538860104,0.5601941747572815,0.27282157676348545,44.25261365726551,0.3156429562116108,0.5819870455101772,0.43672014260249553,0.43524416135881105,0.0014759812436844766
Malachi Dupre,2017,74.13,196.0,9.0,31.5,4.52,1.54,39.5,135.0,7.19,4.26,11.0,25.073986986850425,93.91443017590457,50.75,11.45,8,0,1,0,0,247.0,0,5.5093883366279774,7.0,21.22381930184805,1,0.3919701545567596,0.2549868478737396,0.2221296450591568,0.3224018475750577,0.2599736957474792,1609.0,698.0,98.0,16.418367346938776,63.0,0.14285714285714285,0.0,3.0,3.0,1.0,1.0,1.0,0.03285720281458279,0.8495702005730659,18.0,19.00889801505818,0.2221296450591568,0.3919701545567596,21.010266940451746,1.0,0.805,0.805,0.6066666666666668,0.805,0.094,0.085,41.3,19.7,21.8,0.796,34.2,2.0,1.0,0.0,1.0,7.8,13.0,1.0,0.0,0.0,5.0,0.9917,17.0,1.0,,,,0.7001779359430605,0.37722419928825623,0.20185185185185187,0.41944444444444445,0.4372586872586873,0.4946949602122016,0.8832997987927566,0.9755102040816327,0.1880108991825613,0.538860103626943,0.3388349514563107,0.9066390041493776,53.8483920024007,0.7325483181102334,0.5511935077580283,0.8360071301247772,0.9660297239915074,-0.1300225938667302
George Pickens,2022,75.25,195.0,8.75,32.38,4.47,1.59,33.0,125.0,,,,24.209004315625656,97.6864921074022,43.416666666666664,,5,0,0,0,0,52.0,0,3.9512437185814275,2.0,20.829568788501028,1,0.2702779283496772,0.0141609317098994,0.2702779283496772,0.2328635490070467,0.0283218634197988,1347.0,727.0,90.0,14.966666666666667,52.0,0.15555555555555556,0.0,3.0,2.0,0.0,1.0,9.0,-0.25611699663977777,0.14718019257221457,18.0,18.614647501711158,0.2702779283496772,0.2702779283496772,20.61601642710472,1.0,0.925,0.39,0.7366666666666667,0.925,0.087,0.036,34.2,26.8,10.0,,41.4,1.0,1.0,0.0,1.0,7.4,24.0,1.0,0.0,0.0,5.0,0.9879,24.0,1.0,,,,0.8514234875444839,0.3540925266903915,0.09166666666666666,0.7037037037037037,0.6023166023166023,0.11671087533156499,0.20020120724346077,0.6551020408163265,,,0.5067961165048543,0.2437759336099585,43.25789160428013,0.45403312152154723,0.4617487662895787,0.37076648841354726,0.9479830148619958,-0.5772165264484486
Ihmir Smith-Marsette,2021,72.75,181.0,9.75,30.75,4.5,,37.0,124.0,7.06,4.23,10.0,24.0418511826738,88.2792257277854,47.333333333333336,11.29,8,0,1,0,0,157.0,0,5.056245805348308,5.0,21.34428473648186,1,0.3313303816150116,0.3313303816150116,0.0748453670006439,0.2426075268817204,0.2182163187855787,1588.0,722.0,110.0,14.436363636363636,60.0,0.12727272727272726,274.0,4.0,2.0,1.0,1.0,1.0,0.2564850146143677,0.4778393351800554,17.0,20.128678986995208,0.1127669293136919,0.2775537634408602,21.130732375085557,0.0,0.618,0.605,0.434,0.626,0.098,0.093,30.0,16.7,15.2,,29.7,39.0,1.0,0.0,1.0,7.4,16.0,0.0,1.0,0.0,,,,,1470.0,2.0,27.22222222222222,0.445729537366548,0.10142348754448399,0.7546296296296297,0.22592592592592592,0.5057915057915058,,0.6891348088531187,0.573469387755102,0.3651226158038147,0.6036269430051814,0.1766990291262136,0.6846473029045643,46.60181976096444,0.47976774191147814,0.5288549754438056,0.6292335115864528,,
Seth Williams,2021,75.0,211.0,9.875,33.5,4.49,,37.0,124.0,7.2,4.43,12.0,26.370311111111114,103.83101200397141,47.333333333333336,11.629999999999999,8,0,1,0,1,219.0,0,5.389071729816501,6.0,20.72826830937714,1,0.3548507462686567,0.3201953501169349,0.2102361436377829,0.3097014925373134,0.3070573669005365,2108.0,830.0,132.0,15.969696969696969,62.0,0.12878787878787878,0.0,3.0,3.0,2.0,1.0,1.0,0.109959206479152,0.8963855421686747,18.0,18.51334702258727,0.2102361436377829,0.3548507462686567,20.514715947980836,1.0,1.089,0.426,0.6753333333333335,1.089,0.123,0.123,33.9,21.0,14.9,,33.0,12.0,1.0,0.0,1.0,6.7,16.0,1.0,0.0,1.0,4.0,0.9259,185.0,1.0,,,,0.8238434163701067,0.7588967971530249,0.8,0.9268518518518518,0.5395752895752896,,0.6891348088531187,0.573469387755102,0.17029972752043596,0.16321243523316062,0.7417475728155339,0.6846473029045643,62.469805363928984,0.6681172564745849,0.8099575192687694,0.7094474153297683,0.6624203821656051,0.047027033164163234
Tre McBride,2015,72.25,210.0,9.0,32.13,4.41,1.49,38.0,122.0,6.96,4.08,16.0,28.281270578656866,111.04395783283147,48.166666666666664,11.04,8,1,1,0,0,245.0,0,5.501258210544727,7.0,22.083504449007528,0,,,,,,,,,,,,,,,,,,,,,,,,,,,,,,,,,,,,,,,,,,,,,,,,,,,,,0.39234875444839856,0.7402135231316725,0.20185185185185187,0.6277777777777778,0.8175675675675675,0.9270557029177718,0.7706237424547284,0.4204081632653061,0.5653950953678474,0.9209844559585493,0.9087378640776699,0.7520746887966805,67.04199323013184,0.6999232565992348,0.4981505316331892,,,
Jamison Crowder,2015,68.38,185.0,8.75,30.38,4.56,1.7,37.0,115.0,6.99,4.32,10.0,27.814346492567175,85.57410258866025,46.583333333333336,11.31,8,0,0,0,0,105.0,0,4.653960350157523,4.0,21.541409993155373,1,0.349585935078163,0.3159358487067767,0.0593633556904077,0.3914795624640184,0.371002132196162,3641.0,1360.0,283.0,12.865724381625443,99.0,0.0812720848056537,135.0,4.0,3.0,2.0,1.0,1.0,0.25657249301636903,0.7676470588235295,18.0,19.329226557152634,0.2936371755120062,0.349585935078163,21.32785763175907,0.0,0.643,0.322,0.48250000000000004,0.657,0.147,0.147,32.0,5.0,27.2,0.874,29.6,62.0,1.0,0.0,1.0,7.0,13.0,0.0,1.0,0.0,3.0,0.8358,1038.0,0.0,1799.0,4.0,15.245762711864407,0.03113879003558719,0.1619217081850534,0.09166666666666666,0.15925925925925927,0.29633204633204635,0.002652519893899204,0.6891348088531187,0.09489795918367347,0.5,0.37823834196891193,0.11650485436893204,0.5912863070539419,25.94194384834242,0.30017920746857474,0.24279988120365797,0.6934046345811051,0.2813163481953291,0.41208828638577605
Laviska Shenault,2020,72.63,227.0,9.0,31.88,4.58,,,,,,17.0,30.25165186386676,103.17962398269448,,,4,0,0,0,0,42.0,0,3.7376696182833684,2.0,21.240246406570844,1,0.328960726689821,0.2447710131405022,0.02688,0.3421319796954314,0.2673198040587823,1943.0,1011.0,149.0,13.04026845637584,89.0,0.06711409395973154,280.0,3.0,2.0,1.0,1.0,1.0,0.2178910131405022,0.7556874381800198,18.0,20.027378507871322,0.02688,0.328960726689821,21.026694045174537,1.0,0.933,0.73,0.7863333333333333,1.512,0.185,0.128,27.0,-0.7,27.2,0.904,30.1,35.0,1.0,0.0,1.0,7.2,19.0,0.0,1.0,0.0,3.0,0.8731,480.0,0.0,109.0,1.0,54.5,0.42704626334519574,0.9733096085409253,0.20185185185185187,0.5351851851851852,0.22876447876447875,,,,,,0.7145631067961165,,51.34534157472922,0.7145631067961165,0.38802776679407763,0.6114081996434938,0.445859872611465,0.16554832703202882
Darnell Mooney,2020,70.0,176.0,9.63,30.88,4.38,1.5,37.0,124.0,,,9.0,25.250612244897958,95.64146535400026,47.333333333333336,,6,1,1,0,0,173.0,0,5.153291594497779,5.0,22.17385352498289,1,0.4752801120448179,0.2646509891750653,0.2046238244514106,0.4172268907563025,0.2661440836132885,2572.0,993.0,154.0,16.7012987012987,86.0,0.12337662337662338,28.0,4.0,4.0,2.0,1.0,1.0,0.060027164723654686,0.7180261832829808,18.0,18.962354551676935,0.2046238244514106,0.32265625,21.960301163586585,0.0,0.852,0.385,0.53325,0.855,0.095,0.089,23.8,-3.5,28.3,0.931,33.1,112.0,0.0,1.0,1.0,8.5,10.0,0.0,1.0,0.0,2.0,0.7883,2468.0,0.0,5.0,0.0,2.5,0.11743772241992882,0.050711743772241996,0.687037037037037,0.25,0.8947876447876448,0.8793103448275862,0.6891348088531187,0.573469387755102,,,0.4174757281553398,0.6846473029045643,52.440117205125645,0.5600266415878535,0.43590239207752113,0.9536541889483066,0.055201698513800426,0.8984524904345061
Deebo Samuel,2019,71.25,214.0,10.0,31.375,4.48,,39.0,122.0,7.03,4.14,15.0,29.634619883040937,106.2506787333077,49.166666666666664,11.17,8,0,1,0,0,36.0,0,3.58351893845611,2.0,22.962354551676935,1,0.2959256329113924,0.2959256329113924,0.0617410819749586,0.2825694695055936,0.2481012658227848,2076.0,882.0,148.0,14.027027027027026,89.0,0.10810810810810811,154.0,4.0,1.0,0.0,1.0,1.0,0.2341845509364338,1.1264367816091954,19.0,22.748802190280628,0.0,0.0617410819749586,22.748802190280628,0.0,0.856,0.545,0.67975,0.871,0.138,0.126,36.4,14.9,23.6,0.788,36.4,21.0,1.0,0.0,1.0,8.2,27.0,0.0,1.0,0.0,3.0,0.8506,842.0,0.0,1244.0,4.0,27.043478260869566,0.2508896797153025,0.8202846975088968,0.8787037037037037,0.3648148148148148,0.5675675675675675,,0.8501006036217303,0.4204081632653061,0.40463215258855584,0.8380829015544041,0.8087378640776699,0.8236514522821576,63.889760006364625,0.6930822103215689,0.5861272004638878,0.46702317290552586,0.33970276008492567,0.1273204128206002
Garrett Wilson,2022,71.75,183.0,9.88,32.0,4.38,1.49,36.0,123.0,,4.36,,24.989789848122474,99.44538727148891,46.25,,6,1,0,0,0,10.0,0,2.302585092994046,1.0,21.44558521560575,1,0.3085064935064935,0.2372603076490833,0.1107152551574375,0.3442857142857143,0.2136510500807754,2213.0,1058.0,143.0,15.475524475524475,77.0,0.16083916083916083,143.0,3.0,2.0,1.0,0.0,2.0,0.12654505249164577,1.4633471645919778,19.0,20.23271731690623,0.1107152551574375,0.3085064935064935,21.232032854209447,1.0,0.966,0.857,0.8009999999999998,0.917,0.137,0.137,47.2,29.3,20.6,,47.2,5.0,1.0,0.0,1.0,10.1,44.0,1.0,1.0,0.0,5.0,0.9903,20.0,1.0,209.0,0.0,5.9714285714285715,0.302491103202847,0.1298932384341637,0.825925925925926,0.5722222222222222,0.8947876447876448,0.9270557029177718,0.5543259557344065,0.48775510204081635,,0.26813471502590674,0.579611650485437,0.5435684647302904,55.32519750461302,0.5405642360868866,0.5637413017713504,0.5062388591800356,0.9596602972399151,-0.45342143805987944
Devin Smith,2015,72.38,196.0,9.0,31.0,4.42,1.56,39.0,122.0,6.83,4.15,10.0,26.301119761756002,102.70627767653052,49.166666666666664,10.98,8,1,1,1,0,37.0,0,3.6109179126442243,2.0,22.830937713894592,1,0.3183438664722087,0.2684303826737061,0.2193068098608738,0.2837465564738292,0.2511464796331265,2503.0,931.0,121.0,20.68595041322314,90.0,0.24793388429752067,2.0,4.0,4.0,1.0,1.0,1.0,0.049123572812832306,1.4106060606060606,19.0,19.616700889801507,0.0,0.2193068098608738,22.61738535249829,0.0,1.744,1.088,1.06,1.744,0.073,0.061,45.6,25.8,20.1,0.84,45.6,2.0,1.0,0.0,1.0,9.0,34.0,0.0,1.0,0.0,4.0,0.8924,291.0,1.0,680.0,0.0,14.782608695652174,0.40569395017793597,0.37722419928825623,0.20185185185185187,0.275,0.7847490347490348,0.2957559681697613,0.8501006036217303,0.4204081632653061,0.7888283378746594,0.7992227979274611,0.7009708737864078,0.8236514522821576,56.02881027495469,0.6571598802244815,0.4331616014128795,0.5579322638146168,0.5690021231422505,-0.011069859327633713
Antonio Callaway,2018,70.63,200.0,9.5,31.5,4.41,1.56,34.0,121.0,7.0,4.33,7.0,28.184277627242246,105.75615031698236,44.083333333333336,11.33,8,1,0,0,0,105.0,0,4.653960350157523,4.0,20.97741273100616,1,0.2169368747844084,0.2118538324420677,0.2169368747844084,0.2570409982174688,0.2570409982174688,1399.0,721.0,89.0,15.719101123595506,78.0,0.07865168539325842,51.0,2.0,2.0,0.0,1.0,1.0,-0.005083042342340693,1.0634218289085546,18.0,18.76249144421629,0.2169368747844084,0.2169368747844084,19.76454483230664,1.0,0.494,0.494,0.491,0.494,0.109,0.109,26.6,15.4,14.0,0.837,26.6,21.0,1.0,0.0,1.0,6.9,10.0,0.0,1.0,0.0,4.0,0.8901,351.0,1.0,829.0,3.0,13.370967741935484,0.17704626334519574,0.46441281138790036,0.5944444444444444,0.41944444444444445,0.8175675675675675,0.2957559681697613,0.29577464788732394,0.35612244897959183,0.47275204359673023,0.344559585492228,0.7951456310679612,0.2966804979253112,44.414219619237166,0.4823475759782923,0.37167745003035213,0.1889483065953654,0.5307855626326964,-0.34183725603733095
Ricardo Louis,2016,73.75,215.0,9.5,32.38,4.43,1.53,38.0,132.0,7.07,4.32,18.0,27.78879632289572,111.6486691579471,49.0,11.39,8,1,1,0,0,114.0,0,4.736198448394496,4.0,21.776865160848732,1,0.3194273544723142,0.3194273544723142,0.0095795635976583,0.3388547089446285,0.3388547089446285,1338.0,716.0,98.0,13.653061224489797,73.0,0.08163265306122448,578.0,4.0,1.0,1.0,1.0,1.0,0.30984779087465586,2.203076923076923,18.0,21.56331279945243,0.0095795635976583,0.1170933113129645,21.56331279945243,0.0,0.552,0.419,0.4873333333333334,0.617,0.126,0.126,36.1,14.6,23.1,0.795,36.1,6.0,1.0,0.0,1.0,8.2,1.0,0.0,1.0,0.0,4.0,0.9393,148.0,1.0,230.0,0.0,20.90909090909091,0.6174377224199288,0.8416370106761566,0.5944444444444444,0.7037037037037037,0.7451737451737451,0.616710875331565,0.7706237424547284,0.9193877551020408,0.3446866485013624,0.37823834196891193,0.9194174757281554,0.8101659751037344,68.846895338404,0.8698096577616415,0.6715524032557013,0.5632798573975044,0.7123142250530785,-0.1490343676555741
Chad Hansen,2017,73.75,202.0,10.13,32.13,4.53,1.53,35.0,119.0,6.74,4.13,11.0,26.108543521976443,95.93753532303836,44.916666666666664,10.870000000000001,8,0,0,1,0,141.0,0,4.948759890378168,4.0,21.95482546201232,1,0.3210759303721489,0.3210759303721489,0.0518518518518518,0.3186224489795918,0.3186224489795918,1526.0,1249.0,115.0,13.269565217391305,70.0,0.10434782608695652,0.0,3.0,1.0,1.0,1.0,1.0,0.26922407852029706,5.016064257028113,18.0,21.741273100616016,0.0518518518518518,0.0518518518518518,21.741273100616016,1.0,0.743,0.527,0.5726666666666667,0.743,0.161,0.161,38.4,2.4,36.3,0.843,38.4,34.0,1.0,0.0,2.0,6.9,37.0,1.0,0.0,1.0,,,,,,,,0.6174377224199288,0.5231316725978647,0.9277777777777778,0.6277777777777778,0.4092664092664093,0.616710875331565,0.42655935613682094,0.2357142857142857,0.896457765667575,0.8601036269430051,0.4300970873786408,0.4066390041493776,58.14727800967524,0.3641235764099158,0.6498881585280764,0.5686274509803921,,
Darius Slayton,2019,73.0,190.0,10.0,32.75,4.39,1.45,40.5,135.0,7.0,4.15,11.0,25.064740101332333,102.31175058709631,51.75,11.15,8,1,1,0,0,171.0,0,5.14166355650266,5.0,21.968514715947983,1,0.2334601873536299,0.2334601873536299,0.1087006427915519,0.2288251366120218,0.2288251366120218,1605.0,670.0,79.0,20.31645569620253,74.0,0.13924050632911392,0.0,3.0,2.0,0.0,1.0,1.0,0.124759544562078,1.04199066874028,19.0,20.75564681724846,0.0,0.1087006427915519,21.754962354551676,1.0,1.064,0.77,0.727,1.064,0.083,0.08,36.9,23.6,14.1,0.761,36.9,9.0,1.0,0.0,1.0,7.6,18.0,1.0,1.0,0.0,4.0,0.9379,140.0,1.0,-11.0,0.0,-11.0,0.4893238434163701,0.2526690391459075,0.8787037037037037,0.7944444444444444,0.8725868725868726,0.9920424403183024,0.9275653923541247,0.9755102040816327,0.47275204359673023,0.7992227979274611,0.6815533980582524,0.9408713692946058,75.64371290773674,0.8615429981646701,0.7725093459796607,0.24598930481283424,0.721868365180467,-0.47587906036763283
Hakeem Butler,2019,77.63,227.0,10.75,35.25,4.48,1.51,36.0,128.0,7.09,4.16,18.0,26.480245666375993,112.70515921710677,46.666666666666664,11.25,8,0,0,0,1,103.0,0,4.634728988229636,4.0,22.628336755646817,1,0.43588,0.43588,0.0691902002269033,0.42176,0.42176,2149.0,1318.0,110.0,19.536363636363635,83.0,0.16363636363636364,0.0,3.0,2.0,1.0,1.0,1.0,0.3666897997730967,1.890961262553802,20.0,21.415468856947296,0.0,0.0691902002269033,22.414784394250514,0.0,1.185,0.78,0.944,1.185,0.122,0.122,29.9,7.9,21.5,0.885,29.9,52.0,1.0,0.0,1.0,10.2,16.0,1.0,1.0,0.0,2.0,0.7893,2308.0,0.0,0.0,0.0,0.0,0.994661921708185,0.9733096085409253,0.9944444444444445,0.9962962962962963,0.5675675675675675,0.8143236074270557,0.5543259557344065,0.8061224489795918,0.30381471389645776,0.7681347150259067,0.9398058252427185,0.6026970954356846,77.62920166916034,0.7667514099855722,0.8849321545458331,0.9055258467023173,0.06794055201698514,0.8375852946853322
Dillon Mitchell,2019,73.25,197.0,9.0,31.5,4.46,1.53,36.5,122.0,6.93,4.29,12.0,25.81108690840895,99.5764838867107,46.666666666666664,11.219999999999999,8,0,0,0,0,239.0,0,5.476463551931511,7.0,21.6290212183436,1,0.3549045452612781,0.3549045452612781,0.0014137606032045,0.3649815043156597,0.3649815043156597,1710.0,1184.0,119.0,14.369747899159664,67.0,0.11764705882352941,11.0,3.0,2.0,1.0,1.0,1.0,0.35349078465807365,2.2901353965183753,19.0,20.416153319644078,0.0014137606032045,0.2158093695153233,21.415468856947296,1.0,0.598,0.598,0.06066666666666668,0.619,0.139,0.139,34.7,7.3,25.8,0.909,34.7,19.0,1.0,0.0,1.0,7.8,29.0,1.0,1.0,0.0,4.0,0.9309,161.0,1.0,174.0,0.0,6.6923076923076925,0.5409252669039146,0.40213523131672596,0.20185185185185187,0.41944444444444445,0.6361003861003861,0.616710875331565,0.6247484909456741,0.4204081632653061,0.6253405994550408,0.4417098445595855,0.5844660194174758,0.6026970954356846,50.97115224189711,0.543207557876152,0.4467425135364713,0.7130124777183601,0.6985138004246284,0.014498677293731665
Bo Melton,2022,71.0,189.0,9.0,31.25,4.34,1.5,38.0,121.0,6.98,,,26.35727038286054,106.54495291143998,48.083333333333336,,6,1,0,0,0,229.0,0,5.43372200355424,7.0,22.625598904859686,1,0.3930769845711088,0.3052938537460744,0.0299206921413121,0.357582540570789,0.2772543741588156,2012.0,639.0,163.0,12.343558282208589,66.0,0.06748466257668712,165.0,5.0,3.0,2.0,1.0,1.0,0.2753731616047623,0.9671361502347418,18.0,20.410677618069816,0.0763239875389408,0.2705485304169515,22.412046543463383,0.0,0.744,0.392,0.4462,0.712,0.119,0.119,20.8,-10.5,31.5,,20.8,64.0,1.0,0.0,1.0,5.8,9.0,0.0,1.0,0.0,4.0,0.9099,246.0,1.0,389.0,1.0,24.3125,0.21263345195729538,0.2313167259786477,0.20185185185185187,0.34074074074074073,0.946911196911197,0.8793103448275862,0.7706237424547284,0.35612244897959183,0.5190735694822888,,0.8233009708737864,0.7448132780082988,54.78816656423648,0.6500157207693689,0.3814624467511541,0.839572192513369,0.6072186836518046,0.23235350886156436
Sterling Shepard,2016,70.25,194.0,9.75,30.38,4.48,1.5,41.0,123.0,7.0,4.35,20.0,27.63531363584554,96.32070875823221,51.25,11.35,8,0,1,0,0,40.0,0,3.6888794541139363,2.0,22.888432580424368,1,0.3303543639678094,0.3054957038127019,0.1209876543209876,0.3665910808767951,0.3215177234148776,3482.0,1288.0,233.0,14.944206008583691,75.0,0.11158798283261803,109.0,4.0,3.0,2.0,1.0,1.0,0.18450804949171432,1.3278350515463917,19.0,20.67624914442163,0.0,0.1209876543209876,22.67488021902806,0.0,0.829,0.829,0.742,0.836,0.117,0.111,41.7,22.7,19.3,0.85,41.7,14.0,1.0,0.0,1.0,9.4,36.0,1.0,1.0,0.0,4.0,0.9551,99.0,1.0,225.0,0.0,7.03125,0.14412811387900357,0.33629893238434166,0.7546296296296297,0.15925925925925927,0.5675675675675675,0.8793103448275862,0.9456740442655935,0.48775510204081635,0.47275204359673023,0.29533678756476683,0.4475728155339806,0.9221991701244814,53.437365088947985,0.6270006539467968,0.5009227617583716,0.6238859180035651,0.7749469214437368,-0.1510610034401717
KeeSean Johnson,2019,73.13,201.0,9.5,32.0,4.6,1.56,30.0,117.0,6.81,4.23,14.0,26.42166826985259,89.78312684703103,39.75,11.04,8,0,0,1,0,174.0,0,5.159055299214529,6.0,22.22861054072553,1,0.3819229265064228,0.3311417346876463,0.1287383177570093,0.3545911616829849,0.3545911616829849,3463.0,1340.0,275.0,12.592727272727272,81.0,0.08727272727272728,27.0,4.0,3.0,3.0,1.0,1.0,0.202403416930637,1.3228035538005922,18.0,20.016427104722794,0.1287383177570093,0.3819229265064228,22.015058179329227,0.0,0.622,0.622,0.44199999999999995,0.656,0.137,0.137,33.5,17.4,15.5,0.944,33.5,84.0,0.0,1.0,1.0,8.5,25.0,0.0,1.0,0.0,2.0,0.7593,3049.0,0.0,291.0,0.0,10.777777777777779,0.5195729537366548,0.49377224199288255,0.5944444444444444,0.5722222222222222,0.17277992277992277,0.2957559681697613,0.04024144869215292,0.15816326530612246,0.8160762942779292,0.6036269430051814,0.22135922330097088,0.043568464730290454,37.76319493882113,0.13992131243308206,0.43162026727386865,0.8074866310160428,0.02335456475583864,0.7841320662602042
Demarcus Robinson,2016,73.38,203.0,9.5,33.0,4.59,1.65,34.5,123.0,6.69,4.19,9.0,26.50305562631258,91.46928650309765,44.75,10.88,8,0,0,1,0,126.0,0,4.836281906951478,4.0,21.27857631759069,1,0.3820312902063713,0.1400310451879958,0.0056070209653827,0.3751736915238536,0.1800620903759917,1355.0,810.0,106.0,12.783018867924529,73.0,0.08490566037735849,4.0,3.0,1.0,1.0,1.0,2.0,0.1344240242226131,0.6444444444444445,18.0,20.06570841889117,0.0056070209653827,0.3820312902063713,21.065023956194388,1.0,0.619,0.341,0.49900000000000005,0.619,0.111,0.098,29.8,17.3,14.1,0.777,26.7,3.0,1.0,0.0,1.0,5.4,9.0,1.0,1.0,0.0,4.0,0.9648,78.0,1.0,2.0,0.0,0.6666666666666666,0.5640569395017794,0.552491103202847,0.5944444444444444,0.850925925925926,0.20077220077220076,0.01989389920424403,0.35714285714285715,0.48775510204081635,0.9359673024523161,0.7202072538860104,0.2737864077669903,0.37863070539419086,49.46728451445519,0.3728947889835546,0.5916425417537517,0.8092691622103387,0.826963906581741,-0.017694744371402282
Gary Jennings,2019,73.0,214.0,9.63,32.5,4.42,1.55,37.0,127.0,7.32,4.15,20.0,28.230812535184835,112.13848685090576,47.583333333333336,11.47,8,1,1,0,0,120.0,0,4.787491742782046,4.0,21.82067077344285,1,0.2787070105411451,0.2787070105411451,0.0369731981081017,0.2725690126834121,0.2153087579243954,2294.0,1096.0,168.0,13.654761904761905,75.0,0.10119047619047619,0.0,4.0,1.0,0.0,1.0,1.0,0.2417338124330434,0.8366788321167883,18.0,21.607118412046542,0.0369731981081017,0.0631399710071561,21.607118412046542,0.0,1.334,1.108,0.86575,1.334,0.14,0.087,33.6,5.6,27.2,0.856,41.1,39.0,1.0,0.0,1.0,9.0,34.0,1.0,1.0,0.0,3.0,0.8525,885.0,0.0,253.0,0.0,6.170731707317073,0.4893238434163701,0.8202846975088968,0.687037037037037,0.7324074074074074,0.7847490347490348,0.39389920424403185,0.6891348088531187,0.763265306122449,0.0667574931880109,0.7992227979274611,0.9271844660194175,0.7012448132780082,65.45425758126036,0.7931948603316616,0.6494757741784833,0.40106951871657753,0.3195329087048832,0.08153661001169432
Jaelon Darden,2021,67.63,174.0,8.75,30.625,4.46,,35.5,122.0,6.67,4.1,11.0,26.743965198956694,87.95080302684092,45.666666666666664,10.77,8,0,0,1,0,129.0,0,4.859812404361672,4.0,21.965776865160848,1,0.5495330641090359,0.5495330641090359,0.0813281633153506,0.4204946996466431,0.4204946996466431,2782.0,1190.0,230.0,12.095652173913043,75.0,0.16521739130434782,27.0,4.0,2.0,1.0,1.0,1.0,0.4682049007936853,1.6168478260869565,18.0,20.750171115674195,0.0813281633153506,0.1332330014663888,21.752224503764545,0.0,0.649,0.649,0.47925,0.686,0.17,0.17,28.9,-8.0,36.7,,28.9,75.0,0.0,1.0,1.0,8.9,13.0,0.0,1.0,0.0,3.0,0.8167,1718.0,0.0,609.0,1.0,11.711538461538462,0.009786476868327402,0.04181494661921708,0.09166666666666666,0.19537037037037036,0.6361003861003861,,0.48893360160965793,0.4204081632653061,0.944141689373297,0.9067357512953368,0.16407766990291262,0.47614107883817425,39.77433455372411,0.35780647825929224,0.1964392788787556,0.9803921568627451,0.14225053078556263,0.8381416260771825
Ashton Dulin,2019,73.38,215.0,9.0,33.38,4.43,1.52,38.0,121.0,6.81,4.22,13.0,28.069738717523176,111.6486691579471,48.083333333333336,11.03,8,1,0,1,0,270.0,1,5.598421958998375,8.0,21.631759069130734,0,,,,,,,,,,,,,,,,,,,,,,,,,,,,,,,,,,,,,,,,,,,,,,,,,,,,,0.5640569395017794,0.8416370106761566,0.20185185185185187,0.9064814814814814,0.7451737451737451,0.7320954907161804,0.7706237424547284,0.35612244897959183,0.8160762942779292,0.6308290155440415,0.9194174757281554,0.7448132780082988,68.57648978661616,0.6820545557208252,0.6107535038224603,,,
Krishawn Hogan ,2017,74.63,222.0,9.88,32.13,4.56,1.56,36.5,124.0,,4.21,13.0,28.020857158569893,102.68892310639231,46.833333333333336,,7,0,0,0,1,270.0,1,5.598421958998375,8.0,21.642710472279262,0,,,,,,,,,,,,,,,,,,,,,,,,,,,,,,,,,,,,,,,,,,,,,,,,,,,,,0.7677935943060499,0.9332740213523132,0.825925925925926,0.6277777777777778,0.29633204633204635,0.2957559681697613,0.6247484909456741,0.573469387755102,,0.6619170984455959,0.6961165048543689,0.6203319502074689,62.94038878247349,0.6314447945183818,0.711561447238857,,,
KD Cannon,2017,71.13,182.0,8.88,30.75,4.41,1.55,37.0,119.0,7.1,4.2,13.0,25.288385050241065,96.23809678845394,46.916666666666664,11.3,8,1,0,0,0,270.0,1,5.598421958998375,8.0,21.15811088295688,1,0.3633169039795546,0.3633169039795546,0.2135246672493721,0.3326944140197152,0.3326944140197152,3113.0,1215.0,195.0,15.964102564102564,89.0,0.13846153846153847,14.0,3.0,2.0,1.0,1.0,1.0,0.14979223673018247,1.1796116504854368,18.0,18.94318959616701,0.2135246672493721,0.2135246672493721,20.944558521560573,1.0,0.61,0.583,0.6,0.614,0.129,0.129,37.0,11.3,24.2,0.883,37.0,36.0,1.0,0.0,1.0,7.6,20.0,0.0,1.0,0.0,5.0,0.9858,30.0,1.0,114.0,0.0,16.285714285714285,0.23754448398576514,0.11565836298932385,0.12685185185185185,0.22592592592592592,0.8175675675675675,0.39389920424403185,0.6891348088531187,0.2357142857142857,0.28610354223433243,0.689119170984456,0.4407766990291262,0.6358921161825726,40.78490016301966,0.4552085978655102,0.3198642676541654,0.7361853832442068,0.9331210191082803,-0.19693563586407348
Trent Taylor,2017,67.63,181.0,8.25,28.75,4.63,1.53,33.0,117.0,6.74,4.01,13.0,27.819871844891736,78.7743097589823,42.75,10.75,8,0,0,1,0,177.0,0,5.176149732573829,5.0,22.67488021902806,1,0.3167513177685024,0.3167513177685024,0.152588996763754,0.3544328680951444,0.3544328680951444,4179.0,1803.0,327.0,12.779816513761467,76.0,0.09785932721712538,0.0,4.0,3.0,2.0,1.0,1.0,0.1641623210047484,1.406396255850234,19.0,20.459958932238195,0.152588996763754,0.2680968564146134,22.46132785763176,0.0,0.8,0.8,0.74,0.824,0.171,0.171,39.8,3.1,36.9,0.94,39.8,82.0,0.0,1.0,1.0,9.3,41.0,0.0,1.0,0.0,3.0,0.8028,1751.0,0.0,498.0,0.0,7.904761904761905,0.009786476868327402,0.10142348754448399,0.011111111111111112,0.009259259259259259,0.11583011583011583,0.616710875331565,0.20020120724346077,0.15816326530612246,0.896457765667575,0.977979274611399,0.03300970873786408,0.18775933609958506,27.647432363423906,0.13045806042914912,0.057589513620539635,0.5436720142602496,0.13588110403397027,0.40779091022627934
Jerome Lane,2017,74.13,226.0,9.75,31.5,4.6,1.54,35.0,125.0,6.87,4.12,16.0,28.911842137898958,100.95018242501996,45.416666666666664,10.99,8,0,0,1,1,270.0,1,5.598421958998375,8.0,,1,0.3781233386496544,0.2861769507019262,0.3781233386496544,0.3323539014038524,0.3323539014038524,1800.0,1018.0,101.0,17.821782178217823,91.0,0.13861386138613863,0.0,2.0,2.0,1.0,1.0,1.0,-0.09194638794772819,1.3017902813299234,,,,,,,0.991,0.797,0.894,0.991,0.117,0.117,22.3,-5.6,28.2,0.934,22.3,127.0,0.0,1.0,1.0,8.6,18.0,0.0,0.0,0.0,,,,,,,,0.7001779359430605,0.9635231316725978,0.7546296296296297,0.41944444444444445,0.17277992277992277,0.4946949602122016,0.42655935613682094,0.6551020408163265,0.723433242506812,0.8769430051813472,0.6368932038834951,0.4460580912863071,60.585324704108054,0.5728515336122142,0.5752028415384889,0.7950089126559715,,
J'Mon Moore,2018,74.63,207.0,9.38,32.88,4.6,,38.0,120.0,6.56,4.04,21.0,26.12755599920706,92.46322018574837,48.0,10.6,8,0,0,1,0,133.0,0,4.890349128221754,4.0,22.611909650924023,1,0.3027362482369534,0.2484818272455361,0.0062311178247734,0.2854724964739069,0.269690927218345,2477.0,1082.0,158.0,15.677215189873417,82.0,0.13291139240506328,0.0,4.0,3.0,1.0,1.0,1.0,0.2422507094207627,1.0691699604743083,19.0,20.396988364134156,0.0062311178247734,0.2381168177240684,22.39835728952772,0.0,1.949,0.715,0.75325,1.949,0.12,0.098,35.5,11.1,26.4,0.88,35.5,43.0,1.0,0.0,1.0,9.5,44.0,1.0,0.0,0.0,3.0,0.8678,543.0,0.0,,,,0.7677935943060499,0.6797153024911032,0.5064814814814815,0.8240740740740741,0.17277992277992277,,0.7706237424547284,0.29183673469387755,0.9959128065395095,0.961139896373057,0.3029126213592233,0.7375518672199171,63.73474585248131,0.4551243661692764,0.7172432230790835,0.48128342245989303,0.42038216560509556,0.06090125685479747
Justin Hardy,2015,70.25,192.0,10.0,32.13,4.56,1.57,36.5,114.0,6.63,4.21,11.0,27.350413495269816,88.81204160552848,46.0,10.84,8,0,0,1,0,107.0,0,4.672828834461906,4.0,23.039014373716633,1,0.4050660617637694,0.3157887713914,0.2158345470434022,0.3517987901942057,0.3089968976215098,4541.0,1494.0,387.0,11.733850129198967,76.0,0.09043927648578812,7.0,4.0,4.0,2.0,1.0,1.0,0.0999542243479978,1.1635514018691588,19.0,19.824777549623544,0.0,0.2158345470434022,22.82546201232033,0.0,0.902,0.594,0.748,0.902,0.159,0.159,34.7,8.5,24.6,0.937,34.7,73.0,0.0,1.0,1.0,7.7,30.0,0.0,1.0,0.0,,,,,495.0,0.0,7.734375,0.14412811387900357,0.29359430604982206,0.8787037037037037,0.6277777777777778,0.29633204633204635,0.22546419098143236,0.6247484909456741,0.07142857142857142,0.9768392370572208,0.6619170984455959,0.1883495145631068,0.5124481327800829,45.84775986620031,0.29484219231245073,0.5688395215765398,0.8591800356506238,,
Dorial Green-Beckham,2015,77.13,237.0,9.0,32.5,4.49,1.6,33.5,119.0,6.89,4.45,13.0,28.006382007817102,116.62535471536124,43.416666666666664,11.34,8,0,0,1,1,40.0,0,3.6888794541139363,2.0,21.72210814510609,1,0.3182659012210679,0.3182659012210679,0.2421924792861695,0.2494350282485875,0.2494350282485875,1278.0,883.0,87.0,14.689655172413794,80.0,0.19540229885057472,19.0,2.0,2.0,1.0,0.0,2.0,0.07607342193489841,2.2354430379746835,19.0,19.509924709103355,0.0,0.2421924792861695,20.50924024640657,1.0,0.426,0.426,0.426,0.442,0.055,0.055,42.6,19.3,23.1,0.858,42.6,33.0,1.0,0.0,1.0,7.6,19.0,0.0,0.0,0.0,5.0,0.9997,1.0,1.0,,,,0.9875444839857651,0.994661921708185,0.20185185185185187,0.7324074074074074,0.5395752895752896,0.07161803713527852,0.24647887323943662,0.2357142857142857,0.6839237057220708,0.14248704663212436,0.974757281553398,0.2437759336099585,50.456634317792094,0.4856501468357068,0.5420706541211153,0.5561497326203209,1.0,-0.44385026737967914
Kenny Bell,2015,73.13,197.0,9.25,31.63,4.42,1.57,41.5,129.0,6.66,4.15,7.0,25.895863926173934,103.23028929732914,52.25,10.81,8,1,1,1,0,162.0,0,5.087596335232384,5.0,22.850102669404517,1,0.3152548209366391,0.2679089590134204,0.2243680669212584,0.2971763085399449,0.2858179180268407,2689.0,863.0,181.0,14.856353591160222,74.0,0.11602209944751381,109.0,4.0,3.0,1.0,1.0,1.0,0.04354089209216197,0.9130938586326767,19.0,19.63586584531143,0.0,0.2243680669212584,22.636550308008214,0.0,0.803,0.647,0.669,0.803,0.084,0.084,39.2,20.3,19.8,0.847,33.8,16.0,1.0,0.0,1.0,7.8,23.0,0.0,1.0,0.0,,,,,1293.0,1.0,23.089285714285715,0.5195729537366548,0.40213523131672596,0.40555555555555556,0.4601851851851852,0.7847490347490348,0.22546419098143236,0.9607645875251509,0.8428571428571429,0.9495912806539509,0.7992227979274611,0.7194174757281553,0.9585062240663901,66.900180502357,0.8410130687034831,0.5865195705006366,0.5329768270944741,,
Aaron Parker,2020,73.63,209.0,9.13,31.13,4.57,1.54,26.5,112.0,6.94,4.23,12.0,27.10141772286668,95.83220512472133,35.833333333333336,11.170000000000002,8,0,0,0,0,270.0,1,5.598421958998375,8.0,21.61533196440794,1,0.8775510204081632,0.3469093009820913,0.8775510204081632,0.7551020408163265,0.3604852686308492,442.0,208.0,30.0,14.733333333333333,38.0,0.13333333333333333,-4.0,4.0,4.0,2.0,1.0,1.0,-0.530641719426072,1.625,18.0,18.403832991101986,0.8775510204081632,0.8775510204081632,21.401779603011637,0.0,1.495,0.306,0.7015,1.776,0.205,0.205,,,,,,203.0,0.0,1.0,1.0,6.5,3.0,0.0,0.0,0.0,2.0,0.7744,2859.0,0.0,,,,0.6023131672597865,0.7170818505338078,0.31574074074074077,0.3148148148148148,0.2606177606177606,0.4946949602122016,0.0030181086519114686,0.02959183673469388,0.6049046321525886,0.6036269430051814,0.42524271844660194,0.005186721991701245,36.473618793014914,0.1526175546110691,0.3089717078668134,0.9982174688057041,0.036093418259023353,0.9621240505466807
Amon-Ra St. Brown,2021,71.5,197.0,9.125,30.375,4.61,,38.5,127.0,6.9,4.26,20.0,27.090028852266613,87.23535249291535,49.083333333333336,11.16,8,0,1,1,0,112.0,0,4.718498871295094,4.0,21.190965092402465,1,0.3306213926071472,0.3306213926071472,0.2111016467915956,0.2555366269165247,0.2494780793319415,2270.0,1042.0,178.0,12.752808988764045,95.0,0.0898876404494382,69.0,3.0,3.0,1.0,1.0,2.0,0.11951974581555158,0.45873320537428025,18.0,18.976043805612594,0.2111016467915956,0.2111016467915956,20.97741273100616,1.0,0.676,0.676,0.6226666666666668,0.719,0.125,0.125,39.0,13.1,26.7,,38.0,4.0,1.0,0.0,1.0,8.9,30.0,0.0,1.0,0.0,5.0,0.9948,11.0,1.0,150.0,0.0,7.142857142857143,0.2722419928825623,0.40213523131672596,0.27685185185185185,0.14351851851851852,0.14961389961389962,,0.8118712273641852,0.763265306122449,0.6580381471389646,0.538860103626943,0.1436893203883495,0.8174273858921162,45.25011804287787,0.5729419512916613,0.3761208976542795,0.6274509803921569,0.9787685774946921,-0.3513175971025353
Quez Watkins,2020,72.13,185.0,9.0,32.88,4.35,1.51,36.5,125.0,7.28,4.36,,24.997420107866695,103.33434625429842,46.916666666666664,11.64,7,1,0,0,0,200.0,0,5.298317366548036,6.0,21.56331279945243,1,0.3959895297747031,0.3064824654622742,0.095655772722418,0.3182948490230906,0.3129649309245483,2411.0,1178.0,160.0,15.06875,77.0,0.10625,12.0,3.0,2.0,2.0,1.0,1.0,0.21082669273985621,1.3147321428571428,19.0,20.35044490075291,0.095655772722418,0.3959895297747031,21.349760438056126,1.0,0.702,0.702,0.541,0.817,0.132,0.128,23.6,-4.8,27.7,,23.6,80.0,0.0,1.0,1.0,8.6,19.0,0.0,1.0,0.0,2.0,0.7926,2247.0,0.0,543.0,1.0,14.675675675675675,0.37455516014234874,0.1619217081850534,0.20185185185185187,0.8240740740740741,0.9343629343629344,0.8143236074270557,0.6247484909456741,0.6551020408163265,0.10354223433242507,0.26813471502590674,0.7223300970873786,0.6358921161825726,52.67365858694668,0.6673935429497931,0.5063073942534873,0.8449197860962567,0.07218683651804671,0.77273294957821
Kelvin Harmon,2019,74.13,221.0,9.5,32.5,4.6,1.54,32.5,117.0,7.15,4.32,18.0,28.272199612724204,98.71677130942217,42.25,11.47,8,0,0,0,1,206.0,0,5.327876168789581,6.0,22.04517453798768,1,0.2889426957223567,0.2889426957223567,0.1932825894176766,0.2921711057304277,0.2921711057304277,2565.0,1086.0,170.0,15.088235294117647,74.0,0.08823529411764706,0.0,3.0,2.0,0.0,1.0,1.0,0.09566010630468011,1.0678466076696165,19.0,20.83230663928816,0.0,0.1932825894176766,21.831622176591377,0.0,0.957,0.817,0.7936666666666667,0.957,0.119,0.119,35.1,9.4,26.7,0.917,35.1,53.0,1.0,0.0,1.0,8.1,21.0,1.0,0.0,0.0,3.0,0.8683,547.0,0.0,,,,0.7001779359430605,0.9225978647686833,0.5944444444444444,0.7324074074074074,0.17277992277992277,0.4946949602122016,0.1579476861167002,0.15816326530612246,0.21934604904632152,0.37823834196891193,0.5495145631067961,0.14315352697095435,43.52888306726273,0.2885418381765396,0.5462443684779033,0.44206773618538325,0.4182590233545648,0.02380871283081848
Jauan Jennings,2020,75.13,215.0,9.0,31.63,4.72,1.58,29.0,119.0,,,,26.77731375026976,86.63641262317762,38.916666666666664,,5,0,0,0,1,217.0,0,5.37989735354046,7.0,22.477754962354553,1,0.3788723894517391,0.3788723894517391,0.028853601859024,0.3366921473245309,0.3366921473245309,2153.0,969.0,146.0,14.746575342465754,67.0,0.1232876712328767,93.0,5.0,2.0,1.0,1.0,1.0,0.3500187875927151,1.6706896551724137,18.0,19.266255989048595,0.2185483870967742,0.2185483870967742,22.26420260095825,0.0,0.876,0.758,0.4468,0.865,0.122,0.122,27.8,10.8,17.4,,27.8,21.0,1.0,0.0,1.0,8.4,16.0,0.0,0.0,0.0,,,,,,,,0.8398576512455516,0.8416370106761566,0.20185185185185187,0.4601851851851852,0.03088803088803089,0.17904509283819628,0.013078470824949699,0.2357142857142857,,,0.13592233009708737,0.023858921161825725,29.62038830483121,0.1282383622121076,0.3787432897768846,0.8003565062388592,,
Zach Pascal,2017,73.75,219.0,10.0,32.0,4.55,1.58,36.0,126.0,7.14,4.29,14.0,28.305797184717036,102.19473548078287,46.5,11.43,8,0,0,0,0,270.0,1,5.598421958998375,8.0,22.039698836413415,1,0.3835035944003027,0.3006510996585438,0.1429869470676333,0.3670071888006054,0.3109796186719263,3193.0,970.0,233.0,13.703862660944205,53.0,0.12875536480686695,310.0,4.0,3.0,2.0,1.0,1.0,0.15766415259091052,0.9752577319587629,18.0,19.824777549623544,0.1429869470676333,0.2225071225071225,21.82614647501711,0.0,0.757,0.517,0.5575,0.757,0.156,0.142,22.5,-14.8,37.5,0.952,29.9,77.0,0.0,1.0,1.0,5.3,12.0,0.0,1.0,0.0,,,,,729.0,0.0,22.78125,0.6174377224199288,0.895017793594306,0.8787037037037037,0.5722222222222222,0.3310810810810811,0.17904509283819628,0.5543259557344065,0.713265306122449,0.2356948228882834,0.4417098445595855,0.6737864077669903,0.5778008298755186,55.584089856722265,0.6471258898746153,0.6556724010200652,0.8146167557932263,,
Marquez Callaway,2020,73.25,205.0,9.38,32.38,4.55,1.55,38.0,126.0,,,,26.859252874232666,95.66173869205703,48.5,,5,0,1,0,0,270.0,1,5.598421958998375,8.0,21.765913757700204,1,0.3246815564473914,0.2682144032771296,0.0020967741935483,0.2606112054329372,0.2206393328700486,1668.0,635.0,93.0,17.93548387096774,73.0,0.13978494623655913,4.0,4.0,2.0,1.0,1.0,2.0,0.2661176290835813,1.0342019543973942,18.0,19.55373032169747,0.0020967741935483,0.3246815564473914,21.5523613963039,0.0,0.996,0.938,0.5805,0.968,0.093,0.067,27.8,10.8,17.4,,27.8,21.0,1.0,0.0,1.0,8.4,16.0,0.0,1.0,0.0,4.0,0.9515,105.0,1.0,629.0,3.0,12.58,0.5409252669039146,0.6192170818505338,0.5064814814814815,0.7037037037037037,0.3310810810810811,0.39389920424403185,0.7706237424547284,0.713265306122449,,,0.41941747572815535,0.7728215767634855,57.714359203335654,0.6344355081017775,0.6304335486359571,0.5882352941176471,0.7685774946921444,-0.18034220057449735
Erik Ezukanma,2022,73.88,209.0,9.38,33.5,,,36.5,126.0,,4.38,,26.9183129316948,,47.0,,5,0,0,0,0,125.0,0,4.8283137373023015,4.0,21.935660506502394,1,0.3061532653831634,0.2165237905369484,0.0235255415345164,0.2789731974329936,0.2108253588516746,2156.0,739.0,137.0,15.737226277372264,75.0,0.10948905109489052,138.0,4.0,2.0,1.0,1.0,1.0,0.192998249002432,0.9539918809201624,18.0,20.722792607802873,0.0235255415345164,0.1685489390828199,21.72210814510609,0.0,2.131,0.825,1.07575,2.131,0.109,0.109,28.4,-4.2,32.3,,34.6,61.0,1.0,0.0,1.0,6.9,10.0,0.0,0.0,0.0,4.0,0.8992,304.0,1.0,,,,0.6379003558718861,0.7170818505338078,0.5064814814814815,0.9268518518518518,,,0.6247484909456741,0.713265306122449,,0.2344559585492228,,0.6483402489626556,62.614069303987876,0.6690068985340616,0.6739955450377234,0.49910873440285203,0.564755838641189,-0.06564710423833692
Calvin Austin ,2022,67.75,170.0,9.25,30.0,4.32,,39.0,135.0,6.65,4.07,,26.03668250704647,97.62115232452895,50.25,10.72,7,1,1,1,0,138.0,0,4.927253685157205,4.0,22.77618069815195,1,0.3330504514984791,0.3140971998712584,0.0035387791212031,0.3205020920502092,0.3205020920502092,2541.0,1149.0,156.0,16.28846153846154,75.0,0.14102564102564102,169.0,4.0,2.0,2.0,1.0,1.0,0.3105584207500553,1.0911680911680912,19.0,21.56331279945243,0.0,0.0035387791212031,22.562628336755647,0.0,1.606,0.911,1.0815000000000001,1.429,0.143,0.107,29.6,1.0,27.9,,29.6,67.0,0.0,1.0,1.0,8.5,25.0,0.0,1.0,0.0,3.0,0.8333,1304.0,0.0,323.0,2.0,11.137931034482758,0.013345195729537367,0.02491103202846975,0.40555555555555556,0.08981481481481482,0.9671814671814671,,0.8501006036217303,0.9755102040816327,0.9591280653950953,0.9378238341968912,0.5029126213592233,0.8775933609958506,60.03524322691152,0.7761744763541955,0.3397040424304095,0.6345811051693404,0.21868365180467092,0.4158974533646695
Equanimeous St. Brown,2018,76.75,214.0,9.75,33.0,4.48,,34.5,,,,20.0,25.539496440280537,106.2506787333077,,,5,0,0,0,1,207.0,0,5.332718793265369,6.0,21.253935660506503,1,0.3241560144215011,0.2106574989256553,0.0018993352326685,0.3149786955096689,0.2213149978513107,1484.0,961.0,92.0,16.130434782608695,79.0,0.14130434782608695,0.0,3.0,2.0,1.0,1.0,1.0,0.2087581636929868,0.5359001040582726,18.0,20.041067761806982,0.0018993352326685,0.3241560144215011,21.0403832991102,1.0,0.943,0.23,0.568,0.971,0.097,0.083,39.4,15.7,23.2,0.862,37.4,13.0,0.0,1.0,1.0,8.1,26.0,1.0,1.0,0.0,4.0,0.9298,163.0,1.0,18.0,0.0,18.0,0.9750889679715302,0.8202846975088968,0.7546296296296297,0.850925925925926,0.5675675675675675,,0.35714285714285715,,,,0.8087378640776699,,73.34825014034395,0.5829403606102636,0.7344468451674858,0.5811051693404634,0.6953290870488322,-0.11422391770836882
Keevan Lucas,2017,69.13,192.0,9.88,31.88,4.55,1.58,32.5,119.0,7.29,4.43,11.0,28.24382031986939,89.59538453109731,42.416666666666664,11.719999999999999,8,0,0,0,0,270.0,1,5.598421958998375,8.0,,1,0.4310384952360092,0.398336803816653,0.1378791176897402,0.383816120906801,0.3421281530878515,3250.0,1219.0,240.0,13.541666666666666,84.0,0.13333333333333333,230.0,4.0,2.0,2.0,1.0,1.0,0.2604576861269128,0.9680065627563577,,,,,,,0.759,0.546,0.5880000000000001,0.845,0.159,0.119,23.6,-15.8,37.7,0.939,34.6,81.0,0.0,1.0,1.0,6.7,23.0,0.0,1.0,0.0,3.0,0.8194,1447.0,0.0,102.0,0.0,20.4,0.06138790035587188,0.29359430604982206,0.825925925925926,0.5351851851851852,0.3310810810810811,0.17904509283819628,0.1579476861167002,0.2357142857142857,0.0885558583106267,0.16321243523316062,0.21941747572815534,0.15767634854771784,27.072863175722745,0.20435981585304708,0.3951116743959208,0.9001782531194296,0.18895966029723993,0.7112185928221897
Allen Lazard,2018,76.63,227.0,9.75,32.25,4.55,1.56,38.0,122.0,7.11,4.33,17.0,27.17587467732683,105.92787650291193,48.166666666666664,11.440000000000001,8,0,1,0,1,270.0,1,5.598421958998375,8.0,22.05886379192334,1,0.3305430349860485,0.3177951062674851,0.1811202576950608,0.3277527366387637,0.2652198421645997,3360.0,1018.0,241.0,13.941908713692946,74.0,0.1078838174273859,0.0,4.0,3.0,3.0,1.0,1.0,0.1366748485724243,0.9243614931237721,18.0,19.84394250513347,0.1811202576950608,0.315414825724104,21.845311430527037,0.0,0.818,0.541,0.62825,0.818,0.134,0.134,27.0,0.7,28.5,0.866,38.2,64.0,1.0,0.0,1.0,7.9,12.0,0.0,1.0,0.0,4.0,0.9641,78.0,1.0,213.0,0.0,10.142857142857142,0.9679715302491103,0.9733096085409253,0.7546296296296297,0.6638888888888889,0.3310810810810811,0.2957559681697613,0.7706237424547284,0.4204081632653061,0.2779291553133515,0.344559585492228,0.8,0.7520746887966805,61.2686003490141,0.6636773019066782,0.7892784478055893,0.6256684491978609,0.826963906581741,-0.2012954573838801
Jalen Robinette,2017,74.75,220.0,10.88,32.38,4.62,1.59,31.5,120.0,6.77,4.46,13.0,27.679332445945796,96.57946032023408,41.5,11.23,8,0,0,1,1,270.0,1,5.598421958998375,8.0,,1,0.4879729288975863,0.4879729288975863,0.3030679110405083,0.5473744292237442,0.5473744292237442,2697.0,959.0,120.0,22.475,75.0,0.15,-2.0,4.0,4.0,4.0,1.0,1.0,0.18490501785707802,1.1898263027295286,,,,,,,1.262,1.262,0.93025,1.262,0.074,0.067,33.0,4.4,29.9,0.967,33.0,123.0,0.0,1.0,1.0,11.2,10.0,0.0,1.0,0.0,2.0,0.7667,2246.0,0.0,37.0,0.0,7.4,0.7846975088967971,0.9083629893238434,0.9972222222222222,0.7037037037037037,0.13223938223938225,0.11671087533156499,0.096579476861167,0.29183673469387755,0.8651226158038147,0.12435233160621761,0.4601941747572815,0.1016597510373444,46.522348053976806,0.2828701287707754,0.6455507279209726,0.9590017825311943,0.07430997876857749,0.8846918037626168
Steven Sims,2019,,,,,,,,,,,,,,,,0,0,0,0,0,270.0,1,5.598421958998375,8.0,21.754962354551676,1,0.368683947631316,0.2278214077952297,0.1327211601184204,0.3087964666912035,0.2334205933682373,2582.0,859.0,214.0,12.065420560747663,77.0,0.08878504672897196,16.0,4.0,3.0,2.0,1.0,1.0,0.0951002476768093,0.6228172293364377,18.0,19.54277891854894,0.1327211601184204,0.3676234835355286,21.541409993155373,0.0,0.555,0.225,0.30200000000000005,0.612,0.126,0.112,21.0,-15.9,36.0,0.863,21.9,73.0,1.0,0.0,1.0,5.7,7.0,0.0,1.0,0.0,3.0,0.8003,2065.0,0.0,669.0,0.0,15.55813953488372,,,,,,,,,,,,,,,,0.7575757575757576,0.09341825902335456,0.664157498552403
Anthony Miller,2018,71.13,201.0,10.63,31.63,4.5,,39.0,125.0,6.65,4.26,22.0,27.92838129174975,98.03383630544124,49.416666666666664,10.91,8,0,1,1,0,51.0,0,3.9318256327243257,2.0,23.23066392881588,1,0.3986222732491389,0.3986222732491389,0.1701484446668334,0.3623957543593631,0.3357060849598163,3590.0,1462.0,238.0,15.084033613445378,89.0,0.15546218487394958,148.0,3.0,2.0,2.0,1.0,1.0,0.2284738285823055,1.0195258019525801,20.0,22.017796030116358,0.0,0.0,23.017111567419576,0.0,0.773,0.283,0.48339999999999994,0.836,0.158,0.025,37.6,7.8,30.6,0.94,37.6,61.0,0.0,1.0,1.0,9.0,38.0,0.0,1.0,1.0,2.0,0.79,2040.0,0.0,276.0,0.0,10.222222222222221,0.23754448398576514,0.49377224199288255,0.9925925925925926,0.4601851851851852,0.5057915057915058,,0.8501006036217303,0.6551020408163265,0.9591280653950953,0.538860103626943,0.5135922330097087,0.8371369294605809,64.03459986798468,0.6729316258159219,0.6351057163463183,0.8502673796791443,0.09766454352441614,0.7526028361547282
Isaiah Hodgins,2020,75.63,210.0,9.88,33.13,4.61,1.55,36.5,124.0,7.01,4.12,9.0,25.80990576945539,92.9920001193514,46.833333333333336,11.129999999999999,8,0,0,0,1,207.0,0,5.332718793265369,6.0,21.196440793976727,1,0.4079440270064249,0.4079440270064249,0.1492955027986875,0.3825547206795165,0.3825547206795165,2322.0,1171.0,176.0,13.193181818181818,51.0,0.11363636363636363,0.0,3.0,2.0,1.0,1.0,1.0,0.25864852420773743,1.33675799086758,18.0,19.983572895277206,0.1492955027986875,0.2928158950768327,20.982888432580424,1.0,0.986,0.738,0.7083333333333334,0.986,0.152,0.152,33.8,-0.7,32.8,,33.8,70.0,1.0,0.0,1.0,7.6,28.0,1.0,0.0,0.0,4.0,0.9024,273.0,1.0,,,,0.8896797153024911,0.7402135231316725,0.825925925925926,0.8768518518518519,0.14961389961389962,0.39389920424403185,0.6247484909456741,0.573469387755102,0.44550408719346046,0.8769430051813472,0.3145631067961165,0.6203319502074689,61.09786790124202,0.5042603284989643,0.8043014960064858,0.8645276292335116,0.5859872611464968,0.27854036808701477
D.K. Metcalf,2019,75.38,228.0,9.88,34.875,4.33,1.45,40.5,134.0,7.23,4.5,27.0,28.20836443368106,129.72188692159156,51.666666666666664,11.73,8,1,1,0,1,64.0,0,4.1588830833596715,2.0,21.048596851471594,1,0.2069588936818066,0.1814067304777166,0.0387570687914694,0.1639177873636133,0.135540733682706,1228.0,646.0,67.0,18.328358208955223,75.0,0.208955223880597,0.0,3.0,1.0,0.0,0.0,3.0,0.1426496616862472,0.8808049535603715,18.0,19.835728952772072,0.0387570687914694,0.2069588936818066,20.83504449007529,1.0,1.543,0.843,0.9533333333333333,1.543,0.085,0.083,38.9,11.6,28.8,0.839,42.1,5.0,1.0,0.0,1.0,8.7,17.0,0.0,0.0,0.0,4.0,0.9485,110.0,1.0,,,,0.8629893238434164,0.9813167259786477,0.825925925925926,0.9944444444444445,0.9584942084942085,0.9920424403183024,0.9275653923541247,0.9612244897959183,0.13487738419618528,0.08937823834196891,1.0,0.9346473029045643,80.52421563831422,0.9629299607166809,0.9027312716419779,0.1622103386809269,0.7622080679405521,-0.5999977292596251
Daurice Fountain,2018,73.5,206.0,10.13,34.0,4.51,,42.5,134.0,7.02,4.29,14.0,26.80697857374242,99.58433979745958,53.666666666666664,11.309999999999999,8,0,1,0,0,159.0,0,5.0689042022202315,5.0,22.028747433264886,1,0.0629629629629629,0.0579150579150579,-0.0085227272727272,0.1259259259259259,0.1158301158301158,44.0,30.0,6.0,7.333333333333333,20.0,0.0,0.0,3.0,0.0,0.0,0.0,4.0,0.0664377851877851,1.7647058823529411,19.0,99.0,0.0,-0.0085227272727272,21.815195071868583,0.0,-0.054,-0.474,-0.40066666666666667,-0.054,0.098,0.098,,,,,,142.0,0.0,1.0,1.0,6.8,3.0,0.0,0.0,0.0,3.0,0.8256,1339.0,0.0,,,,0.5845195729537367,0.6548042704626335,0.9277777777777778,0.9685185185185186,0.46621621621621623,,0.9859154929577465,0.9612244897959183,0.4250681198910082,0.4417098445595855,0.5864077669902913,0.9896265560165975,72.65262387400027,0.8445159165813187,0.8666828405519449,0.0071301247771836,0.2059447983014862,-0.1988146735243026
Marquez Stevenson,2021,70.13,180.0,8.625,31.5,4.48,,33.0,122.0,6.86,4.21,,25.72883680668903,89.36972977567937,43.166666666666664,11.07,7,0,0,1,0,203.0,0,5.313205979041787,6.0,22.770704996577688,1,0.4227027610008628,0.2055346503606146,0.0046728971962616,0.3717213114754098,0.1444026340545625,2269.0,1019.0,147.0,15.435374149659864,96.0,0.14965986394557823,231.0,4.0,3.0,1.0,1.0,3.0,0.200861753164353,0.3012757605495584,18.0,20.555783709787818,0.0046728971962616,0.0046728971962616,22.55715263518138,0.0,0.748,0.748,0.6673333333333332,0.895,0.126,0.088,36.7,2.3,34.9,0.961,32.2,69.0,0.0,1.0,1.0,8.6,36.0,0.0,1.0,0.0,3.0,0.8589,695.0,0.0,909.0,3.0,23.307692307692307,0.13256227758007116,0.08896797153024912,0.04722222222222222,0.41944444444444445,0.5675675675675675,,0.20020120724346077,0.4204081632653061,0.7397820163487738,0.6619170984455959,0.20970873786407768,0.22406639004149378,33.74407360502966,0.2767727027909482,0.19985753787254965,0.8805704099821747,0.3842887473460722,0.4962816626361025
Emmanuel Butler,2019,75.0,217.0,10.13,33.0,4.75,,36.0,115.0,7.41,4.22,11.0,27.12017777777778,85.25410332947108,45.583333333333336,11.629999999999999,8,0,0,0,1,270.0,1,5.598421958998375,8.0,22.34633812457221,1,0.8270142180094786,0.8270142180094786,0.026595744680851,0.6540284360189573,0.6540284360189573,467.0,138.0,24.0,19.458333333333332,84.0,0.125,0.0,5.0,3.0,2.0,1.0,1.0,0.8004184733286276,1.1596638655462186,17.0,19.132101300479125,0.7195571955719557,0.7195571955719557,22.132785763175907,0.0,2.499,1.395,1.059,2.499,0.145,0.111,,,,,,140.0,0.0,1.0,1.0,8.1,2.0,0.0,0.0,0.0,2.0,0.7889,2087.0,0.0,,,,0.8238434163701067,0.8718861209964412,0.9277777777777778,0.850925925925926,0.02027027027027027,,0.5543259557344065,0.09489795918367347,0.02997275204359673,0.6308290155440415,0.11067961165048544,0.4657676348547718,48.919785821377246,0.25330117552285514,0.7892182689520544,0.9964349376114082,0.08917197452229299,0.9072629630891152
Shelton Gibson,2017,71.13,191.0,8.88,32.0,4.5,1.56,32.0,118.0,6.83,4.2,8.0,26.538909585692544,93.15653101661331,41.833333333333336,11.030000000000001,8,0,0,1,0,166.0,0,5.111987788356544,5.0,21.78781656399726,1,0.3087453231992846,0.2960836650636231,0.0072797864595971,0.2844750224349386,0.2844750224349386,1898.0,951.0,84.0,22.595238095238095,71.0,0.20238095238095238,29.0,3.0,2.0,1.0,1.0,1.0,0.288803878604026,1.072153325817362,19.0,20.57221081451061,0.0,0.0072797864595971,21.574264202600958,1.0,0.772,0.772,0.6063333333333333,0.782,0.08,0.07,35.7,11.3,22.8,0.862,35.7,35.0,1.0,0.0,1.0,8.2,26.0,0.0,1.0,0.0,4.0,0.9373,137.0,1.0,1244.0,1.0,23.471698113207548,0.23754448398576514,0.27402135231316727,0.12685185185185185,0.5722222222222222,0.5057915057915058,0.2957559681697613,0.12173038229376258,0.19387755102040816,0.7888283378746594,0.689119170984456,0.32233009708737864,0.12240663900414937,35.42066302165907,0.2126460101338498,0.26458723508840043,0.5080213903743316,0.7282377919320594,-0.22021640155772781
Kyle Phillips,2022,,,,,,,,,,,,,,,,0,0,0,0,0,270.0,1,5.598421958998375,8.0,24.659822039698838,0,,,,,,,,,,,,,,,,,,,,,,,,,,,,,,,,,,,,,,,,,,,,,,,,,,,,,,,,,,,,,,,,,,,,,,
Jalen Nailor,2022,71.25,186.0,9.13,30.25,4.5,1.54,38.0,128.0,7.03,4.28,,25.757192982456143,90.71787837219937,48.666666666666664,11.31,7,0,1,0,0,191.0,0,5.25227342804663,6.0,22.836413415468858,1,0.3358253588516746,0.2164780001347618,0.1077494692144373,0.3080143540669856,0.2107337780473014,1454.0,695.0,86.0,16.906976744186046,75.0,0.13953488372093023,161.0,4.0,2.0,1.0,1.0,2.0,0.10872853092032449,1.3495145631067962,19.0,21.623545516769337,0.0,0.1077494692144373,22.622861054072555,0.0,1.065,0.722,0.62375,1.429,0.11,0.11,34.3,11.2,21.7,,34.3,43.0,1.0,0.0,1.0,8.3,27.0,0.0,1.0,0.0,3.0,0.8635,750.0,0.0,228.0,0.0,12.666666666666666,0.2508896797153025,0.17882562277580072,0.31574074074074077,0.1259259259259259,0.5057915057915058,0.4946949602122016,0.7706237424547284,0.8061224489795918,0.40463215258855584,0.47020725388601037,0.24757281553398058,0.7842323651452282,44.62716011457977,0.6081063356561004,0.36579502220917437,0.6524064171122995,0.3673036093418259,0.28510280777047364
Trey Quinn,2018,71.38,203.0,10.13,30.75,4.55,1.52,33.5,116.0,7.07,4.19,17.0,28.00904334757106,94.72845343652476,43.166666666666664,11.260000000000002,8,0,0,0,0,256.0,0,5.545177444479562,7.0,22.069815195071868,1,0.3473674376891745,0.3473674376891745,0.045561850802644,0.3233063039497776,0.3233063039497776,1512.0,1236.0,136.0,11.117647058823529,77.0,0.09558823529411764,11.0,3.0,1.0,1.0,1.0,1.0,0.3018055868865305,6.404145077720207,18.0,21.856262833675565,0.045561850802644,0.045561850802644,21.856262833675565,0.0,0.974,0.599,0.581,0.974,0.157,0.157,35.4,-2.9,37.4,0.926,35.4,75.0,0.0,1.0,2.0,7.6,33.0,0.0,1.0,1.0,4.0,0.9631,83.0,1.0,133.0,0.0,12.090909090909092,0.26334519572953735,0.552491103202847,0.9277777777777778,0.22592592592592592,0.3310810810810811,0.7320954907161804,0.24647887323943662,0.12346938775510204,0.3446866485013624,0.7202072538860104,0.37475728155339805,0.22406639004149378,42.219853411751274,0.24823518084931226,0.4158819431681694,0.6880570409982175,0.8110403397027601,-0.12298329870454261
Carlos Henderson,2017,70.75,199.0,9.13,31.38,4.46,1.51,36.0,131.0,7.18,4.35,13.0,27.948307507897464,100.58741265713415,46.916666666666664,11.53,8,0,0,0,0,82.0,0,4.406719247264253,3.0,22.036960985626283,1,0.3718050114061836,0.3718050114061836,0.1472387425658453,0.3017495576960881,0.3017495576960881,2878.0,1535.0,147.0,19.578231292517007,83.0,0.19047619047619047,257.0,3.0,1.0,1.0,0.0,2.0,0.2245662688403383,1.983204134366925,19.0,21.82340862422998,0.0,0.1472387425658453,21.82340862422998,0.0,0.829,0.829,0.7913333333333332,0.915,0.152,0.152,39.8,3.1,36.9,0.94,39.8,82.0,0.0,1.0,1.0,9.3,41.0,0.0,1.0,0.0,3.0,0.8236,1369.0,0.0,2094.0,3.0,26.50632911392405,0.18861209964412812,0.4430604982206406,0.31574074074074077,0.38333333333333336,0.6361003861003861,0.8143236074270557,0.5543259557344065,0.8959183673469387,0.20027247956403268,0.29533678756476683,0.6242718446601941,0.6358921161825726,49.89323513765997,0.6915053892471797,0.3605030323631522,0.7736185383244206,0.20169851380042464,0.5719200245239959
Rashad Greene,2015,71.38,182.0,9.0,31.63,4.53,1.63,36.5,122.0,6.88,4.12,,25.11155610471888,86.43876944947021,46.666666666666664,11.0,7,0,0,1,0,139.0,0,4.9344739331306915,5.0,22.272416153319643,0,,,,,,,,,,,,,,,,,,,,,,,,,,,,,,,,,,,,,,,,,,,,,,4.0,0.941,121.0,1.0,,,,0.26334519572953735,0.11565836298932385,0.20185185185185187,0.4601851851851852,0.4092664092664093,0.03183023872679045,0.6247484909456741,0.4204081632653061,0.7043596730245232,0.8769430051813472,0.13398058252427184,0.6026970954356846,40.37728545104921,0.39304574557841737,0.38753268092806215,,0.7462845010615711,
Cedrick Wilson,2018,74.25,197.0,9.75,31.5,4.55,,37.0,121.0,6.89,4.23,9.0,25.120520581800044,91.92859766992797,47.083333333333336,11.120000000000001,8,0,0,1,0,208.0,0,5.337538079701318,6.0,22.116358658453116,1,0.3419932955131511,0.3400817974519361,0.3419932955131511,0.4109328256731031,0.4109328256731031,2640.0,1511.0,139.0,18.992805755395683,75.0,0.12949640287769784,20.0,2.0,2.0,2.0,1.0,1.0,-0.001911498061214989,1.3383525243578387,20.0,20.903490759753595,0.0,0.0,21.90280629705681,0.0,0.894,0.625,0.7595000000000001,0.94,0.143,0.143,28.6,9.1,20.5,0.957,28.6,68.0,0.0,1.0,1.0,8.3,16.0,0.0,1.0,0.0,,,,,874.0,0.0,21.317073170731707,0.7135231316725978,0.40213523131672596,0.7546296296296297,0.41944444444444445,0.3310810810810811,,0.6891348088531187,0.35612244897959183,0.6839237057220708,0.6036269430051814,0.2854368932038835,0.6566390041493776,53.597248382342755,0.4435647170121981,0.6441830036499477,0.6666666666666666,,
Tutu Atwell,2021,68.88,155.0,8.875,29.25,4.39,,33.0,117.0,6.87,4.09,,22.966813634039777,83.46484916315752,42.75,10.96,7,1,0,1,0,57.0,0,4.04305126783455,2.0,21.23750855578371,0,,,,,,,,,,,,,,,,,,,,,,,,,,,,,,,,,,,,,,,,,,,,,,3.0,0.8646,728.0,0.0,,,,0.054270462633451956,0.0035587188612099642,0.11574074074074074,0.032407407407407406,0.8725868725868726,,0.20020120724346077,0.15816326530612246,0.723433242506812,0.9132124352331606,0.07961165048543689,0.18775933609958506,30.37223035549328,0.14599204101167337,0.10065495450626522,,0.37579617834394907,
Lil'Jordan Humphrey,2019,75.63,210.0,9.5,32.75,4.75,1.55,33.5,119.0,7.09,4.29,13.0,25.80990576945539,82.50397096400427,43.416666666666664,11.379999999999999,8,0,0,0,1,270.0,1,5.598421958998375,8.0,20.70362765229295,1,0.3232799478652395,0.3232799478652395,0.0024801587301587,0.3251313243019076,0.3251313243019076,1630.0,1176.0,126.0,12.936507936507937,47.0,0.07936507936507936,66.0,3.0,1.0,1.0,1.0,1.0,0.3207997891350808,2.6788154897494305,18.0,20.490075290896645,0.093008089813439,0.3232799478652395,20.490075290896645,1.0,0.897,0.843,0.6920000000000001,0.897,0.114,0.114,35.3,11.3,24.4,0.865,35.3,25.0,1.0,0.0,1.0,7.8,25.0,1.0,1.0,0.0,3.0,0.8837,383.0,0.0,276.0,0.0,19.714285714285715,0.8896797153024911,0.7402135231316725,0.5944444444444444,0.7944444444444444,0.02027027027027027,0.39389920424403185,0.24647887323943662,0.2357142857142857,0.30381471389645776,0.4417098445595855,0.06796116504854369,0.2437759336099585,41.43672014921352,0.183384774667422,0.6312618693577041,0.5757575757575758,0.5095541401273885,0.06620343563018727
Felton Davis,2019,75.5,211.0,10.25,32.75,,,,,,,21.0,26.022192009122406,,,,3,0,0,0,1,270.0,1,5.598421958998375,8.0,21.848049281314168,1,0.3636704789135097,0.2505307855626327,0.007624275693809,0.2773409578270193,0.167728237791932,1450.0,776.0,100.0,14.5,49.0,0.14,80.0,4.0,2.0,1.0,1.0,2.0,0.2429065098688237,0.6108247422680413,18.0,20.635181382614647,0.007624275693809,0.0544267340014203,21.634496919917865,0.0,3.027,0.56,1.22425,3.027,0.122,0.122,27.7,13.8,15.1,0.819,22.0,17.0,1.0,0.0,1.0,6.7,20.0,0.0,0.0,0.0,3.0,0.8744,483.0,0.0,,,,0.8736654804270463,0.7588967971530249,0.9537037037037037,0.7944444444444444,,,,,,,,,84.51776064320549,,0.8739378761917315,0.7415329768270945,0.4437367303609342,0.2977962464661603
Deontay Burnett,2018,71.63,186.0,8.63,31.5,,,,,,,,25.484632011467713,,,,2,0,0,0,0,270.0,1,5.598421958998375,8.0,20.243668720054757,1,0.3061395126612518,0.3061395126612518,0.0213188559322033,0.2661251791686574,0.2661251791686574,1897.0,1114.0,152.0,12.480263157894736,42.0,0.10526315789473684,29.0,3.0,1.0,1.0,1.0,1.0,0.2848206567290485,1.7909967845659165,17.0,20.030116358658454,0.1926178006055545,0.3061395126612518,20.030116358658454,1.0,1.095,0.634,0.8053333333333333,1.095,0.116,0.116,38.5,17.9,20.0,0.88,38.5,10.0,1.0,0.0,1.0,8.6,26.0,1.0,1.0,0.0,3.0,0.8611,688.0,0.0,26.0,0.0,6.5,0.2891459074733096,0.17882562277580072,0.05740740740740741,0.41944444444444445,,,,,,,,,23.620584552524054,,0.25533258644172047,0.49732620320855614,0.3885350318471338,0.10879117136142236
Dezmon Patmon,2020,76.0,228.0,10.25,32.75,4.48,1.51,36.0,132.0,7.28,4.38,15.0,27.75,113.20165771586053,47.0,11.66,8,0,0,0,1,212.0,0,5.356586274672012,6.0,21.404517453798768,1,0.1474869908346303,0.1470892762810354,0.0020088813702685,0.1667688534641324,0.1341785525620707,1976.0,816.0,156.0,12.666666666666666,65.0,0.08333333333333333,0.0,4.0,0.0,0.0,1.0,3.0,0.1450803949107669,0.9338235294117647,17.0,99.0,0.0395203336809176,0.1474869908346303,21.190965092402465,0.0,1.171,0.544,0.70025,1.171,0.091,0.091,38.8,11.3,27.3,0.903,41.7,44.0,1.0,0.0,1.0,7.2,38.0,1.0,0.0,0.0,3.0,0.84,1122.0,0.0,,,,0.9270462633451957,0.9813167259786477,0.9537037037037037,0.7944444444444444,0.5675675675675675,0.8143236074270557,0.5543259557344065,0.9193877551020408,0.10354223433242507,0.2344559585492228,0.9475728155339805,0.6483402489626556,70.38356067234454,0.8070955087901427,0.8073800918069376,0.0481283422459893,0.25690021231422505,-0.20877187006823575
Titus Davis,2015,72.75,196.0,8.25,29.63,4.51,1.6,32.5,119.0,7.14,4.28,,26.034269788972733,94.75014854515572,42.416666666666664,11.42,7,0,0,0,0,270.0,1,5.598421958998375,8.0,21.99315537303217,1,0.4884666666666666,0.3959513837562618,0.2741337386018237,0.4436,0.3104212860310421,3700.0,1109.0,204.0,18.137254901960784,97.0,0.18137254901960784,113.0,4.0,4.0,3.0,1.0,1.0,0.1218176451544381,0.8836789900811542,18.0,18.77891854893908,0.2741337386018237,0.3095597311754217,21.779603011635867,0.0,1.42,0.775,1.0975,1.514,0.139,0.139,19.7,-18.8,37.6,0.969,26.1,90.0,0.0,1.0,1.0,7.5,15.0,0.0,1.0,0.0,2.0,0.7333,2233.0,0.0,572.0,0.0,14.666666666666666,0.445729537366548,0.37722419928825623,0.011111111111111112,0.06388888888888888,0.46621621621621623,0.07161803713527852,0.1579476861167002,0.2357142857142857,0.2356948228882834,0.47020725388601037,0.3766990291262136,0.15767634854771784,25.581061802379253,0.2567870003190665,0.16966930587081203,0.9607843137254902,0.07643312101910828,0.884351192706382
Tamorrion Terry,2021,74.0,207.0,,,4.44,,32.5,126.0,7.0,4.53,15.0,26.574324324324326,106.52914972501173,43.0,11.530000000000001,6,1,0,0,0,270.0,1,5.598421958998375,8.0,,1,0.3582387180224202,0.131638418079096,0.3141804788213628,0.3414774360448405,0.163276836158192,2221.0,1188.0,118.0,18.822033898305083,91.0,0.15254237288135594,9.0,3.0,2.0,2.0,1.0,2.0,-0.1825420607422668,0.24326599326599327,,,,,,,0.741,0.293,0.5666666666666667,0.741,0.115,0.109,30.2,1.8,27.1,,26.4,11.0,1.0,0.0,1.0,8.0,17.0,0.0,0.0,0.0,4.0,0.8914,343.0,1.0,,,,0.6708185053380783,0.6797153024911032,,,0.7055984555984556,,0.1579476861167002,0.713265306122449,0.47275204359673023,0.05829015544041451,0.8213592233009709,0.2053941908713693,49.834898543069684,0.5641907385133734,0.41438309572738924,0.7237076648841355,0.5371549893842887,0.18655267549984678
Demarcus Ayers,2016,69.38,182.0,9.25,31.25,4.72,,33.0,123.0,7.3,4.35,,26.580192506856225,73.33873068566663,43.25,11.649999999999999,7,0,0,0,0,229.0,0,5.43372200355424,7.0,21.48665297741273,1,0.3120898371114074,0.3120898371114074,0.0344895347774426,0.3514524014955421,0.3514524014955421,1687.0,1222.0,142.0,11.880281690140846,67.0,0.06338028169014084,151.0,3.0,1.0,1.0,1.0,1.0,0.2776003023339648,3.647761194029851,19.0,21.27310061601643,0.0344895347774426,0.1115194713590971,21.27310061601643,1.0,0.744,0.615,0.613,0.792,0.139,0.139,33.6,6.2,28.4,0.918,33.6,75.0,0.0,1.0,1.0,8.2,17.0,0.0,1.0,0.0,3.0,0.8525,814.0,0.0,1925.0,2.0,18.333333333333332,0.07562277580071175,0.11565836298932385,0.40555555555555556,0.34074074074074073,0.03088803088803089,,0.20020120724346077,0.48775510204081635,0.08038147138964577,0.29533678756476683,0.005825242718446602,0.23029045643153526,20.620506666936674,0.23126051733424124,0.25553006983511717,0.5204991087344029,0.3503184713375796,0.17018063739682326
Aaron Burbridge,2016,72.0,206.0,8.25,31.63,4.56,1.57,30.5,115.0,7.22,4.31,20.0,27.935570987654323,95.28791963926494,40.083333333333336,11.53,8,0,0,0,0,213.0,0,5.3612921657094255,6.0,22.023271731690624,1,0.3264421610716213,0.3264421610716213,0.1825396825396825,0.3836535529124733,0.3836535529124733,2174.0,1258.0,165.0,13.175757575757576,56.0,0.06060606060606061,149.0,4.0,1.0,1.0,1.0,1.0,0.14390247853193877,3.456043956043956,18.0,21.809719370294317,0.1825396825396825,0.1825396825396825,21.809719370294317,0.0,0.64,0.64,0.5103333333333334,0.738,0.15,0.15,35.7,15.6,20.6,0.832,35.7,26.0,1.0,0.0,1.0,7.7,24.0,1.0,1.0,0.0,4.0,0.959,88.0,1.0,-11.0,0.0,-11.0,0.34341637010676157,0.6548042704626335,0.011111111111111112,0.4601851851851852,0.29633204633204635,0.22546419098143236,0.05331991951710262,0.09489795918367347,0.1444141689373297,0.4067357512953368,0.4077669902912621,0.0487551867219917,26.22669291771555,0.1853282896640127,0.2170081464800401,0.5989304812834224,0.7951167728237792,-0.19618629154035683
Dazz Newsome,2021,70.13,190.0,9.0,29.875,4.59,,34.0,121.0,7.39,4.39,12.0,27.158216629282865,85.61164746595347,44.083333333333336,11.78,8,0,0,0,0,221.0,0,5.3981627015177525,6.0,21.634496919917865,1,0.2651803704010378,0.1918005897695596,0.0419593345656192,0.2739504843918192,0.1900527924423451,2435.0,1018.0,188.0,12.952127659574469,75.0,0.09574468085106383,178.0,4.0,1.0,0.0,0.0,2.0,0.1498412552039404,0.6719056974459725,18.0,20.418891170431213,0.1633283171605002,0.2651803704010378,21.420944558521562,0.0,0.861,0.792,0.6475,0.892,0.11,0.08,35.1,10.3,24.6,,43.7,20.0,1.0,0.0,1.0,8.6,38.0,1.0,1.0,0.0,3.0,0.843,1085.0,0.0,679.0,1.0,12.125,0.13256227758007116,0.2526690391459075,0.20185185185185187,0.07592592592592592,0.20077220077220076,,0.29577464788732394,0.35612244897959183,0.035422343324250684,0.22150259067357514,0.11844660194174757,0.2966804979253112,19.88845841825234,0.2567812329362211,0.17652867581129322,0.34581105169340465,0.26963906581740976,0.07617198587599489
Kalija Lipscomb,2020,71.88,207.0,9.38,32.88,4.57,1.53,32.0,127.0,,,16.0,28.16498560483388,94.91515053022638,42.583333333333336,,6,0,0,0,0,270.0,1,5.598421958998375,8.0,22.236824093086927,1,0.3289453366275479,0.2737887596899224,0.1752704031465093,0.2828906732550957,0.2475775193798449,2356.0,916.0,198.0,11.8989898989899,68.0,0.1111111111111111,149.0,4.0,3.0,1.0,1.0,1.0,0.0985183565434131,0.5578602620087336,18.0,20.024640657084188,0.1752704031465093,0.2524929993284424,22.023271731690624,0.0,0.59,0.435,0.4025,0.614,0.155,0.106,35.6,7.6,27.1,0.812,21.8,65.0,1.0,0.0,1.0,7.7,24.0,0.0,1.0,0.0,3.0,0.8436,1028.0,0.0,281.0,0.0,10.407407407407407,0.3185053380782918,0.6797153024911032,0.5064814814814815,0.8240740740740741,0.2606177606177606,0.616710875331565,0.12173038229376258,0.763265306122449,,,0.3825242718446602,0.17531120331950206,46.4893599565465,0.4225066534202906,0.44269781898190247,0.6096256684491979,0.28662420382165604,0.3230014646275418
Cam Phillips,2018,72.13,201.0,8.88,30.5,4.79,,29.5,113.0,7.19,4.45,12.0,27.15935914422273,76.36317893741872,38.916666666666664,11.64,8,0,0,0,0,270.0,1,5.598421958998375,8.0,22.04517453798768,1,0.3215012313952243,0.3215012313952243,0.166840061679083,0.3096691294571153,0.3096691294571153,3027.0,983.0,236.0,12.826271186440678,60.0,0.07203389830508475,239.0,4.0,2.0,1.0,1.0,1.0,0.1546611697161413,0.9806714140386572,18.0,20.83230663928816,0.166840061679083,0.166840061679083,21.831622176591377,0.0,0.695,0.54,0.59275,0.773,0.119,0.119,34.5,15.2,19.6,0.858,27.8,29.0,1.0,0.0,1.0,8.4,29.0,0.0,1.0,1.0,3.0,0.8783,430.0,0.0,34.0,0.0,6.8,0.37455516014234874,0.49377224199288255,0.12685185185185185,0.18055555555555555,0.011583011583011582,,0.025150905432595575,0.04897959183673469,0.1880108991825613,0.14248704663212436,0.021359223300970873,0.023858921161825725,14.883312806113299,0.031829906856767044,0.17677836824558793,0.5721925133689839,0.4830148619957537,0.0891776513732302
Rannell Hall,2015,72.38,198.0,8.63,30.5,4.6,1.61,41.0,132.0,6.86,4.15,16.0,26.569498534835148,88.44308017767236,52.0,11.010000000000002,8,0,1,1,0,270.0,1,5.598421958998375,8.0,21.919233401779604,1,0.217159035992688,0.0817260542661,0.0061019382627422,0.2420103796776836,0.1634521085322,2051.0,886.0,145.0,14.144827586206896,73.0,0.06206896551724138,264.0,4.0,1.0,0.0,1.0,4.0,0.07562411600335779,0.5643340857787811,18.0,20.706365503080082,0.0061019382627422,0.1713335745951325,21.7056810403833,0.0,0.724,0.233,0.4785,0.86,0.133,0.133,38.4,12.3,27.4,0.92,25.8,96.0,0.0,1.0,1.0,9.4,25.0,1.0,1.0,0.0,2.0,0.7593,2070.0,0.0,2083.0,0.0,25.402439024390244,0.40569395017793597,0.4225978647686833,0.05740740740740741,0.18055555555555555,0.17277992277992277,0.05702917771883289,0.9456740442655935,0.9193877551020408,0.7397820163487738,0.7992227979274611,0.18349514563106797,0.9512448132780082,48.623920424677365,0.6828523149995674,0.3973327393516231,0.19429590017825313,0.09129511677282377,0.10300078340542936
Hunter Sharp,2016,71.5,198.0,9.38,31.63,4.58,1.56,32.5,116.0,7.1,4.19,12.0,27.227541689080148,89.99808611706392,42.166666666666664,11.29,8,0,0,0,0,270.0,1,5.598421958998375,8.0,21.686516084873375,1,0.3705357142857143,0.3705357142857143,0.343763479511143,0.3375269590222861,0.3125,1774.0,939.0,137.0,12.94890510948905,81.0,0.11678832116788321,48.0,2.0,2.0,2.0,1.0,1.0,0.026772234774571302,0.8892438764643238,20.0,20.473648186173854,0.0,0.343763479511143,21.472963723477072,1.0,0.505,0.498,0.5015000000000001,0.571,0.149,0.149,25.2,6.0,18.6,0.955,24.1,109.0,0.0,1.0,1.0,8.4,8.0,0.0,1.0,0.0,2.0,0.7,3534.0,0.0,458.0,1.0,19.91304347826087,0.2722419928825623,0.4225978647686833,0.5064814814814815,0.4601851851851852,0.22876447876447875,0.2957559681697613,0.1579476861167002,0.12346938775510204,0.28610354223433243,0.7202072538860104,0.229126213592233,0.13796680497925312,32.00706549846487,0.17018109582134508,0.34921408641648227,0.7647058823529411,0.006369426751592357,0.7583364556013488
Tyrie Cleveland,2020,74.0,205.0,9.13,32.88,4.46,1.53,39.5,126.0,,,13.0,26.31756756756757,103.62019896840454,50.0,,6,0,1,0,0,252.0,0,5.529429087511423,7.0,22.28062970568104,1,0.2037974683544303,0.0600364256374486,0.1086749851455733,0.2075949367088607,0.089769820971867,1271.0,410.0,79.0,16.088607594936708,98.0,0.10126582278481013,6.0,4.0,1.0,0.0,1.0,5.0,-0.04863855950812471,0.8560975609756097,18.0,20.0684462696783,0.1086749851455733,0.2037974683544303,22.067077344284737,0.0,0.913,0.577,0.67675,0.936,0.058,0.042,30.8,10.1,22.4,0.818,37.8,12.0,1.0,0.0,1.0,6.3,9.0,0.0,1.0,0.0,4.0,0.981,34.0,1.0,242.0,1.0,22.0,0.6708185053380783,0.6192170818505338,0.31574074074074077,0.8240740740740741,0.6361003861003861,0.616710875331565,0.8832997987927566,0.713265306122449,,,0.7300970873786408,0.8672199170124482,68.76543772741674,0.7755540640979488,0.6734832797364124,0.14795008912655971,0.9267515923566879,-0.7788015032301282
D'Wayne Eskridge,2021,68.75,190.0,9.0,30.125,4.4,,35.0,124.0,6.95,4.27,,28.25943801652893,101.38480978075265,45.333333333333336,11.219999999999999,7,1,0,0,0,56.0,0,4.02535169073515,2.0,,1,0.4475743348982786,0.4475743348982786,0.032275772156893,0.4507042253521127,0.4507042253521127,2244.0,776.0,121.0,18.545454545454547,85.0,0.12396694214876033,106.0,5.0,2.0,1.0,1.0,1.0,0.4152985627413856,0.9896907216494846,,,,,,,1.321,0.858,0.7000000000000001,1.321,0.139,0.139,29.8,-10.7,37.4,0.944,31.6,89.0,0.0,1.0,1.0,8.2,16.0,0.0,1.0,0.0,3.0,0.8253,1528.0,0.0,467.0,1.0,27.470588235294116,0.0498220640569395,0.2526690391459075,0.20185185185185187,0.10462962962962963,0.8445945945945946,,0.42655935613682094,0.573469387755102,0.5858310626702997,0.5051813471502591,0.6495145631067961,0.43983402489626555,42.1268810999497,0.5498477689995731,0.1957157254188105,0.9162210338680927,0.16772823779193205,0.7484927960761607
Cade Johnson,2021,70.63,184.0,9.375,29.25,4.51,,35.0,114.0,,,11.0,25.929535417062866,88.94911904239109,44.5,,6,0,0,0,0,270.0,1,5.598421958998375,8.0,22.729637234770706,1,0.233160621761658,0.233160621761658,0.233160621761658,0.466321243523316,0.466321243523316,90.0,90.0,6.0,15.0,19.0,0.0,25.0,1.0,1.0,0.0,1.0,1.0,0.0,1.0,21.0,21.51403148528405,0.0,0.0,21.51403148528405,1.0,0.589,0.589,0.589,0.456,0.183,0.183,,,,,,237.0,0.0,1.0,1.0,7.4,1.0,0.0,1.0,1.0,,,,0.0,23.0,0.0,11.5,0.17704626334519574,0.14590747330960854,0.47129629629629627,0.032407407407407406,0.46621621621621623,,0.42655935613682094,0.07142857142857142,,,0.1970873786407767,0.3537344398340249,26.01870447349909,0.23169176873538966,0.27682733079643007,0.24420677361853832,,
Fred Ross,2017,72.63,213.0,9.25,31.25,4.51,1.54,35.0,113.0,6.99,4.28,10.0,28.38591122028026,102.9682736740723,44.416666666666664,11.27,8,0,0,0,0,270.0,1,5.598421958998375,8.0,21.623545516769337,1,0.4181951577402788,0.4181951577402788,0.0180931403398363,0.3363903154805576,0.3363903154805576,2528.0,1007.0,199.0,12.703517587939698,69.0,0.11055276381909548,87.0,4.0,1.0,1.0,1.0,1.0,0.40010201740044254,0.9106256206554121,18.0,21.409993155373034,0.1476498201009556,0.1977885985399315,21.409993155373034,0.0,1.095,0.618,0.78375,1.095,0.129,0.121,40.2,15.1,23.8,0.811,34.5,36.0,1.0,0.0,1.0,8.0,29.0,1.0,1.0,0.0,4.0,0.9216,196.0,1.0,315.0,1.0,8.076923076923077,0.42704626334519574,0.8033807829181495,0.40555555555555556,0.34074074074074073,0.46621621621621623,0.4946949602122016,0.42655935613682094,0.04897959183673469,0.5,0.47020725388601037,0.7087378640776699,0.34024896265560167,45.26972956317414,0.3947589373504085,0.3999754789445783,0.8734402852049911,0.6549893842887473,0.21845090091624375
Tyrell Williams,2015,75.5,204.0,9.88,33.5,4.43,,39.5,127.0,6.74,4.17,,25.158896539625452,105.93641166614515,50.083333333333336,10.91,7,1,1,1,0,270.0,1,5.598421958998375,8.0,22.885694729637233,0,,,,,,,,,,,,,,,,,,,,,,,,,,,,,,,,,,,,,,,,,,,,,,,,,,,,,0.8736654804270463,0.5854092526690391,0.825925925925926,0.9268518518518518,0.7451737451737451,,0.8832997987927566,0.763265306122449,0.896457765667575,0.7590673575129534,0.8019417475728156,0.8713692946058091,81.20388660292697,0.8161689508293404,0.8774357642493951,,,
Amari Rodgers,2021,69.5,212.0,9.5,30.375,4.52,,33.0,121.0,7.07,4.31,19.0,30.854717664717146,101.58091427189677,43.083333333333336,11.379999999999999,8,0,0,0,0,85.0,0,4.442651256490317,3.0,21.27583846680356,1,0.2348544453186467,0.2348544453186467,0.0186533212010919,0.2439024390243902,0.2439024390243902,2144.0,1020.0,181.0,11.845303867403315,87.0,0.08287292817679558,46.0,4.0,1.0,0.0,1.0,1.0,0.2162011241175548,1.7739130434782608,17.0,21.062286105407257,0.1227517840421066,0.1227517840421066,21.062286105407257,0.0,0.673,0.673,0.40575,0.678,0.11,0.11,42.6,26.1,16.7,,42.6,10.0,1.0,0.0,1.0,9.4,24.0,1.0,1.0,0.0,4.0,0.9453,117.0,1.0,587.0,1.0,8.267605633802816,0.08362989323843416,0.7820284697508897,0.5944444444444444,0.14351851851851852,0.4372586872586873,,0.20020120724346077,0.35612244897959183,0.3446866485013624,0.4067357512953368,0.6572815533980583,0.21369294605809128,38.36000516988069,0.40453506987370363,0.2554485158612145,0.24777183600713013,0.7494692144373672,-0.5016973784302371
Kadarius Toney,2021,71.63,193.0,9.25,31.25,4.38,,39.5,136.0,6.88,4.23,9.0,26.443731065662735,104.87956143932983,50.833333333333336,11.11,8,1,1,1,0,20.0,0,2.995732273553991,1.0,21.930184804928132,1,0.2169941333537501,0.2169941333537501,0.0384810126582278,0.2165969623596742,0.2165969623596742,1590.0,984.0,120.0,13.25,66.0,0.1,580.0,4.0,1.0,0.0,1.0,1.0,0.17851312069552228,3.7846153846153845,18.0,21.71663244353183,0.0384810126582278,0.0640875838244259,21.71663244353183,0.0,0.789,0.789,0.5305,0.892,0.137,0.137,43.3,19.8,23.9,,43.3,9.0,1.0,0.0,1.0,9.8,43.0,1.0,1.0,0.0,3.0,0.8822,413.0,0.0,471.0,1.0,16.821428571428573,0.2891459074733096,0.31494661921708184,0.40555555555555556,0.34074074074074073,0.8947876447876448,,0.8832997987927566,0.986734693877551,0.7043596730245232,0.6036269430051814,0.7728155339805826,0.9118257261410788,64.61671669632733,0.8809500088836301,0.47968550064059057,0.1925133689839572,0.49363057324840764,-0.30111720426445043
Cody White,2020,75.0,215.0,10.0,32.5,4.66,1.56,35.5,120.0,7.19,4.52,,26.87022222222222,91.1852910863905,45.5,11.71,7,0,0,0,1,270.0,1,5.598421958998375,8.0,31.50171115674196,1,0.3213480238104041,0.3213480238104041,0.1875625446747676,0.28975487115022,0.28975487115022,1967.0,922.0,143.0,13.755244755244755,60.0,0.08391608391608392,63.0,3.0,1.0,1.0,1.0,1.0,0.13378547913563651,1.6612612612612612,29.0,31.288158795345655,0.0,0.0,31.288158795345655,0.0,0.689,0.58,0.5873333333333334,0.817,0.109,0.109,24.4,7.2,16.1,,24.4,31.0,1.0,0.0,1.0,7.1,17.0,0.0,1.0,0.0,3.0,0.8878,371.0,0.0,85.0,0.0,4.0476190476190474,0.8238434163701067,0.8416370106761566,0.8787037037037037,0.7324074074074074,0.07239382239382239,0.2957559681697613,0.48893360160965793,0.29183673469387755,0.1880108991825613,0.07124352331606218,0.25922330097087376,0.4553941908713693,44.994863161378,0.3466645457581364,0.7309720322727189,0.5704099821746881,0.5180467091295117,0.052363273045176406
Daesean Hamilton,2018,72.63,203.0,9.38,31.0,4.52,,34.5,118.0,6.84,4.15,16.0,27.05323933200419,97.26851696790115,44.333333333333336,10.99,8,0,0,1,0,113.0,0,4.727387818712341,4.0,22.8145106091718,1,0.2542252120890774,0.2542252120890774,0.2250773287358653,0.2963085036255768,0.2272004241781548,2842.0,899.0,214.0,13.280373831775702,54.0,0.08411214953271028,22.0,4.0,3.0,0.0,1.0,1.0,0.029147883353212084,0.9532814238042269,19.0,19.600273785078713,0.0,0.2250773287358653,22.600958247775495,0.0,0.99,0.99,0.5485,1.005,0.144,0.085,20.6,9.2,11.0,0.899,41.5,33.0,1.0,0.0,1.0,6.2,12.0,1.0,1.0,0.0,3.0,0.8769,429.0,0.0,0.0,0.0,0.0,0.42704626334519574,0.552491103202847,0.5064814814814815,0.275,0.4372586872586873,,0.35714285714285715,0.19387755102040816,0.771117166212534,0.7992227979274611,0.49223300970873785,0.32676348547717843,46.71485820706716,0.34775113929066775,0.39141765049238364,0.3083778966131907,0.4861995753715499,-0.1778216787583592
Warren Jackson,2021,78.0,219.0,9.375,33.5,4.72,,33.5,123.0,7.71,4.51,11.0,25.305226824457595,88.24825285802744,43.75,12.219999999999999,8,0,0,0,1,270.0,1,5.598421958998375,8.0,21.54688569472964,1,0.3433450429352068,0.3433450429352068,0.0693603579889444,0.3057377049180327,0.3057377049180327,1789.0,1119.0,124.0,14.42741935483871,87.0,0.11290322580645161,0.0,3.0,1.0,1.0,1.0,1.0,0.2739846849462624,2.762962962962963,18.0,20.331279945242983,0.1319502508361204,0.3433450429352068,20.331279945242983,1.0,1.024,0.71,0.7373333333333333,1.165,0.164,0.164,26.1,-3.9,30.1,,26.1,86.0,0.0,1.0,1.0,8.3,13.0,0.0,0.0,0.0,3.0,0.8425,1099.0,0.0,,,,0.998220640569395,0.895017793594306,0.47129629629629627,0.9268518518518518,0.03088803088803089,,0.24647887323943662,0.48775510204081635,0.0027247956403269754,0.08031088082901554,0.17475728155339806,0.2676348547717842,41.653967284315065,0.302997085611217,0.6607119154892449,0.6702317290552585,0.2653927813163482,0.4048389477389103
Jamarius Way,2019,75.5,215.0,10.25,33.0,4.63,1.57,32.5,119.0,7.44,4.66,16.0,26.515503705977807,93.57169391260328,42.416666666666664,12.100000000000001,8,0,0,0,1,270.0,1,5.598421958998375,8.0,,1,0.3855160824697847,0.3855160824697847,0.2339191564147627,0.3499795333606222,0.3499795333606222,1617.0,855.0,108.0,14.972222222222221,81.0,0.10185185185185185,38.0,2.0,2.0,1.0,1.0,1.0,0.15159692605502198,1.1220472440944882,,,,,,,0.657,0.657,0.52,0.647,0.122,0.122,24.5,-17.7,42.0,0.946,24.5,116.0,0.0,1.0,1.0,8.1,11.0,0.0,0.0,0.0,2.0,0.7667,2838.0,0.0,,,,0.8736654804270463,0.8416370106761566,0.9537037037037037,0.850925925925926,0.11583011583011583,0.22546419098143236,0.1579476861167002,0.2357142857142857,0.020435967302452316,0.007772020725388601,0.32815533980582523,0.15767634854771784,39.741067297972926,0.24060577054560373,0.7090606990433441,0.8235294117647058,0.03821656050955414,0.7853128512551517
Kenny Lawler,2016,74.5,203.0,10.5,33.38,4.64,1.56,31.0,111.0,7.03,4.2,,25.71217512724652,87.58991630448155,40.25,11.23,7,0,0,0,0,243.0,0,5.493061443340548,7.0,21.519507186858316,1,0.2533983310028668,0.2533983310028668,0.1697510962084085,0.1797435897435897,0.1554453106543822,1706.0,701.0,143.0,11.93006993006993,52.0,0.1888111888111888,5.0,3.0,2.0,0.0,1.0,3.0,0.08364723479445829,0.9386590584878745,19.0,20.306639288158795,0.1697510962084085,0.2184432234432234,21.305954825462013,1.0,0.694,0.62,0.6663333333333333,0.694,0.088,0.088,36.6,-0.6,36.3,0.864,41.3,41.0,1.0,0.0,1.0,7.8,35.0,1.0,0.0,0.0,4.0,0.9043,287.0,1.0,,,,0.7508896797153025,0.552491103202847,0.9842592592592593,0.9064814814814814,0.09749034749034749,0.2957559681697613,0.07344064386317907,0.017346938775510204,0.40463215258855584,0.689119170984456,0.15728155339805824,0.056016597510373446,41.54337413699276,0.08268971201224917,0.6787677660798055,0.30124777183600715,0.5732484076433121,-0.27200063580730494
Josh Palmer,2021,73.25,210.0,9.625,33.0,4.52,,34.0,124.0,6.98,4.24,,27.514356602872486,100.62260375989774,44.333333333333336,11.22,7,0,0,0,0,77.0,0,4.343805421853684,3.0,21.27857631759069,1,0.2588805918068253,0.2588805918068253,0.0235124760076775,0.2320468978993649,0.2320468978993649,1514.0,484.0,99.0,15.292929292929292,53.0,0.0707070707070707,37.0,4.0,1.0,0.0,1.0,1.0,0.23536811579914782,0.981404958677686,17.0,21.065023956194388,0.1693831352574986,0.1693831352574986,21.065023956194388,0.0,0.534,0.505,0.399,0.613,0.091,0.091,33.4,5.5,28.9,0.759,24.3,17.0,1.0,0.0,1.0,7.7,12.0,0.0,0.0,1.0,3.0,0.8528,832.0,0.0,,,,0.5409252669039146,0.7402135231316725,0.6592592592592592,0.850925925925926,0.4372586872586873,,0.29577464788732394,0.573469387755102,0.5190735694822888,0.5893782383419689,0.6271844660194175,0.32676348547717843,56.00205870402489,0.49880950055394785,0.586721274994106,0.32085561497326204,0.346072186836518,-0.025216571863255988
Stanley Morgan Jr.,2019,72.0,202.0,9.88,32.375,4.53,1.53,38.5,125.0,6.78,4.13,14.0,27.393132716049383,95.93753532303836,48.916666666666664,10.91,8,0,1,1,0,25.0,0,3.2188758248682006,,63.87132101300479,1,0.3654393523958741,0.344023569023569,0.0993595901376881,0.338047138047138,0.338047138047138,2747.0,1004.0,189.0,14.534391534391535,80.0,0.1164021164021164,6.0,4.0,2.0,2.0,1.0,1.0,0.24466397888588093,1.0182555780933062,60.0,62.65845311430527,0.0,0.0,63.657768651608485,0.0,0.733,0.532,0.646,0.733,0.137,0.122,32.7,5.4,26.9,0.868,32.7,23.0,1.0,0.0,1.0,7.5,17.0,0.0,1.0,0.0,3.0,0.8806,413.0,0.0,364.0,0.0,17.333333333333332,0.34341637010676157,0.5231316725978647,0.825925925925926,0.6888888888888889,0.4092664092664093,0.616710875331565,0.8118712273641852,0.6551020408163265,0.8514986376021798,0.8601036269430051,0.4300970873786408,0.8029045643153527,65.15764438780921,0.6323567851863842,0.6675256030714404,0.7468805704099821,0.49363057324840764,0.2532499971615745
Greg Dortch,2019,67.13,173.0,9.25,29.25,4.59,,33.0,109.0,6.89,4.08,,26.987840437752496,77.95165795584184,42.083333333333336,10.969999999999999,7,0,0,1,0,270.0,1,5.598421958998375,8.0,20.594113620807665,1,0.3356272401433692,0.3356272401433692,0.2366692768193184,0.3512544802867383,0.3512544802867383,1800.0,1078.0,142.0,12.67605633802817,54.0,0.11971830985915492,29.0,2.0,2.0,1.0,1.0,1.0,0.0989579633240508,1.4930747922437673,19.0,19.381245722108144,0.2366692768193184,0.3356272401433692,20.380561259411362,1.0,0.62,0.62,0.5335,0.662,0.139,0.126,31.2,3.6,28.1,0.89,31.2,68.0,1.0,0.0,1.0,6.8,16.0,0.0,1.0,0.0,2.0,0.7967,2175.0,0.0,1211.0,2.0,14.950617283950617,0.0035587188612099642,0.03558718861209965,0.40555555555555556,0.032407407407407406,0.20077220077220076,,0.20020120724346077,0.006122448979591836,0.6839237057220708,0.9209844559585493,0.02330097087378641,0.13278008298755187,24.047217663395315,0.076541542365613,0.16043072226690844,0.6470588235294118,0.08280254777070063,0.5642562757587112
Cody Thompson,2019,73.5,205.0,9.38,31.0,4.57,1.58,38.5,119.0,6.87,4.03,19.0,26.67684760979222,93.99809593573144,48.416666666666664,10.9,8,0,0,1,0,270.0,1,5.598421958998375,8.0,22.973305954825463,1,0.270780660670618,0.2649164427275781,0.0055682934818211,0.3024308865586272,0.2173328854551562,3312.0,1269.0,181.0,18.298342541436465,88.0,0.16574585635359115,0.0,5.0,3.0,0.0,1.0,3.0,0.259348149245757,0.5098502758077226,18.0,19.759069130732374,0.0055682934818211,0.2400362318840579,22.759753593429156,0.0,1.07,0.562,0.7314,1.07,0.097,0.084,40.6,12.3,27.4,0.953,35.2,84.0,0.0,1.0,1.0,9.9,45.0,1.0,1.0,0.0,2.0,0.7483,3232.0,0.0,145.0,1.0,11.153846153846153,0.5845195729537367,0.6192170818505338,0.5064814814814815,0.275,0.2606177606177606,0.17904509283819628,0.8118712273641852,0.2357142857142857,0.723433242506812,0.9676165803108808,0.3466019417475728,0.7686721991701245,52.323253887963084,0.46472915160868117,0.5444680704498509,0.3761140819964349,0.010615711252653927,0.365498370743781
Keelan Doss,2019,74.75,211.0,9.5,31.75,4.56,,36.0,124.0,,,8.0,26.546996118611645,97.60073322274224,46.333333333333336,,6,0,0,0,1,270.0,1,5.598421958998375,8.0,22.781656399726216,1,0.6007751937984496,0.1408554572271386,0.0708661417322834,0.7015503875968992,0.2817109144542772,628.0,220.0,49.0,12.816326530612244,50.0,0.04081632653061224,0.0,4.0,2.0,2.0,1.0,1.0,0.06998931549485521,0.8681818181818182,18.0,20.569472963723477,0.0708661417322834,0.0708661417322834,22.56810403832991,0.0,2.097,0.029,0.90675,2.097,0.232,0.232,,,,,,140.0,0.0,1.0,1.0,6.3,1.0,0.0,0.0,0.0,,,,,,,,0.7846975088967971,0.7588967971530249,0.5944444444444444,0.49444444444444446,0.29633204633204635,,0.5543259557344065,0.573469387755102,,,0.5009708737864078,0.5570539419087137,56.82928222728207,0.5429220724253054,0.6069780883800231,0.9875222816399287,,
David Sills,2019,75.25,211.0,9.0,32.0,4.57,1.51,37.5,117.0,6.97,4.28,14.0,26.19538415690776,96.74925971921627,47.25,11.25,8,0,0,0,1,270.0,1,5.598421958998375,8.0,23.59479808350445,1,0.3651034770159366,0.2703717205669727,0.0584982469350777,0.2437204675453867,0.1986381779760507,1957.0,980.0,125.0,15.656,75.0,0.264,14.0,3.0,2.0,1.0,0.0,2.0,0.21187347363189496,0.863265306122449,20.0,22.38193018480493,0.0,0.0584982469350777,23.381245722108144,0.0,0.969,0.969,0.969,0.969,0.19,0.19,33.6,5.6,27.2,0.856,41.1,39.0,1.0,0.0,1.0,9.0,34.0,1.0,1.0,0.0,3.0,0.8742,484.0,0.0,0.0,0.0,0.0,0.8514234875444839,0.7588967971530249,0.20185185185185187,0.5722222222222222,0.2606177606177606,0.8143236074270557,0.7354124748490946,0.15816326530612246,0.5422343324250681,0.47020725388601037,0.4679611650485437,0.6753112033195021,54.23854518042284,0.45384563506792025,0.5902275091169131,0.7450980392156863,0.4416135881104034,0.3034844511052829
Antoine Wesley,2019,76.13,206.0,9.75,34.0,4.68,,37.0,117.0,7.07,4.26,6.0,24.986814105974304,85.88430463752407,46.75,11.33,8,0,0,0,0,270.0,1,5.598421958998375,8.0,21.193702943189596,1,0.3272234968621365,0.3272234968621365,0.0157906869525126,0.3330184222957014,0.3330184222957014,1547.0,1410.0,98.0,15.785714285714286,66.0,0.09183673469387756,-2.0,2.0,1.0,1.0,1.0,1.0,0.31143280990962385,10.291970802919709,19.0,20.980150581793293,0.0,0.0157906869525126,20.980150581793293,1.0,1.186,0.796,0.991,1.186,0.128,0.128,36.2,8.7,29.8,0.885,36.2,49.0,1.0,0.0,1.0,8.1,17.0,0.0,0.0,0.0,3.0,0.8244,1547.0,0.0,,,,0.9457295373665481,0.6548042704626335,0.7546296296296297,0.9685185185185186,0.05791505791505792,,0.6891348088531187,0.15816326530612246,0.3446866485013624,0.538860103626943,0.12718446601941746,0.6099585062240664,53.1780437493038,0.32482751339288624,0.8395031235919538,0.6060606060606061,0.1613588110403397,0.4447017950202664
Chris Conley,2015,73.88,213.0,9.88,33.75,4.35,1.52,45.0,139.0,7.06,4.3,18.0,27.433495954310967,118.97413920089494,56.583333333333336,11.36,8,1,1,0,0,76.0,0,4.330733340286331,3.0,22.184804928131417,1,0.295895620246525,0.295895620246525,0.069095388113793,0.2584579071597168,0.2584579071597168,1938.0,657.0,117.0,16.564102564102566,87.0,0.17094017094017094,0.0,4.0,1.0,0.0,1.0,1.0,0.22680023213273198,1.0092165898617511,18.0,21.971252566735114,0.069095388113793,0.1252215044161352,21.971252566735114,0.0,,,,,,,44.2,27.6,16.8,0.836,44.2,12.0,1.0,0.0,1.0,7.8,21.0,0.0,1.0,0.0,4.0,0.895,277.0,1.0,9.0,0.0,9.0,0.6379003558718861,0.8033807829181495,0.825925925925926,0.9518518518518518,0.9343629343629344,0.7320954907161804,1.0,0.9948979591836735,0.3651226158038147,0.4261658031088083,0.9864077669902913,1.0,80.48426238944596,0.9937685753913216,0.853919533412416,0.46524064171123,0.5828025477707006,-0.11756190605947064
Ty Fryfogle,2022,73.13,209.0,9.75,30.88,4.53,1.59,39.0,127.0,7.15,4.47,13.0,27.473276957209908,99.26210337878722,49.583333333333336,11.620000000000001,8,0,1,0,0,270.0,1,5.598421958998375,8.0,,1,0.3992572103431129,0.1771130104463437,0.002038895859473,0.3610144206862257,0.2431149097815764,2236.0,726.0,158.0,14.151898734177216,65.0,0.08860759493670886,34.0,5.0,1.0,1.0,1.0,2.0,0.1750741145868707,0.7052341597796143,,,,,,,0.736,0.296,0.5124,0.736,0.117,0.117,33.6,11.2,22.6,,20.4,36.0,1.0,0.0,1.0,7.5,14.0,1.0,1.0,0.0,3.0,0.8189,1659.0,0.0,-5.0,0.0,-1.6666666666666667,0.5195729537366548,0.7170818505338078,0.7546296296296297,0.25,0.4092664092664093,0.11671087533156499,0.8501006036217303,0.763265306122449,0.21934604904632152,0.11139896373056994,0.570873786407767,0.8454356846473029,51.06401760061839,0.7280798987173155,0.5935757967470037,0.8520499108734403,0.15286624203821655,0.6991836688352238
Marquise Brown,2019,69.38,166.0,9.0,30.5,,,,,,,,24.24347228647326,,,,2,0,0,0,0,25.0,0,3.2188758248682006,1.0,21.57700205338809,1,0.2619788265660269,0.2619788265660269,0.1825628531221776,0.29139951359717,0.29139951359717,2413.0,1318.0,132.0,18.28030303030303,87.0,0.12878787878787878,0.0,2.0,1.0,0.0,1.0,1.0,0.07941597344384929,1.2036529680365298,20.0,21.363449691991786,0.0,0.1825628531221776,21.363449691991786,1.0,0.975,0.975,0.9005,0.999,0.12,0.12,54.0,24.9,30.0,0.909,54.0,8.0,1.0,0.0,1.0,11.6,42.0,1.0,0.0,0.0,,,,0.0,,,,0.07562277580071175,0.017793594306049824,0.20185185185185187,0.18055555555555555,,,,,,,,,11.895594437854225,,0.1526767277360397,0.33511586452762926,,
Penny Hart,2019,68.0,180.0,9.13,31.0,4.63,,33.5,111.0,7.64,4.75,18.0,27.3659169550173,78.33909257799345,42.75,12.39,8,0,0,0,0,270.0,1,5.598421958998375,8.0,22.491444216290212,1,0.4392344006568144,0.2004131680661068,0.2698321829304196,0.3451354679802955,0.2674930027988804,2960.0,1121.0,203.0,14.58128078817734,70.0,0.09359605911330049,28.0,4.0,3.0,1.0,1.0,1.0,-0.06941901486431282,0.5967885816235504,19.0,19.277207392197127,0.2698321829304196,0.2698321829304196,22.27789185489391,0.0,0.718,0.484,0.489,0.768,0.145,0.105,17.0,-14.0,28.6,0.945,23.6,127.0,0.0,1.0,1.0,7.8,14.0,0.0,1.0,0.0,2.0,0.7853,2423.0,0.0,519.0,1.0,15.264705882352942,0.019572953736654804,0.08896797153024912,0.31574074074074077,0.275,0.11583011583011583,,0.24647887323943662,0.017346938775510204,0.008174386920980926,0.0051813471502590676,0.027184466019417475,0.18775933609958506,11.883973909481362,0.09700342601145477,0.21419814192920805,0.9090909090909091,0.06157112526539278,0.8475197838255163
Simmie Cobbs,2018,75.13,220.0,9.25,32.0,4.64,1.59,30.0,113.0,6.7,4.32,11.0,27.400041977020212,94.92503244820661,39.416666666666664,11.02,8,0,0,1,1,270.0,1,5.598421958998375,8.0,22.354551676933607,1,0.291900878293601,0.291900878293601,0.0335886859163229,0.2709424083769634,0.263801756587202,1990.0,1035.0,139.0,14.316546762589928,55.0,0.08633093525179857,0.0,3.0,2.0,0.0,1.0,1.0,0.2583121923772781,0.81256038647343,18.0,20.139630390143736,0.0335886859163229,0.2095452782625557,22.140999315537304,0.0,0.632,0.435,0.5335,0.611,0.12,0.12,37.5,0.4,35.9,0.869,28.6,48.0,1.0,0.0,1.0,8.7,27.0,1.0,1.0,0.0,3.0,0.8447,965.0,0.0,15.0,0.0,15.0,0.8398576512455516,0.9083629893238434,0.40555555555555556,0.5722222222222222,0.09749034749034749,0.11671087533156499,0.04024144869215292,0.04897959183673469,0.9277929155313351,0.37823834196891193,0.3844660194174757,0.03734439834024896,39.64385297463287,0.15789568664878775,0.4644692194288706,0.45454545454545453,0.2929936305732484,0.16155182397220613
Malcolm Mitchell,2016,71.63,198.0,10.5,32.63,4.45,1.43,36.0,129.0,6.94,4.34,15.0,27.12880181865918,100.98459823900774,46.75,11.280000000000001,8,1,0,0,0,112.0,0,4.718498871295094,4.0,23.449691991786448,1,0.3583303645647785,0.3583303645647785,0.1511910683689825,0.3595178719866999,0.3595178719866999,2350.0,865.0,174.0,13.505747126436782,71.0,0.09195402298850575,55.0,4.0,1.0,1.0,1.0,1.0,0.20713929619579602,1.300751879699248,19.0,23.236139630390145,0.1511910683689825,0.1511910683689825,23.236139630390145,0.0,,,,,,,28.6,16.8,10.7,0.857,28.6,8.0,1.0,0.0,1.0,7.7,12.0,0.0,1.0,0.0,4.0,0.981,34.0,1.0,420.0,0.0,14.482758620689655,0.2891459074733096,0.4225978647686833,0.9842592592592593,0.7694444444444445,0.668918918918919,1.0,0.5543259557344065,0.8428571428571429,0.6049046321525886,0.31994818652849744,0.6398058252427185,0.6099585062240664,64.21805536336697,0.678996307944756,0.649293891727855,0.7254901960784313,0.9267515923566879,-0.20126139627825657
Desmond Fitzpatrick,2021,,,,,,,,,,,,,,,,0,0,0,0,0,270.0,1,5.598421958998375,8.0,,0,,,,,,,,,,,,,,,,,,,,,,,,,,,,,,,,,,,,,,,,,,,,,,,,,,,,,,,,,,,,,,,,,,,,,,
Jehu Chesson,2017,74.75,204.0,9.13,33.25,4.47,1.59,35.5,132.0,6.7,4.09,10.0,25.666290086240643,102.19509943543615,46.5,10.79,8,0,0,1,0,139.0,0,4.9344739331306915,4.0,23.033538672142367,1,0.3379103097549699,0.140711175616836,0.0581156399225321,0.2472491909385113,0.1814223512336719,1639.0,764.0,114.0,14.37719298245614,64.0,0.10526315789473684,219.0,4.0,1.0,1.0,1.0,3.0,0.08259553569430389,0.6544502617801047,19.0,21.817932922655714,0.0,0.0581156399225321,22.819986310746064,0.0,0.787,0.347,0.51575,0.938,0.096,0.069,35.2,19.7,16.2,0.87,34.8,20.0,1.0,0.0,1.0,7.8,20.0,1.0,1.0,0.0,3.0,0.8681,656.0,0.0,202.0,1.0,33.666666666666664,0.7846975088967971,0.5854092526690391,0.31574074074074077,0.8888888888888888,0.6023166023166023,0.11671087533156499,0.48893360160965793,0.9193877551020408,0.9277929155313351,0.9132124352331606,0.6757281553398058,0.5778008298755186,64.97182967945959,0.6946831706838349,0.6195651850340211,0.6595365418894831,0.4033970276008493,0.2561395142886338
Preston Williams,2019,76.25,211.0,9.13,33.0,4.61,,31.5,116.0,7.11,4.35,,25.512797635044343,93.43481916753878,41.166666666666664,11.46,7,0,0,0,1,270.0,1,5.598421958998375,8.0,21.765913757700204,1,0.4519753344481605,0.4519753344481605,0.0894199662824076,0.3654891304347826,0.3654891304347826,1592.0,1345.0,112.0,14.214285714285714,69.0,0.14285714285714285,13.0,3.0,1.0,1.0,1.0,1.0,0.3625553681657529,8.512658227848101,18.0,21.5523613963039,0.0894199662824076,0.0894199662824076,21.5523613963039,1.0,0.848,0.46,0.6963333333333334,0.848,0.189,0.189,27.6,-10.3,36.7,0.918,27.6,73.0,0.0,1.0,2.0,7.6,19.0,0.0,1.0,1.0,4.0,0.9769,47.0,1.0,120.0,0.0,15.0,0.952846975088968,0.7588967971530249,0.31574074074074077,0.850925925925926,0.14961389961389962,,0.096579476861167,0.12346938775510204,0.2779291553133515,0.29533678756476683,0.32427184466019415,0.09336099585062241,38.536108968434206,0.18144023642548776,0.5540232796542005,0.9197860962566845,0.8874734607218684,0.032312635534816114
Sage Surratt,2021,74.5,209.0,9.0,32.25,4.7,,,115.0,,4.25,18.0,26.472140894554297,85.66133728823667,,,6,0,0,0,0,270.0,1,5.598421958998375,8.0,22.72142368240931,1,0.3109572417117086,0.3109572417117086,0.1746562398175301,0.2670757737459979,0.2670757737459979,1582.0,1001.0,107.0,14.785046728971963,70.0,0.14018691588785046,0.0,2.0,1.0,1.0,1.0,1.0,0.1363010018941785,1.7228915662650603,20.0,21.505817932922657,0.0,0.0,21.505817932922657,1.0,0.831,0.831,0.683,0.831,0.128,0.128,29.4,2.0,28.6,,29.4,64.0,1.0,0.0,1.0,7.9,26.0,0.0,1.0,0.0,3.0,0.8403,1154.0,0.0,91.0,0.0,7.583333333333333,0.7508896797153025,0.7170818505338078,0.20185185185185187,0.6638888888888889,0.04343629343629344,,,0.09489795918367347,,0.572538860103627,0.1203883495145631,,39.56217166535011,0.10764315434911828,0.5388768068186811,0.5151515151515151,0.2505307855626327,0.26462072958888244
Justyn Ross,2022,75.63,205.0,9.63,32.13,,,,,,,11.0,25.195384203515978,,,,3,0,0,0,0,270.0,1,5.598421958998375,8.0,22.04791238877481,1,0.2410959346443217,0.228420523138833,0.2410959346443217,0.2389486260454002,0.206841046277666,2379.0,1000.0,158.0,15.056962025316455,74.0,0.12658227848101267,0.0,3.0,3.0,0.0,1.0,1.0,-0.012675411505488704,0.514,18.0,18.833675564681723,0.2410959346443217,0.2410959346443217,21.83436002737851,0.0,1.074,0.536,0.6723333333333334,1.074,0.103,0.1,43.0,29.7,12.6,0.912,28.3,16.0,1.0,0.0,1.0,8.2,30.0,1.0,1.0,0.0,4.0,0.9765,45.0,1.0,-6.0,0.0,-6.0,0.8896797153024911,0.6192170818505338,0.687037037037037,0.6277777777777778,,,,,,,,,70.592790299196,,0.734831510039102,0.2638146167557932,0.8906581740976646,-0.6268435573418714
Auden Tate,2018,76.88,228.0,9.38,33.75,4.68,1.51,31.0,112.0,7.37,4.58,,27.118360058948312,95.05641484153149,40.333333333333336,11.95,7,0,0,0,1,253.0,0,5.53338948872752,7.0,20.908966461327857,1,0.3455040973661122,0.3455040973661122,0.1900036727922086,0.2148177185417483,0.2148177185417483,957.0,548.0,65.0,14.723076923076922,51.0,0.24615384615384617,0.0,2.0,1.0,1.0,0.0,2.0,0.15550042457390362,1.3398533007334963,19.0,20.695414099931554,0.0,0.1900036727922086,20.695414099931554,1.0,0.842,0.663,0.7525,0.868,0.08,0.08,33.3,22.8,12.5,0.808,33.3,3.0,1.0,0.0,1.0,7.5,19.0,0.0,0.0,0.0,4.0,0.9054,265.0,1.0,,,,0.9804270462633452,0.9813167259786477,0.5064814814814815,0.9518518518518518,0.05791505791505792,0.8143236074270557,0.07344064386317907,0.02959183673469388,0.04223433242506812,0.025906735751295335,0.39029126213592236,0.058091286307053944,40.932265567788775,0.16444124757793177,0.6280502558649644,0.6809269162210339,0.5934182590233545,0.08750865719767931
Anthony Schwartz,2021,72.0,186.0,,,4.27,,32.0,123.0,7.13,4.25,,25.22337962962963,111.90034867884242,42.25,11.379999999999999,5,1,0,0,0,91.0,0,4.51085950651685,3.0,20.32306639288159,1,0.2595439537763103,0.2595439537763103,0.1145589383294301,0.2690879075526207,0.2690879075526207,1484.0,652.0,118.0,12.576271186440678,91.0,0.05084745762711865,323.0,3.0,1.0,0.0,0.0,2.0,0.1449850154468802,1.481818181818182,17.0,20.109514031485283,0.1145589383294301,0.2595439537763103,20.109514031485283,1.0,0.715,0.402,0.5726666666666667,0.766,0.124,0.124,33.0,12.6,20.7,,33.0,11.0,1.0,0.0,1.0,6.8,12.0,1.0,0.0,0.0,4.0,0.9334,163.0,1.0,,,,0.34341637010676157,0.17882562277580072,,,0.9932432432432432,,0.12173038229376258,0.48775510204081635,0.2561307901907357,0.572538860103627,0.9242718446601942,0.14315352697095435,44.67850824873218,0.5112524429982578,0.23257337620026208,0.3226381461675579,0.6953290870488322,-0.3726909408812743
Dres Anderson,2015,73.13,187.0,9.38,31.63,4.53,,,121.0,6.83,4.22,13.0,24.581353066977286,88.81346091786224,,11.05,7,0,0,1,0,270.0,1,5.598421958998375,8.0,22.45037645448323,1,0.3358104858104858,0.1690661478599222,0.157766196129756,0.3534391534391534,0.1381322957198443,2077.0,1002.0,134.0,15.5,74.0,0.12686567164179105,143.0,4.0,1.0,1.0,1.0,4.0,0.01129995173016618,0.35429141716566864,19.0,21.23750855578371,0.157766196129756,0.173513986013986,22.236824093086927,0.0,0.998,0.611,0.8045,1.203,0.083,0.083,30.1,11.8,19.9,0.831,29.1,38.0,1.0,0.0,1.0,7.7,16.0,1.0,1.0,0.0,,,,,251.0,0.0,20.916666666666668,0.5195729537366548,0.19750889679715303,0.5064814814814815,0.4601851851851852,0.4092664092664093,,,0.35612244897959183,0.7888283378746594,0.6308290155440415,0.1912621359223301,,45.11174294208341,0.27369229245096094,0.4954132068011072,0.6506238859180036,,
Jonathan Adams,2021,74.0,210.0,9.875,32.125,4.59,,39.0,132.0,7.04,4.38,,26.95945945945946,94.62339983079067,50.0,11.42,7,0,1,0,1,270.0,1,5.598421958998375,8.0,,1,0.2924439582373714,0.2924439582373714,0.0225321338408109,0.2771956087824351,0.2771956087824351,2306.0,1111.0,166.0,13.891566265060241,63.0,0.12650602409638553,0.0,4.0,1.0,0.0,1.0,1.0,0.26991182439656053,1.3055229142185665,,,,,,,0.613,0.613,0.4115,0.613,0.156,0.156,31.1,-6.5,37.2,,31.1,95.0,0.0,1.0,1.0,10.6,19.0,0.0,1.0,0.0,2.0,0.7719,2981.0,0.0,226.0,0.0,18.833333333333332,0.6708185053380783,0.7402135231316725,0.8,0.6046296296296296,0.20077220077220076,,0.8501006036217303,0.9193877551020408,0.391008174386921,0.2344559585492228,0.36893203883495146,0.8672199170124482,60.432166421626334,0.7128067991862408,0.7313871846473595,0.4563279857397504,0.03184713375796178,0.42448085198178864
Travis Rudolph,2017,72.25,189.0,9.25,31.88,4.65,1.57,31.5,114.0,6.93,4.46,12.0,25.45314352079118,80.8499933046099,41.0,11.39,8,0,0,0,0,270.0,1,5.598421958998375,8.0,21.297741273100616,1,0.2968352699931647,0.2745158879925024,0.206688596491228,0.2754887218045113,0.2446839498980483,2311.0,916.0,153.0,15.104575163398692,75.0,0.11764705882352941,0.0,3.0,3.0,0.0,1.0,1.0,0.06782729150127442,0.9170305676855895,18.0,19.082819986310746,0.206688596491228,0.2968352699931647,21.084188911704313,1.0,0.687,0.592,0.6013333333333334,0.696,0.102,0.101,38.0,23.2,15.0,0.881,42.6,4.0,1.0,0.0,1.0,8.1,11.0,0.0,1.0,0.0,4.0,0.9788,43.0,1.0,-1.0,0.0,-1.0,0.39234875444839856,0.2313167259786477,0.40555555555555556,0.5351851851851852,0.08204633204633205,0.22546419098143236,0.096579476861167,0.07142857142857142,0.6253405994550408,0.12435233160621761,0.04466019417475728,0.08921161825726141,24.36241279982139,0.0708894141548319,0.35741724301257655,0.46880570409982175,0.8959660297239915,-0.4271603256241698
Artavis Scott,2017,70.25,193.0,9.38,31.0,4.61,1.59,31.0,116.0,7.19,4.49,13.0,27.49286356555768,85.4640763001658,40.666666666666664,11.68,8,0,0,0,0,270.0,1,5.598421958998375,8.0,22.223134839151268,1,0.3156580493537015,0.1168452341341141,0.3156580493537015,0.2834900117508813,0.1225793571571172,2480.0,965.0,244.0,10.163934426229508,70.0,0.0778688524590164,49.0,3.0,1.0,1.0,1.0,4.0,-0.1988128152195874,0.6362694300518135,19.0,20.008213552361397,0.0,0.3156580493537015,22.00958247775496,0.0,0.586,0.284,0.4123333333333333,0.645,0.104,0.083,29.0,18.1,11.6,0.844,43.5,15.0,1.0,0.0,1.0,6.3,9.0,0.0,1.0,0.0,4.0,0.9674,70.0,1.0,1039.0,0.0,16.758064516129032,0.14412811387900357,0.31494661921708184,0.5064814814814815,0.275,0.14961389961389962,0.11671087533156499,0.07344064386317907,0.12346938775510204,0.1880108991825613,0.09715025906735751,0.1145631067961165,0.07157676348547717,18.125767080606877,0.10382437947146587,0.24976255980591605,0.5365418894830659,0.8428874734607219,-0.306345583977656
James Proche,2020,70.63,201.0,9.63,29.75,,,34.5,,7.27,4.4,20.0,28.325199015378455,,,11.67,6,0,0,0,0,201.0,0,5.303304908059076,6.0,23.279945242984258,1,0.3967819091106762,0.3667247386759582,0.2482638888888889,0.3649923896499239,0.3048780487804878,3949.0,1225.0,301.0,13.119601328903654,86.0,0.12956810631229235,50.0,4.0,3.0,2.0,1.0,1.0,0.11846084978706928,1.0216847372810676,19.0,20.0684462696783,0.0,0.2482638888888889,23.066392881587955,0.0,1.095,0.588,0.67,1.095,0.162,0.162,34.6,4.4,28.3,,34.6,87.0,0.0,1.0,1.0,8.0,34.0,0.0,1.0,0.0,3.0,0.8703,530.0,0.0,997.0,0.0,12.158536585365853,0.17704626334519574,0.49377224199288255,0.687037037037037,0.07037037037037037,,,0.35714285714285715,,0.11580381471389646,0.2033678756476684,,,30.064863717855822,0.35714285714285715,0.32289913197386505,0.8484848484848485,0.4256900212314225,0.422794827253426
Noel Thomas,2017,72.13,205.0,8.75,30.0,4.63,1.54,32.5,118.0,,,9.0,27.69984390331174,89.21952210271476,42.333333333333336,,6,0,0,0,0,270.0,1,5.598421958998375,8.0,22.288843258042437,1,0.4298930921052631,0.4298930921052631,0.0056939501779359,0.4847861842105263,0.4847861842105263,2235.0,1179.0,183.0,12.21311475409836,62.0,0.0546448087431694,82.0,4.0,3.0,1.0,1.0,1.0,0.4241991419273272,1.639777468706537,18.0,20.073921971252567,0.0056939501779359,0.2417158792650918,22.075290896646134,0.0,0.67,0.347,0.476,0.67,0.214,0.214,19.8,-11.6,30.9,0.94,19.8,99.0,0.0,1.0,1.0,7.1,7.0,0.0,0.0,0.0,,,,,,,,0.37455516014234874,0.6192170818505338,0.09166666666666666,0.08981481481481482,0.11583011583011583,0.4946949602122016,0.1579476861167002,0.19387755102040816,,,0.2058252427184466,0.14937759336099585,24.928068727332324,0.18588349328518497,0.1784960819351326,0.8966131907308378,,
Jaylen Smith,2019,74.25,213.0,9.25,32.75,4.47,1.52,34.5,122.0,7.02,4.48,14.0,27.160765908240656,106.7037067634701,44.666666666666664,11.5,8,0,0,0,1,270.0,1,5.598421958998375,8.0,21.418206707734427,1,0.2463951451672829,0.1581825334382376,0.0705030823425803,0.2514109799897383,0.2163650668764752,2505.0,980.0,152.0,16.480263157894736,75.0,0.09868421052631579,0.0,4.0,1.0,0.0,1.0,1.0,0.0876794510956573,0.5612244897959183,17.0,20.205338809034906,0.1730457373576913,0.2463951451672829,21.204654346338124,0.0,2.387,0.503,0.9146000000000001,0.991,0.129,0.081,43.3,19.2,24.9,0.869,24.5,38.0,1.0,0.0,1.0,8.5,27.0,1.0,1.0,0.0,3.0,0.8453,1073.0,0.0,70.0,0.0,11.666666666666666,0.7135231316725978,0.8033807829181495,0.40555555555555556,0.7944444444444444,0.6023166023166023,0.7320954907161804,0.35714285714285715,0.4204081632653061,0.4250681198910082,0.10362694300518134,0.829126213592233,0.37136929460580914,54.65047999271605,0.5355590780001321,0.5676664972038638,0.2798573975044563,0.2781316348195329,0.0017257626849234153
Ryan Davis,2019,69.88,189.0,9.25,30.88,4.63,,35.0,124.0,7.09,4.23,12.0,27.2089220575693,82.25604720689311,45.333333333333336,11.32,8,0,0,0,0,270.0,1,5.598421958998375,8.0,29.8507871321013,1,0.2599349710982659,0.2028027672558922,0.0128059191804211,0.2698699421965317,0.2574573863636363,2002.0,747.0,158.0,12.670886075949367,56.0,0.05063291139240506,0.0,6.0,2.0,0.0,1.0,1.0,0.1899968480754711,0.9705488621151271,31.0,35.63860369609856,0.0,0.0,36.63791923340178,0.0,1.316,0.637,0.8265,1.316,0.099,0.099,27.6,-14.8,40.5,,39.7,128.0,0.0,1.0,3.0,7.1,12.0,0.0,1.0,1.0,4.0,0.9235,179.0,1.0,299.0,1.0,11.96,0.10498220640569395,0.2313167259786477,0.40555555555555556,0.25,0.11583011583011583,,0.42655935613682094,0.573469387755102,0.30381471389645776,0.6036269430051814,0.06019417475728155,0.43983402489626555,31.95621094742838,0.3534076395497349,0.2967742795245176,0.32620320855614976,0.6709129511677282,-0.34470974261157844
Josh Johnson,2022,70.5,179.0,8.63,32.25,4.62,,,,,,14.0,25.318042351994364,78.58056089691773,,,4,0,0,0,0,160.0,0,5.075173815233827,5.0,35.6331279945243,1,0.337840606433108,0.337840606433108,0.00176,0.3423478795328826,0.3423478795328826,2110.0,1114.0,165.0,12.787878787878787,66.0,0.07878787878787878,1.0,4.0,2.0,2.0,1.0,1.0,0.336080606433108,2.2505050505050503,32.0,34.42026009582478,0.0,0.0,35.419575633128,0.0,1.326,0.667,0.515375,1.326,0.123,0.123,28.7,5.8,24.0,,28.7,112.0,0.0,1.0,2.0,7.9,18.0,0.0,1.0,1.0,3.0,0.8706,515.0,0.0,70.0,0.0,5.384615384615385,0.16370106761565836,0.07829181494661921,0.05740740740740741,0.6638888888888889,0.13223938223938225,,,,,,0.031067961165048542,,18.776608704383413,0.031067961165048542,0.29499912130398487,0.6577540106951871,0.43312101910828027,0.22463299158690686
Keyarris Garrett,2016,75.38,220.0,9.0,34.5,4.53,1.53,36.5,128.0,7.3,4.33,14.0,27.218597260569446,104.48642460924971,47.166666666666664,11.629999999999999,8,0,0,0,1,270.0,1,5.598421958998375,8.0,23.263518138261464,1,0.3795785917496443,0.3432871652816251,0.0015465511908444,0.3665743305632502,0.3665743305632502,3209.0,1588.0,219.0,14.65296803652968,70.0,0.1004566210045662,0.0,5.0,3.0,2.0,1.0,1.0,0.3417406140907807,1.8792899408284023,18.0,20.05201916495551,0.0015465511908444,0.3795785917496443,23.04996577686516,0.0,0.615,0.615,0.4623333333333333,0.644,0.139,0.139,32.4,-8.5,41.2,0.915,32.4,79.0,0.0,1.0,1.0,8.9,25.0,0.0,0.0,0.0,3.0,0.8497,789.0,0.0,,,,0.8629893238434164,0.9083629893238434,0.20185185185185187,0.9925925925925926,0.4092664092664093,0.616710875331565,0.6247484909456741,0.8061224489795918,0.08038147138964577,0.344559585492228,0.7650485436893204,0.6659751037344398,60.65508072033815,0.7319731612048622,0.6705455648083838,0.803921568627451,0.35456475583864117,0.44935681278880985
Jordan Payton,2016,73.13,207.0,10.13,32.5,4.47,1.5,34.5,121.0,7.08,4.33,,27.21037478537058,103.69796854478079,44.583333333333336,11.41,7,0,0,0,0,154.0,0,5.0369526024136295,5.0,22.33264887063655,1,0.3210234705656021,0.2831355447526451,0.0612849409281263,0.3376991150442477,0.3162710895052902,2702.0,1106.0,201.0,13.442786069651742,80.0,0.06965174129353234,0.0,4.0,2.0,1.0,1.0,1.0,0.22185060382451877,1.1593291404612158,18.0,21.11978097193703,0.0612849409281263,0.14956269413111,22.119096509240247,0.0,0.872,0.69,0.7263333333333333,0.872,0.118,0.118,42.4,18.6,22.6,0.873,42.4,18.0,1.0,0.0,1.0,7.5,23.0,1.0,0.0,0.0,4.0,0.9427,135.0,1.0,,,,0.5195729537366548,0.6797153024911032,0.9277777777777778,0.7324074074074074,0.6023166023166023,0.8793103448275862,0.35714285714285715,0.35612244897959183,0.3242506811989101,0.344559585492228,0.7378640776699029,0.3651452282157676,56.88487722713656,0.48370979459745067,0.6342252490161743,0.5668449197860963,0.732484076433121,-0.16563915664702467
Richie James,2018,70.13,183.0,9.25,31.25,4.48,1.59,35.5,122.0,6.87,4.16,6.0,26.15765075346718,90.85922527194069,45.666666666666664,11.030000000000001,8,0,0,1,0,240.0,0,5.480638923341991,7.0,22.324435318275153,1,0.3456544635723106,0.1096414109121909,0.295123077412986,0.3836166194523135,0.0888480392156862,3261.0,1625.0,244.0,13.364754098360656,69.0,0.0942622950819672,542.0,3.0,2.0,1.0,1.0,6.0,-0.1854816665007951,0.17846153846153845,19.0,20.109514031485283,0.0,0.295123077412986,22.11088295687885,0.0,0.73,0.132,0.492,0.779,0.204,0.201,35.0,-1.9,36.8,0.967,21.2,86.0,0.0,1.0,1.0,7.8,31.0,0.0,1.0,0.0,3.0,0.82,1457.0,0.0,226.0,0.0,8.37037037037037,0.13256227758007116,0.1298932384341637,0.40555555555555556,0.34074074074074073,0.5675675675675675,0.11671087533156499,0.48893360160965793,0.4204081632653061,0.723433242506812,0.7681347150259067,0.2504854368932039,0.47614107883817425,40.1713874445727,0.386609067256056,0.34194804387150635,0.6827094474153298,0.18471337579617833,0.4979960716191515
Nelson Spruce,2016,73.13,206.0,10.0,30.0,4.69,1.53,35.0,114.0,7.2,4.2,12.0,27.078923699450915,85.15415528481851,44.5,11.4,8,0,0,0,0,270.0,1,5.598421958998375,8.0,23.071868583162217,1,0.3822991871560559,0.3220570164659622,0.2329004329004328,0.350805270863836,0.3364217252396166,3347.0,1198.0,294.0,11.384353741496598,71.0,0.0782312925170068,2.0,4.0,4.0,2.0,1.0,1.0,0.08915658356552938,0.8789649415692822,19.0,19.860369609856264,0.0,0.2329004329004328,22.858316221765914,0.0,0.86,0.675,0.725,0.86,0.149,0.121,32.5,-5.0,38.9,0.876,25.8,68.0,1.0,0.0,1.0,6.4,28.0,0.0,1.0,0.0,3.0,0.8358,1038.0,0.0,257.0,1.0,7.3428571428571425,0.5195729537366548,0.6548042704626335,0.8787037037037037,0.08981481481481482,0.04922779922779923,0.616710875331565,0.42655935613682094,0.07142857142857142,0.17029972752043596,0.689119170984456,0.1087378640776699,0.3537344398340249,38.57261289382624,0.20224193054768744,0.4786627070979985,0.8110516934046346,0.2813163481953291,0.5297353452093054
Ezell Ruffin,2015,71.63,218.0,8.75,31.13,4.68,1.66,27.5,110.0,7.35,4.58,17.0,29.869084830644955,90.88727383970993,36.666666666666664,11.93,8,0,0,0,0,270.0,1,5.598421958998375,8.0,,1,0.2480956709821008,0.1909874946097455,0.069742020113686,0.3382966051220964,0.1819749892194911,1877.0,1136.0,111.0,16.90990990990991,75.0,0.04504504504504504,23.0,3.0,1.0,0.0,1.0,2.0,0.1212454744960595,0.3714788732394366,,,,,,,0.809,0.53,0.6695,0.967,0.093,0.093,26.9,-4.8,29.9,0.937,25.1,75.0,0.0,1.0,1.0,7.7,19.0,0.0,0.0,0.0,,,,,,,,0.2891459074733096,0.8825622775800712,0.09166666666666666,0.3148148148148148,0.05791505791505792,0.014588859416445624,0.006036217303822937,0.01020408163265306,0.04904632152588556,0.025906735751295335,0.2524271844660194,0.008298755186721992,16.6884406644397,0.08955582780083181,0.17541590156465353,0.28342245989304815,,
Roger Lewis,2016,72.38,201.0,9.75,32.0,4.57,1.56,33.5,116.0,7.58,4.45,8.0,26.97206669445386,92.16398674674156,43.166666666666664,12.030000000000001,8,0,0,0,0,270.0,1,5.598421958998375,8.0,22.094455852156056,1,0.3765155889145496,0.3358125781871943,0.3765155889145496,0.3160696008188332,0.3160696008188332,2637.0,1544.0,158.0,16.689873417721518,94.0,0.14556962025316456,-3.0,2.0,2.0,2.0,1.0,1.0,-0.04070301072735533,1.4126258005489478,20.0,20.88158795345654,0.0,0.0,21.880903490759753,0.0,0.83,0.83,0.6114999999999999,0.83,0.114,0.114,39.4,7.5,32.1,0.931,39.4,106.0,0.0,1.0,1.0,8.7,1.0,0.0,0.0,0.0,3.0,0.8785,503.0,0.0,,,,0.40569395017793597,0.49377224199288255,0.7546296296296297,0.5722222222222222,0.2606177606177606,0.2957559681697613,0.24647887323943662,0.12346938775510204,0.010899182561307902,0.14248704663212436,0.2941747572815534,0.22406639004149378,31.868895086010085,0.221374339425364,0.4947561688173061,0.7896613190730838,0.43736730360934184,0.35229401546374195
Mike Strachan,2021,77.38,226.0,10.0,34.25,4.54,,35.0,127.0,6.96,4.36,20.0,26.534219252501863,106.39348221009328,45.583333333333336,11.32,8,0,0,0,1,229.0,0,5.43372200355424,7.0,23.38672142368241,0,,,,,,,,,,,,,,,,,,,,,,,,,,,,,,,,,,,,,,,,,,,,,,,,,,,,,0.9911032028469751,0.9635231316725978,0.8787037037037037,0.9851851851851852,0.37065637065637064,,0.42655935613682094,0.763265306122449,0.5653950953678474,0.26813471502590674,0.8155339805825242,0.4657676348547718,68.12570620141048,0.6684528809472647,0.8203878619681713,,,
Tre Turner,2022,73.38,184.0,8.5,30.75,4.51,1.55,30.0,113.0,7.45,4.53,,24.02247406522914,88.94911904239109,39.416666666666664,11.98,7,0,0,0,0,270.0,1,5.598421958998375,8.0,,1,0.2354223852646161,0.2354223852646161,0.1492476300865173,0.2943741822939381,0.2943741822939381,2292.0,675.0,134.0,17.104477611940297,69.0,0.1044776119402985,417.0,4.0,2.0,0.0,1.0,1.0,0.08617475517809878,1.2206148282097649,,,,,,,0.864,0.829,0.67475,1.115,0.11,0.088,26.7,2.4,25.2,,26.7,72.0,1.0,0.0,1.0,7.7,14.0,0.0,0.0,0.0,4.0,0.9273,180.0,1.0,,,,0.5640569395017794,0.14590747330960854,0.03888888888888889,0.22592592592592592,0.46621621621621623,0.39389920424403185,0.04024144869215292,0.04897959183673469,0.01634877384196185,0.05829015544041451,0.1970873786407767,0.03734439834024896,18.609886623989503,0.09543613972322144,0.21727830075218676,0.25133689839572193,0.6687898089171974,-0.4174529105214755
Isaiah Coulter,2020,73.88,198.0,9.0,31.75,4.45,1.51,36.0,121.0,7.28,4.62,,25.501559619500334,100.98459823900774,46.083333333333336,11.9,7,1,0,0,0,171.0,0,5.14166355650266,5.0,21.286789869952088,1,0.3443096476025419,0.3443096476025419,0.2652582159624413,0.4239130434782608,0.3552859618717504,417.0,205.0,22.0,18.954545454545453,56.0,0.13636363636363635,0.0,3.0,3.0,2.0,1.0,2.0,0.07905143164010059,1.314102564102564,18.0,19.07460643394935,0.2652582159624413,0.3119565217391304,21.073237508555785,1.0,1.802,0.805,1.1123333333333334,1.802,0.194,0.152,,,,,,203.0,0.0,1.0,1.0,6.5,3.0,0.0,0.0,0.0,,,,,,,,0.6379003558718861,0.4225978647686833,0.20185185185185187,0.49444444444444446,0.668918918918919,0.8143236074270557,0.5543259557344065,0.35612244897959183,0.10354223433242507,0.012953367875647668,0.6398058252427185,0.5228215767634855,45.24673710175929,0.5167514099855722,0.47213065197564724,0.6755793226381461,,
Travis Fulgham,2019,74.38,215.0,9.5,33.75,4.58,1.58,36.5,126.0,6.84,4.22,15.0,27.320046669208313,97.72519452105425,47.0,11.059999999999999,8,0,0,1,1,184.0,0,5.214935757608986,6.0,23.301848049281315,1,0.3658390308264363,0.3658390308264363,0.016836927733636,0.3031066330814441,0.3031066330814441,2044.0,1083.0,128.0,15.96875,71.0,0.140625,0.0,4.0,2.0,1.0,1.0,1.0,0.34900210309280033,2.2656903765690375,19.0,21.089664613278575,0.0,0.016836927733636,23.08829568788501,0.0,0.787,0.747,0.62875,0.787,0.113,0.113,24.9,-14.1,39.7,0.977,24.9,124.0,0.0,1.0,1.0,7.7,19.0,0.0,0.0,0.0,,,,,,,,0.7330960854092526,0.8416370106761566,0.5944444444444444,0.9518518518518518,0.22876447876447875,0.17904509283819628,0.6247484909456741,0.713265306122449,0.771117166212534,0.6308290155440415,0.5087378640776699,0.6483402489626556,61.88230879874504,0.6155838870485977,0.7260352181628058,0.7486631016042781,,
Geronimo Allison,2016,75.25,196.0,9.5,32.88,4.67,1.6,33.0,127.0,7.4,4.28,,24.33315305570579,82.41733071860783,43.583333333333336,11.68,7,0,0,0,0,270.0,1,5.598421958998375,8.0,21.95208761122519,1,0.2447256932557343,0.2447256932557343,0.1920850015398829,0.3019513865114687,0.3019513865114687,1480.0,882.0,106.0,13.962264150943396,60.0,0.07547169811320754,0.0,2.0,1.0,0.0,1.0,1.0,0.052640691715851395,1.4749163879598661,20.0,21.738535249828885,0.0,0.0,21.738535249828885,1.0,0.65,0.236,0.443,0.65,0.138,0.138,22.7,2.7,20.2,0.854,22.7,72.0,1.0,0.0,1.0,5.7,14.0,0.0,0.0,0.0,,,,,,,,0.8514234875444839,0.37722419928825623,0.5944444444444444,0.8240740740740741,0.06660231660231661,0.07161803713527852,0.20020120724346077,0.763265306122449,0.0326975476839237,0.47020725388601037,0.06601941747572816,0.26141078838174275,38.15990066568474,0.3431619769472127,0.6175358033266158,0.27450980392156865,,
Collin Johnson,2020,77.63,222.0,9.0,31.75,,,,,,,17.0,25.896980343328057,,,,3,0,0,0,1,165.0,0,5.10594547390058,5.0,22.272416153319643,1,0.2615772739839646,0.1211903416644509,0.1235119047619047,0.2731545479679292,0.1486306833289019,2627.0,988.0,188.0,13.97340425531915,48.0,0.0797872340425532,-7.0,4.0,1.0,0.0,1.0,2.0,-0.0023215630974537937,0.5657894736842105,18.0,21.059548254620122,0.1235119047619047,0.1692256892851246,22.05886379192334,0.0,0.783,0.581,0.6395,0.783,0.119,0.119,35.3,11.3,24.4,0.865,38.7,25.0,1.0,0.0,1.0,7.8,25.0,1.0,0.0,0.0,4.0,0.9225,198.0,1.0,,,,0.994661921708185,0.9332740213523132,0.20185185185185187,0.49444444444444446,,,,,,,,,65.60580598391986,,0.5636527393348272,0.3315508021390374,0.6496815286624203,-0.3181307265233829
DeRunnya Wilson,2016,76.63,224.0,9.25,33.88,4.85,,28.0,113.0,7.21,4.52,13.0,26.816722148551587,80.9675614557403,37.416666666666664,11.73,8,0,0,0,1,270.0,1,5.598421958998375,8.0,,1,0.2627609101191263,0.2627609101191263,0.1385567442836165,0.2224915172079496,0.2224915172079496,1949.0,918.0,133.0,14.654135338345865,63.0,0.16541353383458646,0.0,3.0,2.0,0.0,1.0,2.0,0.12420416583550978,1.35,,,,,,,0.848,0.689,0.7646666666666667,0.848,0.099,0.099,40.2,15.1,23.8,0.811,40.2,36.0,1.0,0.0,1.0,8.0,29.0,1.0,0.0,0.0,3.0,0.8456,927.0,0.0,,,,0.9679715302491103,0.9501779359430605,0.40555555555555556,0.962037037037037,0.003861003861003861,,0.008048289738430584,0.04897959183673469,0.1553133514986376,0.07124352331606218,0.04660194174757282,0.01037344398340249,33.00148367969643,0.0345432744409127,0.5859031031450334,0.3404634581105169,0.30148619957537154,0.03897725853514539
Jhamon Ausbon,2021,74.38,217.0,9.875,32.375,4.72,,33.0,118.0,6.89,4.28,,27.574186638224205,87.44233274060254,42.833333333333336,11.17,7,0,0,1,1,270.0,1,5.598421958998375,8.0,,1,0.2561200237670826,0.2561200237670826,0.1555976173245003,0.2849673202614379,0.2849673202614379,1810.0,872.0,146.0,12.397260273972602,41.0,0.0547945205479452,0.0,3.0,1.0,0.0,1.0,1.0,0.10052240644258228,1.5271453590192645,,,,,,,0.706,0.706,0.511,0.706,0.102,0.102,34.0,15.0,19.4,,34.0,17.0,1.0,0.0,1.0,6.9,20.0,1.0,0.0,0.0,4.0,0.9648,73.0,1.0,,,,0.7330960854092526,0.8718861209964412,0.8,0.6888888888888889,0.03088803088803089,,0.20020120724346077,0.19387755102040816,0.6839237057220708,0.47020725388601037,0.14951456310679612,0.1950207468879668,45.613674127721154,0.1811977737902217,0.6055465453854006,0.3137254901960784,0.8354564755838642,-0.5217309853877857
James Quick,2017,72.25,186.0,9.0,30.75,4.6,1.56,31.0,115.0,7.14,4.39,11.0,25.049125369667507,83.08289350023766,40.583333333333336,11.53,8,0,0,0,0,270.0,1,5.598421958998375,8.0,,1,0.1955503706645485,0.1955503706645485,0.0089416952474277,0.2036007413290971,0.2036007413290971,2032.0,769.0,126.0,16.126984126984127,74.0,0.1111111111111111,17.0,4.0,0.0,0.0,1.0,1.0,0.1866086754171208,1.232371794871795,,,,,,,1.3,0.791,0.772,1.3,0.086,0.068,40.8,22.9,17.7,0.863,40.8,33.0,1.0,0.0,1.0,8.7,30.0,1.0,1.0,0.0,4.0,0.9731,62.0,1.0,304.0,0.0,10.482758620689655,0.39234875444839856,0.17882562277580072,0.20185185185185187,0.22592592592592592,0.17277992277992277,0.2957559681697613,0.07344064386317907,0.09489795918367347,0.2356948228882834,0.22150259067357514,0.07378640776699029,0.06431535269709543,18.592715191870482,0.08070833693794761,0.22339179402233883,0.1319073083778966,0.8577494692144374,-0.7258421608365409
Joe Reed,2020,72.0,224.0,,,4.47,,38.0,123.0,,,21.0,30.37654320987654,112.21422683106715,48.25,,4,0,1,0,0,151.0,0,5.017279836814924,5.0,21.99041752224504,1,0.2427555565867013,0.2427555565867013,0.0134052924791086,0.1811632870864461,0.1811632870864461,1465.0,679.0,129.0,11.356589147286822,75.0,0.12403100775193798,172.0,4.0,2.0,0.0,0.0,3.0,0.2293502641075927,1.4602150537634409,18.0,20.777549623545518,0.0134052924791086,0.0777358490566037,21.776865160848732,0.0,1.129,0.277,0.6025,1.22,0.131,0.131,30.4,6.3,25.2,,30.4,59.0,1.0,0.0,1.0,7.1,22.0,0.0,1.0,0.0,3.0,0.8606,660.0,0.0,3042.0,5.0,28.429906542056074,0.34341637010676157,0.9501779359430605,,,0.6023166023166023,,0.7706237424547284,0.48775510204081635,,,0.9320388349514563,0.7572614107883817,69.19414283716867,0.7301392264823336,0.557020056280745,0.26916221033868093,0.4002123142250531,-0.13105010388637217
Isaiah McKoy,2021,74.0,200.0,,,4.68,,29.5,114.0,7.09,4.36,12.0,25.675675675675674,83.38282003643114,39.0,11.45,6,0,0,0,0,270.0,1,5.598421958998375,8.0,20.941820670773442,1,0.3543828659748289,0.3543828659748289,0.1903123420032582,0.3516228748068006,0.3516228748068006,1748.0,870.0,124.0,14.096774193548388,78.0,0.12903225806451613,0.0,3.0,2.0,2.0,1.0,1.0,0.16407052397157068,0.5229885057471264,18.0,19.72621492128679,0.1903123420032582,0.3201599623617972,20.72826830937714,1.0,0.651,0.651,0.4703333333333333,0.651,0.117,0.117,25.9,-10.2,37.9,,29.1,100.0,0.0,1.0,1.0,8.4,20.0,0.0,1.0,0.0,3.0,0.8154,1935.0,0.0,141.0,0.0,17.625,0.6708185053380783,0.46441281138790036,,,0.05791505791505792,,0.025150905432595575,0.07142857142857142,0.30381471389645776,0.26813471502590674,0.07766990291262135,0.028008298755186723,21.859483134359735,0.05808312659126278,0.34798470538533693,0.7023172905525846,0.11040339702760085,0.5919138935249838
Isaiah McKenzie,2017,67.25,173.0,8.88,28.875,4.42,1.49,36.0,123.0,6.64,4.15,11.0,26.891612885394064,90.65401039816214,46.25,10.79,8,1,0,1,0,172.0,0,5.147494476813453,5.0,21.73305954825462,1,0.344594930417495,0.344594930417495,0.0131785995279307,0.25168986083499,0.25168986083499,823.0,633.0,60.0,13.716666666666667,77.0,0.11666666666666667,329.0,3.0,1.0,1.0,1.0,1.0,0.3314163308895643,5.146341463414634,19.0,21.519507186858316,0.0,0.0131785995279307,21.519507186858316,1.0,0.818,0.679,0.5670000000000001,0.782,0.088,0.088,28.0,9.3,17.6,0.887,28.0,6.0,1.0,0.0,1.0,6.6,16.0,1.0,1.0,0.0,4.0,0.8944,315.0,1.0,1067.0,6.0,13.50632911392405,0.006227758007117438,0.03558718861209965,0.12685185185185185,0.011111111111111112,0.7847490347490348,0.9270557029177718,0.5543259557344065,0.48775510204081635,0.9700272479564033,0.7992227979274611,0.2446601941747573,0.5435684647302904,45.75952008177602,0.4289137506499934,0.1746291691761217,0.6773618538324421,0.5583864118895966,0.11897544194284548
Drew Morgan,2017,71.75,190.0,9.5,30.38,4.74,1.57,30.0,112.0,6.63,4.12,10.0,25.945683448870327,75.27837401498853,39.333333333333336,10.75,8,0,0,1,0,270.0,1,5.598421958998375,8.0,22.083504449007528,1,0.2822025428904558,0.1652927736212535,0.0700477450827754,0.2418244406196213,0.2152009318578916,1763.0,843.0,138.0,12.77536231884058,52.0,0.10144927536231885,28.0,3.0,1.0,0.0,1.0,2.0,0.09524502853847809,0.8766310794780545,19.0,20.867898699520875,0.0,0.0700477450827754,21.869952087611225,0.0,0.917,0.476,0.7063333333333333,0.963,0.105,0.105,46.6,19.2,28.0,0.803,36.2,29.0,1.0,0.0,1.0,9.3,30.0,1.0,1.0,0.0,2.0,0.7908,2035.0,0.0,95.0,0.0,13.571428571428571,0.302491103202847,0.2526690391459075,0.5944444444444444,0.15925925925925927,0.023166023166023165,0.22546419098143236,0.04024144869215292,0.02959183673469388,0.9768392370572208,0.8769430051813472,0.015533980582524271,0.03319502074688797,29.415321576622837,0.028455755336457025,0.27410906389967593,0.4117647058823529,0.09978768577494693,0.311977020107406
Mario Alford,2015,68.5,180.0,9.38,31.25,4.43,1.64,34.0,121.0,6.64,4.07,13.0,26.96787255581011,93.47330441130454,44.083333333333336,10.71,8,1,0,1,0,238.0,0,5.472270673671475,7.0,22.850102669404517,1,0.3261950982771172,0.3261950982771172,0.1502583465818759,0.2293132734773113,0.2293132734773113,1497.0,945.0,92.0,16.27173913043478,79.0,0.14130434782608695,61.0,2.0,1.0,1.0,1.0,2.0,0.17593675169524128,1.7119565217391304,21.0,22.636550308008214,0.0,0.0,22.636550308008214,0.0,0.767,0.425,0.596,0.872,0.1,0.1,31.3,8.4,24.3,0.811,31.3,30.0,1.0,0.0,1.0,7.8,18.0,0.0,1.0,0.0,2.0,0.7667,1795.0,0.0,959.0,2.0,23.975,0.037366548042704624,0.08896797153024912,0.5064814814814815,0.34074074074074073,0.7451737451737451,0.025198938992042442,0.29577464788732394,0.35612244897959183,0.9700272479564033,0.9378238341968912,0.3262135922330097,0.2966804979253112,41.05476412616245,0.32603689636664185,0.2950908545380627,0.5935828877005348,0.12420382165605096,0.4693790660444839
Anthony Johnson BUF,2019,,,,,,,,,,,,,,,,0,0,0,0,0,270.0,1,5.598421958998375,8.0,,0,,,,,,,,,,,,,,,,,,,,,,,,,,,,,,,,,,,,,,,,,,,,,,,,,,,,,,,,,,,,,,,,,,,,,,
Deon Cain,2018,73.88,202.0,8.75,33.0,4.43,1.53,33.5,115.0,6.71,4.37,11.0,26.016742642116505,104.89781939490844,43.083333333333336,11.08,8,1,0,1,0,185.0,0,5.220355825078324,6.0,21.39630390143737,1,0.2877839033702653,0.2877839033702653,0.1379732775799549,0.2226266302699423,0.2226266302699423,2040.0,734.0,130.0,15.692307692307692,67.0,0.15384615384615385,-5.0,3.0,1.0,0.0,1.0,1.0,0.14981062579031043,1.0138121546961325,18.0,21.182751540041068,0.1379732775799549,0.1722699141545218,21.182751540041068,1.0,0.936,0.444,0.68,0.992,0.087,0.087,36.5,26.4,8.3,0.829,36.5,11.0,1.0,0.0,1.0,7.0,13.0,0.0,0.0,0.0,5.0,0.9906,18.0,1.0,,,,0.6379003558718861,0.5231316725978647,0.09166666666666666,0.850925925925926,0.7451737451737451,0.616710875331565,0.24647887323943662,0.09489795918367347,0.9168937329700273,0.25,0.7757281553398059,0.21369294605809128,49.69334090298908,0.37236832925430535,0.45674295542597887,0.4385026737967914,0.9639065817409767,-0.5254039079441852
Dax Milne,2021,,,,,4.54,,31.0,114.0,,4.19,14.0,,,40.5,,5,0,0,0,0,258.0,0,5.552959584921617,7.0,21.527720739219713,1,0.270434008762322,0.270434008762322,0.0413059163059163,0.2984437751004016,0.2984437751004016,1549.0,1189.0,102.0,15.186274509803921,78.0,0.10784313725490197,106.0,3.0,1.0,0.0,1.0,1.0,0.2291280924564057,4.171929824561404,19.0,21.31416837782341,0.0413059163059163,0.0885135135135135,21.31416837782341,1.0,0.732,0.732,0.4066666666666667,0.774,0.126,0.126,39.2,19.2,20.3,,39.2,81.0,0.0,1.0,1.0,11.0,32.0,1.0,1.0,0.0,2.0,0.7597,3303.0,0.0,92.0,0.0,7.076923076923077,,,,,0.37065637065637064,,0.07344064386317907,0.07142857142857142,,0.7202072538860104,,0.06016597510373444,25.917976298757324,0.07243460764587525,0.07344064386317907,0.37254901960784315,0.008492569002123142,0.36405645060572
Donovan Peoples-Jones,2020,73.63,212.0,10.13,33.5,4.48,1.54,44.5,139.0,,,,27.490433288266683,105.25768173580015,56.083333333333336,,5,0,1,0,0,187.0,0,5.231108616854587,6.0,20.865160848733744,1,0.2718821682965109,0.1871573137074517,0.0622192273135669,0.2104310032596885,0.1343146274149034,1296.0,581.0,101.0,12.831683168316832,79.0,0.13861386138613863,87.0,3.0,1.0,0.0,0.0,3.0,0.1249380863938848,0.7538726333907056,18.0,19.652292950034223,0.0622192273135669,0.2718821682965109,20.65160848733744,1.0,0.721,0.525,0.49866666666666665,0.726,0.077,0.077,35.5,22.0,14.3,0.867,35.7,5.0,1.0,0.0,1.0,8.1,22.0,0.0,1.0,0.0,5.0,0.9925,12.0,1.0,743.0,2.0,8.255555555555556,0.6023131672597865,0.7820284697508897,0.9277777777777778,0.9268518518518518,0.5675675675675675,0.4946949602122016,0.9979879275653923,0.9948979591836735,,,0.7883495145631068,0.9979253112033195,80.80394506935568,0.9270784671040575,0.8637326811137022,0.3850267379679144,0.9745222929936306,-0.5894955550257162
Devin Duvernay,2020,70.5,200.0,9.5,30.63,4.39,1.51,35.5,123.0,7.13,4.2,,28.288315477088677,107.69657956536454,45.75,11.33,7,1,0,0,0,92.0,0,4.5217885770490405,3.0,22.302532511978097,1,0.324884505450678,0.324884505450678,0.1395502645502645,0.368519010901356,0.368519010901356,2468.0,1386.0,176.0,14.022727272727273,80.0,0.09090909090909091,34.0,4.0,1.0,1.0,1.0,1.0,0.18533424090041348,2.5384615384615383,18.0,22.088980150581794,0.1395502645502645,0.1395502645502645,22.088980150581794,0.0,0.887,0.887,0.7315,0.922,0.142,0.142,38.7,12.0,28.5,,38.7,3.0,1.0,0.0,1.0,8.1,32.0,1.0,1.0,0.0,4.0,0.9803,37.0,1.0,550.0,0.0,20.37037037037037,0.16370106761565836,0.46441281138790036,0.5944444444444444,0.2037037037037037,0.8725868725868726,0.8143236074270557,0.48893360160965793,0.48775510204081635,0.2561307901907357,0.689119170984456,0.8504854368932039,0.487551867219917,53.10957063420352,0.6090580468478928,0.3626957043433661,0.5900178253119429,0.9150743099787686,-0.3250564846668257
Makai Polk,2022,75.13,195.0,9.5,32.25,4.59,1.55,31.0,119.0,,4.36,,24.286400843267916,87.86458555716277,40.916666666666664,,6,0,0,0,0,270.0,1,5.598421958998375,8.0,20.410677618069816,1,0.2279656639152369,0.2279656639152369,0.1102262685217534,0.2373540856031128,0.2126880845872305,1524.0,1046.0,141.0,10.808510638297872,52.0,0.0851063829787234,0.0,3.0,2.0,0.0,1.0,1.0,0.11773939539348349,3.545762711864407,17.0,19.197809719370294,0.2020103761348897,0.2279656639152369,20.197125256673512,1.0,0.76,0.599,0.5116666666666666,0.76,0.133,0.133,34.6,10.5,22.0,,34.6,27.0,1.0,0.0,2.0,6.9,36.0,0.0,0.0,1.0,3.0,0.8467,1284.0,0.0,,,,0.8398576512455516,0.3540925266903915,0.5944444444444444,0.6638888888888889,0.20077220077220076,0.39389920424403185,0.07344064386317907,0.2357142857142857,,0.26813471502590674,0.15922330097087378,0.08506224066390042,35.16845547748777,0.15612607684944618,0.542907907110516,0.22281639928698752,0.2229299363057325,-0.00011353701874497468
Rico Bussey,2021,72.38,186.0,10.125,33.0,4.5,,38.5,124.0,7.21,4.26,13.0,24.95922589636029,90.71787837219937,48.833333333333336,11.469999999999999,8,0,1,0,0,270.0,1,5.598421958998375,8.0,22.850102669404517,1,0.3177355869414216,0.1043652698717509,0.0512432299359921,0.2354711738828432,0.1373019683149303,2227.0,1017.0,160.0,13.91875,68.0,0.1375,0.0,5.0,1.0,1.0,1.0,3.0,0.05312203993575881,0.28121927236971483,18.0,20.635181382614647,0.0512432299359921,0.1923813756743501,22.636550308008214,0.0,1.268,0.244,0.6834,1.268,0.133,0.133,29.2,2.1,29.5,0.981,28.2,115.0,0.0,1.0,2.0,8.1,27.0,0.0,1.0,1.0,2.0,0.7944,2209.0,0.0,78.0,0.0,39.0,0.40569395017793597,0.17882562277580072,0.9138888888888889,0.850925925925926,0.5057915057915058,,0.8118712273641852,0.573469387755102,0.1553133514986376,0.538860103626943,0.24757281553398058,0.7956431535269709,54.344144844235245,0.5443044768844226,0.745594998089234,0.5490196078431373,0.08067940552016985,0.46834020232296747
Devante Davis,2015,74.88,220.0,9.5,32.38,4.57,1.59,35.5,115.0,7.25,4.12,16.0,27.5833070805026,100.8760053944435,45.083333333333336,11.370000000000001,8,0,0,0,1,270.0,1,5.598421958998375,8.0,,1,0.466988727858293,0.2142165624069109,0.0159695817490494,0.4154589371980676,0.1784331248138218,2785.0,1290.0,186.0,14.973118279569892,81.0,0.11827956989247312,0.0,4.0,3.0,1.0,1.0,2.0,0.1982469806578615,0.46434108527131784,,,,,,,0.89,0.515,0.4065000000000001,0.89,0.116,0.092,26.8,-10.1,34.2,0.966,22.0,101.0,0.0,1.0,1.0,6.7,24.0,0.0,0.0,0.0,3.0,0.8189,1275.0,0.0,,,,0.8051601423487544,0.9083629893238434,0.5944444444444444,0.7037037037037037,0.2606177606177606,0.11671087533156499,0.48893360160965793,0.09489795918367347,0.12125340599455041,0.8769430051813472,0.6349514563106796,0.41804979253112035,50.20024280484251,0.406261005701337,0.6480604730266402,0.9393939393939394,0.22717622080679406,0.7122177185871454
Geremy Davis,2015,74.38,216.0,9.5,32.25,4.58,,36.5,124.0,6.86,4.18,23.0,27.447116653716257,98.17973030952427,46.833333333333336,11.04,8,0,0,1,1,186.0,0,5.225746673713202,6.0,22.976043805612594,1,0.2868104982206405,0.2531988188976378,0.015625,0.3861209964412811,0.2563976377952756,2287.0,1085.0,165.0,13.860606060606061,45.0,0.04242424242424243,0.0,4.0,2.0,0.0,1.0,1.0,0.2375738188976378,0.480184331797235,19.0,21.763175906913073,0.0,0.015625,22.76249144421629,0.0,1.267,0.508,0.8875,1.267,0.126,0.126,15.9,-13.2,26.8,0.93,14.6,72.0,0.0,1.0,1.0,7.4,11.0,0.0,0.0,0.0,,,,,,,,0.7330960854092526,0.8620996441281139,0.5944444444444444,0.6638888888888889,0.22876447876447875,,0.6247484909456741,0.573469387755102,0.7397820163487738,0.7474093264248705,0.5223300970873787,0.6203319502074689,62.821498276404064,0.573515991929385,0.6540444774220651,0.43137254901960786,,
Johnny Johnson II,2022,71.88,197.0,9.75,30.5,4.6,,32.0,121.0,7.21,4.54,,26.804358280928863,87.99639795455279,42.083333333333336,11.75,7,0,0,0,0,169.0,0,5.1298987149230735,7.0,53.55783709787816,1,0.2156293222683264,0.0751936733376371,0.088328608073444,0.2312586445366528,0.1003873466752743,1920.0,836.0,138.0,13.91304347826087,73.0,0.10869565217391304,0.0,5.0,1.0,0.0,1.0,4.0,-0.013134934735806902,0.37200956937799046,49.0,51.3429158110883,0.0,0.0,53.34428473648186,0.0,0.902,0.881,0.5970000000000001,0.902,0.092,0.044,35.6,19.0,15.5,,35.0,13.0,1.0,0.0,1.0,8.1,32.0,1.0,1.0,0.0,3.0,0.8258,1504.0,0.0,72.0,0.0,18.0,0.3185053380782918,0.40213523131672596,0.7546296296296297,0.18055555555555555,0.17277992277992277,,0.12173038229376258,0.35612244897959183,0.1553133514986376,0.04792746113989637,0.1669902912621359,0.13278008298755187,25.54063359565184,0.21494770751183012,0.3438552263893099,0.18716577540106952,0.17197452229299362,0.015191253108075897
Mike Woods,2022,73.0,204.0,,,4.55,,34.5,125.0,,,,26.91161568774629,95.1950960642909,44.916666666666664,,3,0,0,0,0,202.0,0,5.308267697401205,,21.78781656399726,0,,,,,,,,,,,,,,,,,,,,,,,,,,,,,,,,,,,,,,,,,,,,,,,,,,,,,0.4893238434163701,0.5854092526690391,,,0.3310810810810811,,0.35714285714285715,0.6551020408163265,,,0.40194174757281553,0.4066390041493776,46.09485466925524,0.4713955485106664,0.4232333502796136,,,
Dezmin Lewis,2015,,,,,,,,,,,,,,,,0,0,0,0,0,234.0,0,5.455321115357702,7.0,22.072553045859,1,0.9019607843137256,0.2302631578947368,0.0691823899371069,0.803921568627451,0.4605263157894737,279.0,105.0,25.0,11.16,52.0,0.08,0.0,4.0,3.0,2.0,1.0,1.0,0.1610807679576299,1.1797752808988764,18.0,19.860369609856264,0.0691823899371069,0.9019607843137256,21.859000684462696,0.0,0.814,0.814,0.635,1.023,0.115,0.104,,,,,,145.0,0.0,1.0,1.0,4.2,0.0,0.0,0.0,0.0,,,,,,,,,,,,,,,,,,,,,,,1.0,,
Nyqwan Murray,2019,70.25,193.0,9.0,30.625,4.63,1.54,34.0,113.0,7.2,4.4,8.0,27.49286356555768,83.99691593084853,43.416666666666664,11.600000000000001,8,0,0,0,0,270.0,1,5.598421958998375,8.0,,1,0.2136230423176718,0.1891804788213628,0.0097744360902255,0.2367698941591532,0.2283609576427256,1854.0,744.0,127.0,14.598425196850394,92.0,0.09448818897637795,19.0,4.0,1.0,0.0,1.0,1.0,0.1794060427311373,1.2317880794701987,,,,,,,0.73,0.626,0.59775,0.758,0.102,0.091,25.0,1.4,22.8,0.85,25.0,6.0,1.0,0.0,1.0,6.9,15.0,0.0,1.0,0.0,3.0,0.8606,698.0,0.0,19.0,0.0,1.1176470588235294,0.14412811387900357,0.31494661921708184,0.20185185185185187,0.19537037037037036,0.11583011583011583,0.4946949602122016,0.29577464788732394,0.04897959183673469,0.17029972752043596,0.2033678756476684,0.08932038834951456,0.2437759336099585,20.98616830176884,0.14469154269119106,0.20928124599713743,0.18181818181818182,0.3821656050955414,-0.2003474232773596
T.J. Vasher,2021,77.63,203.0,10.25,35.625,,,37.0,121.0,,,,23.680572115745928,,47.083333333333336,,4,0,0,0,0,270.0,1,5.598421958998375,8.0,22.34360027378508,1,0.2061289560699102,0.0984019126714483,0.0008099352051835,0.1622579121398205,0.0856927142317855,1983.0,687.0,146.0,13.582191780821917,60.0,0.14383561643835616,0.0,5.0,1.0,0.0,0.0,5.0,0.09759197746626479,0.3304221251819505,17.0,20.128678986995208,0.148531252058223,0.2061289560699102,22.130047912388775,0.0,0.791,0.495,0.4606,0.791,0.09,0.073,36.2,8.7,29.8,0.885,28.4,49.0,1.0,0.0,1.0,8.1,17.0,0.0,0.0,0.0,4.0,0.895,318.0,1.0,,,,0.994661921708185,0.552491103202847,0.9537037037037037,1.0,,,0.6891348088531187,0.35612244897959183,,,,0.6566390041493776,74.32504272281177,0.5226286289163553,0.9093751085662519,0.15508021390374332,0.5562632696390658,-0.4011830557353225
Samori Toure,2022,,,,,,,,,,,,,,,,0,0,0,0,0,258.0,0,5.552959584921617,7.0,23.77549623545517,1,0.3190155949774342,0.3190155949774342,0.0151515151515151,0.2808883328120112,0.2808883328120112,926.0,898.0,52.0,17.807692307692307,72.0,0.09615384615384616,59.0,3.0,1.0,1.0,1.0,1.0,0.3038640798259191,34.53846153846154,19.0,23.561943874058862,0.0,0.0151515151515151,23.561943874058862,0.0,0.898,0.898,-0.13333333333333333,0.88,0.108,0.076,34.1,10.3,21.3,,34.1,20.0,1.0,0.0,2.0,9.4,14.0,0.0,1.0,1.0,2.0,0.7667,3036.0,0.0,154.0,0.0,17.11111111111111,,,,,,,,,,,,,,,,0.5597147950089126,0.025477707006369428,0.5342370880025432
Victor Bolden,2017,68.13,178.0,9.0,31.13,4.54,1.58,32.0,117.0,6.76,4.22,9.0,26.958675393044302,83.79663643095843,41.75,10.98,8,0,0,1,0,270.0,1,5.598421958998375,8.0,21.746748802190282,1,0.2707438449449973,0.2068367873737001,0.0063996696944673,0.2598274209012464,0.2598274209012464,1863.0,798.0,170.0,10.958823529411765,75.0,0.041176470588235294,727.0,4.0,2.0,0.0,1.0,1.0,0.20043711767923278,0.6791979949874687,18.0,20.531143052703626,0.0063996696944673,0.1873928391326273,21.533196440793976,0.0,0.275,0.275,0.275,0.206,0.139,0.139,30.3,3.2,27.9,0.881,26.1,45.0,1.0,0.0,1.0,7.0,15.0,1.0,1.0,0.0,3.0,0.8375,1082.0,0.0,2606.0,4.0,20.046153846153846,0.02491103202846975,0.06850533807829182,0.20185185185185187,0.3148148148148148,0.37065637065637064,0.17904509283819628,0.12173038229376258,0.15816326530612246,0.8760217983651226,0.6308290155440415,0.0854368932038835,0.11514522821576763,26.22592569330579,0.12177684693458951,0.16582702024722473,0.37433155080213903,0.27176220806794055,0.10256934273419849
Tavares Martin,2018,72.63,177.0,9.13,32.13,4.8,,31.5,111.0,7.09,4.52,,23.588292422486415,66.68655960648148,40.75,11.61,7,0,0,0,0,270.0,1,5.598421958998375,8.0,,1,0.2082743849167206,0.0036121673003802,0.0244384078911879,0.1733055265901981,0.0072243346007604,1768.0,831.0,157.0,11.261146496815286,57.0,0.10828025477707007,14.0,5.0,1.0,0.0,1.0,11.0,-0.0208262405908077,0.02286401925391095,,,,,,,0.662,0.662,0.4120000000000001,0.662,0.111,0.111,30.9,8.6,22.1,0.879,30.7,56.0,1.0,0.0,2.0,6.7,30.0,1.0,1.0,1.0,3.0,0.8708,523.0,0.0,699.0,0.0,21.84375,0.42704626334519574,0.05871886120996441,0.31574074074074077,0.6277777777777778,0.009652509652509652,,0.096579476861167,0.017346938775510204,0.30381471389645776,0.07124352331606218,0.001941747572815534,0.07780082987551867,18.251485300215634,0.03862272106983091,0.36678606468122027,0.16755793226381463,0.4288747346072187,-0.26131680234340404
Mecole Hardman,2019,70.25,187.0,9.0,30.25,4.33,1.48,36.5,119.0,6.75,4.25,17.0,26.6381631438305,106.3947055014808,46.416666666666664,11.0,8,1,0,1,0,56.0,0,4.02535169073515,2.0,20.80766598220397,1,0.1869854102778552,0.1869854102778552,0.1621120743812036,0.1680884676145339,0.1680884676145339,950.0,532.0,59.0,16.10169491525424,80.0,0.1864406779661017,97.0,2.0,0.0,0.0,0.0,2.0,0.02487333589665161,1.2727272727272727,19.0,99.0,0.0,0.1621120743812036,20.594113620807665,1.0,0.968,0.574,0.7709999999999999,1.052,0.068,0.068,45.9,32.9,14.2,0.794,45.9,3.0,1.0,0.0,1.0,9.0,30.0,1.0,1.0,0.0,5.0,0.9909,12.0,1.0,1467.0,1.0,19.824324324324323,0.14412811387900357,0.19750889679715303,0.20185185185185187,0.1259259259259259,0.9584942084942085,0.9602122015915119,0.6247484909456741,0.2357142857142857,0.885558583106267,0.572538860103627,0.8174757281553398,0.5663900414937759,52.4212265671552,0.5593128349384332,0.2741635956506139,0.11051693404634581,0.9745222929936306,-0.8640053589472848
Ben Skowronek,2021,74.0,220.0,,,,,,,,,13.0,28.243243243243246,,,,1,0,0,0,1,249.0,0,5.517452896464707,7.0,23.515400410677618,1,0.2529798761609907,0.2437112437112437,0.0109855618330194,0.2118421052631579,0.154089154089154,1856.0,644.0,139.0,13.352517985611511,73.0,0.09352517985611511,17.0,5.0,2.0,0.0,1.0,3.0,0.2327256818782243,0.6816770186335404,19.0,20.301163586584533,0.0109855618330194,0.2529798761609907,23.301848049281315,0.0,1.214,0.948,0.74325,1.214,0.074,0.068,28.8,11.2,17.4,0.869,38.3,52.0,1.0,0.0,2.0,6.6,15.0,1.0,0.0,1.0,3.0,0.8556,763.0,0.0,,,,0.6708185053380783,0.9083629893238434,,,,,,,,,,,78.95907473309609,,0.6708185053380783,0.2994652406417112,0.3609341825902335,-0.061468941948522315
Rodney Adams,2017,73.25,189.0,9.0,32.0,4.44,1.48,29.5,125.0,6.98,4.28,8.0,24.762920942585236,97.26574540109767,39.916666666666664,11.260000000000002,8,1,0,0,0,170.0,0,5.135798437050262,5.0,22.297056810403834,1,0.3351431691337054,0.2286853078243806,0.0030364372469635,0.3241324921135646,0.2721854304635762,1982.0,822.0,137.0,14.467153284671532,84.0,0.11678832116788321,369.0,4.0,2.0,1.0,1.0,1.0,0.2256488705774171,1.0,18.0,21.08145106091718,0.0030364372469635,0.1593123098841015,22.083504449007528,0.0,0.91,0.401,0.61975,1.301,0.117,0.117,30.1,3.6,26.8,0.911,44.4,42.0,0.0,1.0,2.0,8.3,22.0,0.0,1.0,1.0,3.0,0.8858,363.0,0.0,1138.0,1.0,23.708333333333332,0.5409252669039146,0.2313167259786477,0.20185185185185187,0.5722222222222222,0.7055984555984556,0.9602122015915119,0.025150905432595575,0.6551020408163265,0.5190735694822888,0.47020725388601037,0.4893203883495146,0.04564315352697095,45.138533630335914,0.3898577781994789,0.3350375616026461,0.6452762923351159,0.5222929936305732,0.12298329870454261
Henry Ruggs,2020,71.0,188.0,10.13,30.5,4.27,,42.0,131.0,,,,26.217813925808372,113.1035782345289,52.916666666666664,,5,1,1,0,0,12.0,0,2.4849066497880004,1.0,20.93634496919918,1,0.1819411057692307,0.155267636386989,0.1494249841738763,0.1676781299168352,0.1676781299168352,1716.0,746.0,98.0,17.510204081632654,81.0,0.24489795918367346,75.0,3.0,0.0,0.0,0.0,3.0,0.005842652213112698,1.0067476383265856,18.0,99.0,0.1494249841738763,0.1819411057692307,20.722792607802873,1.0,1.07,0.997,0.9273333333333333,1.171,0.072,0.072,47.7,32.4,14.6,,47.7,5.0,1.0,0.0,1.0,11.3,33.0,1.0,1.0,0.0,4.0,0.964,75.0,1.0,571.0,0.0,17.303030303030305,0.21263345195729538,0.21352313167259787,0.9277777777777778,0.18055555555555555,0.9932432432432432,,0.9728370221327968,0.8959183673469387,,,0.945631067961165,0.975103734439834,70.19137057874673,0.9381288191469669,0.5734509518558564,0.1051693404634581,0.832271762208068,-0.7271024217446098
Darren Carrington,2018,74.25,199.0,10.38,32.75,4.78,,36.0,120.0,6.96,4.51,9.0,25.37555124760512,76.23799841469156,46.0,11.469999999999999,8,0,0,0,0,134.0,0,4.897839799950911,5.0,51.227926078028744,1,0.3178079374871478,0.3178079374871478,0.1205558895979207,0.3022825416409623,0.3022825416409623,2899.0,980.0,182.0,15.928571428571429,64.0,0.11538461538461539,27.0,4.0,1.0,1.0,1.0,1.0,0.19725204788922712,1.3920454545454546,47.0,51.01437371663244,0.0,0.0,51.01437371663244,0.0,0.783,0.783,0.757,0.788,0.107,0.107,30.6,12.0,20.5,0.885,30.6,37.0,1.0,0.0,2.0,7.7,15.0,0.0,1.0,1.0,4.0,0.9213,197.0,1.0,13.0,0.0,2.1666666666666665,0.7135231316725978,0.4430604982206406,0.9722222222222222,0.7944444444444444,0.013513513513513514,,0.5543259557344065,0.29183673469387755,0.5653950953678474,0.08031088082901554,0.019417475728155338,0.5124481327800829,45.095437138243675,0.2885267220521464,0.7586289385184177,0.5508021390374331,0.6518046709129511,-0.101002531875518
Braxton Berrios,2018,68.63,184.0,9.25,28.0,4.44,,36.0,110.0,6.72,4.18,11.0,27.462821254574425,94.69257753334377,45.166666666666664,10.899999999999999,8,1,0,1,0,210.0,0,5.3471075307174685,6.0,22.239561943874058,1,0.2796290859267958,0.2796290859267958,0.1062357788573888,0.2131043256997455,0.2131043256997455,1166.0,670.0,99.0,11.777777777777779,55.0,0.1414141414141414,81.0,4.0,1.0,0.0,1.0,1.0,0.173393307069407,2.8879310344827585,18.0,22.026009582477755,0.1062357788573888,0.1062357788573888,22.026009582477755,0.0,0.619,0.619,0.49700000000000005,0.613,0.096,0.096,35.3,17.4,17.0,0.838,35.3,22.0,1.0,0.0,1.0,7.5,26.0,0.0,1.0,0.0,3.0,0.8843,383.0,0.0,548.0,1.0,10.96,0.04448398576512456,0.14590747330960854,0.40555555555555556,0.004629629629629629,0.7055984555984556,,0.5543259557344065,0.01020408163265306,0.9087193460490464,0.7474093264248705,0.37281553398058254,0.4242738589211618,39.30839275091904,0.31244852378254734,0.25224878167117903,0.4028520499108734,0.5095541401273885,-0.10670209021651511
Jester Weah,2018,74.25,211.0,9.63,31.125,4.43,1.53,38.0,129.0,7.24,4.41,15.0,26.90573524243558,109.57148461547366,48.75,11.65,8,1,1,0,1,270.0,1,5.598421958998375,8.0,22.899383983572896,1,0.3295082779815604,0.3002807554874936,0.0004035512510088,0.3018736988202637,0.2672281776416539,1570.0,870.0,77.0,20.38961038961039,75.0,0.18181818181818182,2.0,3.0,2.0,2.0,1.0,1.0,0.2998772042364848,0.8022988505747126,20.0,21.686516084873375,0.0,0.0,22.68583162217659,0.0,1.207,0.611,0.909,1.207,0.092,0.092,43.0,13.1,29.4,0.846,31.4,46.0,1.0,0.0,1.0,9.3,27.0,1.0,0.0,0.0,3.0,0.8217,1405.0,0.0,,,,0.7135231316725978,0.7588967971530249,0.687037037037037,0.29814814814814816,0.7451737451737451,0.616710875331565,0.7706237424547284,0.8428571428571429,0.12670299727520437,0.18393782383419688,0.8796116504854369,0.7904564315352697,61.78066269131747,0.8310308452657694,0.6173330148281279,0.6149732620320856,0.19745222929936307,0.4175210327327225
Tanner Conner,2022,,,,,,,,,,,,,,,,0,0,0,0,0,270.0,1,5.598421958998375,8.0,23.786447638603697,1,0.2058823529411764,0.2058823529411764,0.0108932461873638,0.4117647058823529,0.4117647058823529,139.0,105.0,11.0,12.636363636363637,48.0,0.0,5.0,4.0,1.0,0.0,1.0,1.0,0.1949891067538126,5.0,19.0,23.572895277207394,0.0,0.0108932461873638,23.572895277207394,0.0,0.713,0.713,0.1605,0.816,0.125,0.125,,,,,,165.0,0.0,1.0,1.0,6.2,1.0,0.0,0.0,0.0,,,,,,,,,,,,,,,,,,,,,,,0.15151515151515152,,
Dai'Jean Dixon,2022,74.63,205.0,9.5,32.38,4.62,,34.0,125.0,7.28,4.42,,25.875115844625352,89.99449711658175,44.416666666666664,11.7,7,0,0,0,0,270.0,1,5.598421958998375,8.0,23.211498973305954,1,0.5387453874538746,0.5329313543599258,0.043560606060606,0.5658627087198516,0.5658627087198516,626.0,305.0,40.0,15.65,55.0,0.05,0.0,4.0,2.0,2.0,1.0,1.0,0.48937074829931976,2.0065789473684212,18.0,20.996577686516083,0.043560606060606,0.1994750656167979,22.99794661190965,0.0,1.348,1.348,0.65175,1.348,0.188,0.154,,,,,,,0.0,1.0,1.0,8.3,4.0,0.0,0.0,0.0,,,,0.0,,,,0.7677935943060499,0.6192170818505338,0.5944444444444444,0.7037037037037037,0.13223938223938225,,0.29577464788732394,0.6551020408163265,0.10354223433242507,0.17357512953367876,0.22718446601941747,0.34024896265560167,41.93477897989897,0.39268705157435596,0.5904290975853805,0.9750445632798574,,
Simi Fehoko,2021,75.0,222.0,,,4.44,,34.5,120.0,6.78,4.26,16.0,27.745066666666666,114.24865332827346,44.5,11.04,6,1,0,1,1,179.0,0,5.187385805840755,5.0,23.156741957563312,1,0.3834630028141036,0.3834630028141036,0.0008448324415657,0.3383545770567787,0.3383545770567787,1156.0,584.0,62.0,18.64516129032258,79.0,0.14516129032258066,-1.0,3.0,2.0,1.0,1.0,1.0,0.3826181703725379,1.0318021201413428,20.0,21.94113620807666,0.0,0.0,22.94318959616701,0.0,1.033,0.72,0.44566666666666666,1.033,0.141,0.141,30.0,1.6,28.4,,30.0,21.0,1.0,0.0,1.0,7.8,7.0,1.0,0.0,0.0,4.0,0.9316,158.0,1.0,,,,0.8238434163701067,0.9332740213523132,,,0.7055984555984556,,0.35714285714285715,0.29183673469387755,0.8514986376021798,0.538860103626943,0.9572815533980582,0.3537344398340249,64.58966910687572,0.535420381744931,0.590493136756482,0.8128342245989305,0.70276008492569,0.11007413967324053
Shi Smith,2021,69.5,186.0,9.75,31.875,4.46,,36.0,123.0,6.79,4.22,,27.070648517157494,94.01637564938167,46.25,11.01,7,0,0,1,0,204.0,0,5.318119993844216,6.0,22.184804928131417,1,0.4174757281553398,0.4174757281553398,0.1565258888093533,0.3349514563106796,0.3349514563106796,2192.0,673.0,172.0,12.744186046511627,75.0,0.0755813953488372,14.0,4.0,1.0,1.0,1.0,1.0,0.2609498393459865,0.9227340267459139,18.0,21.971252566735114,0.1565258888093533,0.1571554149085794,21.971252566735114,0.0,0.914,0.396,0.591,0.914,0.149,0.149,36.4,14.9,23.6,0.788,27.5,21.0,1.0,0.0,1.0,8.2,27.0,0.0,1.0,0.0,4.0,0.9131,228.0,1.0,448.0,0.0,21.333333333333332,0.08362989323843416,0.17882562277580072,0.7546296296296297,0.5175925925925926,0.6361003861003861,,0.5543259557344065,0.48775510204081635,0.840599455040872,0.6308290155440415,0.34951456310679613,0.5435684647302904,50.70336982303697,0.463865206960673,0.4775445177987657,0.8716577540106952,0.6263269639065817,0.24533079010411352
Noah Brown,2017,74.0,222.0,9.13,31.75,4.56,,,,7.07,4.33,19.0,28.5,102.68892310639231,,11.4,6,0,0,0,1,239.0,0,5.476463551931511,7.0,20.98836413415469,1,0.206891544270185,0.206891544270185,0.0012139196115457,0.1445523193096008,0.1445523193096008,411.0,402.0,33.0,12.454545454545455,37.0,0.21212121212121213,-4.0,2.0,1.0,0.0,0.0,2.0,0.20567762465863929,44.666666666666664,18.0,20.774811772758383,0.0012139196115457,0.0012139196115457,20.774811772758383,1.0,0.748,0.748,0.28500000000000003,1.123,0.051,0.051,35.6,22.4,15.0,0.816,35.6,7.0,1.0,0.0,1.0,6.7,24.0,0.0,1.0,0.0,4.0,0.9219,196.0,1.0,23.0,0.0,23.0,0.6708185053380783,0.9332740213523132,0.31574074074074077,0.49444444444444446,0.29633204633204635,,,,0.3446866485013624,0.344559585492228,0.6961165048543689,,51.19965621319478,0.6961165048543689,0.49366789684108775,0.16042780748663102,0.6549893842887473,-0.4945615768021163
DaVaris Daniels,2015,73.5,201.0,9.0,31.25,4.62,1.58,37.0,122.0,6.81,4.35,13.0,26.15632375399139,88.23850692894113,47.166666666666664,11.16,8,0,1,1,0,270.0,1,5.598421958998375,8.0,,1,0.2527568372002244,0.2527568372002244,0.0845994475138121,0.2362829051696796,0.2362829051696796,1235.0,745.0,80.0,15.4375,82.0,0.0875,-4.0,2.0,1.0,0.0,0.0,2.0,0.1681573896864123,1.5204081632653061,,,,,,,0.931,0.931,0.931,1.032,0.057,0.057,35.2,13.2,21.9,0.873,35.2,17.0,0.0,1.0,1.0,4.0,0.0,0.0,0.0,0.0,4.0,0.9545,95.0,1.0,,,,0.5845195729537367,0.49377224199288255,0.20185185185185187,0.34074074074074073,0.13223938223938225,0.17904509283819628,0.6891348088531187,0.4204081632653061,0.8160762942779292,0.29533678756476683,0.17281553398058253,0.6659751037344398,41.599296452441116,0.4274528353663358,0.45406174359986207,0.29590017825311943,0.7866242038216561,-0.49072402556853667
Trevor Davis,2016,73.13,188.0,10.0,31.0,4.42,1.5,38.5,124.0,6.6,4.22,11.0,24.71280415289695,98.51418471014152,48.833333333333336,10.82,8,1,1,1,0,163.0,0,5.093750200806762,5.0,22.494182067077343,1,0.1349363197189284,0.1064033558718179,0.0973145714138446,0.1587526576895818,0.1587526576895818,1672.0,672.0,109.0,15.339449541284404,79.0,0.11009174311926606,3.0,4.0,0.0,0.0,0.0,2.0,0.0090887844579733,1.6842105263157894,18.0,99.0,0.1349363197189284,0.1349363197189284,22.28062970568104,0.0,0.807,0.807,0.7290000000000001,0.88,0.055,0.055,41.3,12.1,29.5,0.85,41.3,55.0,1.0,0.0,2.0,8.9,43.0,1.0,1.0,1.0,2.0,0.7883,1621.0,0.0,1225.0,2.0,20.76271186440678,0.5195729537366548,0.21352313167259787,0.8787037037037037,0.275,0.7847490347490348,0.8793103448275862,0.8118712273641852,0.573469387755102,0.9836512261580381,0.6308290155440415,0.5310679611650485,0.7956431535269709,65.64492616835803,0.6388028587614453,0.621286971201136,0.035650623885918005,0.15711252653927812,-0.12146190265336013
ArDarius Stewart,2017,71.25,204.0,9.38,32.5,4.49,1.57,34.0,124.0,,4.21,,28.24982456140351,100.38638127398183,44.333333333333336,,6,0,0,0,0,79.0,0,4.3694478524670215,3.0,23.066392881587955,1,0.2908150821911126,0.2908150821911126,0.0191516709511568,0.2739378566899175,0.2739378566899175,1713.0,864.0,129.0,13.279069767441861,71.0,0.09302325581395349,82.0,3.0,1.0,0.0,1.0,1.0,0.2716634112399558,1.2342857142857142,20.0,22.85284052019165,0.0,0.0,22.85284052019165,0.0,0.687,0.687,0.4916666666666667,0.743,0.098,0.098,40.0,31.7,8.6,0.787,40.0,1.0,1.0,0.0,1.0,7.3,23.0,1.0,1.0,0.0,4.0,0.9625,82.0,1.0,191.0,0.0,17.363636363636363,0.2508896797153025,0.5854092526690391,0.5064814814814815,0.7324074074074074,0.5395752895752896,0.22546419098143236,0.29577464788732394,0.573469387755102,,0.6619170984455959,0.6194174757281553,0.32676348547717843,48.34153997384825,0.49622050379019383,0.4463883041228789,0.45276292335115864,0.8163481953290871,-0.36358527197792845
Robby Anderson,2016,74.88,187.0,8.63,30.0,4.36,,36.5,128.0,7.07,4.27,8.0,23.44581101842721,103.49649567905603,47.166666666666664,11.34,8,1,0,0,0,270.0,1,5.598421958998375,8.0,,1,0.3295424621461488,0.3295424621461488,0.327661519707436,0.3090849242922975,0.3090849242922975,1730.0,939.0,114.0,15.175438596491228,83.0,0.14035087719298245,11.0,2.0,2.0,2.0,1.0,1.0,0.0018809424387127849,1.1871049304677623,,,,,,,0.353,0.353,0.353,0.406,0.121,0.121,26.4,6.0,20.6,0.92,26.4,69.0,0.0,1.0,1.0,6.9,19.0,0.0,1.0,0.0,3.0,0.8061,1448.0,0.0,433.0,0.0,12.735294117647058,0.8051601423487544,0.19750889679715303,0.05740740740740741,0.08981481481481482,0.9218146718146718,,0.6247484909456741,0.8061224489795918,0.3446866485013624,0.5051813471502591,0.7242718446601941,0.6659751037344398,52.20628924685747,0.7183809281951534,0.3942827138791627,0.6185383244206774,0.18683651804670912,0.43170180637396827
Cody Core,2016,74.63,205.0,10.38,32.0,4.47,1.5,31.5,119.0,6.78,4.34,14.0,25.875115844625352,102.6960558052177,41.416666666666664,11.120000000000001,8,0,0,1,0,199.0,0,5.293304824724492,6.0,21.70841889117043,1,0.2063885647607934,0.1311488327806415,0.0006155740227762,0.1627771295215869,0.1480119512755688,1297.0,644.0,83.0,15.626506024096386,76.0,0.12048192771084337,87.0,4.0,1.0,0.0,0.0,2.0,0.13053325875786528,1.1541218637992832,18.0,20.49555099247091,0.0123910675381263,0.2063885647607934,21.49486652977413,0.0,1.692,0.728,1.08,1.692,0.063,0.062,43.1,27.0,17.4,0.826,43.1,15.0,1.0,0.0,1.0,8.8,31.0,1.0,0.0,0.0,3.0,0.8044,1686.0,0.0,,,,0.7677935943060499,0.6192170818505338,0.9722222222222222,0.5722222222222222,0.6023166023166023,0.8793103448275862,0.096579476861167,0.2357142857142857,0.8514986376021798,0.31994818652849744,0.6990291262135923,0.0975103734439834,55.944684617574346,0.343774296263015,0.6022043789029153,0.1568627450980392,0.14437367303609341,0.0124890720619458
Emanuel Hall,2019,73.88,201.0,9.75,33.25,4.39,1.5,43.5,141.0,,,15.0,25.887946886462462,108.23506246319137,55.25,,6,1,1,0,0,270.0,1,5.598421958998375,8.0,21.61533196440794,1,0.2211296412838262,0.2211296412838262,0.0161127895266868,0.2279735682819383,0.2279735682819383,2016.0,828.0,97.0,20.783505154639176,67.0,0.16494845360824742,0.0,4.0,1.0,0.0,1.0,1.0,0.2050168517571394,1.0134638922888617,18.0,21.401779603011637,0.0833004231311706,0.1927286322849632,21.401779603011637,0.0,1.129,1.129,0.78425,1.129,0.079,0.079,41.3,20.8,21.0,0.794,41.3,43.0,1.0,0.0,1.0,8.0,28.0,1.0,0.0,0.0,3.0,0.8525,885.0,0.0,,,,0.6379003558718861,0.49377224199288255,0.7546296296296297,0.8888888888888888,0.8725868725868726,0.8793103448275862,0.993963782696177,1.0,,,0.858252427184466,0.995850622406639,83.75155166085028,0.950738736626881,0.8188456642716454,0.20499108734402852,0.3195329087048832,-0.1145418213608547
Jaylen Waddle,2021,69.5,180.0,9.125,30.375,,,,122.0,,,,26.19740179079758,,,,3,0,0,0,0,6.0,0,1.791759469228055,1.0,22.102669404517453,1,0.1544787449392712,0.1110855424644084,0.1544787449392712,0.1743421052631578,0.1269329896907216,1999.0,848.0,106.0,18.858490566037737,94.0,0.16037735849056603,17.0,3.0,0.0,0.0,0.0,3.0,-0.043393202474862794,0.6969339622641509,19.0,99.0,0.0,0.1544787449392712,21.88911704312115,0.0,1.368,1.368,1.21,1.479,0.099,0.099,50.9,36.3,14.2,0.795,46.8,1.0,1.0,0.0,1.0,11.2,43.0,1.0,1.0,0.0,4.0,0.9791,39.0,1.0,947.0,3.0,19.3265306122449,0.08362989323843416,0.08896797153024912,0.27685185185185185,0.14351851851851852,,,,0.4204081632653061,,,,,20.267527968087194,0.4204081632653061,0.16800008786960152,0.058823529411764705,0.9097664543524416,-0.8509429249406769
Josh Harper,2015,72.88,191.0,8.75,30.88,4.64,1.69,32.0,108.0,7.15,4.36,13.0,25.279702827136557,82.4121872618521,41.0,11.510000000000002,8,0,0,0,0,270.0,1,5.598421958998375,8.0,,1,0.3151277139208174,0.3151277139208174,0.1662723563118597,0.3502554278416347,0.3502554278416347,2938.0,1097.0,228.0,12.885964912280702,59.0,0.12719298245614036,-6.0,4.0,2.0,1.0,1.0,1.0,0.1488553576089577,1.0850642927794263,,,,,,,0.902,0.551,0.7265,0.902,0.121,0.121,24.5,-6.9,31.0,0.936,24.5,75.0,0.0,1.0,1.0,6.1,22.0,0.0,0.0,0.0,,,,,,,,0.46174377224199287,0.27402135231316727,0.09166666666666666,0.25,0.09749034749034749,0.006631299734748011,0.12173038229376258,0.004081632653061225,0.21934604904632152,0.26813471502590674,0.06407766990291262,0.08921161825726141,16.234462546884572,0.06329656161657882,0.2312852053006055,0.5311942959001783,,
John Metchie,2022,71.25,187.0,9.25,30.63,,,,,,,,25.895672514619882,,,,2,0,0,0,0,44.0,0,3.784189633918261,2.0,21.456536618754278,1,0.1958900059136605,0.1958900059136605,0.0025848505282085,0.2251133451606544,0.2251133451606544,2081.0,1142.0,155.0,13.425806451612903,78.0,0.09032258064516129,8.0,3.0,0.0,0.0,0.0,2.0,0.19330515538545198,1.2467248908296944,19.0,99.0,0.0025848505282085,0.1697962690230731,21.242984257357975,1.0,0.869,0.624,0.5473333333333333,0.869,0.131,0.131,40.9,26.0,15.6,,40.9,2.0,1.0,0.0,1.0,8.9,47.0,1.0,1.0,0.0,4.0,0.9084,262.0,1.0,13.0,0.0,13.0,0.2508896797153025,0.19750889679715303,0.40555555555555556,0.2037037037037037,,,,,,,,,26.44144589429287,,0.2867163129915206,0.13368983957219252,0.5976645435244161,-0.4639747039522236
Van Jefferson,2020,73.5,200.0,9.13,32.75,,,,,,,,26.02619279004119,,,,2,0,0,0,0,57.0,0,4.04305126783455,2.0,23.433264887063654,1,0.1965809794757163,0.1749244361776331,0.1273999588368469,0.1788762446657183,0.1680306905370844,2159.0,657.0,175.0,12.337142857142856,69.0,0.09142857142857143,47.0,4.0,0.0,0.0,1.0,1.0,0.047524477340786186,1.2099447513812154,20.0,99.0,0.0,0.1273999588368469,23.21971252566735,0.0,0.843,0.843,0.57675,0.852,0.081,0.081,37.8,24.0,15.5,,37.8,14.0,1.0,0.0,2.0,8.3,25.0,1.0,1.0,1.0,4.0,0.9517,106.0,1.0,28.0,0.0,4.0,0.5845195729537367,0.46441281138790036,0.31574074074074077,0.7944444444444444,,,,,,,,,53.977939238170556,,0.5649015860463072,0.13725490196078433,0.7664543524416136,-0.6291994504808294
Kevin Austin,2022,74.38,200.0,9.0,32.88,4.43,,39.0,132.0,6.71,4.15,,25.413996901589126,103.85922712367172,50.0,10.86,7,1,1,1,0,270.0,1,5.598421958998375,8.0,21.75770020533881,1,0.2375816993464052,0.2375816993464052,0.0128819652486518,0.2418300653594771,0.2418300653594771,992.0,888.0,53.0,18.71698113207547,70.0,0.1320754716981132,8.0,3.0,1.0,0.0,1.0,1.0,0.2246997340977534,10.325581395348838,18.0,21.544147843942504,0.0128819652486518,0.0128819652486518,21.544147843942504,1.0,1.079,1.079,0.627,1.071,0.083,0.083,36.2,17.4,18.9,,36.2,17.0,0.0,1.0,1.0,8.2,25.0,0.0,1.0,0.0,4.0,0.9601,82.0,1.0,-19.0,0.0,-19.0,0.7330960854092526,0.46441281138790036,0.20185185185185187,0.8240740740740741,0.7451737451737451,,0.8501006036217303,0.9193877551020408,0.9168937329700273,0.7992227979274611,0.7446601941747573,0.8672199170124482,73.32812335186628,0.8380495176328427,0.6522806537392273,0.25668449197860965,0.8163481953290871,-0.5596637033504774
Chris Moore,2016,73.0,206.0,9.38,33.38,4.53,1.5,37.0,130.0,6.76,4.2,10.0,27.175455057234,97.837288497752,47.833333333333336,10.96,8,0,1,1,0,107.0,0,4.672828834461906,4.0,22.543463381245722,1,0.2424219117593832,0.2136582382029759,0.0582023195876288,0.1859371660611241,0.1859371660611241,2301.0,870.0,119.0,19.33613445378151,83.0,0.2184873949579832,26.0,4.0,2.0,0.0,0.0,2.0,0.15545591861534708,1.2927191679049035,19.0,20.331279945242983,0.0582023195876288,0.2424219117593832,22.32991101984942,0.0,0.836,0.836,0.8196666666666667,0.855,0.072,0.072,34.4,5.3,28.2,0.932,34.4,65.0,0.0,1.0,1.0,8.8,19.0,0.0,1.0,0.0,3.0,0.8464,856.0,0.0,226.0,0.0,20.545454545454547,0.4893238434163701,0.6548042704626335,0.5064814814814815,0.9064814814814814,0.4092664092664093,0.8793103448275862,0.6891348088531187,0.8714285714285714,0.8760217983651226,0.689119170984456,0.5106796116504855,0.7199170124481328,68.34974003888206,0.6904143306440585,0.6478554038081129,0.26737967914438504,0.3343949044585987,-0.06701522531421367
Korey Robertson,2018,72.63,212.0,9.13,32.875,4.56,1.55,34.0,123.0,7.55,4.4,13.0,28.252644031452654,98.06329593943771,44.25,11.95,8,0,0,0,0,270.0,1,5.598421958998375,8.0,,1,0.4271867991028516,0.4271867991028516,0.0591637781629116,0.3543735982057033,0.3543735982057033,1743.0,1106.0,127.0,13.724409448818898,70.0,0.14173228346456693,-3.0,3.0,1.0,1.0,1.0,1.0,0.36802302093994,2.530892448512586,,,,,,,1.209,0.794,0.803,1.209,0.117,0.117,24.9,-3.4,28.3,0.979,24.9,100.0,0.0,1.0,1.0,7.1,16.0,0.0,1.0,0.0,3.0,0.8093,1681.0,0.0,34.0,0.0,11.333333333333334,0.42704626334519574,0.7820284697508897,0.31574074074074077,0.812037037037037,0.29633204633204635,0.39389920424403185,0.29577464788732394,0.48775510204081635,0.013623978201634877,0.2033678756476684,0.516504854368932,0.3153526970954357,40.495524305764604,0.4333448680990241,0.46264967225257436,0.8894830659536542,0.1464968152866242,0.7429862506670301
Jalin Marshall,2016,70.5,200.0,9.63,31.5,4.6,1.56,37.5,125.0,6.8,4.13,16.0,28.288315477088677,89.33644462391146,47.916666666666664,10.93,8,0,1,1,0,270.0,1,5.598421958998375,8.0,20.449007529089666,1,0.2287276235395005,0.2287276235395005,0.1387336698909399,0.1942973523421588,0.1942973523421588,976.0,499.0,74.0,13.18918918918919,57.0,0.14864864864864866,175.0,2.0,1.0,0.0,0.0,2.0,0.08999395364856058,0.9559118236472945,19.0,20.23545516769336,0.1387336698909399,0.2287276235395005,20.23545516769336,1.0,,,,,,,45.6,25.8,20.1,0.84,41.3,2.0,1.0,0.0,1.0,9.0,34.0,0.0,1.0,0.0,5.0,0.9838,34.0,1.0,754.0,1.0,13.464285714285714,0.16370106761565836,0.46441281138790036,0.687037037037037,0.41944444444444445,0.17277992277992277,0.2957559681697613,0.7354124748490946,0.6551020408163265,0.829700272479564,0.8601036269430051,0.20776699029126214,0.7302904564315352,51.84589261037925,0.5327605019855611,0.5013987559865586,0.22459893048128343,0.9267515923566879,-0.7021526618754045
Terry Godwin,2019,71.5,184.0,9.38,30.0,4.55,1.58,36.5,117.0,6.96,4.18,,25.302361973690644,85.86224350896826,46.25,11.14,7,0,0,0,0,237.0,0,5.4680601411351315,7.0,22.190280629705683,1,0.2454297022238974,0.1030433974537682,0.1501900011875074,0.2408594044477949,0.1178515007898894,1788.0,639.0,133.0,13.443609022556391,75.0,0.08270676691729323,51.0,4.0,1.0,0.0,0.0,5.0,-0.04714660373373919,0.5837245696400626,18.0,20.97741273100616,0.1501900011875074,0.1501900011875074,21.976728268309376,0.0,1.152,1.152,0.70175,1.152,0.073,0.037,39.6,26.7,15.4,0.835,45.9,6.0,1.0,0.0,1.0,9.0,24.0,1.0,1.0,0.0,5.0,0.9879,27.0,1.0,130.0,1.0,14.444444444444445,0.2722419928825623,0.14590747330960854,0.5064814814814815,0.08981481481481482,0.3310810810810811,0.17904509283819628,0.6247484909456741,0.15816326530612246,0.5653950953678474,0.7474093264248705,0.12427184466019417,0.5435684647302904,35.73440353202286,0.3023945336373302,0.3733216950311332,0.27629233511586454,0.940552016985138,-0.6642596818692734
Velus Jones,2022,71.75,204.0,9.75,30.88,4.31,,33.0,121.0,,,,27.857470650366036,118.23636851869162,43.083333333333336,,5,1,0,0,0,71.0,0,4.2626798770413155,3.0,24.643394934976044,1,0.2267966922365486,0.2267966922365486,0.0054945054945054,0.2414721723518851,0.2414721723518851,1434.0,807.0,120.0,11.95,74.0,0.09166666666666666,59.0,5.0,1.0,0.0,0.0,2.0,0.22130218674204322,2.882142857142857,20.0,24.42984257357974,0.0,0.0054945054945054,24.42984257357974,0.0,0.832,0.832,0.4088,0.828,0.081,0.081,39.4,17.5,23.8,,39.4,10.0,1.0,0.0,2.0,9.8,31.0,1.0,1.0,1.0,3.0,0.8758,455.0,0.0,3246.0,2.0,22.859154929577464,0.302491103202847,0.5854092526690391,0.7546296296296297,0.25,0.974903474903475,,0.20020120724346077,0.35612244897959183,,,0.9786407766990292,0.21369294605809128,51.28989821539071,0.5116548109740272,0.37683048501898436,0.21746880570409982,0.46284501061571126,-0.24537620491161144
Braxton Miller,2016,73.38,201.0,9.13,31.75,4.5,1.53,35.0,123.0,6.65,4.07,17.0,26.24194177777748,98.03383630544124,45.25,10.72,8,0,0,1,0,85.0,0,4.442651256490317,3.0,23.085557837097877,1,0.1483974702540465,0.1483974702540465,0.1483974702540465,0.1389002036659878,0.1389002036659878,341.0,341.0,26.0,13.115384615384615,54.0,0.11538461538461539,260.0,1.0,0.0,0.0,0.0,3.0,0.0,1.0,22.0,99.0,0.0,0.0,22.872005475701574,0.0,,,,,,,41.3,29.5,13.5,0.873,41.3,3.0,1.0,0.0,1.0,8.3,8.0,1.0,0.0,0.0,,,,,,,,0.5640569395017794,0.49377224199288255,0.31574074074074077,0.49444444444444446,0.5057915057915058,0.616710875331565,0.42655935613682094,0.48775510204081635,0.9591280653950953,0.9378238341968912,0.5135922330097087,0.43257261410788383,56.23289960575112,0.47596889706244866,0.4502003702059464,0.049910873440285206,,
Danny Gray,2022,71.88,186.0,9.63,31.88,4.33,1.57,34.0,126.0,,,,25.307668224633343,105.82574985708786,44.5,,5,1,0,0,0,105.0,0,4.653960350157523,3.0,22.754277891854894,1,0.2252641994021304,0.2252641994021304,0.1573967733114574,0.2197591680350301,0.2197591680350301,1251.0,803.0,82.0,15.25609756097561,68.0,0.15853658536585366,70.0,2.0,1.0,0.0,1.0,1.0,0.067867426090673,1.7924107142857142,21.0,22.54072553045859,0.0,0.0,22.54072553045859,0.0,1.138,1.138,0.8765,1.149,0.094,0.094,36.7,8.9,27.1,,36.7,81.0,0.0,1.0,1.0,8.0,39.0,0.0,1.0,0.0,3.0,0.8776,517.0,0.0,206.0,0.0,18.727272727272727,0.3185053380782918,0.17882562277580072,0.687037037037037,0.5351851851851852,0.9584942084942085,0.22546419098143236,0.29577464788732394,0.713265306122449,,,0.7980582524271844,0.3537344398340249,50.64344228822938,0.6023660688123191,0.4591255520469595,0.21390374331550802,0.4309978768577495,-0.21709413354224147
Jalen Hurd,2019,76.63,226.0,10.25,32.0,4.64,,35.5,124.0,,4.15,23.0,27.056157167735083,97.51389696952134,45.833333333333336,,7,0,0,0,1,67.0,0,4.204692619390966,3.0,22.940451745379878,1,0.2156124919109364,0.2156124919109364,0.0813986452209722,0.249406802003691,0.249406802003691,1438.0,946.0,136.0,10.573529411764707,38.0,0.07352941176470588,2847.0,4.0,1.0,0.0,1.0,1.0,0.1342138466899642,4.280542986425339,18.0,22.72689938398357,0.0813986452209722,0.0956167129903859,22.72689938398357,0.0,,,,,,,33.1,2.0,30.3,0.889,33.1,40.0,1.0,0.0,2.0,7.8,19.0,0.0,1.0,1.0,4.0,0.9805,39.0,1.0,13.0,0.0,6.5,0.9679715302491103,0.9635231316725978,0.9537037037037037,0.5722222222222222,0.09749034749034749,,0.48893360160965793,0.573469387755102,,0.7992227979274611,0.49902912621359224,0.4979253112033195,64.13491160047114,0.5204773718594508,0.7457077644461735,0.18538324420677363,0.9097664543524416,-0.724383210145668
Terry McLaurin,2019,72.13,208.0,9.13,31.5,4.35,1.45,37.5,125.0,7.01,4.15,18.0,28.1052074726285,116.18131903185986,47.916666666666664,11.16,8,1,1,0,0,76.0,0,4.330733340286331,3.0,23.29637234770705,1,0.1796819085487077,0.1796819085487077,0.0589577628412579,0.1393638170974155,0.1393638170974155,1251.0,701.0,75.0,16.68,84.0,0.25333333333333335,0.0,3.0,0.0,0.0,0.0,3.0,0.1207241457074498,1.6077981651376148,20.0,99.0,0.0,0.0,23.082819986310746,0.0,1.725,1.725,1.038,1.725,0.044,0.044,44.4,24.1,21.2,0.899,44.4,2.0,1.0,0.0,1.0,8.9,49.0,1.0,1.0,0.0,4.0,0.9082,244.0,1.0,0.0,0.0,0.0,0.37455516014234874,0.6948398576512456,0.31574074074074077,0.41944444444444445,0.9343629343629344,0.9920424403183024,0.7354124748490946,0.6551020408163265,0.44550408719346046,0.7992227979274611,0.970873786407767,0.7302904564315352,67.2282601773805,0.7871294340243961,0.46128820504415713,0.09982174688057041,0.6114649681528662,-0.5116432212722958
Stacy Coley,2017,72.13,195.0,9.75,32.25,4.45,1.55,34.0,122.0,7.19,4.39,10.0,26.34863200558922,99.45452856871974,44.166666666666664,11.58,8,1,0,0,0,219.0,0,5.389071729816501,7.0,22.639288158795345,1,0.2724466891133558,0.2724466891133558,0.2275555555555555,0.2115600448933782,0.2115600448933782,2222.0,754.0,167.0,13.305389221556887,81.0,0.11976047904191617,125.0,4.0,3.0,0.0,0.0,2.0,0.04489113355780028,1.0880230880230881,19.0,19.42505133470226,0.2275555555555555,0.2275555555555555,22.425735797399042,0.0,0.916,0.555,0.561,0.941,0.106,0.106,34.1,18.6,17.3,0.861,34.1,27.0,1.0,0.0,1.0,8.4,27.0,1.0,1.0,0.0,4.0,0.9722,65.0,1.0,1467.0,2.0,20.095890410958905,0.37455516014234874,0.3540925266903915,0.7546296296296297,0.6638888888888889,0.668918918918919,0.39389920424403185,0.29577464788732394,0.4204081632653061,0.1880108991825613,0.22150259067357514,0.5825242718446602,0.30809128630705396,43.55246823062242,0.43290236099909674,0.5222120816370478,0.38859180035650626,0.8535031847133758,-0.4649113843568696
Quartney Davis,2020,73.25,201.0,9.5,31.38,4.54,1.53,35.5,,,,,26.33516989132081,94.62429170012722,,,4,0,0,0,0,270.0,1,5.598421958998375,8.0,21.73579739904175,1,0.2293129770992366,0.1915626856803327,0.2293129770992366,0.2013071895424836,0.2013071895424836,1201.0,616.0,99.0,12.131313131313131,37.0,0.1111111111111111,45.0,2.0,1.0,0.0,0.0,2.0,-0.0377502914189039,1.052991452991453,20.0,20.522929500342233,0.0,0.0,21.522245037645447,1.0,0.542,0.318,0.43000000000000005,0.634,0.125,0.125,34.0,15.0,19.4,,34.0,17.0,1.0,0.0,1.0,6.9,20.0,1.0,1.0,0.0,4.0,0.9422,127.0,1.0,20.0,0.0,20.0,0.5409252669039146,0.49377224199288255,0.5944444444444444,0.38333333333333336,0.37065637065637064,0.616710875331565,0.48893360160965793,,,,0.37087378640776697,,48.24562400849919,0.4299036940087124,0.5019091615728376,0.22638146167557932,0.7409766454352441,-0.5145951837596647
DaMarkus Lodge,2019,73.88,202.0,9.5,33.125,4.55,,33.5,119.0,7.06,4.53,11.0,26.016742642116505,94.26181080875863,43.416666666666664,11.59,8,0,0,0,0,270.0,1,5.598421958998375,8.0,21.639972621492127,1,0.2135562040091347,0.1941725496989908,0.0156647076205798,0.2065269175797999,0.2065269175797999,1780.0,867.0,121.0,14.710743801652892,72.0,0.11570247933884298,-5.0,4.0,1.0,0.0,0.0,2.0,0.178507842078411,1.2421203438395416,18.0,20.427104722792606,0.0638959944331735,0.2135562040091347,21.426420260095824,0.0,3.161,0.414,1.16125,3.161,0.13,0.13,42.1,9.8,31.2,0.786,42.1,31.0,1.0,0.0,1.0,9.3,18.0,0.0,0.0,0.0,4.0,0.9817,42.0,1.0,,,,0.6379003558718861,0.5231316725978647,0.5944444444444444,0.8703703703703703,0.3310810810810811,,0.24647887323943662,0.2357142857142857,0.3651226158038147,0.05829015544041451,0.3553398058252427,0.2437759336099585,40.560450854534544,0.2791776549263217,0.5872985109815344,0.1800356506238859,0.8980891719745223,-0.7180535213506364
K.J. Osborn,2020,72.0,206.0,9.13,31.25,4.48,,37.5,123.0,7.0,4.35,18.0,27.935570987654323,102.27869074327751,47.75,11.35,8,0,1,0,0,176.0,0,5.170483995038151,5.0,22.559890485968516,1,0.266318124207858,0.1770322344573656,0.0672749943323509,0.2826362484157161,0.1688792837295461,2037.0,892.0,146.0,13.952054794520548,75.0,0.11643835616438356,53.0,4.0,1.0,0.0,1.0,1.0,0.1097572401250147,0.6132286995515696,19.0,21.347022587268995,0.0672749943323509,0.15396370582617,22.34633812457221,0.0,0.587,0.458,0.44925,0.585,0.106,0.095,31.3,-1.1,29.9,0.974,26.0,113.0,0.0,1.0,2.0,7.7,28.0,0.0,1.0,1.0,2.0,0.7852,2424.0,0.0,1240.0,0.0,15.121951219512194,0.34341637010676157,0.6548042704626335,0.31574074074074077,0.34074074074074073,0.5675675675675675,,0.7354124748490946,0.48775510204081635,0.47275204359673023,0.29533678756476683,0.6786407766990291,0.7126556016597511,50.952931600260285,0.63393611786298,0.43382758160933443,0.3493761140819964,0.059447983014861996,0.28992813106713444
DeAndre Smelter,2015,74.13,226.0,11.0,32.63,4.58,,,,,,,28.911842137898958,102.72508819422447,,,3,0,0,0,1,132.0,0,4.882801922586371,4.0,23.080082135523615,1,0.3788213047589032,0.3788213047589032,0.2829065588499551,0.3892215568862275,0.3892215568862275,1060.0,715.0,56.0,18.928571428571427,71.0,0.19642857142857142,115.0,2.0,2.0,1.0,1.0,1.0,0.0959147459089481,2.072463768115942,21.0,21.867214236824093,0.0,0.0,22.86652977412731,0.0,1.21,1.21,1.1755,1.168,0.084,0.084,44.1,11.2,32.0,0.839,44.1,70.0,1.0,0.0,1.0,9.2,18.0,0.0,1.0,0.0,,,,,189.0,0.0,11.8125,0.7001779359430605,0.9635231316725978,1.0,0.7694444444444445,0.22876447876447875,,,,,,0.7029126213592233,,72.74704353639675,0.7029126213592233,0.8232074601291682,0.7985739750445633,,
Kendrick Bourne,2017,73.25,203.0,9.13,32.5,4.68,1.65,34.0,125.0,6.73,4.21,9.0,26.597211382776738,84.6335623369776,44.416666666666664,10.940000000000001,8,0,0,1,0,270.0,1,5.598421958998375,8.0,21.412731006160165,1,0.1914285714285714,0.0866533864541832,0.0083979328165374,0.24,0.1733067729083665,274.0,114.0,22.0,12.454545454545455,33.0,0.09090909090909091,4.0,4.0,0.0,0.0,0.0,3.0,0.0782554536376458,0.7631578947368421,17.0,99.0,0.1914285714285714,0.1914285714285714,21.19917864476386,0.0,0.681,0.681,0.37525000000000003,0.782,0.152,0.119,,,,,,154.0,0.0,1.0,1.0,10.3,7.0,0.0,1.0,0.0,,,,,2.0,0.0,2.0,0.5409252669039146,0.552491103202847,0.31574074074074077,0.7324074074074074,0.05791505791505792,0.01989389920424403,0.29577464788732394,0.6551020408163265,0.9032697547683923,0.6619170984455959,0.09514563106796116,0.34024896265560167,43.090263425128434,0.3486741065905372,0.4712120157348467,0.12121212121212122,,
Jamari Staples,2017,75.0,195.0,9.5,33.5,4.51,1.54,36.0,130.0,,4.14,,24.370666666666665,94.26672941992533,46.833333333333336,,6,0,0,0,0,270.0,1,5.598421958998375,8.0,,1,0.1940917071577313,0.1126638204924543,0.1940917071577313,0.1776570985259891,0.1628276409849086,1901.0,638.0,113.0,16.82300884955752,57.0,0.08849557522123894,3.0,4.0,0.0,0.0,1.0,3.0,-0.081427886665277,0.9639498432601881,,,,,,,0.989,0.489,0.8484999999999999,1.013,0.09,0.084,33.4,13.2,20.0,0.858,40.8,45.0,1.0,0.0,2.0,7.4,12.0,1.0,1.0,1.0,2.0,0.7926,1988.0,0.0,19.0,0.0,19.0,0.8238434163701067,0.3540925266903915,0.5944444444444444,0.9268518518518518,0.46621621621621623,0.4946949602122016,0.5543259557344065,0.8714285714285714,,0.8380829015544041,0.35825242718446604,0.6203319502074689,62.7505929263139,0.5946689847824813,0.7248664171002024,0.12834224598930483,0.1040339702760085,0.02430827571329633
Austin Watkins,2021,73.5,209.0,9.625,31.75,4.56,,,133.0,,,18.0,27.197371465593037,96.67560778935132,,,5,0,0,0,0,270.0,1,5.598421958998375,8.0,22.874743326488705,1,0.3477544367982614,0.1938838054375903,0.0146666666666666,0.395508873596523,0.2339214570290267,1580.0,1092.0,91.0,17.36263736263736,67.0,0.08791208791208792,-1.0,3.0,1.0,1.0,1.0,2.0,0.17921713877092368,0.37637362637362637,20.0,21.659137577002053,0.0,0.0,22.661190965092402,0.0,1.356,1.003,1.0263333333333333,1.356,0.092,0.089,18.3,-1.4,20.2,,24.7,103.0,0.0,1.0,1.0,9.0,17.0,0.0,1.0,0.0,,,,,0.0,0.0,0.0,0.5845195729537367,0.7170818505338078,0.6592592592592592,0.49444444444444446,0.29633204633204635,,,0.9418367346938775,,,0.4640776699029126,,59.39359397314406,0.7029572022983951,0.5794077588858134,0.6898395721925134,,
Da'Ron Brown,2015,72.13,205.0,10.25,32.0,4.54,1.55,37.0,120.0,7.04,4.11,17.0,27.69984390331174,96.50736218172179,47.0,11.15,8,0,0,0,0,233.0,0,5.4510384535657,7.0,23.279945242984258,1,0.3559237439079289,0.3559237439079289,0.0839198818213416,0.3960580141316474,0.3960580141316474,2290.0,1065.0,154.0,14.87012987012987,64.0,0.12337662337662338,160.0,4.0,2.0,1.0,1.0,1.0,0.27200386208658733,1.4162234042553192,19.0,22.067077344284737,0.0,0.0839198818213416,23.066392881587955,0.0,0.853,0.507,0.6799999999999999,0.952,0.121,0.121,29.8,-0.6,29.6,0.958,29.8,102.0,0.0,1.0,1.0,7.1,18.0,0.0,1.0,0.0,,,,,0.0,0.0,0.0,0.37455516014234874,0.6192170818505338,0.9537037037037037,0.5722222222222222,0.37065637065637064,0.39389920424403185,0.6891348088531187,0.29183673469387755,0.391008174386921,0.8937823834196891,0.4533980582524272,0.6483402489626556,55.43128459489917,0.4781232005998078,0.6474039737303483,0.7183600713012478,,
Mack Hollins,2017,75.75,221.0,9.75,33.25,4.53,1.59,,,,,,27.07586402204577,104.96136290292812,,,3,0,0,0,1,118.0,0,4.770684624465665,4.0,23.293634496919918,1,0.2303928022822032,0.1072072072072072,0.2227401102990286,0.2027210884353741,0.081081081081081,1667.0,745.0,81.0,20.580246913580247,91.0,0.24691358024691357,0.0,3.0,2.0,0.0,1.0,4.0,-0.1155329030918214,0.4147651006711409,20.0,21.078713210130047,0.0,0.0,23.080082135523615,0.0,1.096,1.08,0.9366666666666666,1.139,0.059,0.054,43.3,20.0,25.3,0.875,38.5,30.0,1.0,0.0,1.0,8.6,24.0,0.0,0.0,0.0,,,,,,,,0.902135231316726,0.9225978647686833,0.7546296296296297,0.8888888888888888,0.4092664092664093,0.11671087533156499,,,,,0.7786407766990291,,68.18385251287046,0.7786407766990291,0.8485512499450816,0.23172905525846701,,
Gabe Marks,2017,70.75,189.0,8.75,30.38,4.56,1.57,29.5,117.0,7.01,4.2,11.0,26.543869944686538,87.4243534554421,39.25,11.21,8,0,0,0,0,270.0,1,5.598421958998375,8.0,,1,0.3006203521750857,0.2570231550010573,0.1140961675530456,0.2353870458135861,0.1890463100021146,3453.0,1192.0,316.0,10.927215189873417,53.0,0.11708860759493671,3.0,4.0,2.0,1.0,1.0,1.0,0.14292698744801174,0.75,,,,,,,0.842,0.446,0.6403333333333333,0.842,0.142,0.128,35.8,4.2,29.4,0.872,36.2,53.0,1.0,0.0,1.0,7.1,38.0,1.0,1.0,0.0,4.0,0.9325,164.0,1.0,106.0,0.0,9.636363636363637,0.18861209964412812,0.2313167259786477,0.09166666666666666,0.15925925925925927,0.29633204633204635,0.22546419098143236,0.025150905432595575,0.15816326530612246,0.44550408719346046,0.689119170984456,0.14660194174757282,0.03112033195020747,22.402589095638294,0.10997203749543027,0.11617223275066241,0.47593582887700536,0.692144373673036,-0.2162085447960307
Bug Howard,2017,75.63,221.0,10.38,33.13,4.58,1.56,37.5,119.0,6.95,4.14,15.0,27.1618532145221,100.45240925187437,47.416666666666664,11.09,8,0,0,0,1,270.0,1,5.598421958998375,8.0,22.094455852156056,1,0.2418350389224175,0.2418350389224175,0.1099754377624593,0.2170034111781684,0.2170034111781684,2048.0,827.0,146.0,14.027397260273972,68.0,0.1232876712328767,0.0,4.0,1.0,0.0,0.0,2.0,0.1318596011599582,1.694672131147541,18.0,21.880903490759753,0.1099754377624593,0.1099754377624593,21.880903490759753,0.0,1.059,0.707,0.80275,1.059,0.101,0.101,38.5,15.9,24.6,0.861,38.5,28.0,1.0,0.0,1.0,8.4,30.0,0.0,1.0,0.0,3.0,0.8786,409.0,0.0,18.0,0.0,9.0,0.8896797153024911,0.9225978647686833,0.9722222222222222,0.8768518518518519,0.22876447876447875,0.2957559681697613,0.7354124748490946,0.2357142857142857,0.5858310626702997,0.8380829015544041,0.6213592233009708,0.6908713692946058,65.77619515385959,0.530828661288117,0.868541566056415,0.26559714795008915,0.4968152866242038,-0.23121813867411467
Jakobi Meyers,2019,73.63,203.0,9.5,32.0,4.63,1.5,37.0,118.0,6.87,4.23,13.0,26.323386592066676,88.34908774073706,46.833333333333336,11.100000000000001,8,0,0,1,0,270.0,1,5.598421958998375,8.0,22.143737166324435,1,0.2487087116725885,0.1993543179983858,0.023352054389595,0.2558514931396287,0.2558514931396287,1836.0,951.0,161.0,11.403726708074535,71.0,0.049689440993788817,-8.0,3.0,1.0,0.0,0.0,2.0,0.1760022636087908,1.3081155433287484,19.0,20.930869267624914,0.0,0.023352054389595,21.930184804928132,0.0,0.625,0.594,0.596,0.7,0.128,0.128,35.1,9.4,26.7,0.917,35.1,53.0,1.0,0.0,1.0,8.1,21.0,1.0,0.0,0.0,,,,,,,,0.6023131672597865,0.552491103202847,0.5944444444444444,0.5722222222222222,0.11583011583011583,0.8793103448275862,0.6891348088531187,0.19387755102040816,0.723433242506812,0.6036269430051814,0.1786407766990291,0.6203319502074689,52.713805583991835,0.3538843788575187,0.614528660694893,0.28520499108734404,,
Whop Philyor,2021,69.63,184.0,9.25,30.625,4.58,,31.0,120.0,7.2,4.38,14.0,26.67966411327563,83.63458507848364,41.0,11.58,8,0,0,0,0,270.0,1,5.598421958998375,8.0,22.42299794661191,1,0.2316151530568981,0.2168230979612133,0.1125407779171894,0.2548969727804629,0.2461461959224266,2067.0,1002.0,180.0,11.483333333333333,65.0,0.06666666666666667,134.0,4.0,2.0,0.0,1.0,2.0,0.1042823200440239,0.4940119760479042,19.0,21.207392197125255,0.1125407779171894,0.1125407779171894,22.209445585215605,0.0,0.743,0.154,0.49424999999999997,0.706,0.153,0.153,35.6,12.8,23.8,,33.6,50.0,1.0,0.0,1.0,8.2,13.0,0.0,1.0,0.0,3.0,0.8311,1412.0,0.0,115.0,0.0,6.388888888888889,0.09074733096085409,0.14590747330960854,0.40555555555555556,0.19537037037037036,0.22876447876447875,,0.07344064386317907,0.29183673469387755,0.17029972752043596,0.2344559585492228,0.08349514563106795,0.08921161825726141,18.264409431599198,0.14959084139604154,0.19127847518748978,0.24064171122994651,0.19532908704883228,0.04531262418111423
Jovon Durante,2019,71.13,160.0,8.75,31.13,4.55,1.53,31.5,120.0,7.0,4.31,,22.23154729691522,74.6628204425811,41.5,11.309999999999999,7,0,0,0,0,270.0,1,5.598421958998375,8.0,,1,0.3339648069979148,0.3339648069979148,0.1539696919782573,0.3107867568529726,0.3107867568529726,1582.0,873.0,124.0,12.758064516129032,57.0,0.0967741935483871,54.0,3.0,1.0,1.0,1.0,1.0,0.1799951150196575,2.3095238095238093,,,,,,,0.52,0.52,0.38966666666666666,0.533,0.115,0.115,30.8,-0.8,29.9,0.931,30.8,60.0,0.0,1.0,2.0,8.3,12.0,0.0,1.0,1.0,4.0,0.9314,159.0,1.0,346.0,0.0,19.22222222222222,0.23754448398576514,0.0071174377224199285,0.09166666666666666,0.3148148148148148,0.3310810810810811,0.616710875331565,0.096579476861167,0.29183673469387755,0.47275204359673023,0.4067357512953368,0.011650485436893204,0.1016597510373444,24.83458002103052,0.13335556566397924,0.1851513605821034,0.6381461675579323,0.7006369426751592,-0.06249077511722689
Brandon Smith,2021,73.38,218.0,9.375,34.25,4.64,,39.0,130.0,,,21.0,28.461409490325828,94.06207760776837,49.833333333333336,,6,0,1,0,0,120.0,0,4.787491742782046,4.0,19.72347707049966,1,0.1557986978019288,0.1470990594845486,0.1058089763972117,0.160864785635764,0.160864785635764,1320.0,439.0,112.0,11.785714285714286,70.0,0.0625,1.0,4.0,0.0,0.0,0.0,3.0,0.04129008308733691,1.0603864734299517,11.0,99.0,0.1557986978019288,0.1557986978019288,14.507871321013004,0.0,0.777,0.49,0.3064285714285714,0.777,0.094,0.069,26.3,-15.5,40.5,0.935,26.3,97.0,0.0,1.0,1.0,6.5,14.0,0.0,1.0,1.0,3.0,0.8517,856.0,0.0,1641.0,3.0,24.863636363636363,0.5640569395017794,0.8825622775800712,0.47129629629629627,0.9851851851851852,0.09749034749034749,,0.8501006036217303,0.8714285714285714,,,0.35145631067961164,0.8578838174273858,65.90511499123308,0.6909951619099711,0.7176597561512478,0.062388591800356503,0.3343949044585987,-0.2720063126582422
Dareke Young,2022,,,,,,,,,,,,,,,,0,0,0,0,0,233.0,0,5.4510384535657,7.0,22.579055441478438,0,,,,,,,,,,,,,,,,,,,,,,,,,,,,,,,,,,,,,,,,,,,,,,,,,,,,,,,,,,,,,,,,,,,,,,
Dede Westbrook,2017,71.63,178.0,9.0,30.625,4.39,,34.5,120.0,7.2,4.34,8.0,24.388518806673403,95.84995581317445,44.5,11.54,8,1,0,0,0,110.0,0,4.700480365792417,4.0,23.1129363449692,1,0.3815991108566424,0.3815991108566424,0.1453674751031347,0.3678493845039826,0.3678493845039826,2267.0,1524.0,126.0,17.99206349206349,88.0,0.16666666666666666,118.0,2.0,1.0,1.0,1.0,1.0,0.2362316357535077,2.0511440107671604,21.0,22.899383983572896,0.0,0.0,22.899383983572896,0.0,1.12,1.12,0.9305000000000001,1.163,0.116,0.116,48.7,26.1,22.9,0.864,48.7,15.0,1.0,0.0,1.0,11.1,40.0,1.0,1.0,0.0,3.0,0.8342,1174.0,0.0,325.0,1.0,23.214285714285715,0.2891459074733096,0.06850533807829182,0.20185185185185187,0.19537037037037036,0.8725868725868726,,0.35714285714285715,0.29183673469387755,0.17029972752043596,0.31994818652849744,0.42718446601941745,0.3537344398340249,32.25097047363461,0.3587213526187174,0.26087774670959724,0.8057040998217468,0.24416135881104034,0.5615427410107066
J.J. Nelson,2015,70.25,156.0,8.25,31.13,4.28,,36.0,127.0,7.02,4.15,,22.222210964906726,92.97785396829212,46.583333333333336,11.17,7,1,0,0,0,159.0,0,5.0689042022202315,5.0,22.688569472963724,1,0.3746069984892409,0.2418412188538669,0.2302545885139135,0.3281613653995345,0.248388320060675,2273.0,846.0,116.0,19.594827586206897,88.0,0.1724137931034483,90.0,4.0,3.0,1.0,1.0,1.0,0.011586630339953385,0.7742316784869976,19.0,19.474332648870636,0.2302545885139135,0.2302545885139135,22.47501711156742,0.0,,,,,,,24.1,-20.8,46.5,0.938,26.0,109.0,0.0,1.0,1.0,7.9,10.0,0.0,1.0,0.0,,,,,2307.0,6.0,20.783783783783782,0.14412811387900357,0.005338078291814947,0.011111111111111112,0.3148148148148148,0.9884169884169884,,0.5543259557344065,0.763265306122449,0.4250681198910082,0.7992227979274611,0.312621359223301,0.5912863070539419,44.63271774969364,0.5434042070267188,0.256094998884834,0.7825311942959001,,
Jaleel Scott,2018,76.75,218.0,10.0,33.5,4.56,1.56,34.5,124.0,7.06,4.4,16.0,26.016870205519425,100.83867223961046,44.833333333333336,11.46,8,0,0,0,1,132.0,0,4.882801922586371,4.0,22.855578370978783,1,0.2761636674374183,0.2761636674374183,0.1618147769833163,0.2419825072886297,0.2419825072886297,1362.0,1079.0,99.0,13.757575757575758,45.0,0.1414141414141414,0.0,2.0,1.0,0.0,1.0,1.0,0.11434889045410201,3.812720848056537,21.0,22.642026009582477,0.0,0.0,22.642026009582477,0.0,0.698,0.684,0.6910000000000001,0.698,0.127,0.127,24.5,-9.4,32.6,0.972,24.5,128.0,0.0,1.0,1.0,7.1,27.0,0.0,0.0,0.0,,,,,,,,0.9750889679715302,0.8825622775800712,0.8787037037037037,0.9268518518518518,0.29633204633204635,0.2957559681697613,0.35714285714285715,0.573469387755102,0.3651226158038147,0.2033678756476684,0.6330097087378641,0.3921161825726141,56.496028693907384,0.5212073178786077,0.7844468451674858,0.39750445632798576,,
Riley Ridley,2019,73.25,194.0,10.25,32.625,4.58,1.52,30.5,124.0,7.22,4.28,13.0,25.41802467122506,88.17994296318383,40.833333333333336,11.5,8,0,0,0,0,126.0,0,4.836281906951478,4.0,22.4476386036961,1,0.2224003345413995,0.2224003345413995,0.1098161033797216,0.1800947867298578,0.1800947867298578,1026.0,570.0,70.0,14.657142857142857,57.0,0.18571428571428572,46.0,3.0,1.0,0.0,1.0,1.0,0.11258423116167791,2.3949579831932772,20.0,22.234086242299796,0.0,0.1098161033797216,22.234086242299796,0.0,1.134,0.885,0.9093333333333332,1.17,0.067,0.067,45.9,32.9,14.2,0.794,45.9,3.0,1.0,0.0,1.0,9.0,30.0,1.0,0.0,0.0,4.0,0.9148,227.0,1.0,,,,0.5409252669039146,0.33629893238434166,0.9537037037037037,0.7564814814814815,0.22876447876447875,0.7320954907161804,0.05331991951710262,0.573469387755102,0.1444141689373297,0.47020725388601037,0.170873786407767,0.08195020746887967,42.02086731605243,0.26588769789332384,0.5761075929015507,0.2103386809269162,0.6284501061571125,-0.4181114252301963
Marquez Valdes-Scantling,2018,76.0,206.0,10.0,32.25,4.37,1.49,30.5,124.0,6.85,4.17,15.0,25.07236842105263,112.97216928983512,40.833333333333336,11.02,8,1,0,1,0,174.0,0,5.159055299214529,5.0,23.227926078028748,1,0.2671375962504184,0.2671375962504184,0.0486159169550173,0.2942751925008369,0.2942751925008369,1832.0,879.0,119.0,15.394957983193278,95.0,0.10084033613445378,112.0,4.0,1.0,0.0,1.0,1.0,0.2185216792954011,2.1180722891566264,18.0,23.014373716632445,0.0486159169550173,0.069287330316742,23.014373716632445,0.0,0.896,0.488,0.5245,0.896,0.096,0.096,31.6,10.2,21.2,0.958,31.6,66.0,0.0,1.0,2.0,8.2,25.0,0.0,1.0,1.0,3.0,0.8142,1536.0,0.0,39.0,0.0,19.5,0.9270462633451957,0.6548042704626335,0.8787037037037037,0.6638888888888889,0.9092664092664092,0.9270557029177718,0.05331991951710262,0.573469387755102,0.7534059945504087,0.7590673575129534,0.9436893203883495,0.08195020746887967,67.71389521481166,0.5234928758868514,0.6307396938637226,0.35472370766488415,0.16348195329087048,0.19124175437401367
Cornell Powell,2021,72.25,204.0,10.0,32.75,4.53,,36.5,128.0,7.03,4.21,16.0,27.473234276409524,96.88741191039519,47.166666666666664,11.24,8,0,0,0,0,181.0,0,5.198497031265826,5.0,23.173169062286107,1,0.2183551626787615,0.2183551626787615,0.0086843681373527,0.2109038737446198,0.2109038737446198,1211.0,882.0,93.0,13.021505376344086,70.0,0.10752688172043011,0.0,5.0,1.0,0.0,0.0,2.0,0.2096707945414088,7.229508196721311,18.0,22.9596167008898,0.0086843681373527,0.0380559867259005,22.9596167008898,0.0,0.857,0.857,0.3726,0.857,0.087,0.087,42.6,26.1,16.7,,42.6,10.0,1.0,0.0,1.0,9.4,24.0,1.0,1.0,0.0,4.0,0.9344,146.0,1.0,197.0,0.0,21.88888888888889,0.39234875444839856,0.5854092526690391,0.8787037037037037,0.7944444444444444,0.4092664092664093,,0.6247484909456741,0.8061224489795918,0.40463215258855584,0.6619170984455959,0.47184466019417476,0.6659751037344398,60.86738654018207,0.634238533373147,0.6725613483855551,0.19786096256684493,0.7154989384288747,-0.5176379758620298
Hunter Renfrow,2019,70.5,180.0,7.88,29.0,4.59,1.54,35.0,116.0,6.8,4.19,7.0,25.459483929379807,81.10577128353486,44.666666666666664,10.99,8,0,0,1,0,149.0,0,5.003946305945459,5.0,23.030800821355236,1,0.1795304108904708,0.0785075397978623,0.1276828591029368,0.1825902335456475,0.1299880525686977,2133.0,602.0,186.0,11.46774193548387,61.0,0.08064516129032258,0.0,4.0,0.0,0.0,0.0,4.0,-0.0491753193050745,0.9036544850498339,19.0,99.0,0.0,0.1276828591029368,22.817248459958932,0.0,0.652,0.407,0.5730000000000001,0.652,0.073,0.062,36.5,26.4,8.3,0.829,43.0,11.0,1.0,0.0,1.0,7.0,13.0,0.0,1.0,0.0,,,,,6.0,0.0,0.8571428571428571,0.16370106761565836,0.08896797153024912,0.001851851851851852,0.018518518518518517,0.20077220077220076,0.4946949602122016,0.42655935613682094,0.12346938775510204,0.829700272479564,0.7202072538860104,0.04854368932038835,0.37136929460580914,29.06963187236979,0.1995241444041038,0.15265769853071243,0.09803921568627451,,
John Hightower,2020,73.5,189.0,9.75,31.5,4.43,1.49,38.5,122.0,7.07,4.21,,24.594752186588924,98.14696963186977,48.666666666666664,11.280000000000001,7,1,1,0,0,168.0,0,5.123963979403259,5.0,23.586584531143053,1,0.25771675588111,0.25771675588111,0.1628812239786074,0.2573689956331877,0.2573689956331877,1447.0,943.0,82.0,17.646341463414632,76.0,0.17073170731707318,302.0,2.0,1.0,0.0,1.0,1.0,0.09483553190250257,1.871031746031746,22.0,23.37303216974675,0.0,0.0,23.37303216974675,0.0,0.752,0.421,0.5865,0.69,0.107,0.107,32.9,8.1,25.0,,32.9,57.0,0.0,1.0,1.0,8.6,9.0,0.0,1.0,0.0,,,,,742.0,1.0,20.054054054054053,0.5845195729537367,0.2313167259786477,0.7546296296296297,0.41944444444444445,0.7451737451737451,0.9270557029177718,0.8118712273641852,0.4204081632653061,0.3446866485013624,0.6619170984455959,0.5194174757281553,0.7842323651452282,60.03893999623173,0.5838989554525489,0.642616218597999,0.3172905525846702,,
Ryan Switzer,2017,68.5,181.0,9.25,28.0,4.51,1.51,32.0,116.0,6.77,4.0,11.0,27.11769407000906,87.49886166669992,41.666666666666664,10.77,8,0,0,1,0,133.0,0,4.890349128221754,4.0,22.16016427104723,1,0.2458934662818158,0.2458934662818158,0.1008537358370968,0.2917869325636316,0.2917869325636316,2907.0,1112.0,244.0,11.913934426229508,89.0,0.0778688524590164,78.0,4.0,1.0,0.0,1.0,1.0,0.14503973044471902,1.4689564068692207,18.0,21.946611909650922,0.1008537358370968,0.1736971165772952,21.946611909650922,0.0,0.61,0.535,0.5285,0.798,0.144,0.144,38.5,15.9,24.6,0.861,38.5,28.0,1.0,0.0,1.0,8.4,30.0,0.0,1.0,0.0,3.0,0.8736,468.0,0.0,1107.0,7.0,10.64423076923077,0.037366548042704624,0.10142348754448399,0.40555555555555556,0.004629629629629629,0.46621621621621623,0.8143236074270557,0.12173038229376258,0.12346938775510204,0.8651226158038147,0.9844559585492227,0.15145631067961166,0.1078838174273859,34.863612641037875,0.13221869357615876,0.1423205288804131,0.27807486631016043,0.45222929936305734,-0.1741544330528969
Keith Mumphery,2015,71.63,215.0,9.13,31.13,4.54,1.62,32.5,121.0,7.07,4.25,15.0,29.458042378847093,101.21503838570821,42.583333333333336,11.32,8,0,0,0,0,175.0,0,5.1647859739235145,5.0,22.573579739904176,1,0.1667800453514739,0.1299129088011492,0.0055476529160739,0.2335600907029478,0.1444412022176831,1348.0,515.0,88.0,15.318181818181818,72.0,0.07954545454545454,125.0,4.0,0.0,0.0,1.0,2.0,0.1243652558850753,0.9611650485436893,19.0,99.0,0.0055476529160739,0.1667800453514739,22.360027378507873,0.0,1.064,1.064,0.8865000000000001,1.072,0.047,0.047,21.3,12.4,10.2,0.858,42.5,32.0,1.0,0.0,1.0,5.8,13.0,0.0,0.0,0.0,,,,,,,,0.2891459074733096,0.8416370106761566,0.31574074074074077,0.3148148148148148,0.37065637065637064,0.042440318302387266,0.1579476861167002,0.35612244897959183,0.3446866485013624,0.572538860103627,0.6456310679611651,0.17531120331950206,36.88894231371441,0.38656706768581905,0.2694122872863914,0.07130124777183601,,
Vince Mayle,2015,74.0,224.0,9.0,31.75,4.67,1.67,35.5,117.0,6.93,4.13,,28.756756756756758,94.19123510698039,45.25,11.059999999999999,7,0,0,0,1,123.0,0,4.812184355372417,4.0,23.5564681724846,1,0.2293614794138171,0.2293614794138171,0.153555834262356,0.2587229588276343,0.2587229588276343,2022.0,1483.0,148.0,13.662162162162161,90.0,0.10810810810810811,0.0,2.0,1.0,0.0,1.0,1.0,0.0758056451514611,2.75139146567718,22.0,23.342915811088297,0.0,0.0,23.342915811088297,0.0,0.813,0.517,0.665,0.813,0.154,0.154,33.0,-1.7,32.8,0.872,33.0,50.0,1.0,0.0,1.0,7.4,32.0,0.0,1.0,0.0,,,,,177.0,0.0,19.666666666666668,0.6708185053380783,0.9501779359430605,0.20185185185185187,0.49444444444444446,0.06660231660231661,0.010610079575596816,0.48893360160965793,0.15816326530612246,0.6253405994550408,0.8601036269430051,0.3533980582524272,0.43257261410788383,44.27514082857905,0.33349830838940253,0.46401210081100813,0.2281639928698752,,
Aaron Fuller,2020,70.75,188.0,8.88,29.75,4.59,1.59,34.0,118.0,7.14,,,26.403426188365444,84.71047222946974,43.833333333333336,,6,0,0,0,0,270.0,1,5.598421958998375,8.0,22.253251197809718,1,0.2373272255889042,0.2359355246523388,0.0466699161973443,0.2641281353883348,0.2218710493046776,2051.0,874.0,159.0,12.89937106918239,46.0,0.08176100628930817,4.0,4.0,2.0,0.0,1.0,2.0,0.18926560845499452,0.8032036613272311,18.0,21.0403832991102,0.0466699161973443,0.0768190869398418,22.039698836413415,0.0,0.567,0.567,0.47974999999999995,0.609,0.108,0.108,34.5,19.9,12.7,0.88,35.3,22.0,1.0,0.0,1.0,8.2,16.0,0.0,1.0,0.0,3.0,0.8339,1263.0,0.0,390.0,1.0,8.125,0.18861209964412812,0.21352313167259787,0.12685185185185185,0.07037037037037037,0.20077220077220076,0.11671087533156499,0.29577464788732394,0.19387755102040816,0.2356948228882834,,0.09902912621359224,0.27282157676348545,18.30943867650734,0.19622710837377477,0.17040224243841856,0.2531194295900178,0.22929936305732485,0.023820066532692974
Bisi Johnson,2019,72.0,204.0,,,4.51,,38.0,124.0,6.88,4.16,14.0,27.66435185185185,98.61750154699881,48.333333333333336,11.04,6,0,1,1,0,247.0,0,5.5093883366279774,,21.793292265571527,0,,,,,,,,,,,,,,,,,,,,,,,,,,,,,,,,,,,,,,,,,,,,,,,,,,,,,0.34341637010676157,0.5854092526690391,,,0.46621621621621623,,0.7706237424547284,0.573469387755102,0.7043596730245232,0.7681347150259067,0.5398058252427185,0.7634854771784232,61.27689621859355,0.6279663184841829,0.557020056280745,,,
Jazz Ferguson,2019,76.75,227.0,9.25,34.25,4.45,1.55,37.0,123.0,7.13,4.59,8.0,27.090961177306923,115.77527171845836,47.25,11.719999999999999,8,1,1,0,1,270.0,1,5.598421958998375,8.0,21.968514715947983,1,0.7804347826086957,0.7804347826086957,0.0037264357737834,0.5608695652173913,0.5608695652173913,146.0,129.0,6.0,24.333333333333332,71.0,0.16666666666666666,0.0,2.0,1.0,1.0,1.0,1.0,0.7767083468349123,7.588235294117647,19.0,21.754962354551676,0.0,0.0037264357737834,21.754962354551676,1.0,1.243,1.216,1.2295,1.243,0.146,0.146,,,,,,202.0,0.0,1.0,2.0,6.6,1.0,0.0,0.0,1.0,4.0,0.9015,289.0,1.0,,,,0.9750889679715302,0.9733096085409253,0.40555555555555556,0.9851851851851852,0.668918918918919,0.39389920424403185,0.6891348088531187,0.48775510204081635,0.2561307901907357,0.019430051813471502,0.9689320388349515,0.6753112033195021,62.48876196223952,0.7152739832429621,0.7637411293913474,0.9946524064171123,0.5711252653927813,0.423527141024331
Deon Long,2015,71.63,192.0,9.5,31.0,4.51,1.6,34.0,120.0,6.98,4.27,12.0,26.30671691506345,92.81647204423417,44.0,11.25,8,0,0,0,0,270.0,1,5.598421958998375,8.0,23.550992470910334,1,0.4699128285193859,0.1530507197088074,0.4699128285193859,0.3683970856102003,0.2008382815228781,1873.0,809.0,130.0,14.407692307692308,80.0,0.05384615384615385,38.0,3.0,1.0,1.0,1.0,2.0,-0.31686210881057847,0.7107540173053152,20.0,20.33675564681725,0.0,0.4699128285193859,23.33744010951403,0.0,1.313,0.231,0.772,1.334,0.103,0.103,16.9,-27.9,41.9,0.913,30.4,,0.0,1.0,2.0,6.3,4.0,0.0,1.0,1.0,,,,,434.0,1.0,18.083333333333332,0.2891459074733096,0.29359430604982206,0.5944444444444444,0.275,0.46621621621621623,0.07161803713527852,0.29577464788732394,0.29183673469387755,0.5190735694822888,0.5051813471502591,0.3067961165048544,0.2863070539419087,34.958236508163196,0.2981358330286853,0.3635912499512695,0.9447415329768271,,
Frank Darby,2021,72.0,201.0,9.625,31.375,4.61,,34.5,117.0,7.15,4.23,19.0,27.25752314814815,89.00662868566491,44.25,11.38,8,0,0,0,0,187.0,0,5.231108616854587,6.0,23.315537303216974,1,0.2856848458084934,0.1296010296010296,0.0828176035757263,0.1904173106646058,0.0592020592020592,1317.0,616.0,67.0,19.65671641791045,72.0,0.19402985074626866,21.0,4.0,1.0,0.0,0.0,7.0,0.04678342602530329,0.07467532467532467,19.0,22.099931553730322,0.0,0.0828176035757263,23.10198494182067,0.0,1.633,0.238,0.8562500000000001,1.55,0.083,0.083,28.0,6.3,23.7,,30.2,36.0,1.0,0.0,1.0,8.7,17.0,1.0,1.0,0.0,3.0,0.8406,1103.0,0.0,20.0,0.0,20.0,0.34341637010676157,0.49377224199288255,0.6592592592592592,0.3648148148148148,0.14961389961389962,,0.35714285714285715,0.15816326530612246,0.21934604904632152,0.6036269430051814,0.2,0.3153526970954357,35.131894521668514,0.23843537414965987,0.4311583253309232,0.4295900178253119,0.2632696390658174,0.1663203787594945
Freddie Swain,2020,72.0,199.0,9.0,30.63,4.46,1.52,36.5,124.0,7.05,4.26,16.0,26.986304012345677,100.58741265713415,46.833333333333336,11.309999999999999,8,0,0,0,0,214.0,0,5.365976015021851,6.0,21.409993155373034,1,0.1721731380299155,0.1721731380299155,0.0765894236482471,0.1322250639386189,0.1322250639386189,1002.0,517.0,69.0,14.521739130434783,65.0,0.21739130434782608,27.0,4.0,0.0,0.0,0.0,3.0,0.09558371438166839,1.9077490774907748,17.0,99.0,0.0765894236482471,0.1374720585246901,21.196440793976727,0.0,1.648,0.781,0.8655,1.648,0.077,0.077,37.8,24.0,15.5,,37.8,14.0,1.0,0.0,1.0,8.3,25.0,1.0,1.0,0.0,4.0,0.9423,126.0,1.0,364.0,1.0,8.088888888888889,0.34341637010676157,0.4430604982206406,0.20185185185185187,0.2037037037037037,0.6361003861003861,0.7320954907161804,0.6247484909456741,0.573469387755102,0.3787465940054496,0.538860103626943,0.6242718446601941,0.6203319502074689,49.33880559916964,0.6074965744536568,0.3434301041519978,0.08377896613190731,0.7430997876857749,-0.6593208215538676
Ray-Ray McCloud,2018,69.5,190.0,9.25,30.25,4.53,,34.5,113.0,6.89,4.32,13.0,27.652813001397444,90.23827579889748,43.916666666666664,11.21,8,0,0,1,0,187.0,0,5.231108616854587,6.0,21.21286789869952,1,0.1056932327070955,0.1056932327070955,0.0429845480382868,0.1525629360024264,0.1525629360024264,1226.0,503.0,127.0,9.653543307086615,79.0,0.031496062992125984,106.0,3.0,0.0,0.0,0.0,3.0,0.0627086846688087,1.0656779661016949,18.0,99.0,0.0429845480382868,0.0693374148754464,20.999315537303218,1.0,0.445,0.356,0.36966666666666664,0.465,0.064,0.064,36.5,26.4,8.3,0.829,36.5,11.0,1.0,0.0,1.0,7.0,13.0,0.0,1.0,0.0,4.0,0.9621,81.0,1.0,717.0,1.0,11.203125,0.08362989323843416,0.2526690391459075,0.40555555555555556,0.1259259259259259,0.4092664092664093,,0.35714285714285715,0.04897959183673469,0.6839237057220708,0.37823834196891193,0.23398058252427184,0.279045643153527,29.62143223164187,0.21336767716795454,0.24306355796569318,0.0213903743315508,0.821656050955414,-0.8002656766238633
Reggie Roberson,2022,71.0,192.0,9.5,32.63,,,29.0,114.0,,,,26.775639754017064,,38.5,,4,0,0,0,0,270.0,1,5.598421958998375,8.0,23.21697467488022,1,0.2190150032615785,0.1624457917561366,0.0172439288330857,0.2237442922374429,0.1710454296661193,2667.0,803.0,170.0,15.688235294117646,85.0,0.1411764705882353,17.0,5.0,1.0,0.0,0.0,3.0,0.1452018629230509,0.7783312577833126,18.0,20.00273785078713,0.0172439288330857,0.2190150032615785,23.003422313483917,0.0,1.018,0.706,0.6568,1.14,0.138,0.065,34.6,4.4,28.3,,36.7,87.0,0.0,1.0,2.0,8.0,34.0,0.0,1.0,1.0,3.0,0.8556,759.0,0.0,322.0,1.0,23.0,0.21263345195729538,0.29359430604982206,0.5944444444444444,0.7694444444444445,,,0.013078470824949699,0.07142857142857142,,,,0.012448132780082987,28.10102602756586,0.04225352112676056,0.3974002029177835,0.2014260249554367,0.3630573248407643,-0.1616312998853276
Kolby Listenbee,2016,72.0,197.0,8.25,31.38,4.39,1.5,35.5,129.0,,,15.0,26.715084876543212,106.08113087188407,46.25,,6,1,0,0,0,192.0,0,5.2574953720277815,6.0,21.932922655715263,1,0.1428512238653748,0.1301862479635337,0.0095934959349593,0.1775943396226415,0.1321673677219393,1432.0,753.0,74.0,19.35135135135135,60.0,0.12162162162162163,30.0,4.0,0.0,0.0,0.0,3.0,0.1205927520285744,0.7928286852589641,18.0,99.0,0.0095934959349593,0.0095934959349593,21.71937029431896,0.0,0.625,0.625,0.5773333333333334,0.619,0.071,0.058,39.3,23.3,17.5,0.873,40.8,35.0,1.0,0.0,1.0,7.9,33.0,0.0,1.0,0.0,3.0,0.8762,542.0,0.0,177.0,0.0,22.125,0.34341637010676157,0.40213523131672596,0.011111111111111112,0.38333333333333336,0.8725868725868726,0.8793103448275862,0.48893360160965793,0.8428571428571429,,,0.8058252427184466,0.5435684647302904,55.7307771519793,0.7125386623950826,0.306698604040216,0.044563279857397504,0.42250530785562634,-0.37794202799822885
Tre Nixon,2021,72.13,187.0,9.125,31.75,4.44,,35.5,125.0,6.81,4.25,18.0,25.267662487411197,96.23647825399611,45.916666666666664,11.059999999999999,8,1,0,1,0,242.0,0,5.488937726156687,7.0,22.93223819301848,1,0.1971981316416392,0.0678873189434819,0.0024105556965237,0.199951818838834,0.0732746378869639,1669.0,830.0,108.0,15.453703703703704,53.0,0.12037037037037036,0.0,4.0,0.0,0.0,0.0,5.0,0.06547676324695821,0.3108433734939759,19.0,99.0,0.0,0.0024105556965237,22.718685831622178,0.0,2.488,0.543,1.03625,2.488,0.082,0.082,37.3,19.1,18.1,,39.4,62.0,0.0,1.0,2.0,9.2,29.0,1.0,0.0,1.0,4.0,0.9256,178.0,1.0,,,,0.37455516014234874,0.19750889679715303,0.27685185185185185,0.49444444444444446,0.7055984555984556,,0.48893360160965793,0.6551020408163265,0.8160762942779292,0.572538860103627,0.4388349514563107,0.5062240663900415,50.24244203171043,0.5276235312940983,0.40869626451207575,0.13903743315508021,0.673036093418259,-0.5339986602631788
Amba Etta-Tawo,2017,73.25,208.0,9.13,32.0,4.49,1.53,31.0,126.0,7.04,4.32,14.0,27.252315111416557,102.35474169111873,41.5,11.36,8,0,0,0,0,270.0,1,5.598421958998375,8.0,23.143052703627653,1,0.4817153971103702,0.4817153971103702,0.1329309811203961,0.380097460887407,0.380097460887407,2420.0,1482.0,155.0,15.612903225806452,81.0,0.10967741935483871,0.0,4.0,1.0,1.0,1.0,1.0,0.3487844159899741,2.964,19.0,22.92950034223135,0.0,0.1329309811203961,22.92950034223135,0.0,1.273,0.838,0.72775,1.273,0.133,0.133,29.2,-2.7,31.2,0.816,29.2,57.0,1.0,0.0,2.0,7.5,15.0,0.0,0.0,1.0,3.0,0.8283,1260.0,0.0,,,,0.5409252669039146,0.6948398576512456,0.31574074074074077,0.5722222222222222,0.5395752895752896,0.616710875331565,0.07344064386317907,0.713265306122449,0.391008174386921,0.37823834196891193,0.683495145631068,0.1016597510373444,46.84268012862376,0.490067031872232,0.3755822184325142,0.9572192513368984,0.23142250530785563,0.7257967460290429
Alex Wesley,2019,71.88,190.0,9.0,31.25,4.45,1.49,38.5,125.0,7.69,4.44,13.0,25.851919154195347,96.90441245157308,48.916666666666664,12.13,8,1,1,0,0,270.0,1,5.598421958998375,8.0,23.1813826146475,1,0.5858085808580857,0.5858085808580857,0.3569182389937106,0.504950495049505,0.504950495049505,170.0,102.0,12.0,14.166666666666666,52.0,0.25,0.0,2.0,2.0,2.0,1.0,1.0,0.22889034186437512,1.5,20.0,20.969199178644764,0.0,0.0,21.968514715947983,0.0,0.818,0.772,0.7949999999999999,0.818,0.119,0.118,,,,,,153.0,0.0,1.0,1.0,5.9,3.0,0.0,0.0,0.0,,,,,,,,0.3185053380782918,0.2526690391459075,0.20185185185185187,0.34074074074074073,0.668918918918919,0.9270557029177718,0.8118712273641852,0.6551020408163265,0.005449591280653951,0.15414507772020725,0.47378640776699027,0.8029045643153527,46.77500417430999,0.6469198919825007,0.4182422895087674,0.9857397504456328,,
Isaiah Weston,2022,75.5,214.0,9.5,32.5,4.42,1.55,40.0,135.0,,,20.0,26.392175781763957,112.13848685090576,51.25,,6,1,1,0,1,270.0,1,5.598421958998375,8.0,24.186173853524984,1,0.3056628056628057,0.0239130434782608,0.3056628056628057,0.277992277992278,0.0478260869565217,131.0,72.0,7.0,18.714285714285715,26.0,0.14285714285714285,0.0,3.0,1.0,1.0,1.0,4.0,-0.2817497621845449,0.1527777777777778,19.0,19.972621492128678,0.0,0.3056628056628057,23.972621492128678,0.0,1.215,-0.059,0.5463333333333333,1.215,0.067,0.067,,,,,,142.0,0.0,1.0,1.0,6.8,3.0,0.0,0.0,0.0,3.0,0.8017,2057.0,0.0,,,,0.8736654804270463,0.8202846975088968,0.5944444444444444,0.7324074074074074,0.7847490347490348,0.39389920424403185,0.9104627766599598,0.9755102040816327,,,0.9271844660194175,0.9221991701244814,79.34806885666352,0.9377191489203366,0.7777450272347145,0.49554367201426025,0.09554140127388536,0.40000227074037487
Racey McMath,2021,74.5,211.0,8.875,32.0,4.39,,34.0,125.0,7.37,4.4,,26.725462816990227,113.61989144145959,44.416666666666664,11.77,7,1,0,0,1,205.0,0,5.3230099791384085,6.0,21.5523613963039,1,0.0526648710414626,0.0526648710414626,0.007070707070707,0.0636630754162585,0.0636630754162585,522.0,285.0,33.0,15.818181818181818,60.0,0.12121212121212122,0.0,3.0,0.0,0.0,0.0,5.0,0.0455941639707556,0.6842105263157895,19.0,99.0,0.007070707070707,0.048245542420482,21.338809034907598,1.0,1.403,0.749,1.111,1.403,0.052,0.052,48.9,33.1,17.7,,33.8,15.0,1.0,0.0,1.0,10.8,60.0,1.0,0.0,0.0,3.0,0.8639,605.0,0.0,,,,0.7508896797153025,0.7588967971530249,0.11574074074074074,0.5722222222222222,0.8725868725868726,,0.29577464788732394,0.6551020408163265,0.04223433242506812,0.2033678756476684,0.9553398058252427,0.34024896265560167,50.56730888795813,0.6354054981762977,0.4336568226413973,0.0035650623885918,0.40764331210191085,-0.40407824971331907
K.J. Hill,2020,71.88,196.0,9.25,29.13,4.6,,32.5,114.0,,,17.0,26.66829554853836,87.54971573143324,42.0,,6,0,0,0,0,220.0,0,5.393627546352362,7.0,22.2943189596167,1,0.190485884907709,0.190485884907709,0.0663361270157386,0.1759443339960238,0.1726384364820846,2332.0,885.0,201.0,11.601990049751244,53.0,0.09950248756218906,-1.0,4.0,0.0,0.0,0.0,2.0,0.12414975789197041,0.7186440677966102,18.0,99.0,0.0663361270157386,0.1130742049469964,22.080766598220396,0.0,0.97,0.596,0.671,0.97,0.08,0.072,44.4,24.1,21.2,0.899,44.4,2.0,1.0,0.0,1.0,8.9,49.0,1.0,1.0,0.0,4.0,0.933,153.0,1.0,418.0,0.0,7.333333333333333,0.3185053380782918,0.37722419928825623,0.40555555555555556,0.025,0.17277992277992277,,0.1579476861167002,0.07142857142857142,,,0.1533980582524272,0.1275933609958506,20.104807694395287,0.12759143859923294,0.2267521449376369,0.11764705882352941,0.7091295116772823,-0.5914824528537529
Byron Pringle,2018,73.13,203.0,9.25,32.0,4.46,1.5,33.5,120.0,6.87,4.4,15.0,26.684570441691918,102.60927019798108,43.5,11.27,8,0,0,1,0,270.0,1,5.598421958998375,8.0,24.123203285420946,1,0.3545810877021068,0.3477478972996901,0.3545810877021068,0.3204957945993802,0.3204957945993802,1355.0,724.0,69.0,19.63768115942029,83.0,0.14492753623188406,27.0,2.0,2.0,2.0,1.0,1.0,-0.0068331904024167,1.1473851030110935,22.0,22.910335386721425,0.0,0.0,23.90965092402464,0.0,0.747,0.747,0.6174999999999999,0.81,0.09,0.073,34.4,10.9,26.1,0.872,34.4,72.0,1.0,0.0,1.0,9.3,7.0,0.0,1.0,0.0,2.0,0.7889,1940.0,0.0,1194.0,2.0,22.96153846153846,0.5195729537366548,0.552491103202847,0.40555555555555556,0.5722222222222222,0.6361003861003861,0.8793103448275862,0.24647887323943662,0.29183673469387755,0.723433242506812,0.2033678756476684,0.6893203883495146,0.254149377593361,49.78199214729935,0.409211998760943,0.43595740118846726,0.7040998217468806,0.10828025477707007,0.5958195669698105
Javon Wims,2018,74.88,215.0,9.25,31.5,4.53,1.62,33.5,113.0,7.0,4.53,,26.956413737763903,102.11173314085767,42.916666666666664,11.530000000000001,7,0,0,0,1,224.0,0,5.4116460518550396,7.0,23.307323750855577,1,0.2822826360095489,0.2822826360095489,0.0690233598409542,0.2728986053524312,0.2728986053524312,914.0,724.0,63.0,14.507936507936508,51.0,0.12698412698412698,0.0,2.0,1.0,0.0,1.0,1.0,0.2132592761685947,3.8105263157894735,21.0,23.093771389459274,0.0,0.0,23.093771389459274,0.0,0.911,0.911,0.7535000000000001,0.911,0.071,0.071,39.6,26.7,15.4,0.835,39.6,6.0,1.0,0.0,1.0,9.0,24.0,1.0,0.0,0.0,,,,,,,,0.8051601423487544,0.8416370106761566,0.40555555555555556,0.41944444444444445,0.4092664092664093,0.042440318302387266,0.24647887323943662,0.04897959183673469,0.47275204359673023,0.05829015544041451,0.6718446601941748,0.20020746887966806,38.51713894817389,0.32243437509011535,0.4691597538970478,0.41532976827094475,,
Montrell Washington,2022,,,,,,,,,,,,,,,,0,0,0,0,0,162.0,0,5.087596335232384,5.0,22.803559206023273,1,0.3157051282051282,0.3157051282051282,0.3157051282051282,0.2980769230769231,0.2980769230769231,124.0,124.0,10.0,12.4,39.0,0.1,19.0,1.0,1.0,1.0,1.0,1.0,0.0,1.0,22.0,22.590006844626966,0.0,0.0,22.590006844626966,0.0,0.541,0.541,-0.02633333333333332,0.408,0.213,0.213,,,,,,196.0,0.0,1.0,1.0,7.7,3.0,0.0,1.0,0.0,,,,0.0,179.0,0.0,35.8,,,,,,,,,,,,,,,,0.5383244206773619,,
Marcell Ateman,2018,76.5,216.0,9.88,32.88,4.62,1.55,34.0,121.0,7.07,4.25,13.0,25.946943483275664,94.82347013259346,44.083333333333336,11.32,8,0,0,0,1,228.0,0,5.429345628954441,7.0,23.293634496919918,1,0.2223599365326979,0.2223599365326979,0.0383439844401222,0.2285036568491796,0.2285036568491796,2466.0,1156.0,146.0,16.89041095890411,82.0,0.08904109589041095,1.0,4.0,1.0,0.0,0.0,2.0,0.1840159520925757,1.5091383812010444,18.0,23.080082135523615,0.0383439844401222,0.0425531914893617,23.080082135523615,0.0,1.152,1.152,0.8739999999999999,1.145,0.082,0.082,42.2,19.1,23.0,0.88,42.2,45.0,1.0,0.0,1.0,10.0,37.0,1.0,0.0,0.0,4.0,0.9047,265.0,1.0,,,,0.9626334519572953,0.8620996441281139,0.825925925925926,0.8240740740740741,0.13223938223938225,0.39389920424403185,0.29577464788732394,0.35612244897959183,0.3446866485013624,0.572538860103627,0.3786407766990291,0.2966804979253112,52.044296355542244,0.34351262452198167,0.7271020249611548,0.20855614973262032,0.5934182590233545,-0.3848621092907342
Kaelin Clay,2015,69.63,195.0,9.0,30.88,4.51,1.64,33.0,113.0,6.97,4.26,10.0,28.274644033091022,94.26672941992533,42.416666666666664,11.23,8,0,0,0,0,184.0,0,5.214935757608986,6.0,22.99794661190965,1,0.2017509727626459,0.2017509727626459,0.2017509727626459,0.2035019455252918,0.2035019455252918,523.0,523.0,43.0,12.162790697674419,78.0,0.09302325581395349,4.0,1.0,1.0,0.0,1.0,1.0,0.0,1.0,22.0,22.784394250513348,0.0,0.0,22.784394250513348,0.0,0.256,0.256,0.256,0.337,0.078,0.078,29.1,8.8,23.0,0.867,29.1,47.0,1.0,0.0,1.0,6.9,18.0,1.0,1.0,0.0,,,,,894.0,4.0,19.866666666666667,0.09074733096085409,0.3540925266903915,0.20185185185185187,0.25,0.46621621621621623,0.025198938992042442,0.20020120724346077,0.04897959183673469,0.5422343324250681,0.538860103626943,0.35825242718446604,0.15767634854771784,26.952590629797886,0.20247774208822053,0.18570009751404168,0.14260249554367202,,
Charone Peake,2016,74.38,209.0,9.25,34.0,4.45,1.62,35.5,122.0,6.96,4.46,12.0,26.55762676216064,106.59485369673038,45.666666666666664,11.42,8,1,0,0,0,241.0,0,5.484796933490655,7.0,23.208761122518823,1,0.153294567312404,0.153294567312404,0.0089827935222672,0.1637319917676652,0.1637319917676652,1172.0,716.0,99.0,11.83838383838384,64.0,0.10101010101010101,-9.0,5.0,0.0,0.0,0.0,2.0,0.14431177379013682,4.162790697674419,18.0,99.0,0.0089827935222672,0.0455692418081798,22.99520876112252,0.0,1.01,0.564,0.7120000000000001,1.01,0.064,0.064,41.9,24.0,17.2,0.807,41.9,16.0,1.0,0.0,1.0,8.4,35.0,1.0,1.0,0.0,4.0,0.9785,37.0,1.0,22.0,0.0,11.0,0.7330960854092526,0.7170818505338078,0.40555555555555556,0.9685185185185186,0.668918918918919,0.042440318302387266,0.48893360160965793,0.4204081632653061,0.5653950953678474,0.12435233160621761,0.8262135922330097,0.47614107883817425,53.64212591798879,0.5785184523693245,0.6490259402732461,0.05525846702317291,0.9150743099787686,-0.8598158429555957
Dylan Cantrell,2018,74.88,226.0,9.25,31.38,4.59,1.56,38.5,130.0,6.56,4.03,18.0,28.335579091789032,101.83280172266045,49.333333333333336,10.59,8,0,1,1,1,191.0,0,5.25227342804663,6.0,23.509924709103355,1,0.1940525587828492,0.1940525587828492,0.0211390528406388,0.1881051175656984,0.1881051175656984,1873.0,816.0,158.0,11.854430379746836,54.0,0.11392405063291139,3.0,4.0,0.0,0.0,0.0,2.0,0.1729135059422104,1.208888888888889,19.0,99.0,0.0211390528406388,0.0620282459055305,23.29637234770705,0.0,0.552,0.516,0.506,0.552,0.111,0.111,34.4,4.8,28.3,0.857,34.4,44.0,1.0,0.0,1.0,8.0,33.0,0.0,0.0,0.0,3.0,0.8747,452.0,0.0,,,,0.8051601423487544,0.9635231316725978,0.40555555555555556,0.38333333333333336,0.20077220077220076,0.2957559681697613,0.8118712273641852,0.8714285714285714,0.9959128065395095,0.9676165803108808,0.6679611650485436,0.8298755186721992,68.32305167680079,0.7837536546137668,0.6014800646504571,0.1265597147950089,0.4681528662420382,-0.3415931514470293
Omar Bayless,2020,72.75,212.0,9.0,31.88,4.62,1.55,36.0,123.0,7.35,4.5,11.0,28.15951630235826,93.06747994495284,46.25,11.85,8,0,0,0,0,270.0,1,5.598421958998375,8.0,23.044490075290895,1,0.4340347727801602,0.4340347727801602,0.0423927512555212,0.408610086100861,0.408610086100861,2783.0,1661.0,177.0,15.72316384180791,92.0,0.14689265536723164,-3.0,4.0,1.0,1.0,1.0,1.0,0.391642021524639,2.9346289752650176,19.0,22.830937713894592,0.0,0.0423927512555212,22.830937713894592,0.0,0.979,0.979,0.5862499999999999,1.003,0.139,0.139,30.1,-2.9,34.2,,30.1,88.0,0.0,1.0,1.0,9.5,27.0,0.0,0.0,0.0,3.0,0.8133,1776.0,0.0,,,,0.445729537366548,0.7820284697508897,0.20185185185185187,0.5351851851851852,0.13223938223938225,0.39389920424403185,0.5543259557344065,0.48775510204081635,0.04904632152588556,0.08937823834196891,0.31844660194174756,0.5435684647302904,37.7787859579417,0.4535092199056568,0.4342731325344979,0.9019607843137255,0.1316348195329087,0.7703259647808168
Michael Rector,2017,72.13,193.0,9.25,32.5,4.42,1.48,36.5,129.0,6.77,4.19,13.0,26.07838962604471,101.13424281413464,47.25,10.96,8,1,0,1,0,270.0,1,5.598421958998375,8.0,,1,0.2109331084879145,0.1892509727626459,0.1491983296386039,0.1885328836424958,0.1785019455252918,1681.0,559.0,104.0,16.16346153846154,53.0,0.14423076923076922,110.0,4.0,1.0,0.0,0.0,3.0,0.040052643124042,0.6565295169946332,,,,,,,2.04,0.384,0.80575,2.01,0.077,0.077,44.5,22.8,24.5,0.851,31.2,13.0,1.0,0.0,1.0,9.4,27.0,1.0,1.0,0.0,3.0,0.8267,1282.0,0.0,58.0,0.0,9.666666666666666,0.37455516014234874,0.31494661921708184,0.40555555555555556,0.7324074074074074,0.7847490347490348,0.9602122015915119,0.6247484909456741,0.8428571428571429,0.8651226158038147,0.7202072538860104,0.6427184466019418,0.6753112033195021,66.19492610064188,0.7034413601349195,0.5343166535127465,0.17290552584670232,0.22505307855626328,-0.05214755270956095
Tello Luckett,2015,,,,,,,,,,,,,,,,0,0,0,0,0,270.0,1,5.598421958998375,8.0,,0,,,,,,,,,,,,,,,,,,,,,,,,,,,,,,,,,,,,,,,,,,,,,,,,,,,,,,,,,,,,,,,,,,,,,,
Billy Brown,2017,75.38,254.0,10.38,33.0,4.7,1.55,29.0,118.0,6.9,4.14,23.0,31.425107746293815,104.10516589096704,38.833333333333336,11.04,8,0,0,1,1,270.0,1,5.598421958998375,8.0,23.786447638603697,0,,,,,,,,,,,,,,,,,,,,,,,,,,,,,,,,,,,,,,,,,,,,,,,,,,,,,0.8629893238434164,1.0,0.9722222222222222,0.850925925925926,0.04343629343629344,0.39389920424403185,0.013078470824949699,0.19387755102040816,0.6580381471389646,0.8380829015544041,0.7533980582524272,0.01867219917012448,54.9885024802764,0.3201180266992617,0.6748039857041286,,,
Tyre Brady,2019,74.88,211.0,9.75,33.63,4.76,,32.0,117.0,7.24,4.25,12.0,26.454899063572945,82.20242698989564,41.75,11.49,8,0,0,0,1,270.0,1,5.598421958998375,8.0,,1,0.3943139574180466,0.3943139574180466,0.0433074505453873,0.3386279148360933,0.3386279148360933,2056.0,1002.0,142.0,14.47887323943662,76.0,0.1267605633802817,14.0,3.0,2.0,2.0,1.0,1.0,0.3510065068726593,1.0636942675159236,,,,,,,0.597,0.304,0.498,0.597,0.143,0.143,22.0,1.0,20.5,0.971,22.0,87.0,0.0,1.0,2.0,7.5,15.0,0.0,1.0,1.0,3.0,0.8558,748.0,0.0,-8.0,0.0,-8.0,0.8051601423487544,0.7588967971530249,0.7546296296296297,0.9425925925925925,0.016409266409266408,,0.12173038229376258,0.15816326530612246,0.12670299727520437,0.572538860103627,0.05825242718446602,0.11514522821576763,40.27474171374743,0.11271535826145036,0.6560281867161849,0.8413547237076648,0.36942675159235666,0.4719279721153082
Speedy Noil,2017,71.13,199.0,9.25,30.0,4.45,,43.5,133.0,,,18.0,27.650486950538305,101.49462146243707,54.583333333333336,,6,1,1,0,0,270.0,1,5.598421958998375,8.0,,1,0.1375097663186306,0.0889900512511305,0.1375097663186306,0.1468144044321329,0.097980102502261,1134.0,583.0,88.0,12.886363636363637,48.0,0.10227272727272728,10.0,3.0,0.0,0.0,0.0,4.0,-0.048519715067500094,0.5574614065180102,,,,,,,0.576,0.345,0.3506666666666667,0.572,0.082,0.069,43.6,20.2,26.3,0.794,37.2,9.0,1.0,0.0,1.0,8.3,23.0,1.0,1.0,0.0,5.0,0.9952,10.0,1.0,1178.0,0.0,19.311475409836067,0.23754448398576514,0.4430604982206406,0.40555555555555556,0.08981481481481482,0.668918918918919,,0.993963782696177,0.9418367346938775,,,0.654368932038835,0.991701244813278,60.297388508198466,0.8633898164762965,0.4317196592630781,0.0392156862745098,0.9819532908704883,-0.9427376045959786
Alonzo Russell,2016,75.63,206.0,9.5,33.88,4.54,1.56,29.5,112.0,7.17,4.33,12.0,25.318288516703863,96.97812980212043,38.833333333333336,11.5,8,0,0,0,0,270.0,1,5.598421958998375,8.0,23.255304585900067,1,0.3052631578947368,0.2059453227931488,0.2789538322317922,0.2947497697267424,0.2035573122529644,3076.0,960.0,202.0,15.227722772277227,66.0,0.1188118811881188,0.0,4.0,4.0,1.0,0.0,2.0,-0.0730085094386434,0.64375,19.0,20.043805612594113,0.0,0.2789538322317922,23.041752224503764,0.0,0.796,0.796,0.7083333333333334,0.825,0.086,0.075,30.1,-4.0,35.5,0.955,30.4,74.0,0.0,1.0,1.0,6.1,5.0,0.0,1.0,0.0,3.0,0.8504,783.0,0.0,24.0,0.0,8.0,0.8896797153024911,0.6548042704626335,0.5944444444444444,0.962037037037037,0.37065637065637064,0.2957559681697613,0.025150905432595575,0.02959183673469388,0.20572207084468666,0.344559585492228,0.47766990291262135,0.01867219917012448,40.57286922216407,0.1774708816933036,0.6178280255541421,0.49376114081996436,0.35668789808917195,0.1370732427307924
Marquez North,2016,74.5,223.0,10.25,33.38,4.48,1.53,35.0,123.0,7.22,4.13,17.0,28.245394351605785,110.71916522209166,45.25,11.35,8,0,0,0,1,270.0,1,5.598421958998375,8.0,20.698151950718685,1,0.1669824827353882,0.0112316034082106,0.1669824827353882,0.2506316321374431,0.0224632068164213,874.0,496.0,74.0,11.81081081081081,48.0,0.06756756756756757,9.0,3.0,0.0,0.0,1.0,11.0,-0.1557508793271776,0.11693548387096774,18.0,99.0,0.1669824827353882,0.1669824827353882,20.484599589322382,1.0,0.884,0.121,0.5499999999999999,0.872,0.076,0.046,29.2,5.1,26.1,0.8,35.7,19.0,1.0,0.0,1.0,6.3,10.0,0.0,0.0,0.0,4.0,0.9597,88.0,1.0,,,,0.7508896797153025,0.9421708185053381,0.9537037037037037,0.9064814814814814,0.5675675675675675,0.616710875331565,0.42655935613682094,0.48775510204081635,0.1444141689373297,0.8601036269430051,0.9029126213592233,0.43257261410788383,66.59868013191698,0.6057423598456202,0.7594085552593272,0.07308377896613191,0.7951167728237792,-0.7220329938576473
Adam Humphries,2015,,,,,,,,,,,,,,,,0,0,0,0,0,270.0,1,5.598421958998375,8.0,21.522245037645447,1,0.0814146976964528,0.0299647473560517,0.0164473684210526,0.1115473441108545,0.0599294947121034,1097.0,483.0,127.0,8.637795275590552,60.0,0.023622047244094488,24.0,4.0,0.0,0.0,0.0,4.0,0.013517378934999099,0.422360248447205,18.0,99.0,0.0459848122458741,0.0814146976964528,21.308692676249144,0.0,0.663,0.161,0.41200000000000003,0.663,0.048,0.047,42.4,24.5,19.6,0.839,29.0,20.0,1.0,0.0,1.0,9.3,34.0,1.0,1.0,0.0,3.0,0.8086,1402.0,0.0,503.0,1.0,7.084507042253521,,,,,,,,,,,,,,,,0.0142602495543672,0.19957537154989385,-0.18531512199552666
Dontario Drummond,2022,72.88,215.0,9.25,31.5,4.65,1.55,34.0,122.0,,,,28.456209988661573,91.97221460577317,44.166666666666664,,5,0,0,0,0,270.0,1,5.598421958998375,8.0,24.361396303901437,1,0.3343328935268481,0.3343328935268481,0.0403780068728522,0.2877134061013154,0.2877134061013154,1633.0,1028.0,114.0,14.324561403508772,67.0,0.13157894736842105,40.0,3.0,1.0,1.0,1.0,1.0,0.2939548866539959,2.4652278177458036,21.0,24.147843942505133,0.0,0.0,24.147843942505133,0.0,0.964,0.895,0.8593333333333333,0.964,0.104,0.104,36.8,14.8,22.4,,36.8,34.0,1.0,0.0,1.0,8.7,20.0,1.0,1.0,0.0,2.0,0.7867,2474.0,0.0,84.0,0.0,9.333333333333334,0.46174377224199287,0.8416370106761566,0.40555555555555556,0.41944444444444445,0.08204633204633205,0.39389920424403185,0.29577464788732394,0.4204081632653061,,,0.287378640776699,0.30809128630705396,39.15979057444897,0.334520483976443,0.39562960503232925,0.6399286987522281,0.05307855626326964,0.5868501424889585
Jake Wienke,2018,,,,,,,,,,,,,,,,0,0,0,0,0,270.0,1,5.598421958998375,8.0,,0,,,,,,,,,,,,,,,,,,,,,,,,,,,,,,,,,,,,,,,,,,,,,,,,,,,,,,,,,,,,,,,,,,,,,,
Trishton Jackson,2020,72.75,197.0,9.75,32.38,4.5,1.53,36.0,117.0,,,,26.167097696059326,96.08291418991007,45.75,,5,0,0,0,0,270.0,1,5.598421958998375,8.0,21.815195071868583,1,0.416303971325733,0.416303971325733,0.0429949498934743,0.3543470730862487,0.3543470730862487,1282.0,1023.0,86.0,14.906976744186046,85.0,0.1511627906976744,-3.0,4.0,1.0,1.0,1.0,1.0,0.3733090214322587,7.153846153846154,18.0,21.60164271047228,0.0429949498934743,0.0429949498934743,21.60164271047228,0.0,1.481,0.613,0.912,1.481,0.114,0.114,24.5,-3.0,29.6,,24.5,51.0,1.0,0.0,2.0,7.0,19.0,0.0,0.0,1.0,4.0,0.9163,223.0,1.0,,,,0.445729537366548,0.40213523131672596,0.7546296296296297,0.7037037037037037,0.5057915057915058,0.616710875331565,0.5543259557344065,0.15816326530612246,,,0.4349514563106796,0.487551867219917,50.636930277108036,0.38248022578373614,0.6145972066085719,0.8698752228163993,0.6326963906581741,0.23717883215822522
Greg Ward,2017,70.5,182.0,9.88,31.125,4.59,,34.5,115.0,6.9,4.31,10.0,25.742367084150697,82.00694652001859,44.083333333333336,11.21,8,0,0,1,0,270.0,1,5.598421958998375,8.0,21.475701574264203,1,0.0509986264246204,-0.0007788161993769,0.0296910702860798,0.0464416972936852,-0.0015576323987538,228.0,139.0,25.0,9.12,36.0,0.08,1267.0,3.0,0.0,0.0,0.0,20.0,-0.030469886485456697,-0.04316546762589928,18.0,99.0,0.0509986264246204,0.0509986264246204,21.2621492128679,1.0,,,,,,,30.4,5.4,23.6,0.952,30.8,57.0,0.0,1.0,1.0,7.6,12.0,0.0,1.0,0.0,3.0,0.845,935.0,0.0,69.0,0.0,6.2727272727272725,0.16370106761565836,0.11565836298932385,0.825925925925926,0.29814814814814816,0.20077220077220076,,0.35714285714285715,0.09489795918367347,0.6580381471389646,0.4067357512953368,0.05631067961165048,0.2966804979253112,31.581923615900457,0.16945049864606035,0.41122949970814743,0.0017825311942959,0.29723991507430997,-0.2954573838800141
Trevon Grimes,2021,76.0,220.0,9.625,31.375,4.5,,35.0,118.0,7.0,4.26,15.0,26.77631578947368,107.3007163542143,44.833333333333336,11.26,8,0,0,0,1,270.0,1,5.598421958998375,8.0,,1,0.1626510924594933,0.1626510924594933,0.0027181299266104,0.1296500110059432,0.1296500110059432,1464.0,589.0,100.0,14.64,66.0,0.14,0.0,4.0,0.0,0.0,0.0,3.0,0.1599329625328829,1.19959266802444,,,,,,,0.972,0.833,0.69575,1.013,0.08,0.08,43.3,19.8,23.9,,43.3,9.0,1.0,0.0,2.0,9.8,43.0,1.0,0.0,1.0,4.0,0.9806,41.0,1.0,,,,0.9270462633451957,0.9083629893238434,0.6592592592592592,0.3648148148148148,0.5057915057915058,,0.42655935613682094,0.19387755102040816,0.47275204359673023,0.538860103626943,0.8427184466019417,0.3921161825726141,56.65598650990981,0.48771845125305696,0.5944199233890226,0.0677361853832442,0.9012738853503185,-0.8335376999670743
Davon Grayson,2018,72.75,199.0,9.38,31.38,4.51,1.53,34.5,124.0,7.14,4.4,19.0,26.43275351023252,96.20040592084688,44.833333333333336,11.54,8,0,0,0,0,270.0,1,5.598421958998375,8.0,22.324435318275153,1,0.2315051920556508,0.2315051920556508,0.0777759169318372,0.2322411533420707,0.2322411533420707,1767.0,886.0,135.0,13.088888888888889,75.0,0.0962962962962963,40.0,4.0,1.0,0.0,0.0,2.0,0.15372927512381357,1.9776785714285714,17.0,22.11088295687885,0.0777759169318372,0.1377989417989418,22.11088295687885,0.0,0.855,0.855,0.5315000000000001,0.891,0.104,0.104,27.2,-14.0,41.8,0.914,27.2,79.0,0.0,1.0,1.0,7.0,16.0,1.0,1.0,0.0,2.0,0.7793,2314.0,0.0,49.0,0.0,24.5,0.445729537366548,0.4430604982206406,0.5064814814814815,0.38333333333333336,0.46621621621621623,0.616710875331565,0.35714285714285715,0.573469387755102,0.2356948228882834,0.2033678756476684,0.4368932038834951,0.3921161825726141,42.168468931998376,0.45583514959381816,0.423171802331055,0.23885918003565063,0.06581740976645435,0.17304177026919626
Brennan Eagles,2021,75.0,225.0,,,4.55,,36.5,125.0,6.93,4.42,,28.12,104.99459124737966,46.916666666666664,11.35,5,0,0,0,1,270.0,1,5.598421958998375,8.0,,1,0.1631464371177878,0.1618450999642984,0.0048382637544926,0.1674401999285969,0.1674401999285969,1026.0,522.0,61.0,16.81967213114754,73.0,0.18032786885245902,0.0,3.0,0.0,0.0,0.0,2.0,0.15700683620980582,0.8984674329501916,,,,,,,3.601,0.539,1.5803333333333331,3.601,0.071,0.071,38.7,12.0,28.5,,34.8,3.0,1.0,0.0,1.0,8.1,32.0,1.0,0.0,0.0,4.0,0.9699,61.0,1.0,,,,0.8238434163701067,0.9564056939501779,,,0.3310810810810811,,0.6247484909456741,0.6551020408163265,0.6253405994550408,0.17357512953367876,0.7825242718446602,0.6358921161825726,62.31680933532577,0.687458267868887,0.7242959536578903,0.06951871657754011,0.8630573248407644,-0.7935386082632243
Kendrick Rogers,2020,76.0,204.0,9.13,33.13,4.51,1.48,35.5,124.0,7.13,4.48,17.0,24.828947368421055,98.61750154699881,45.833333333333336,11.61,8,0,0,0,0,270.0,1,5.598421958998375,8.0,43.22518822724162,1,0.1512977099236641,0.102807486631016,0.0151561543172075,0.1147058823529411,0.1147058823529411,786.0,351.0,68.0,11.558823529411764,30.0,0.10294117647058823,0.0,3.0,0.0,0.0,0.0,4.0,0.0876513323138085,1.0446428571428572,40.0,99.0,0.0,0.0,43.011635865845314,0.0,0.558,0.516,0.5,0.641,0.065,0.065,34.0,15.0,19.4,,34.0,17.0,1.0,0.0,1.0,6.9,20.0,1.0,0.0,0.0,3.0,0.8761,453.0,0.0,,,,0.9270462633451957,0.5854092526690391,0.31574074074074077,0.8768518518518519,0.46621621621621623,0.9602122015915119,0.48893360160965793,0.573469387755102,0.2561307901907357,0.10362694300518134,0.5398058252427185,0.4979253112033195,54.92806987851059,0.5340696048691594,0.6521431143868616,0.053475935828877004,0.46496815286624205,-0.41149221703736505
Slade Bolden,2022,70.63,193.0,9.75,29.38,4.66,1.63,32.0,116.0,,,,27.197827910288765,81.85470316127149,41.666666666666664,,5,0,0,0,0,270.0,1,5.598421958998375,8.0,22.93223819301848,1,0.0714628917800118,0.0714628917800118,0.0038210833895257,0.0804257835600236,0.0804257835600236,712.0,408.0,68.0,10.470588235294118,30.0,0.058823529411764705,11.0,3.0,0.0,0.0,0.0,4.0,0.0676418083904861,1.511111111111111,20.0,99.0,0.0,0.0,22.718685831622178,0.0,1.355,0.511,0.79,2.217,0.05,0.05,40.9,26.0,15.6,,40.9,2.0,1.0,0.0,1.0,8.9,47.0,1.0,1.0,0.0,3.0,0.8796,495.0,0.0,203.0,0.0,7.8076923076923075,0.17704626334519574,0.31494661921708184,0.7546296296296297,0.053703703703703705,0.07239382239382239,0.03183023872679045,0.12173038229376258,0.12346938775510204,,,0.05436893203883495,0.1078838174273859,18.120027965313092,0.0998562340292332,0.2767774947430729,0.0106951871657754,0.4394904458598726,-0.42879525869409724
Devon Williams,2022,77.0,210.0,9.88,34.13,4.65,1.59,33.0,133.0,,,,24.89964580873672,89.833325894011,44.083333333333336,,5,0,0,0,1,270.0,1,5.598421958998375,8.0,,1,0.1898967075532601,0.1898967075532601,0.0425989021389362,0.1797934151065203,0.1797934151065203,941.0,557.0,55.0,17.10909090909091,60.0,0.12727272727272726,0.0,4.0,0.0,0.0,1.0,1.0,0.1472978054143239,1.9475524475524475,,,,,,,1.425,0.834,1.04125,1.425,0.072,0.07,35.0,10.2,26.0,,35.0,12.0,1.0,0.0,2.0,7.7,18.0,1.0,0.0,1.0,4.0,0.9791,40.0,1.0,,,,0.9839857651245552,0.7402135231316725,0.825925925925926,0.9768518518518519,0.08204633204633205,0.11671087533156499,0.20020120724346077,0.9418367346938775,,,0.22330097087378642,0.2966804979253112,53.87753684148338,0.4551129709370416,0.7467411875364485,0.11586452762923351,0.9055201698513801,-0.7896556422221466
Chris Lacy,2018,75.0,205.0,9.75,31.25,4.51,1.52,33.5,120.0,7.29,4.6,11.0,25.620444444444445,99.1009206722292,43.5,11.89,8,0,0,0,0,270.0,1,5.598421958998375,8.0,21.927446954141,1,0.1096076606583072,0.0260921130658232,0.0074626865671641,0.1157670454545454,0.0521842261316465,920.0,489.0,63.0,14.603174603174603,63.0,0.07936507936507936,26.0,4.0,0.0,0.0,0.0,6.0,0.0186294264986591,0.5398773006134969,18.0,99.0,0.0074626865671641,0.0416404767090892,21.713894592744694,0.0,1.046,0.552,0.6555000000000001,1.046,0.048,0.037,42.4,16.4,27.0,0.879,42.2,40.0,1.0,0.0,1.0,9.1,28.0,1.0,1.0,0.0,3.0,0.8497,864.0,0.0,97.0,0.0,16.166666666666668,0.8238434163701067,0.6192170818505338,0.7546296296296297,0.34074074074074073,0.46621621621621623,0.7320954907161804,0.24647887323943662,0.29183673469387755,0.0885558583106267,0.015544041450777202,0.5660194174757281,0.254149377593361,43.32772398572679,0.3681116751363474,0.5414231649949784,0.023172905525846704,0.32590233545647557,-0.30272942993062885
Johnny Holton,2016,72.63,190.0,9.88,32.88,4.54,1.69,31.5,123.0,6.9,4.2,8.0,25.320765877245304,89.44584787574215,41.75,11.100000000000001,8,0,0,1,0,270.0,1,5.598421958998375,8.0,24.361396303901437,1,0.1354695595138955,0.1354695595138955,0.1260270006152955,0.1091968583734481,0.0985253259243428,892.0,461.0,46.0,19.391304347826086,78.0,0.21739130434782608,0.0,2.0,0.0,0.0,0.0,6.0,0.00944255889859999,1.0696055684454757,22.0,99.0,0.0,0.0,24.147843942505133,0.0,0.999,0.999,0.7869999999999999,0.999,0.051,0.048,34.4,5.3,28.2,0.932,34.4,65.0,0.0,1.0,1.0,8.8,19.0,0.0,1.0,0.0,,,,,942.0,0.0,20.933333333333334,0.42704626334519574,0.2526690391459075,0.825925925925926,0.8240740740740741,0.37065637065637064,0.006631299734748011,0.096579476861167,0.48775510204081635,0.6580381471389646,0.689119170984456,0.21359223300970873,0.11514522821576763,41.39360275944251,0.265975603970564,0.5434064350515907,0.0374331550802139,,
Byron Marshall,2016,69.38,201.0,9.5,30.25,4.56,,29.5,111.0,6.99,4.19,17.0,29.355047768560993,92.97510605578763,38.75,11.18,8,0,0,0,0,270.0,1,5.598421958998375,8.0,21.880903490759753,1,0.1751798979769963,0.0483197068962405,0.0024238227146814,0.2139961595903563,0.0360333531864204,1293.0,1003.0,97.0,13.329896907216495,77.0,0.08247422680412371,1877.0,4.0,0.0,0.0,1.0,8.0,0.0458958841815591,0.12063808574277168,18.0,99.0,0.0024238227146814,0.0204539456320929,21.66735112936345,0.0,0.472,0.424,0.3263333333333333,0.711,0.206,0.04,48.1,24.7,23.2,0.844,46.7,19.0,1.0,0.0,1.0,10.0,42.0,1.0,1.0,0.0,,,,,450.0,0.0,23.68421052631579,0.07562277580071175,0.49377224199288255,0.5944444444444444,0.1259259259259259,0.29633204633204635,,0.025150905432595575,0.017346938775510204,0.5,0.7202072538860104,0.3106796116504854,0.014522821576763486,28.854590598339776,0.1177258186195304,0.2052860129009194,0.09269162210338681,,
Mekale McKay,2016,75.63,207.0,9.5,30.63,4.55,1.53,35.0,123.0,7.09,4.63,12.0,25.441192829891744,96.59502394758928,45.25,11.719999999999999,8,0,0,0,0,270.0,1,5.598421958998375,8.0,22.409308692676248,1,0.2061276195302037,0.0886610018350517,0.0872869949768067,0.1836838104889789,0.108356486428724,2034.0,725.0,108.0,18.833333333333332,88.0,0.17592592592592593,1.0,4.0,1.0,0.0,0.0,4.0,0.001374006858245,0.6993103448275862,18.0,21.196440793976727,0.0872869949768067,0.1864390676463136,22.195756331279945,0.0,2.014,0.751,1.1463333333333332,2.323,0.081,0.054,36.3,6.9,29.8,0.92,34.4,60.0,0.0,1.0,2.0,8.3,31.0,0.0,0.0,1.0,3.0,0.8522,859.0,0.0,,,,0.8896797153024911,0.6797153024911032,0.5944444444444444,0.2037037037037037,0.3310810810810811,0.616710875331565,0.42655935613682094,0.48775510204081635,0.30381471389645776,0.010362694300518135,0.4621359223300971,0.43257261410788383,45.321129376391525,0.45881679350257815,0.5285968048968651,0.1532976827094474,0.32908704883227174,-0.17578936612282434
Javon McKinley,2021,,,,,,,,,,,,,,,,0,0,0,0,0,270.0,1,5.598421958998375,8.0,22.729637234770706,1,0.2258336258336258,0.2258336258336258,0.0949326385567996,0.2516672516672517,0.2516672516672517,985.0,717.0,53.0,18.58490566037736,65.0,0.1320754716981132,15.0,2.0,1.0,0.0,1.0,1.0,0.1309009872768262,2.675373134328358,21.0,22.5160848733744,0.0,0.0,22.5160848733744,0.0,1.586,0.755,1.1705,1.586,0.076,0.076,38.3,21.0,17.3,,38.3,16.0,1.0,0.0,1.0,8.0,15.0,1.0,0.0,0.0,4.0,0.9493,108.0,1.0,,,,,,,,,,,,,,,,,,,0.21568627450980393,0.7643312101910829,-0.5486449356812789
Tony Brown,2020,73.0,198.0,,,4.65,,33.5,119.0,7.21,4.27,14.0,26.12009757928317,84.6999929857818,43.416666666666664,11.48,6,0,0,0,0,135.0,0,4.90527477843843,5.0,49.63175906913073,1,0.2625767825207993,0.2625767825207993,0.0375926095307783,0.2473757872638208,0.2473757872638208,1418.0,707.0,115.0,12.330434782608696,53.0,0.06086956521739131,33.0,4.0,1.0,0.0,0.0,2.0,0.224984172990021,2.123123123123123,45.0,49.41820670773443,0.0,0.0,49.41820670773443,0.0,0.701,0.701,0.47124999999999995,0.746,0.088,0.088,30.1,-4.1,34.7,,30.1,53.0,1.0,0.0,2.0,6.9,17.0,0.0,1.0,1.0,3.0,0.8795,430.0,0.0,15.0,0.0,15.0,0.4893238434163701,0.4225978647686833,,,0.08204633204633205,,0.24647887323943662,0.2357142857142857,0.1553133514986376,0.5051813471502591,0.0970873786407767,0.2437759336099585,27.527991223163777,0.19309351253149967,0.3679013583279034,0.33689839572192515,0.4830148619957537,-0.14611646627382857
Bralon Addison,2016,69.25,197.0,9.13,29.5,4.66,1.59,34.5,116.0,6.83,4.14,13.0,28.87898969099037,83.55117369311131,44.166666666666664,10.969999999999999,8,0,0,1,0,270.0,1,5.598421958998375,8.0,22.220396988364133,1,0.2712292670601187,0.2712292670601187,0.0849277799762564,0.2394282310899345,0.2394282310899345,1937.0,890.0,146.0,13.267123287671232,75.0,0.136986301369863,103.0,3.0,2.0,0.0,1.0,1.0,0.1863014870838623,0.903370786516854,18.0,20.008213552361397,0.0849277799762564,0.2268202362100818,22.00684462696783,0.0,0.99,0.468,0.729,1.027,0.107,0.107,46.8,28.7,18.1,0.883,46.7,14.0,1.0,0.0,1.0,9.5,31.0,1.0,1.0,0.0,4.0,0.9602,86.0,1.0,668.0,3.0,13.36,0.06583629893238434,0.40213523131672596,0.31574074074074077,0.05740740740740741,0.07239382239382239,0.11671087533156499,0.35714285714285715,0.12346938775510204,0.7888283378746594,0.8380829015544041,0.08155339805825243,0.30809128630705396,29.394937873458126,0.18738854765207055,0.1990318260558474,0.3778966131907308,0.802547770700637,-0.4246511575099062
Cam Worthy,2015,74.25,211.0,10.13,33.5,4.59,,,,,,12.0,26.90573524243558,95.07398744903254,,,4,0,0,0,1,270.0,1,5.598421958998375,8.0,22.7378507871321,1,0.1695833472328785,0.1695833472328785,0.0631552503768213,0.2101344364012409,0.2101344364012409,1311.0,1016.0,74.0,17.716216216216218,53.0,0.08108108108108109,0.0,2.0,0.0,0.0,0.0,2.0,0.10642809685605718,3.4440677966101694,21.0,99.0,0.0,0.0,22.524298425735797,0.0,1.16,0.743,0.9515,1.16,0.1,0.1,34.7,8.5,24.6,0.937,34.7,73.0,0.0,1.0,1.0,7.7,30.0,0.0,0.0,0.0,,,,,,,,0.7135231316725978,0.7588967971530249,0.9277777777777778,0.9268518518518518,0.20077220077220076,,,,,,0.39223300970873787,,65.33424614893651,0.39223300970873787,0.8560509204340758,0.0766488413547237,,
Keon Hatcher,2017,73.25,212.0,9.5,32.0,4.64,1.61,,,,4.28,16.0,27.77639809432841,91.47321308645364,,,5,0,0,0,0,270.0,1,5.598421958998375,8.0,22.308008213552363,1,0.2969796045461622,0.2620290309573944,0.0246412863220131,0.2606258757589911,0.216365754222481,1866.0,743.0,130.0,14.353846153846154,73.0,0.14615384615384616,259.0,5.0,2.0,0.0,1.0,1.0,0.2373877446353813,1.331541218637993,17.0,20.093086926762492,0.1637485970819304,0.2969796045461622,22.094455852156056,0.0,1.069,0.844,0.8929999999999999,1.153,0.128,0.083,36.2,7.9,28.9,0.824,36.2,22.0,1.0,0.0,1.0,8.6,25.0,0.0,1.0,0.0,4.0,0.9046,285.0,1.0,378.0,0.0,22.235294117647058,0.5409252669039146,0.7820284697508897,0.5944444444444444,0.5722222222222222,0.09749034749034749,0.05702917771883289,,,,0.47020725388601037,0.2757281553398058,,42.37594172195584,0.2757281553398058,0.5691973111901937,0.47237076648841353,0.5753715498938429,-0.10300078340542934
Duke Williams,2016,74.25,229.0,9.25,32.5,4.72,1.59,30.0,121.0,7.43,4.47,14.0,29.20101123468127,92.27785344515198,40.083333333333336,11.899999999999999,8,0,0,0,1,105.0,0,4.653960350157523,4.0,25.21286789869952,0,,,,,,,,,,,,,,,,,,,,,,,,,,,,,,,,,,,,,,,,,,,,,,,,,,,,,0.7135231316725978,0.9866548042704626,0.40555555555555556,0.7324074074074074,0.03088803088803089,0.11671087533156499,0.04024144869215292,0.35612244897959183,0.025885558583106268,0.11139896373056994,0.2970873786407767,0.0487551867219917,32.21025658728174,0.23115042543750716,0.4729318858319284,,,
Robert Foster,2018,73.63,196.0,9.25,32.13,4.41,1.56,31.0,116.0,6.9,4.2,,25.415683606133342,103.64102731064271,40.666666666666664,11.100000000000001,7,1,0,1,0,270.0,1,5.598421958998375,8.0,23.655030800821354,1,0.0624783200362889,0.0499841738763452,0.0056555269922879,0.0642540620384047,0.0642540620384047,379.0,174.0,35.0,10.82857142857143,52.0,0.08571428571428572,7.0,4.0,0.0,0.0,0.0,5.0,0.0443286468840573,1.5,20.0,99.0,0.0,0.0056555269922879,23.44147843942505,0.0,0.744,0.077,0.37525,0.744,0.048,0.042,38.7,33.5,5.6,0.842,38.7,1.0,1.0,0.0,1.0,8.2,17.0,1.0,0.0,0.0,5.0,0.9896,23.0,1.0,,,,0.6023131672597865,0.37722419928825623,0.40555555555555556,0.6277777777777778,0.8175675675675675,0.2957559681697613,0.07344064386317907,0.12346938775510204,0.6580381471389646,0.689119170984456,0.7330097087378641,0.07157676348547717,45.623733813197894,0.30997324678538174,0.42727178611407474,0.0053475935828877,0.9511677282377919,-0.9458201346549042
Stephen Guidry,2020,76.0,200.0,9.13,32.75,4.47,1.56,34.0,125.0,7.31,4.46,,24.342105263157897,100.19127395630996,44.416666666666664,11.77,7,0,0,0,0,270.0,1,5.598421958998375,8.0,22.770704996577688,1,0.2145193674284296,0.2145193674284296,0.1630094043887147,0.1896551724137931,0.1658808401200171,827.0,440.0,49.0,16.877551020408163,84.0,0.16326530612244897,0.0,2.0,1.0,0.0,1.0,2.0,0.05150996303971492,0.8795454545454545,21.0,22.55715263518138,0.0,0.0,22.55715263518138,0.0,0.69,0.69,0.6719999999999999,0.712,0.064,0.064,34.6,23.2,10.5,0.791,33.1,24.0,1.0,0.0,1.0,6.3,16.0,0.0,0.0,0.0,,,,,,,,0.9270462633451957,0.46441281138790036,0.31574074074074077,0.7944444444444444,0.6023166023166023,0.2957559681697613,0.29577464788732394,0.6551020408163265,0.07493188010899182,0.12435233160621761,0.6087378640776699,0.34024896265560167,45.82387131297313,0.5198715175937735,0.5832515241044262,0.1836007130124777,,
Darrell Stewart,2020,74.0,216.0,9.63,32.0,,,35.0,117.0,,,15.0,27.72972972972973,,44.75,,5,0,0,0,1,270.0,1,5.598421958998375,8.0,,1,0.2271693718342145,0.2271693718342145,0.0054347826086956,0.2190446260213702,0.2190446260213702,1640.0,697.0,150.0,10.933333333333334,44.0,0.04666666666666667,152.0,4.0,1.0,0.0,0.0,2.0,0.22173458922551892,1.3912175648702594,,,,,,,0.463,0.463,0.17675000000000002,0.494,0.133,0.133,24.4,7.2,16.1,,24.4,31.0,1.0,0.0,1.0,7.1,17.0,0.0,1.0,0.0,3.0,0.8614,675.0,0.0,571.0,0.0,19.033333333333335,0.6708185053380783,0.8620996441281139,0.687037037037037,0.5722222222222222,,,0.42655935613682094,0.15816326530612246,,,,0.37863070539419086,53.65043907946551,0.2923613107214717,0.5891592801835397,0.2192513368983957,0.39490445859872614,-0.17565312170033043
Steven Mitchell,2018,70.25,189.0,9.38,30.38,4.56,1.53,32.5,121.0,6.75,4.4,13.0,26.923063284406226,87.4243534554421,42.583333333333336,11.15,8,0,0,1,0,270.0,1,5.598421958998375,8.0,23.668720054757017,1,0.1538461538461538,0.1538461538461538,0.0362738057240131,0.1538461538461538,0.1538461538461538,1287.0,644.0,109.0,11.807339449541285,49.0,0.10091743119266056,7.0,4.0,0.0,0.0,0.0,3.0,0.11757234812214071,1.9223880597014926,20.0,99.0,0.0,0.0362738057240131,23.45516769336071,0.0,0.885,0.885,0.621,0.884,0.075,0.075,38.5,17.9,20.0,0.88,38.5,10.0,1.0,0.0,1.0,8.6,26.0,1.0,1.0,0.0,4.0,0.9713,67.0,1.0,93.0,0.0,13.285714285714286,0.14412811387900357,0.2313167259786477,0.5064814814814815,0.15925925925925927,0.29633204633204635,0.616710875331565,0.1579476861167002,0.35612244897959183,0.885558583106267,0.2033678756476684,0.14660194174757282,0.17531120331950206,32.32615200982754,0.22022402561462162,0.24195413518411113,0.0570409982174688,0.8503184713375797,-0.7932774731201109
Tim Jones,2021,72.75,203.0,9.5,31.375,4.47,,40.0,124.0,7.02,4.14,17.0,26.964065138578903,101.6941430656546,50.333333333333336,11.16,8,0,1,0,0,270.0,1,5.598421958998375,8.0,22.633812457221083,1,0.2802492506704527,0.2802492506704527,0.0402181458934102,0.2396386822529224,0.2271651680075721,2011.0,902.0,150.0,13.406666666666666,74.0,0.06,9.0,4.0,1.0,0.0,0.0,2.0,0.2400311047770425,0.532150776053215,19.0,22.420260095824776,0.0402181458934102,0.1165466953351407,22.420260095824776,0.0,0.976,0.976,0.706,0.976,0.119,0.119,23.6,-4.8,27.7,,24.2,80.0,0.0,1.0,1.0,8.6,19.0,0.0,1.0,0.0,3.0,0.8492,930.0,0.0,58.0,0.0,29.0,0.445729537366548,0.552491103202847,0.5944444444444444,0.3648148148148148,0.6023166023166023,,0.9104627766599598,0.573469387755102,0.4250681198910082,0.8380829015544041,0.6631067961165048,0.8858921161825726,62.326169093680086,0.7156796535105222,0.5788628933214418,0.40463458110516937,0.29936305732484075,0.10527152378032861
Quincy Adeboyejo,2017,74.75,197.0,9.38,31.75,4.42,1.48,34.5,123.0,6.73,4.14,8.0,24.78558405386964,103.23028929732914,44.75,10.870000000000001,8,1,0,1,0,270.0,1,5.598421958998375,8.0,21.60438056125941,1,0.1694093311882326,0.0788519400586084,0.0327685421994884,0.1388186623764651,0.1206668430801799,1454.0,604.0,106.0,13.716981132075471,68.0,0.10377358490566038,-1.0,4.0,0.0,0.0,0.0,4.0,0.04608339785912,0.7549668874172185,18.0,99.0,0.08732010890704,0.1694093311882326,21.39082819986311,0.0,0.689,0.243,0.39425,0.689,0.069,0.069,43.1,27.0,17.4,0.826,38.9,15.0,1.0,0.0,1.0,8.8,31.0,1.0,0.0,0.0,3.0,0.8725,477.0,0.0,,,,0.7846975088967971,0.40213523131672596,0.5064814814814815,0.49444444444444446,0.7847490347490348,0.9602122015915119,0.35714285714285715,0.48775510204081635,0.9032697547683923,0.8380829015544041,0.7194174757281553,0.37863070539419086,63.47515582590678,0.521438478303943,0.535691572991395,0.0748663101604278,0.44798301486199577,-0.373116704701568
Jeff Thomas,2020,68.88,170.0,8.38,30.38,4.45,1.51,36.5,125.0,,,,25.189408501850078,86.70394798298643,46.916666666666664,,5,1,0,0,0,270.0,1,5.598421958998375,8.0,,1,0.2078983533042409,0.1140612671949504,0.0979399099628107,0.2579019697663765,0.1170114232787897,1316.0,563.0,83.0,15.855421686746988,78.0,0.0963855421686747,64.0,3.0,1.0,0.0,1.0,4.0,0.0161213572321397,0.6731793960923623,,,,,,,0.806,0.527,0.6073333333333334,0.806,0.076,0.076,29.3,12.7,15.8,0.922,26.0,12.0,1.0,0.0,1.0,5.7,13.0,0.0,1.0,0.0,4.0,0.9807,40.0,1.0,1484.0,1.0,21.823529411764707,0.054270462633451956,0.02491103202846975,0.026851851851851852,0.15925925925925927,0.668918918918919,0.8143236074270557,0.6247484909456741,0.6551020408163265,,,0.1378640776699029,0.6358921161825726,38.02141857733483,0.47257153647730116,0.21628251617255928,0.1657754010695187,0.9055201698513801,-0.7397447687818614
Juwan Johnson,2020,76.0,230.0,10.5,34.25,4.58,1.54,33.0,124.0,6.94,4.37,14.0,27.99342105263158,104.54323134810454,43.333333333333336,11.31,8,0,0,0,1,270.0,1,5.598421958998375,8.0,23.299110198494184,1,0.1217348350128433,0.1217348350128433,0.0095890410958904,0.1858430540827147,0.1291839557399723,1590.0,701.0,111.0,14.324324324324325,59.0,0.05405405405405406,0.0,4.0,0.0,0.0,0.0,2.0,0.1121457939169529,0.666191155492154,19.0,99.0,0.0,0.0095890410958904,23.085557837097877,0.0,0.65,0.511,0.48575,0.65,0.092,0.092,41.5,26.0,14.9,0.86,35.6,20.0,1.0,0.0,2.0,8.4,28.0,1.0,1.0,1.0,4.0,0.9428,128.0,1.0,21.0,0.0,10.5,0.9270462633451957,0.9893238434163701,0.9842592592592593,0.9851851851851852,0.22876447876447875,0.4946949602122016,0.20020120724346077,0.573469387755102,0.6049046321525886,0.25,0.7689320388349514,0.23443983402489627,60.34350908494742,0.5142008779445048,0.7741729787582753,0.024955436720142603,0.7388535031847133,-0.7138980664645708
Austin Mack,2020,73.5,208.0,10.0,33.63,4.59,1.57,31.5,117.0,,4.42,,27.067240501642832,93.72222459430695,41.25,,6,0,0,0,0,270.0,1,5.598421958998375,8.0,22.33538672142368,1,0.0802456568946796,0.0802456568946796,0.0026968716289104,0.0979913137893594,0.0979913137893594,1050.0,361.0,79.0,13.291139240506329,48.0,0.0759493670886076,0.0,4.0,0.0,0.0,0.0,5.0,0.07754878526576921,1.0524781341107872,18.0,99.0,0.0026968716289104,0.0722569538823955,22.12183436002738,0.0,0.835,0.829,0.7677499999999999,0.835,0.062,0.049,44.4,35.4,10.6,,44.4,2.0,1.0,0.0,1.0,9.2,41.0,1.0,0.0,1.0,4.0,0.9649,72.0,1.0,,,,0.5845195729537367,0.6948398576512456,0.8787037037037037,0.9425925925925925,0.20077220077220076,0.22546419098143236,0.096579476861167,0.15816326530612246,,0.17357512953367876,0.3359223300970874,0.0954356846473029,39.877890955457005,0.19688835742145894,0.6255988365278,0.012477718360071301,0.8386411889596603,-0.8261634705995891
Binjimen Victor,2020,75.75,198.0,9.63,34.13,4.6,,35.0,128.0,,,9.0,24.2580139202039,88.44308017767236,45.666666666666664,,6,0,0,0,0,270.0,1,5.598421958998375,8.0,,1,0.1402687296416938,0.1402687296416938,0.0307374215141205,0.1555374592833876,0.1555374592833876,1340.0,573.0,83.0,16.14457831325301,60.0,0.21686746987951808,0.0,4.0,0.0,0.0,0.0,3.0,0.10953130812757329,1.61864406779661,,,,,,,1.196,1.196,0.9477499999999999,1.196,0.052,0.047,44.4,35.4,10.6,,44.4,2.0,1.0,0.0,1.0,9.2,41.0,1.0,0.0,0.0,4.0,0.9546,96.0,1.0,,,,0.902135231316726,0.4225978647686833,0.687037037037037,0.9768518518518519,0.17277992277992277,,0.42655935613682094,0.8061224489795918,,,0.18349514563106797,0.47614107883817425,56.15244374822085,0.4720589835824936,0.748145869085609,0.0427807486631016,0.7823779193205945,-0.739597170657493
Lawrence Cager,2020,76.75,220.0,8.88,33.38,,,,,,,,26.25555708813887,,,,2,0,0,0,1,270.0,1,5.598421958998375,8.0,22.365503080082135,1,0.2435566699616654,0.1531562607795791,0.0374838232575337,0.1713238662391204,0.1524663677130044,1157.0,476.0,78.0,14.833333333333334,52.0,0.1794871794871795,0.0,4.0,1.0,0.0,0.0,2.0,0.11567243752204541,1.2727272727272727,17.0,21.152635181382614,0.0374838232575337,0.0953831473869641,22.151950718685832,0.0,0.999,0.999,0.7895,0.999,0.07,0.07,34.2,26.8,10.0,,34.2,1.0,1.0,0.0,2.0,7.4,24.0,1.0,0.0,1.0,4.0,0.8926,341.0,1.0,,,,0.9750889679715302,0.9083629893238434,0.12685185185185185,0.9064814814814814,,,,,,,,,72.91963226571767,,0.6694741004349546,0.2709447415329768,0.5414012738853503,-0.2704565323523735
Quadree Henderson,2018,68.0,192.0,9.88,29.5,4.5,1.57,32.5,120.0,6.89,4.28,12.0,29.19031141868512,93.64426154549611,42.5,11.17,8,0,0,1,0,270.0,1,5.598421958998375,8.0,21.30321697467488,1,0.0674754634678298,0.035604900459418,0.0002017756255044,0.099236641221374,0.0712098009188361,473.0,286.0,45.0,10.511111111111111,74.0,0.022222222222222223,885.0,3.0,0.0,0.0,0.0,6.0,0.0354031248339136,0.6503496503496503,18.0,99.0,0.0002017756255044,0.0674754634678298,21.089664613278575,1.0,0.463,0.261,0.09633333333333334,0.389,0.114,0.068,43.0,13.1,29.4,0.846,31.4,46.0,1.0,0.0,1.0,9.3,27.0,1.0,1.0,0.0,3.0,0.8619,664.0,0.0,2437.0,7.0,21.954954954954953,0.019572953736654804,0.29359430604982206,0.825925925925926,0.05740740740740741,0.5057915057915058,0.22546419098143236,0.1579476861167002,0.29183673469387755,0.6839237057220708,0.47020725388601037,0.3300970873786408,0.16701244813278007,33.573176715190236,0.25996050272973953,0.2652134932966721,0.008912655971479501,0.3970276008492569,-0.3881149448777774
Bobo Wilson,2017,,,,,,,,,,,,,,,,0,0,0,0,0,270.0,1,5.598421958998375,8.0,21.935660506502394,0,,,,,,,,,,,,,,,,,,,,,,,,,,,,,,,,,,,,,,,,,,,,,,,,,,,,,,,,,,,,,,,,,,,,,,
Travin Dural,2017,73.0,202.0,9.0,32.0,4.57,1.53,30.5,116.0,7.29,4.55,,26.647776318258586,92.62251404398903,40.166666666666664,11.84,7,0,0,0,0,270.0,1,5.598421958998375,8.0,23.11841204654346,1,0.3848247514303171,0.1030432558819231,0.0656970779090993,0.3578847969782814,0.1227531784305129,1716.0,758.0,100.0,17.16,94.0,0.13,122.0,4.0,2.0,1.0,1.0,3.0,0.0373461779728238,0.36939313984168864,19.0,20.903490759753595,0.0,0.0656970779090993,22.90485968514716,0.0,1.924,0.298,0.829,1.924,0.098,0.09,34.2,21.5,13.3,0.786,34.2,6.0,1.0,0.0,1.0,7.1,11.0,0.0,1.0,0.0,4.0,0.8923,361.0,1.0,12.0,0.0,2.4,0.4893238434163701,0.5231316725978647,0.20185185185185187,0.5722222222222222,0.2606177606177606,0.616710875331565,0.05331991951710262,0.12346938775510204,0.0885558583106267,0.042746113989637305,0.3048543689320388,0.052904564315352696,27.747570323812447,0.16054789206808115,0.3291794592518867,0.8199643493761141,0.524416135881104,0.29554821349501004
DeAndrew White,2015,71.5,193.0,9.13,31.0,4.44,1.58,34.5,118.0,6.97,4.18,,26.539977505012473,99.3242796953008,44.333333333333336,11.149999999999999,7,1,0,0,0,270.0,1,5.598421958998375,8.0,23.211498973305954,1,0.149329205366357,0.1272814910025707,0.089493207007508,0.1653250773993808,0.1295629820051413,1294.0,534.0,94.0,13.76595744680851,67.0,0.1276595744680851,-4.0,4.0,0.0,0.0,0.0,2.0,0.03778828399506269,0.9438202247191011,19.0,99.0,0.0,0.089493207007508,22.99794661190965,0.0,0.911,0.461,0.686,0.911,0.09,0.09,45.6,34.1,12.3,0.856,44.5,1.0,1.0,0.0,1.0,9.1,28.0,1.0,1.0,0.0,,,,,115.0,0.0,16.428571428571427,0.2722419928825623,0.31494661921708184,0.31574074074074077,0.275,0.7055984555984556,0.17904509283819628,0.35714285714285715,0.19387755102040816,0.5422343324250681,0.7474093264248705,0.5728155339805825,0.32676348547717843,40.023466564566675,0.37461198071461593,0.30503139769154003,0.05169340463458111,,
Chris Jones,2015,70.13,182.0,9.0,32.75,4.63,,32.5,119.0,7.44,4.19,8.0,26.014712771207794,79.20952693997116,42.416666666666664,11.63,8,0,0,0,0,37.0,0,3.6109179126442243,2.0,20.49828884325804,1,0.2394652406417112,0.2394652406417112,0.2394652406417112,0.2436363636363636,0.2436363636363636,536.0,536.0,26.0,20.615384615384617,51.0,0.15384615384615385,45.0,1.0,1.0,0.0,0.0,2.0,0.0,1.0,23.0,23.28542094455852,0.0,0.0,23.28542094455852,0.0,0.616,0.616,0.616,0.58,0.086,0.086,,,,,,126.0,0.0,1.0,1.0,8.5,11.0,0.0,1.0,0.0,2.0,0.74,3101.0,0.0,236.0,0.0,10.727272727272727,0.13256227758007116,0.11565836298932385,0.20185185185185187,0.7944444444444444,0.11583011583011583,,0.1579476861167002,0.2357142857142857,0.020435967302452316,0.7202072538860104,0.039805825242718446,0.15767634854771784,24.47394926823356,0.1444892656912348,0.3217015649982669,0.2620320855614973,0.021231422505307854,0.24080066305618947
Antwan Goodley,2015,70.25,209.0,9.25,30.75,4.44,1.56,35.0,127.0,7.19,4.38,,29.772064690163496,107.5584168721133,45.583333333333336,11.57,7,1,0,0,0,270.0,1,5.598421958998375,8.0,23.32101300479124,1,0.3291375933406781,0.1661872254738169,0.0028452615451958,0.2868466152527849,0.1744797141055287,2366.0,1339.0,150.0,15.773333333333333,83.0,0.14,130.0,4.0,1.0,1.0,1.0,3.0,0.1633419639286211,0.619865571321882,19.0,22.10814510609172,0.0,0.0028452615451958,23.107460643394933,0.0,1.165,0.395,0.78,1.244,0.115,0.115,41.0,20.4,21.0,0.892,43.0,26.0,1.0,0.0,1.0,10.4,32.0,1.0,1.0,0.0,,,,,1037.0,0.0,23.044444444444444,0.14412811387900357,0.7170818505338078,0.40555555555555556,0.22592592592592592,0.7055984555984556,0.2957559681697613,0.42655935613682094,0.763265306122449,0.1880108991825613,0.2344559585492228,0.8485436893203884,0.4657676348547718,45.172072615239365,0.6794561171932193,0.3005422378743265,0.6131907308377896,,
Cayleb Jones,2016,74.63,209.0,9.25,32.75,4.65,1.59,33.5,112.0,6.99,4.14,9.0,26.379996153788774,89.40554815165856,42.833333333333336,11.129999999999999,8,0,0,0,0,270.0,1,5.598421958998375,8.0,22.781656399726216,1,0.2843232376207333,0.2199883084888722,0.0051154633148202,0.2583016476552598,0.2547914317925592,1958.0,1019.0,130.0,15.061538461538461,85.0,0.1076923076923077,10.0,3.0,2.0,0.0,1.0,1.0,0.21487284517405197,0.887144259077527,19.0,21.568788501026695,0.0,0.0051154633148202,22.56810403832991,0.0,0.758,0.758,0.6545000000000001,0.758,0.106,0.088,33.4,7.6,25.7,0.866,38.0,44.0,1.0,0.0,2.0,7.0,28.0,0.0,1.0,1.0,4.0,0.9681,69.0,1.0,44.0,1.0,44.0,0.7677935943060499,0.7170818505338078,0.40555555555555556,0.7944444444444444,0.08204633204633205,0.11671087533156499,0.24647887323943662,0.02959183673469388,0.5,0.8380829015544041,0.21165048543689322,0.1950207468879668,40.870479133926246,0.1625737318036746,0.5535681168863715,0.42245989304812837,0.8460721868365181,-0.4236122937883897
Rashawn Scott,2016,72.88,199.0,9.38,31.38,4.54,,32.5,116.0,6.88,4.33,17.0,26.338538547644898,93.68275645932992,42.166666666666664,11.21,8,0,0,1,0,270.0,1,5.598421958998375,8.0,23.923340177960302,1,0.2352560547236088,0.2352560547236088,0.000359066427289,0.1927343316694398,0.1927343316694398,1247.0,695.0,91.0,13.703296703296703,76.0,0.08791208791208792,0.0,4.0,1.0,0.0,1.0,1.0,0.2348969882963198,1.357421875,19.0,23.709787816564,0.0,0.000359066427289,23.709787816564,0.0,0.784,0.53,0.657,0.784,0.099,0.099,34.9,11.0,25.8,0.845,34.9,12.0,1.0,0.0,1.0,8.3,16.0,1.0,1.0,0.0,3.0,0.8322,1114.0,0.0,27.0,0.0,27.0,0.46174377224199287,0.4430604982206406,0.5064814814814815,0.38333333333333336,0.37065637065637064,,0.1579476861167002,0.12346938775510204,0.7043596730245232,0.344559585492228,0.3320388349514563,0.13796680497925312,36.05106752957347,0.20448530294108616,0.377376568293377,0.24955436720142601,0.2611464968152866,-0.011592129613860608
Darreus Rogers,2017,72.63,216.0,10.13,32.0,4.9,,26.5,112.0,7.12,4.54,8.0,28.78571278676308,74.93753904080988,35.833333333333336,11.66,8,0,0,0,0,270.0,1,5.598421958998375,8.0,23.329226557152634,1,0.1574610564312763,0.1574610564312763,0.0404088050314465,0.1937099916504314,0.1937099916504314,1487.0,696.0,127.0,11.708661417322835,48.0,0.08661417322834646,6.0,4.0,0.0,0.0,0.0,2.0,0.1170522513998298,2.4083044982698962,19.0,99.0,0.0,0.0404088050314465,23.11567419575633,0.0,1.217,0.75,0.85475,1.217,0.078,0.078,39.2,23.6,17.1,0.819,39.2,2.0,1.0,0.0,1.0,8.4,31.0,1.0,1.0,0.0,4.0,0.9533,104.0,1.0,21.0,0.0,7.0,0.42704626334519574,0.8620996441281139,0.9277777777777778,0.5722222222222222,0.0019305019305019305,,0.0030181086519114686,0.02959183673469388,0.27111716621253407,0.04792746113989637,0.013592233009708738,0.005186721991701245,28.740999428584157,0.015400726132104694,0.4825160929992768,0.06417112299465241,0.7717622080679406,-0.7075910850732882
Kermit Whitfield,2017,67.75,185.0,8.5,30.0,4.44,1.53,32.5,120.0,7.17,4.37,8.0,28.334036845903515,95.20721110689455,42.5,11.54,8,1,0,0,0,270.0,1,5.598421958998375,8.0,23.23340177960301,1,0.2563636363636363,0.0792689877024785,0.0135053110773899,0.24,0.1150597145353917,1282.0,798.0,96.0,13.354166666666666,70.0,0.07291666666666667,218.0,3.0,1.0,0.0,0.0,5.0,0.0657636766250886,0.4949874686716792,19.0,22.017796030116358,0.0,0.0135053110773899,23.019849418206707,0.0,0.917,0.706,0.8115,0.97,0.089,0.063,38.0,23.2,15.0,0.881,42.6,4.0,1.0,0.0,1.0,8.1,11.0,0.0,1.0,0.0,4.0,0.9023,283.0,1.0,1721.0,2.0,27.758064516129032,0.013345195729537367,0.1619217081850534,0.03888888888888889,0.08981481481481482,0.7055984555984556,0.616710875331565,0.1579476861167002,0.29183673469387755,0.20572207084468666,0.25,0.40485436893203886,0.16701244813278007,25.863777060569987,0.2848795965808722,0.07499914638748531,0.3155080213903743,0.5774946921443737,-0.26198667075399934
Ka'Raun White,2018,73.0,206.0,9.63,32.25,4.52,,33.5,118.0,6.85,4.57,24.0,27.175455057234,98.7059827358997,43.333333333333336,11.42,8,0,0,1,0,270.0,1,5.598421958998375,8.0,,1,0.2870067281905133,0.2870067281905133,0.0420617925971245,0.2496891320567023,0.2496891320567023,1862.0,1004.0,124.0,15.016129032258064,76.0,0.13709677419354838,0.0,3.0,1.0,0.0,0.0,2.0,0.2449449355933888,1.7221269296740995,,,,,,,1.055,0.732,0.7876666666666665,1.055,0.104,0.104,33.6,5.6,27.2,0.856,33.6,39.0,1.0,0.0,1.0,9.0,34.0,1.0,0.0,0.0,,,,,,,,0.4893238434163701,0.6548042704626335,0.687037037037037,0.6638888888888889,0.4372586872586873,,0.24647887323943662,0.19387755102040816,0.7534059945504087,0.03238341968911917,0.5475728155339806,0.23443983402489627,44.91337468292606,0.3293097465979418,0.5216821606454332,0.43493761140819964,,
Johnnie Dixon,2019,70.38,201.0,9.63,30.25,4.41,1.52,37.5,120.0,7.38,4.43,16.0,28.526786871512513,106.28493106856726,47.5,11.809999999999999,8,1,0,0,0,270.0,1,5.598421958998375,8.0,24.292950034223136,1,0.1599166440155839,0.1465009940357853,0.0059063136456211,0.1330019880715705,0.1330019880715705,1146.0,669.0,67.0,17.104477611940297,70.0,0.23880597014925373,5.0,4.0,0.0,0.0,0.0,4.0,0.14059468039016418,1.585308056872038,20.0,99.0,0.0,0.0,24.079397672826833,0.0,3.266,0.955,1.0128,3.266,0.057,0.053,44.4,24.1,21.2,0.899,44.4,2.0,1.0,0.0,1.0,8.9,49.0,1.0,1.0,0.0,4.0,0.9644,77.0,1.0,240.0,0.0,18.46153846153846,0.15569395017793594,0.49377224199288255,0.687037037037037,0.1259259259259259,0.8175675675675675,0.7320954907161804,0.7354124748490946,0.29183673469387755,0.03814713896457766,0.16321243523316062,0.8116504854368932,0.6939834024896265,47.886124042373,0.6129665649932884,0.4260173469974984,0.0659536541889483,0.8301486199575372,-0.7641949657685889
Jamal Custis,2019,76.13,214.0,10.88,33.88,4.5,1.55,34.5,124.0,7.23,4.46,,25.957175818827675,104.37433318091755,44.833333333333336,11.690000000000001,7,0,0,0,1,270.0,1,5.598421958998375,8.0,23.15400410677618,1,0.2664239292146269,0.2664239292146269,0.0033952014486192,0.260120585701981,0.260120585701981,1048.0,906.0,64.0,16.375,68.0,0.125,-4.0,4.0,1.0,0.0,1.0,1.0,0.26302872776600766,7.55,18.0,22.940451745379878,0.0033952014486192,0.0281755131718776,22.940451745379878,0.0,2.607,0.568,0.812,2.607,0.081,0.081,32.1,7.5,27.4,0.898,32.1,54.0,1.0,0.0,1.0,7.7,18.0,0.0,0.0,0.0,3.0,0.85,858.0,0.0,,,,0.9457295373665481,0.8202846975088968,0.9972222222222222,0.962037037037037,0.5057915057915058,0.39389920424403185,0.35714285714285715,0.573469387755102,0.13487738419618528,0.12435233160621761,0.7592233009708738,0.3921161825726141,58.05121373678411,0.563278515289611,0.8155329134421662,0.3511586452762923,0.33121019108280253,0.019948454193489784
Chris Finke,2020,70.0,184.0,9.0,29.0,4.57,1.54,40.0,,,,7.0,26.398367346938777,84.36902269353456,,,5,0,0,0,0,270.0,1,5.598421958998375,8.0,23.665982203969882,1,0.1290085185088701,0.1236086605214122,0.0570304818092428,0.1710605152786099,0.1391092129347163,1251.0,571.0,106.0,11.80188679245283,56.0,0.07547169811320754,22.0,4.0,0.0,0.0,0.0,3.0,0.0665781787121694,0.7985989492119089,20.0,99.0,0.0,0.0570304818092428,23.45242984257358,0.0,0.846,0.483,0.5635,0.846,0.077,0.065,34.6,20.7,14.5,0.905,35.8,10.0,0.0,1.0,1.0,8.4,19.0,1.0,1.0,0.0,,,,,687.0,0.0,8.378048780487806,0.11743772241992882,0.14590747330960854,0.20185185185185187,0.018518518518518517,0.2606177606177606,0.4946949602122016,0.9104627766599598,,,,0.0912621359223301,,28.009414993902,0.5008624562911449,0.3120677173625648,0.030303030303030304,,
Charleston Rambo,2022,72.63,177.0,9.75,32.0,4.57,1.59,33.5,118.0,,,,23.588292422486415,81.15933161280228,43.333333333333336,,5,0,0,0,0,270.0,1,5.598421958998375,8.0,22.39561943874059,1,0.2687164850371908,0.2687164850371908,0.0254461691920879,0.3040996367410483,0.3040996367410483,2352.0,1172.0,155.0,15.174193548387096,74.0,0.1032258064516129,37.0,4.0,1.0,0.0,1.0,1.0,0.24327031584510292,1.5773889636608345,18.0,22.182067077344286,0.0254461691920879,0.1586615433877681,22.182067077344286,0.0,1.133,0.676,0.70625,1.133,0.121,0.121,34.8,10.8,25.0,,34.8,13.0,1.0,0.0,2.0,9.0,25.0,0.0,1.0,1.0,4.0,0.9289,170.0,1.0,337.0,0.0,22.466666666666665,0.42704626334519574,0.05871886120996441,0.7546296296296297,0.5722222222222222,0.2606177606177606,0.11671087533156499,0.24647887323943662,0.19387755102040816,,,0.05048543689320388,0.23443983402489627,29.152273075342826,0.1636139537176829,0.500094247109121,0.36185383244206776,0.6878980891719745,-0.3260442567299067
Braylon Sanders,2022,72.13,194.0,10.0,31.5,4.48,1.52,34.5,121.0,,,,26.213510815816964,96.32070875823221,44.583333333333336,,5,0,0,0,0,270.0,1,5.598421958998375,8.0,22.94592744695414,1,0.1720642917116469,0.1720642917116469,0.0261037807663029,0.1536523929471032,0.1536523929471032,1453.0,549.0,69.0,21.057971014492754,81.0,0.14492753623188406,6.0,5.0,0.0,0.0,0.0,2.0,0.14596051094534399,1.4601063829787233,18.0,99.0,0.0261037807663029,0.0550045476200788,22.732375085557837,0.0,1.445,0.511,0.9805999999999999,1.445,0.056,0.056,36.8,14.8,22.4,,36.8,34.0,1.0,0.0,1.0,8.7,20.0,1.0,1.0,0.0,3.0,0.8733,473.0,0.0,33.0,0.0,11.0,0.37455516014234874,0.33629893238434166,0.8787037037037037,0.41944444444444445,0.5675675675675675,0.7320954907161804,0.35714285714285715,0.35612244897959183,,,0.4475728155339806,0.3651452282157676,48.34648648830783,0.3869460405521432,0.5074615413583385,0.08199643493761141,0.45010615711252655,-0.3681097221749151
Jadon Haselwood,2023,74.25,215.0,10.0,31.25,4.66,1.56,37.0,123.0,6.98,4.31,,27.415796574045732,91.1852910863905,47.25,11.29,7,0,1,0,1,270.0,1,5.598421958998375,8.0,,1,0.1731148660612652,0.1731148660612652,0.0465497918667947,0.2308451167379151,0.2308451167379151,1438.0,702.0,121.0,11.884297520661157,68.0,0.08264462809917356,21.0,4.0,0.0,0.0,0.0,2.0,0.1265650741944705,1.7593984962406015,,,,,,,0.573,0.555,0.5105000000000001,0.682,0.082,0.082,38.3,12.0,26.3,,38.3,24.0,1.0,0.0,2.0,8.8,24.0,0.0,0.0,1.0,5.0,0.9966,4.0,1.0,,,,0.7135231316725978,0.8416370106761566,0.8787037037037037,0.34074074074074073,0.07239382239382239,0.2957559681697613,0.6891348088531187,0.48775510204081635,0.5190735694822888,0.4067357512953368,0.25922330097087376,0.6753112033195021,51.499900944322654,0.47870440395493624,0.6555255962425403,0.0873440285204991,0.9925690021231423,-0.9052249736026432
Matt Landers,2023,76.38,200.0,9.25,32.5,4.37,1.51,37.0,130.0,,,,24.100497772983733,109.68171775712148,47.833333333333336,,5,1,1,0,0,270.0,1,5.598421958998375,8.0,23.54551676933607,1,0.301988212379531,0.301988212379531,0.036046912728527,0.2962841170667543,0.2962841170667543,1547.0,901.0,79.0,19.582278481012658,90.0,0.17721518987341772,15.0,4.0,1.0,1.0,1.0,1.0,0.265941299651004,1.7529182879377432,20.0,23.33196440793977,0.0,0.036046912728527,23.33196440793977,0.0,1.766,1.126,1.11825,1.766,0.07,0.07,38.3,12.0,26.3,,38.3,24.0,1.0,0.0,3.0,8.8,24.0,0.0,1.0,1.0,3.0,0.86,676.0,0.0,26.0,0.0,26.0,0.9590747330960854,0.46441281138790036,0.40555555555555556,0.7324074074074074,0.9092664092664092,0.8143236074270557,0.6891348088531187,0.8714285714285714,,,0.883495145631068,0.7199170124481328,74.49016062501305,0.8146861753042528,0.6965431262280418,0.47771836007130125,0.39278131634819535,0.0849370437231059
Zay Flowers,2023,69.25,182.0,9.25,29.25,4.42,1.53,35.5,127.0,,,,26.680081846498716,95.37011498534977,46.083333333333336,,5,1,0,0,0,22.0,0,3.091042453358316,1.0,22.305270362765228,1,0.4673331727294627,0.4673331727294627,0.1495192307692307,0.3632377740303541,0.3632377740303541,3056.0,1077.0,200.0,15.28,77.0,0.145,345.0,4.0,3.0,3.0,1.0,1.0,0.31781394196023194,1.2073991031390134,18.0,20.093086926762492,0.1495192307692307,0.3383265181228963,22.091718001368925,0.0,0.853,0.785,0.61375,0.974,0.146,0.137,20.4,-14.9,33.8,,20.4,36.0,1.0,0.0,1.0,6.9,11.0,0.0,1.0,0.0,3.0,0.8507,1188.0,0.0,43.0,0.0,6.142857142857143,0.06583629893238434,0.11565836298932385,0.40555555555555556,0.032407407407407406,0.7847490347490348,0.616710875331565,0.48893360160965793,0.763265306122449,,,0.4116504854368932,0.5228215767634855,42.07588504897757,0.5546164643896667,0.2481832158762513,0.9411764705882353,0.24203821656050956,0.6991382540277258
Puka Nacua,2023,73.63,210.0,9.5,31.5,4.57,,33.0,121.0,7.32,4.36,15.0,27.231089578000013,96.2907324219688,43.083333333333336,11.68,8,0,0,0,0,177.0,0,5.176149732573829,5.0,21.593429158110883,1,0.2326290080440969,0.1743973351817621,0.0682153392330383,0.234488785318963,0.1925446703635243,1749.0,805.0,107.0,16.345794392523363,65.0,0.1308411214953271,357.0,4.0,2.0,0.0,1.0,1.0,0.1061819959487238,0.7763975155279503,18.0,19.381245722108144,0.2083333333333333,0.2326290080440969,21.37987679671458,0.0,0.998,0.78,0.8727500000000001,1.011,0.146,0.146,37.2,8.9,27.9,,34.3,78.0,0.0,1.0,2.0,8.7,20.0,1.0,0.0,1.0,4.0,0.9404,136.0,1.0,,,,0.6023131672597865,0.7402135231316725,0.5944444444444444,0.41944444444444445,0.2606177606177606,,0.20020120724346077,0.35612244897959183,0.0667574931880109,0.26813471502590674,0.44271844660194176,0.21369294605809128,37.86055088177374,0.3330140342749981,0.454100815848034,0.24242424242424243,0.7303609341825902,-0.48793669175834775
Grant Dubose,2023,74.38,201.0,9.5,31.88,4.57,1.52,35.0,125.0,6.89,4.32,,25.541066886097074,92.16398674674156,45.416666666666664,11.21,7,0,0,1,0,256.0,0,5.545177444479562,7.0,21.533196440793976,1,0.2883630403605818,0.2883630403605818,0.2576288509271426,0.293035479632063,0.2433927473878303,1684.0,892.0,126.0,13.365079365079366,56.0,0.11904761904761904,18.0,2.0,2.0,0.0,1.0,2.0,0.030734189433439196,0.8878923766816144,20.0,20.320328542094455,0.0,0.2576288509271426,21.319644079397673,1.0,1.305,1.091,1.198,1.363,0.086,0.086,27.6,-13.7,41.2,,24.0,88.0,0.0,1.0,1.0,7.9,26.0,0.0,1.0,1.0,,,,,76.0,0.0,8.444444444444445,0.7330960854092526,0.49377224199288255,0.5944444444444444,0.5351851851851852,0.2606177606177606,0.7320954907161804,0.42655935613682094,0.6551020408163265,0.6839237057220708,0.37823834196891193,0.2941747572815534,0.4460580912863071,51.9438958464808,0.45861205141156697,0.5723212677939259,0.44028520499108736,,
Tyler Scott,2023,69.88,177.0,9.0,30.88,4.44,1.51,39.5,133.0,6.99,4.25,15.0,25.481371450739502,91.09014251848829,50.583333333333336,11.24,8,1,1,0,0,133.0,0,4.890349128221754,4.0,21.22108145106092,1,0.3470177207895116,0.3470177207895116,0.0041911148365465,0.2849445324881141,0.2849445324881141,1439.0,899.0,88.0,16.352272727272727,81.0,0.1590909090909091,20.0,3.0,1.0,1.0,1.0,1.0,0.3428266059529651,1.728846153846154,18.0,21.00752908966461,0.0041911148365465,0.1527489882538742,21.00752908966461,1.0,1.826,0.98,0.6845,1.826,0.11,0.11,27.6,13.1,16.1,,27.6,42.0,0.0,1.0,1.0,7.8,21.0,0.0,1.0,0.0,3.0,0.8541,1090.0,0.0,102.0,0.0,17.0,0.10498220640569395,0.05871886120996441,0.20185185185185187,0.25,0.7055984555984556,0.8143236074270557,0.8832997987927566,0.9418367346938775,0.5,0.572538860103627,0.2543689320388349,0.8983402489626556,51.548829642373114,0.6931684885084897,0.3600334642625756,0.6862745098039216,0.267515923566879,0.4187585862370426
Tre Tucker,2023,68.63,182.0,8.63,28.88,4.4,1.48,37.5,124.0,7.07,4.49,16.0,27.16431232789427,97.11597568472096,47.833333333333336,11.56,8,1,1,0,0,100.0,0,4.605170185988092,3.0,21.817932922655714,1,0.1746794410027373,0.1746794410027373,0.0180250783699059,0.2129952456418383,0.2129952456418383,1426.0,672.0,111.0,12.846846846846846,56.0,0.07207207207207207,138.0,4.0,0.0,0.0,0.0,2.0,0.1566543626328314,1.5774647887323943,18.0,99.0,0.0180250783699059,0.1244551550712489,21.60438056125941,0.0,0.764,0.764,0.5945,0.762,0.087,0.087,27.6,13.1,16.1,,27.6,42.0,0.0,1.0,1.0,7.8,21.0,0.0,1.0,0.0,3.0,0.8444,1347.0,0.0,1713.0,2.0,23.791666666666668,0.04448398576512456,0.11565836298932385,0.05740740740740741,0.012962962962962963,0.8445945945945946,0.9602122015915119,0.7354124748490946,0.573469387755102,0.3446866485013624,0.09715025906735751,0.4825242718446602,0.7199170124481328,41.570663081471956,0.5971353781496189,0.21256670774614736,0.08912655971479501,0.20382165605095542,-0.11469509633616042
Joseph Ngata,2023,75.13,223.0,10.25,33.13,4.54,1.59,34.5,124.0,7.29,4.22,15.0,27.77367891307049,104.98117934889736,44.833333333333336,11.51,8,0,0,0,1,270.0,1,5.598421958998375,8.0,21.976728268309376,1,0.1297954393024815,0.1226645108305102,0.0652456647398843,0.1762575452716298,0.1619956883276871,1287.0,526.0,88.0,14.625,54.0,0.06818181818181818,0.0,4.0,0.0,0.0,0.0,2.0,0.057418846090625905,1.2009132420091324,18.0,99.0,0.0652456647398843,0.0652456647398843,21.763175906913073,0.0,0.888,0.666,0.676,0.892,0.074,0.055,34.9,17.6,18.5,,34.9,5.0,1.0,0.0,1.0,6.8,22.0,0.0,1.0,0.0,,,,,325.0,0.0,23.214285714285715,0.8398576512455516,0.9421708185053381,0.9537037037037037,0.8768518518518519,0.37065637065637064,0.11671087533156499,0.35714285714285715,0.573469387755102,0.0885558583106267,0.6308290155440415,0.7805825242718447,0.3921161825726141,57.68872580742889,0.5703982563899347,0.7568890159859911,0.03208556149732621,,
CJ Johnson,2023,73.5,224.0,10.25,32.0,,,,,,,,29.149335924846127,,,,2,0,0,0,0,270.0,1,5.598421958998375,8.0,,1,0.3131053268765133,0.3131053268765133,0.2218958191260557,0.2690677966101695,0.2690677966101695,2849.0,1016.0,175.0,16.28,75.0,0.12,0.0,4.0,3.0,1.0,1.0,2.0,0.09120950775045764,1.118942731277533,,,,,,,1.362,0.423,0.7682,1.362,0.108,0.027,31.5,1.1,28.7,,31.5,96.0,0.0,1.0,1.0,7.9,28.0,0.0,1.0,1.0,3.0,0.8489,1221.0,0.0,75.0,0.0,18.75,0.5845195729537367,0.9501779359430605,0.9537037037037037,0.5722222222222222,,,,,,,,,76.51558587056809,,0.7034818329598874,0.5240641711229946,0.23779193205944799,0.28627223906354665
Justin Shorter,2023,76.25,229.0,10.0,33.75,4.55,1.59,35.5,126.0,,,18.0,27.689244826659497,106.86116175844418,46.0,,6,0,0,0,1,150.0,0,5.0106352940962555,5.0,22.70773442847365,1,0.1546964490263459,0.1546964490263459,0.0034399724802201,0.1982817869415807,0.1982817869415807,1552.0,577.0,110.0,14.10909090909091,75.0,0.07272727272727272,9.0,5.0,0.0,0.0,0.0,2.0,0.1512564765461258,1.049090909090909,18.0,99.0,0.0238095238095238,0.0621046234531864,22.494182067077343,0.0,0.781,0.636,0.538,0.781,0.088,0.069,39.6,10.4,29.5,,39.6,13.0,1.0,0.0,2.0,7.8,17.0,1.0,1.0,1.0,5.0,0.9962,8.0,1.0,858.0,0.0,16.5,0.952846975088968,0.9866548042704626,0.8787037037037037,0.9518518518518518,0.3310810810810811,0.11671087533156499,0.48893360160965793,0.713265306122449,,,0.8368932038834952,0.5124481327800829,67.69389535723317,0.6796973705385341,0.8180840330635454,0.06060606060606061,0.9883227176220807,-0.92771665701602
Jalen Moreno-Cropper,2023,71.13,172.0,8.88,30.13,4.4,,,121.0,,,,23.898913344183864,91.77993306468134,,,4,1,0,0,0,270.0,1,5.598421958998375,8.0,21.66461327857632,0,,,,,,,,,,,,,,,,,,,,,,,,,,,,,,,,,,,,,,,,,,,,,,,,,,,,,0.23754448398576514,0.03113879003558719,0.12685185185185185,0.1111111111111111,0.8445945945945946,,,0.35612244897959183,,,0.2796116504854369,,28.385356157770552,0.31786704973251434,0.15850248231624273,,,
Kearis Jackson,2023,71.38,196.0,9.38,31.25,4.55,1.52,,126.0,,,,27.043214266620332,91.46195504216183,,,4,0,0,0,0,270.0,1,5.598421958998375,8.0,23.06365503080082,1,0.1822847226631113,0.036060401171963,0.0126521460602178,0.2066747084841174,0.072120802343926,1107.0,514.0,78.0,14.192307692307692,49.0,0.05128205128205128,42.0,4.0,0.0,0.0,1.0,6.0,0.0234082551117452,0.622568093385214,19.0,99.0,0.0,0.0126521460602178,22.850102669404517,0.0,0.639,0.447,0.33720000000000006,0.639,0.074,0.034,30.8,19.1,12.1,,37.2,2.0,1.0,0.0,1.0,10.3,10.0,0.0,1.0,0.0,4.0,0.9451,130.0,1.0,1138.0,0.0,14.973684210526315,0.26334519572953735,0.37722419928825623,0.5064814814814815,0.34074074074074073,0.3310810810810811,0.7320954907161804,,0.713265306122449,,,0.27184466019417475,,44.20097694192376,0.49255498315831187,0.37018913931725317,0.10695187165775401,0.7367303609341825,-0.6297784892764285
Tank Dell,2023,,,,,,,,,,,,,,,,0,0,0,0,0,69.0,0,4.23410650459726,3.0,23.175906913073238,1,0.3837395884370407,0.3837395884370407,0.2006585136406397,0.3495528669121515,0.3424791768740813,3155.0,1398.0,228.0,13.837719298245615,63.0,0.14035087719298245,14.0,3.0,3.0,2.0,1.0,1.0,0.183081074796401,1.0519187358916477,20.0,20.9637234770705,0.0,0.0,22.962354551676935,0.0,,,,,,,42.5,4.5,37.7,,42.5,81.0,0.0,1.0,1.0,8.2,40.0,1.0,0.0,0.0,,,,,,,,,,,,,,,,,,,,,,,0.8163992869875223,,
Xavier Hutchinson,2023,73.88,203.0,9.38,31.38,4.53,1.55,36.0,116.0,6.91,4.35,13.0,26.145538397770544,96.41247361671678,45.666666666666664,11.26,8,0,0,0,0,205.0,0,5.3230099791384085,6.0,22.584531143052704,1,0.3443003401531527,0.3443003401531527,0.2331146408839779,0.3728112066220949,0.3728112066220949,2929.0,1171.0,254.0,11.531496062992126,65.0,0.05905511811023622,18.0,3.0,3.0,1.0,1.0,1.0,0.11118569926917479,1.1864235055724417,20.0,20.372347707049965,0.0,0.2331146408839779,22.3709787816564,0.0,1.016,0.727,0.7639999999999999,1.017,0.152,0.152,17.7,5.3,10.6,,17.7,59.0,1.0,0.0,1.0,6.7,19.0,0.0,1.0,0.0,,,,,21.0,0.0,10.5,0.6379003558718861,0.552491103202847,0.5064814814814815,0.38333333333333336,0.4092664092664093,0.39389920424403185,0.5543259557344065,0.12346938775510204,0.6416893732970027,0.29533678756476683,0.45048543689320386,0.47614107883817425,45.20683256235538,0.37609359346090415,0.5205102816052769,0.6737967914438503,,
Malik Knowles,2023,74.25,196.0,8.75,32.25,,,,,,,,24.993005248897507,,,,2,0,0,0,0,270.0,1,5.598421958998375,8.0,22.373716632443532,1,0.2276974660583741,0.1706254948535233,0.1089087809036658,0.2460128944689514,0.2460128944689514,1863.0,725.0,126.0,14.785714285714286,70.0,0.1111111111111111,440.0,5.0,2.0,0.0,1.0,1.0,0.06171671394985749,1.6439909297052153,17.0,19.159479808350444,0.2088310580204778,0.2088310580204778,22.16016427104723,0.0,0.843,0.843,0.6404,0.749,0.078,0.078,36.4,21.4,15.7,,36.4,56.0,1.0,0.0,1.0,8.2,15.0,1.0,1.0,0.0,3.0,0.8275,1632.0,0.0,1691.0,3.0,27.274193548387096,0.7135231316725978,0.37722419928825623,0.09166666666666666,0.6638888888888889,,,,,,,,,46.15757216291024,,0.4896928957427178,0.22103386809269163,0.15498938428874734,0.06604448380394429
DeMario Douglas,2023,68.25,179.0,8.75,30.25,4.44,,39.5,134.0,7.05,4.29,12.0,27.01488011378121,92.11940966558986,50.666666666666664,11.34,8,1,1,0,0,210.0,0,5.3471075307174685,6.0,22.064339493497606,1,0.3192336970312103,0.3192336970312103,0.0354670560726069,0.352753108348135,0.352753108348135,2193.0,993.0,171.0,12.824561403508772,70.0,0.0935672514619883,109.0,4.0,1.0,1.0,1.0,1.0,0.2837666409586034,1.4165477888730384,18.0,21.8507871321013,0.0354670560726069,0.1318527315914489,21.8507871321013,0.0,1.051,1.051,0.6910000000000001,1.042,0.101,0.101,24.1,-1.5,25.4,,24.1,111.0,0.0,1.0,1.0,6.9,12.0,0.0,1.0,0.0,,,,0.0,754.0,2.0,10.619718309859154,0.026690391459074734,0.07829181494661921,0.09166666666666666,0.1259259259259259,0.7055984555984556,,0.8832997987927566,0.9612244897959183,0.3787465940054496,0.4417098445595855,0.2912621359223301,0.9014522821576764,44.41698545300417,0.711928808170335,0.28189569571110595,0.5614973262032086,,
Michael Jefferson,2023,75.75,199.0,9.63,32.5,4.56,1.52,37.0,133.0,6.94,4.56,16.0,24.380529142023114,92.04998062239672,48.083333333333336,11.5,8,0,1,0,0,270.0,1,5.598421958998375,8.0,,1,0.2712875519801018,0.2712875519801018,0.0196428571428571,0.2833158447009444,0.2833158447009444,1383.0,810.0,76.0,18.19736842105263,63.0,0.14473684210526316,0.0,4.0,1.0,0.0,1.0,1.0,0.2516446948372447,1.683991683991684,,,,,,,1.396,1.049,0.844,1.396,0.083,0.076,21.7,2.0,20.3,,21.7,79.0,0.0,1.0,2.0,6.7,15.0,0.0,0.0,1.0,,,,0.0,,,,0.902135231316726,0.4430604982206406,0.687037037037037,0.7324074074074074,0.29633204633204635,0.7320954907161804,0.6891348088531187,0.9418367346938775,0.6049046321525886,0.03756476683937824,0.28932038834951457,0.7448132780082988,59.172019332723444,0.6400973106321702,0.7526786211535723,0.37967914438502676,,
Kayshon Boutte,2023,71.25,195.0,9.5,31.38,4.5,1.58,29.0,118.0,,4.25,,27.003508771929823,95.10745313214449,38.833333333333336,,6,0,0,0,0,187.0,0,5.231108616854587,6.0,20.654346338124572,1,0.2175597037484885,0.1148310460154538,0.2164748612471433,0.2246163891609533,0.1427055702917772,1735.0,688.0,128.0,13.5546875,64.0,0.125,41.0,3.0,2.0,0.0,1.0,2.0,-0.1016438152316895,0.7819767441860465,18.0,18.442162902121833,0.2175597037484885,0.2175597037484885,20.44079397672827,1.0,0.894,0.413,0.64,0.894,0.115,0.088,33.8,6.0,28.3,,34.2,5.0,1.0,0.0,1.0,7.1,8.0,0.0,1.0,0.0,5.0,0.9892,24.0,1.0,80.0,0.0,16.0,0.2508896797153025,0.3540925266903915,0.5944444444444444,0.38333333333333336,0.5057915057915058,0.17904509283819628,0.013078470824949699,0.19387755102040816,,0.572538860103627,0.4,0.01867219917012448,31.506942399384393,0.20231867394845263,0.3104364820795075,0.19607843137254902,0.9479830148619958,-0.7519045834894468
Jaray Jenkins,2023,73.63,204.0,10.0,31.75,4.6,1.56,29.5,,,,20.0,26.45305844720001,91.1231735163897,,,5,0,0,0,0,270.0,1,5.598421958998375,8.0,22.99247091033539,1,0.1840156844654595,0.1840156844654595,0.0055610889774236,0.1517533252720677,0.1071618037135278,1370.0,502.0,89.0,15.393258426966293,54.0,0.15730337078651685,0.0,4.0,0.0,0.0,0.0,4.0,0.17845459548803588,0.8047808764940239,19.0,99.0,0.0,0.0055610889774236,22.77891854893908,0.0,1.496,1.496,1.17375,1.496,0.072,0.045,28.0,4.1,25.6,,34.2,4.0,1.0,0.0,1.0,7.5,27.0,0.0,0.0,0.0,3.0,0.8828,448.0,0.0,,,,0.6023131672597865,0.5854092526690391,0.8787037037037037,0.49444444444444446,0.17277992277992277,0.2957559681697613,0.025150905432595575,,,,0.2563106796116505,,41.385850550886296,0.14073079252212303,0.5001530552101325,0.10873440285204991,0.4723991507430998,-0.36366474789104986
Jacob Copeland,2023,71.25,201.0,8.63,31.63,4.42,1.51,33.0,127.0,7.01,4.47,20.0,27.83438596491228,105.32633578052365,43.583333333333336,11.48,8,1,0,0,0,270.0,1,5.598421958998375,8.0,23.45242984257358,1,0.1712290377544614,0.1031910251537801,0.0028449502133712,0.1943099273607748,0.1111439550694649,1742.0,642.0,112.0,15.553571428571429,75.0,0.09821428571428571,64.0,5.0,0.0,0.0,1.0,4.0,0.10034607494040891,0.5856697819314641,19.0,99.0,0.0028449502133712,0.0652135162365341,23.238877481177276,0.0,1.003,1.003,0.6113999999999999,1.088,0.064,0.042,35.0,11.0,23.2,,33.8,8.0,1.0,0.0,2.0,7.9,19.0,0.0,1.0,1.0,4.0,0.9651,69.0,1.0,171.0,0.0,17.1,0.2508896797153025,0.49377224199288255,0.05740740740740741,0.4601851851851852,0.7847490347490348,0.8143236074270557,0.20020120724346077,0.763265306122449,0.44550408719346046,0.11139896373056994,0.7922330097087379,0.26141078838174275,45.29450432381075,0.5852331743582159,0.24217086988783895,0.08021390374331551,0.8460721868365181,-0.7658582830932026
Dontay Demus Jr.,2023,75.13,212.0,9.75,34.25,4.57,,35.5,123.0,,4.39,,26.403676814219477,97.20778701646374,45.75,,6,0,0,0,1,270.0,1,5.598421958998375,8.0,22.26420260095825,1,0.3650234741784037,0.0582464141435468,0.0819092516205067,0.2993295019157088,0.0688737806680461,2008.0,625.0,128.0,15.6875,80.0,0.109375,4.0,5.0,2.0,2.0,1.0,8.0,-0.0236628374769599,0.3728,17.0,19.04996577686516,0.3371647509578544,0.3650234741784037,22.050650239561943,0.0,1.186,0.833,0.8099999999999999,1.186,0.134,0.032,26.3,-6.3,30.3,,33.8,28.0,1.0,0.0,1.0,6.2,12.0,1.0,1.0,0.0,3.0,0.8581,865.0,0.0,95.0,0.0,19.0,0.8398576512455516,0.7820284697508897,0.7546296296296297,0.9851851851851852,0.2606177606177606,,0.48893360160965793,0.48775510204081635,,0.22150259067357514,0.48640776699029126,0.487551867219917,57.94469624963274,0.4876988235469219,0.767151516917506,0.7433155080213903,0.3227176220806794,0.42059788594071096
Rakim Jarrett,2023,71.88,192.0,9.38,31.38,4.44,1.51,35.5,123.0,,,13.0,26.124044618976352,98.80964612175002,45.75,,6,1,0,0,0,270.0,1,5.598421958998375,8.0,21.935660506502394,1,0.2097026604068857,0.1410413411595794,0.2097026604068857,0.2093434343434343,0.1392255394620159,1552.0,829.0,119.0,13.042016806722689,62.0,0.08403361344537816,22.0,3.0,1.0,0.0,1.0,3.0,-0.06866131924730631,0.5681544028950543,19.0,19.72347707049966,0.0,0.2097026604068857,21.72210814510609,1.0,1.245,0.666,0.8746666666666667,1.306,0.092,0.064,34.8,6.2,27.4,,33.8,31.0,1.0,0.0,1.0,8.1,26.0,0.0,1.0,0.0,5.0,0.9868,27.0,1.0,177.0,0.0,17.7,0.3185053380782918,0.29359430604982206,0.5064814814814815,0.38333333333333336,0.7055984555984556,0.8143236074270557,0.48893360160965793,0.48775510204081635,,,0.5533980582524272,0.487551867219917,50.394751510912585,0.5100289206343005,0.42431343862569115,0.1711229946524064,0.940552016985138,-0.7694290223327316
Ronnie Bell,2023,71.63,191.0,9.5,31.0,4.54,1.52,38.5,120.0,6.62,4.15,14.0,26.16970276446416,89.91661549614079,48.5,10.77,8,0,0,1,0,253.0,0,5.53338948872752,7.0,22.926762491444215,1,0.231368477554595,0.231368477554595,0.0679252686224797,0.2888239116309292,0.2888239116309292,2258.0,889.0,144.0,15.680555555555555,76.0,0.0625,30.0,5.0,1.0,0.0,1.0,1.0,0.16344320893211528,1.1900937081659972,18.0,22.713210130047912,0.0679252686224797,0.1345354185832566,22.713210130047912,0.0,6.798,0.67,1.841,6.798,0.104,0.095,38.0,32.0,7.6,,38.0,10.0,1.0,0.0,1.0,8.4,22.0,1.0,1.0,0.0,3.0,0.8349,1473.0,0.0,203.0,0.0,13.533333333333333,0.2891459074733096,0.27402135231316727,0.5944444444444444,0.275,0.37065637065637064,0.7320954907161804,0.8118712273641852,0.29183673469387755,0.9809264305177112,0.7992227979274611,0.22524271844660193,0.7728215767634855,53.47737542763996,0.44298356016822155,0.4926153948204848,0.23707664884135474,0.17834394904458598,0.05873269979676876
Jayden Reed,2023,70.88,191.0,9.13,30.5,4.45,1.57,33.5,121.0,,4.29,13.0,26.726449879999393,97.41443567500241,43.583333333333336,,7,1,0,0,0,50.0,0,3.912023005428146,2.0,22.677618069815196,1,0.3407340026503155,0.2191123188405797,0.3270452358036574,0.3110976349302607,0.2208333333333333,2861.0,1026.0,202.0,14.163366336633663,85.0,0.12871287128712872,53.0,4.0,4.0,2.0,1.0,2.0,-0.10793291696307772,0.6198830409356725,18.0,18.46406570841889,0.3270452358036574,0.3270452358036574,22.46406570841889,0.0,0.857,0.624,0.5775,0.883,0.116,0.097,34.3,11.2,21.7,,31.9,43.0,1.0,0.0,2.0,8.3,27.0,0.0,1.0,1.0,3.0,0.8204,1783.0,0.0,1422.0,3.0,17.555555555555557,0.19483985765124556,0.27402135231316727,0.31574074074074077,0.18055555555555555,0.668918918918919,0.22546419098143236,0.24647887323943662,0.35612244897959183,,0.4417098445595855,0.4970873786407767,0.26141078838174275,33.29409045420176,0.36656290028660177,0.23440375679674463,0.6631016042780749,0.12951167728237792,0.533589926995697
Malik Heath,2023,74.38,213.0,9.13,32.5,4.64,1.53,34.0,124.0,6.96,4.46,,27.06590670019242,91.90469050667276,44.333333333333336,11.42,7,0,0,0,1,270.0,1,5.598421958998375,8.0,22.754277891854894,1,0.2693451513207767,0.2693451513207767,0.1353356316444958,0.3114175753688262,0.3114175753688262,1720.0,971.0,131.0,13.129770992366412,56.0,0.09923664122137404,0.0,3.0,1.0,0.0,1.0,1.0,0.13400951967628089,2.1968325791855206,20.0,22.54072553045859,0.0,0.0,22.54072553045859,0.0,1.151,1.151,0.6293333333333333,1.151,0.087,0.074,38.8,16.2,23.7,,38.8,18.0,1.0,0.0,2.0,8.2,20.0,1.0,0.0,1.0,4.0,0.9311,172.0,1.0,,,,0.7330960854092526,0.8033807829181495,0.31574074074074077,0.7324074074074074,0.09749034749034749,0.616710875331565,0.29577464788732394,0.573469387755102,0.5653950953678474,0.12435233160621761,0.283495145631068,0.32676348547717843,45.56730277518501,0.3842463937578313,0.5192547203611811,0.36541889483065954,0.6836518046709129,-0.3182329098402534
Jonathan Mingo,2023,73.75,220.0,10.38,32.13,4.46,1.54,39.5,129.0,,,22.0,28.435047400172365,111.20216474658048,50.25,,6,0,1,0,0,39.0,0,3.6635616461296463,2.0,21.700205338809035,1,0.2518659980173771,0.2518659980173771,0.0823961262105592,0.2764592687620269,0.2764592687620269,1759.0,862.0,112.0,15.705357142857142,72.0,0.10714285714285714,-7.0,4.0,1.0,0.0,0.0,2.0,0.16946987180681788,2.2744063324538257,18.0,21.48665297741273,0.104927536231884,0.1198472672024309,21.48665297741273,0.0,0.795,0.795,0.65325,0.889,0.073,0.073,38.8,16.2,23.7,,38.8,18.0,1.0,0.0,1.0,8.2,20.0,1.0,1.0,0.0,4.0,0.9157,216.0,1.0,26.0,0.0,13.0,0.6174377224199288,0.9083629893238434,0.9722222222222222,0.6277777777777778,0.6361003861003861,0.4946949602122016,0.8832997987927566,0.8428571428571429,,,0.912621359223301,0.8775933609958506,77.72967719925411,0.8795927669577335,0.7751843803031713,0.29233511586452765,0.6390658174097664,-0.3467307015452388
Trey Palmer,2023,72.25,192.0,9.63,31.88,4.33,1.51,29.5,114.0,7.13,4.26,,25.857161671914845,109.23948372344552,39.0,11.39,7,1,0,0,0,191.0,0,5.25227342804663,6.0,21.749486652977414,1,0.4614983351831299,0.4614983351831299,0.0004980079681274,0.3935849056603773,0.3935849056603773,1501.0,1043.0,112.0,13.401785714285714,87.0,0.10714285714285714,75.0,4.0,1.0,1.0,1.0,1.0,0.4610003272150025,3.0319767441860463,18.0,21.53593429158111,0.0004980079681274,0.0176297747306562,21.53593429158111,0.0,0.858,0.858,0.50225,0.843,0.129,0.129,25.5,-1.2,25.6,,25.5,20.0,1.0,0.0,2.0,8.8,17.0,0.0,1.0,1.0,4.0,0.9499,112.0,1.0,643.0,2.0,14.953488372093023,0.39234875444839856,0.29359430604982206,0.687037037037037,0.5351851851851852,0.9584942084942085,0.8143236074270557,0.025150905432595575,0.07142857142857142,0.2561307901907357,0.538860103626943,0.8737864077669902,0.028008298755186723,45.61956813202275,0.3234552948760524,0.4099304705258041,0.93048128342246,0.7579617834394905,0.17251949998296945
Josh Downs,2023,68.75,171.0,9.25,30.38,4.48,1.49,38.5,131.0,6.75,4.15,,25.433494214876035,84.90124328689541,49.416666666666664,10.9,7,0,1,1,0,79.0,0,4.3694478524670215,3.0,21.388090349075977,1,0.3546584282143848,0.263559013005956,0.0649194668769998,0.4016245487364621,0.2376443418013857,2483.0,1335.0,202.0,12.292079207920793,75.0,0.10891089108910891,-3.0,3.0,2.0,1.0,1.0,1.0,0.19863954612895623,0.7707865168539326,18.0,20.175222450376456,0.0649194668769998,0.3546584282143848,21.17453798767967,1.0,1.257,0.697,0.859,1.51,0.157,0.141,37.8,6.4,31.7,,41.7,19.0,1.0,0.0,1.0,8.8,24.0,1.0,1.0,0.0,4.0,0.9563,95.0,1.0,282.0,0.0,10.444444444444445,0.0498220640569395,0.028469750889679714,0.40555555555555556,0.15925925925925927,0.5675675675675675,0.9270557029177718,0.8118712273641852,0.8959183673469387,0.885558583106267,0.7992227979274611,0.10097087378640776,0.8371369294605809,53.90340566032178,0.6029201561658438,0.35662702655898487,0.7058823529411765,0.7866242038216561,-0.08074185088047958
Antoine Green,2023,73.75,199.0,9.0,32.13,4.47,1.54,33.5,123.0,6.99,4.27,,25.72079287561046,99.69031758652841,43.75,11.26,7,0,0,0,0,219.0,0,5.389071729816501,7.0,23.129363449691994,1,0.1882116078866981,0.1842530691625136,0.0081729022884126,0.1842956120092378,0.1842956120092378,1710.0,798.0,90.0,19.0,80.0,0.16666666666666666,0.0,5.0,0.0,0.0,0.0,2.0,0.176080166874101,1.303921568627451,18.0,99.0,0.0081729022884126,0.054839088073749,22.915811088295687,0.0,0.933,0.933,0.5988,0.933,0.088,0.088,41.7,7.8,35.0,,41.7,14.0,1.0,0.0,1.0,8.4,38.0,1.0,1.0,0.0,4.0,0.8935,350.0,1.0,20.0,0.0,20.0,0.6174377224199288,0.4430604982206406,0.20185185185185187,0.6277777777777778,0.6023166023166023,0.4946949602122016,0.24647887323943662,0.48775510204081635,0.5,0.5051813471502591,0.5941747572815534,0.2676348547717842,46.56970289402377,0.44280291085393547,0.42338655632224875,0.11229946524064172,0.5329087048832272,-0.42060923964258545
Jaxon Smith-Njigba,2023,72.63,196.0,9.0,30.5,4.52,,35.0,125.0,6.57,3.93,,26.120369010210947,93.91443017590457,45.416666666666664,10.5,7,0,0,1,0,20.0,0,2.995732273553991,1.0,20.878850102669404,1,0.2599827913183957,0.0055440948942754,0.0343939393939393,0.324313408723748,0.0110881897885508,1698.0,1606.0,110.0,15.436363636363636,75.0,0.09090909090909091,0.0,3.0,1.0,0.0,1.0,7.0,-0.028849844499663903,0.026774595267745952,18.0,19.665982203969882,0.0343939393939393,0.2599827913183957,20.6652977412731,1.0,1.125,-0.079,0.46166666666666667,1.163,0.12,0.043,47.2,29.3,20.6,,45.1,5.0,1.0,0.0,1.0,10.1,44.0,1.0,1.0,0.0,5.0,0.9855,29.0,1.0,74.0,0.0,7.4,0.42704626334519574,0.37722419928825623,0.20185185185185187,0.18055555555555555,0.4372586872586873,,0.42655935613682094,0.6551020408163265,0.989100817438692,1.0,0.3388349514563107,0.4460580912863071,49.814471040309115,0.4734987828031527,0.309003256722356,0.32798573975044565,0.9363057324840764,-0.6083199927336308
Marvin Mims,2023,70.88,183.0,9.0,31.63,4.38,,39.5,129.0,6.9,,,25.60701742429261,99.44538727148891,50.25,,6,1,1,1,0,63.0,0,4.143134726391533,2.0,20.788501026694046,1,0.2747062772742531,0.2747062772742531,0.238023088023088,0.327190332326284,0.327190332326284,2398.0,1083.0,123.0,19.495934959349594,77.0,0.16260162601626016,35.0,3.0,2.0,0.0,1.0,1.0,0.03668318925116512,1.5361702127659576,18.0,18.576317590691307,0.238023088023088,0.238023088023088,20.57494866529774,1.0,1.564,0.758,1.0936666666666668,1.564,0.079,0.079,40.8,15.4,26.5,,40.8,11.0,1.0,0.0,1.0,8.6,25.0,1.0,1.0,0.0,4.0,0.9285,168.0,1.0,499.0,0.0,12.794871794871796,0.19483985765124556,0.1298932384341637,0.20185185185185187,0.4601851851851852,0.8947876447876448,,0.8832997987927566,0.8428571428571429,0.6580381471389646,,0.579611650485437,0.8775933609958506,57.229578781802424,0.7685895307117788,0.4350441733702598,0.3939393939393939,0.6900212314225053,-0.29608183748311134
Mitchell Tinsley,2023,72.0,199.0,10.0,32.38,4.6,1.53,35.5,120.0,6.7,4.21,14.0,26.986304012345677,88.88976240079191,45.5,10.91,8,0,0,1,0,270.0,1,5.598421958998375,8.0,23.29637234770705,1,0.2616767473118279,0.1740838383732288,0.2616767473118279,0.2308959156785243,0.1757538836430094,2356.0,1402.0,181.0,13.01657458563536,75.0,0.1270718232044199,5.0,3.0,2.0,0.0,1.0,2.0,-0.08759290893859908,0.4115549215406562,20.0,21.084188911704313,0.0,0.0,23.082819986310746,0.0,0.907,0.528,0.5746666666666667,0.907,0.099,0.081,40.5,13.3,28.8,,36.6,80.0,0.0,1.0,2.0,8.7,62.0,1.0,1.0,1.0,,,,,10.0,0.0,1.1111111111111112,0.34341637010676157,0.4430604982206406,0.8787037037037037,0.7037037037037037,0.17277992277992277,0.616710875331565,0.48893360160965793,0.29183673469387755,0.9277929155313351,0.6619170984455959,0.1941747572815534,0.4553941908713693,51.48686976899739,0.3249816978616963,0.6036893447809567,0.3333333333333333,,
Parker Washington,2023,69.75,204.0,10.13,29.0,,,,,,,16.0,29.477935792191776,,,,3,0,0,0,0,185.0,0,5.220355825078324,6.0,20.78302532511978,1,0.2828674550760252,0.1275378911214511,0.2828674550760252,0.234889716413635,0.186110265001523,1920.0,820.0,146.0,13.150684931506849,67.0,0.0821917808219178,20.0,3.0,1.0,0.0,1.0,1.0,-0.15532956395457406,0.7451219512195122,18.0,18.570841889117045,0.2828674550760252,0.2828674550760252,20.569472963723477,1.0,0.93,0.703,0.7103333333333333,0.946,0.084,0.081,28.0,14.3,14.6,,36.6,15.0,1.0,0.0,1.0,7.3,21.0,1.0,1.0,0.0,4.0,0.9079,262.0,1.0,197.0,0.0,8.208333333333334,0.09786476868327403,0.5854092526690391,0.9277777777777778,0.018518518518518517,,,,,,,,,40.739257941215236,,0.34805368832652345,0.41889483065953653,0.5976645435244161,-0.17876971286487958
Andrei Iosivas,2023,75.13,205.0,8.75,32.0,4.43,1.52,39.0,128.0,6.85,4.12,19.0,25.531857296768838,106.45570780176351,49.666666666666664,10.969999999999999,8,1,1,1,0,206.0,0,5.327876168789581,6.0,23.21423682409309,1,0.3907047775346463,0.3907047775346463,0.3907047775346463,0.3439095550692925,0.3439095550692925,943.0,943.0,66.0,14.287878787878787,65.0,0.10606060606060606,10.0,1.0,1.0,1.0,1.0,1.0,0.0,1.0,22.0,23.000684462696782,0.0,0.0,23.000684462696782,0.0,0.796,0.796,0.796,0.83,0.141,0.141,,,,,,130.0,0.0,1.0,1.0,7.8,15.0,0.0,0.0,0.0,,,,0.0,,,,0.8398576512455516,0.6192170818505338,0.09166666666666666,0.5722222222222222,0.7451737451737451,0.7320954907161804,0.8501006036217303,0.8061224489795918,0.7534059945504087,0.8769430051813472,0.8194174757281554,0.8506224066390041,71.30703993812615,0.8252135094431591,0.5884617859390426,0.8342245989304813,,
Charlie Jones,2023,71.38,176.0,9.0,31.63,4.43,1.51,36.5,124.0,6.84,4.15,13.0,24.283702606761114,91.39611986883111,46.833333333333336,10.99,8,1,0,1,0,131.0,0,4.875197323201151,4.0,24.175222450376456,1,0.4065635991494942,0.4065635991494942,0.1161506427666123,0.351588736760527,0.351588736760527,2079.0,1361.0,149.0,13.953020134228188,72.0,0.12080536912751678,11.0,3.0,1.0,1.0,1.0,1.0,0.2904129563828819,3.4455696202531647,19.0,23.96167008898015,0.0,0.1161506427666123,23.96167008898015,0.0,1.065,0.785,0.786,1.065,0.14,0.14,31.6,7.7,22.4,,31.6,72.0,1.0,0.0,3.0,7.0,22.0,1.0,1.0,1.0,2.0,0.7678,3155.0,0.0,1646.0,2.0,13.274193548387096,0.26334519572953735,0.050711743772241996,0.20185185185185187,0.4601851851851852,0.7451737451737451,0.8143236074270557,0.6247484909456741,0.573469387755102,0.771117166212534,0.7992227979274611,0.26990291262135924,0.6203319502074689,51.619866956743465,0.4893735971073785,0.38753268092806215,0.8627450980392157,0.014861995753715499,0.8478831022855002
Rashee Rice,2023,72.63,204.0,9.5,32.75,4.51,1.49,41.0,128.0,7.02,4.23,,27.1865065208318,98.61750154699881,51.666666666666664,11.25,7,0,1,0,0,55.0,0,4.007333185232471,2.0,22.694045174537987,1,0.3097701756238341,0.3097701756238341,0.0644350423096067,0.3338260655333826,0.3338260655333826,3111.0,1355.0,233.0,13.351931330472103,75.0,0.1072961373390558,0.0,4.0,3.0,1.0,1.0,1.0,0.24533513331422738,1.9838945827232797,19.0,20.48186173853525,0.0644350423096067,0.2160855892808312,22.480492813141684,0.0,0.921,0.921,0.7457499999999999,0.92,0.121,0.121,42.0,4.7,38.1,,42.0,53.0,0.0,1.0,1.0,8.0,33.0,0.0,1.0,0.0,3.0,0.8663,817.0,0.0,10.0,0.0,10.0,0.42704626334519574,0.5854092526690391,0.5944444444444444,0.7944444444444444,0.46621621621621623,0.9270557029177718,0.9456740442655935,0.8061224489795918,0.4250681198910082,0.6036269430051814,0.5398058252427185,0.9346473029045643,67.07967506938141,0.7638674394959679,0.6904022991249195,0.5098039215686274,0.3481953290870488,0.1616085924815786
Jalen Wayne,2023,73.75,216.0,9.38,32.13,4.51,1.54,34.5,124.0,7.43,4.51,,27.918046538351046,104.41853104976344,44.833333333333336,11.94,7,0,0,0,0,270.0,1,5.598421958998375,8.0,23.638603696098563,1,0.2850877192982456,0.2850877192982456,0.0093145869947275,0.2368421052631578,0.2368421052631578,1982.0,819.0,152.0,13.039473684210526,64.0,0.09210526315789473,8.0,5.0,1.0,0.0,0.0,2.0,0.27577313230351813,1.3,18.0,23.42505133470226,0.0093145869947275,0.0876929995502923,23.42505133470226,0.0,0.747,0.747,0.5775,0.748,0.087,0.087,26.8,10.8,17.4,,26.8,122.0,0.0,1.0,1.0,7.9,28.0,0.0,1.0,0.0,2.0,0.7683,3114.0,0.0,37.0,0.0,7.4,0.6174377224199288,0.8620996441281139,0.5064814814814815,0.6277777777777778,0.46621621621621623,0.4946949602122016,0.35714285714285715,0.573469387755102,0.025885558583106268,0.08031088082901554,0.7611650485436893,0.3921161825726141,48.03998098051754,0.5639257644805494,0.5272099597055113,0.42424242424242425,0.01910828025477707,0.4051341439876472
Jalen Brooks,2023,73.0,200.0,9.5,34.13,4.69,1.56,35.0,130.0,7.23,4.31,15.0,26.383936948770877,82.67393716972671,45.833333333333336,11.54,8,0,0,0,0,244.0,0,5.497168225293202,7.0,22.652977412731005,1,0.0963174080317047,0.0963174080317047,0.0269687162891046,0.1491565551938443,0.1491565551938443,785.0,504.0,58.0,13.53448275862069,54.0,0.034482758620689655,51.0,3.0,0.0,0.0,0.0,2.0,0.0693486917426001,2.7845303867403315,20.0,99.0,0.0,0.0269687162891046,22.439425051334702,0.0,0.632,0.632,0.25366666666666665,0.597,0.075,0.064,36.0,12.7,25.2,,36.0,76.0,1.0,0.0,1.0,7.6,18.0,1.0,1.0,1.0,,,,,42.0,0.0,10.5,0.4893238434163701,0.46441281138790036,0.5944444444444444,0.9768518518518519,0.04922779922779923,0.2957559681697613,0.42655935613682094,0.8714285714285714,0.13487738419618528,0.4067357512953368,0.07184466019417475,0.4979253112033195,43.994897941271134,0.4566108625865224,0.6217948739623719,0.0196078431372549,,
Jason Brownlee,2023,74.0,198.0,9.75,33.75,4.59,1.52,39.5,131.0,6.91,4.32,16.0,25.41891891891892,89.21634841188835,50.416666666666664,11.23,8,0,1,0,0,270.0,1,5.598421958998375,8.0,23.920602327173167,1,0.4698494518082147,0.3651223128243143,0.3491284114213598,0.368270332187858,0.3302446256486286,2129.0,891.0,134.0,15.888059701492537,88.0,0.15671641791044777,0.0,3.0,3.0,3.0,1.0,1.0,0.01599390140295448,1.385692068429238,21.0,21.70841889117043,0.0,0.0,23.707049965776864,0.0,0.911,0.911,0.8183333333333334,0.911,0.088,0.088,18.3,-3.5,22.9,,18.3,124.0,0.0,1.0,1.0,6.6,9.0,0.0,0.0,0.0,,,,,,,,0.6708185053380783,0.4225978647686833,0.7546296296296297,0.9518518518518518,0.20077220077220076,0.7320954907161804,0.8832997987927566,0.8959183673469387,0.6416893732970027,0.37823834196891193,0.20388349514563106,0.8900414937759336,63.54863677836499,0.6610338870951088,0.815149946403079,0.9429590017825312,,
Elijah Higgins,2023,75.0,239.0,10.5,31.75,4.54,1.56,35.0,126.0,7.13,4.5,17.0,29.869688888888888,112.51346127527565,45.5,11.629999999999999,8,0,0,0,1,197.0,0,5.2832037287379885,6.0,22.17932922655715,1,0.2219486288142139,0.1820386758439856,0.0509849362688296,0.2307440183546378,0.2307440183546378,1382.0,704.0,118.0,11.711864406779661,56.0,0.05084745762711865,48.0,3.0,1.0,0.0,1.0,1.0,0.13105373957515598,1.402390438247012,19.0,20.966461327857633,0.0,0.0509849362688296,21.965776865160848,0.0,0.836,0.836,0.6203333333333333,0.861,0.11,0.088,25.6,-7.2,34.2,,25.6,51.0,1.0,0.0,1.0,6.9,13.0,1.0,0.0,0.0,4.0,0.96,85.0,1.0,,,,0.8238434163701067,0.998220640569395,0.9842592592592593,0.49444444444444446,0.37065637065637064,0.2957559681697613,0.42655935613682094,0.713265306122449,0.2561307901907357,0.08937823834196891,0.9359223300970874,0.4553941908713693,57.031919260248074,0.6919156641187859,0.6822766190526579,0.20677361853832443,0.8067940552016986,-0.6000204366633741
Michael Wilson,2023,73.88,213.0,9.75,31.0,4.58,1.5,37.5,125.0,6.81,4.27,23.0,27.433495954310967,96.81612294411421,47.916666666666664,11.079999999999998,8,0,1,1,0,94.0,0,4.543294782270004,3.0,22.855578370978783,1,0.2465122072745391,0.2018354637823664,0.0349828605832257,0.2152466367713004,0.1370042608980662,1644.0,672.0,133.0,12.360902255639099,78.0,0.08270676691729323,55.0,5.0,2.0,0.0,1.0,4.0,0.1668526031991407,0.6220238095238095,18.0,19.641341546885695,0.0349828605832257,0.2465122072745391,22.642026009582477,0.0,0.962,0.962,0.5780000000000001,0.948,0.118,0.092,27.2,-4.7,32.2,,25.6,40.0,1.0,0.0,1.0,8.1,11.0,1.0,1.0,0.0,4.0,0.9106,241.0,1.0,206.0,0.0,7.923076923076923,0.6379003558718861,0.8033807829181495,0.7546296296296297,0.275,0.22876447876447875,0.8793103448275862,0.7354124748490946,0.6551020408163265,0.8160762942779292,0.5051813471502591,0.46990291262135925,0.7302904564315352,62.42459265131861,0.6201391427622601,0.6007356150876526,0.2816399286987522,0.613588110403397,-0.3319481817046448
Derius Davis,2023,68.38,165.0,8.0,29.25,4.36,1.46,,,,4.38,,24.807390114992344,91.32043736387297,,,4,1,0,0,0,125.0,0,4.8283137373023015,4.0,22.305270362765228,1,0.1433836582843205,0.1433836582843205,0.07824100513992,0.182522903453136,0.1352521650534895,1513.0,531.0,112.0,13.508928571428571,80.0,0.08035714285714286,183.0,5.0,0.0,0.0,0.0,3.0,0.06514265314440051,1.0250965250965252,17.0,99.0,0.07824100513992,0.1040610450077599,22.091718001368925,0.0,0.805,0.312,0.5576,1.258,0.069,0.069,43.3,24.3,20.2,,43.3,61.0,1.0,0.0,1.0,8.8,32.0,1.0,1.0,0.0,2.0,0.7726,2494.0,0.0,1803.0,6.0,18.587628865979383,0.03113879003558719,0.015124555160142349,0.003703703703703704,0.032407407407407406,0.9218146718146718,0.980106100795756,,,,0.2344559585492228,0.26601941747572816,,31.059632561777743,0.26601941747572816,0.0224166337155661,0.04634581105169341,0.050955414012738856,-0.004609602961045449
Quentin Johnston,2023,74.75,208.0,9.63,33.63,,,40.5,134.0,,,,26.169550676166935,,51.666666666666664,,4,0,1,0,0,21.0,0,3.044522437723423,1.0,21.319644079397673,1,0.2657171469900968,0.2270527485759274,0.2259699948266942,0.2722873153336729,0.2722873153336729,2168.0,1069.0,115.0,18.85217391304348,76.0,0.12173913043478261,8.0,3.0,3.0,0.0,1.0,1.0,0.0010827537492331951,1.7467320261437909,18.0,19.107460643394933,0.2259699948266942,0.2657171469900968,21.10609171800137,1.0,1.001,0.69,0.8623333333333333,0.978,0.107,0.104,43.3,24.3,20.2,,43.3,61.0,1.0,0.0,1.0,8.8,32.0,1.0,0.0,0.0,4.0,0.9674,71.0,1.0,,,,0.7846975088967971,0.6948398576512456,0.687037037037037,0.9425925925925925,,,0.9275653923541247,0.9612244897959183,,,,0.9346473029045643,84.75148830331828,0.9443949410750215,0.8354731327201379,0.34759358288770054,0.8407643312101911,-0.4931707483224906
Jalin Hyatt,2023,72.13,184.0,9.0,32.5,4.4,1.5,40.0,135.0,7.06,4.33,,24.862298918094442,98.18318420872889,51.25,11.39,7,1,1,0,0,73.0,0,4.290459441148391,3.0,21.267624914442163,1,0.3468140450205486,0.3468140450205486,0.13884430176565,0.2988912479358339,0.2988912479358339,1769.0,1267.0,108.0,16.37962962962963,78.0,0.17592592592592593,13.0,3.0,1.0,1.0,1.0,1.0,0.2079697432548986,4.590579710144928,18.0,21.05407255304586,0.13884430176565,0.13884430176565,21.05407255304586,1.0,0.99,0.99,0.6436666666666667,1.017,0.104,0.104,47.3,25.2,22.6,,47.3,16.0,1.0,0.0,1.0,9.5,27.0,1.0,0.0,0.0,4.0,0.9257,183.0,1.0,,,,0.37455516014234874,0.14590747330960854,0.20185185185185187,0.7324074074074074,0.8445945945945946,0.8793103448275862,0.9104627766599598,0.9755102040816327,0.3651226158038147,0.344559585492228,0.5242718446601942,0.9221991701244814,60.17294190796424,0.8034149418005955,0.554819299015392,0.6844919786096256,0.6645435244161358,0.019948454193489784
Cedric Tillman,2023,75.38,213.0,10.0,32.75,4.54,1.53,37.0,128.0,7.32,,,26.35255098409678,100.27350314491093,47.666666666666664,,6,0,1,0,1,74.0,0,4.30406509320417,3.0,22.702258726899384,1,0.3435476851096241,0.0886598130144895,-0.0006366723259762,0.3234590065828845,0.0983722576079264,1622.0,1081.0,109.0,14.880733944954128,70.0,0.1559633027522936,0.0,5.0,1.0,1.0,1.0,5.0,0.08929648534046569,0.38575393154486587,18.0,21.489390828199863,0.0367396949636077,0.052079698513504,22.48870636550308,0.0,1.553,0.514,0.5654,1.553,0.124,0.124,39.4,17.5,23.8,,47.3,10.0,1.0,0.0,1.0,9.8,31.0,1.0,0.0,0.0,3.0,0.8255,1677.0,0.0,,,,0.8629893238434164,0.8033807829181495,0.8787037037037037,0.7944444444444444,0.37065637065637064,0.616710875331565,0.6891348088531187,0.8061224489795918,0.0667574931880109,,0.612621359223301,0.7085062240663901,65.54570759280057,0.7026262056853372,0.8063180702111709,0.6720142602495544,0.15074309978768577,0.5212711604618686
Jake Bobo,2023,76.0,206.0,,,,,,,,,,25.07236842105263,,,,0,0,0,0,0,270.0,1,5.598421958998375,8.0,24.410677618069816,1,0.2391985034462751,0.2391985034462751,0.0422309391039538,0.2781085814360771,0.2370176965477226,2248.0,817.0,182.0,12.351648351648352,48.0,0.054945054945054944,0.0,5.0,1.0,0.0,1.0,1.0,0.19696756434232132,1.0289672544080604,19.0,24.197125256673512,0.0,0.0422309391039538,24.197125256673512,0.0,1.38,1.021,0.7272000000000001,1.38,0.109,0.081,45.7,15.0,30.1,,45.7,29.0,1.0,0.0,2.0,8.3,27.0,1.0,1.0,1.0,3.0,0.8431,1256.0,0.0,145.0,0.0,13.181818181818182,0.9270462633451957,0.6548042704626335,,,,,,,,,,,79.09252669039147,,0.9270462633451957,0.26024955436720143,0.23354564755838642,0.026703906808815014
Jordan Addison,2023,71.13,173.0,8.75,30.88,4.49,1.56,34.0,122.0,7.05,4.19,,24.037860514789585,85.13158804117087,44.166666666666664,11.24,7,0,0,0,0,23.0,0,3.1354942159291497,1.0,20.928131416837783,1,0.3618246299539969,0.1862273461420319,0.2594129706485324,0.3372856235443574,0.1864081806561568,3134.0,1593.0,219.0,14.310502283105023,75.0,0.1324200913242009,147.0,3.0,2.0,1.0,1.0,1.0,-0.07318562450650051,0.549278091650973,18.0,18.715947980835043,0.2594129706485324,0.3618246299539969,20.71457905544148,1.0,0.892,0.785,0.7406666666666667,0.917,0.128,0.103,38.2,17.6,21.4,,46.6,44.0,1.0,0.0,2.0,8.7,42.0,1.0,1.0,1.0,4.0,0.9085,259.0,1.0,258.0,0.0,12.9,0.23754448398576514,0.03558718861209965,0.09166666666666666,0.25,0.5395752895752896,0.2957559681697613,0.29577464788732394,0.4204081632653061,0.3787465940054496,0.7202072538860104,0.10679611650485436,0.30809128630705396,30.66794715721317,0.27432630921916146,0.21874644963493894,0.732620320855615,0.6008492569002123,0.13177106395540272
Colton Dowell,2023,,,,,,,,,,,,,,,,0,0,0,0,0,228.0,0,5.429345628954441,7.0,23.704312114989733,1,0.7615384615384615,0.3421171936982885,0.0070671378091872,0.5230769230769231,0.3509010540632438,1195.0,1032.0,78.0,15.320512820512821,54.0,0.08974358974358974,9.0,4.0,2.0,2.0,1.0,1.0,0.3350500558891013,10.117647058823529,19.0,22.491444216290212,0.0070671378091872,0.148876404494382,23.49075975359343,0.0,0.799,0.799,0.39975000000000005,0.808,0.156,0.128,,,,,,,0.0,1.0,1.0,7.7,18.0,0.0,0.0,0.0,2.0,0.7844,2559.0,0.0,,,,,,,,,,,,,,,,,,,0.9928698752228164,0.04883227176220807,0.9440376034606084
Dontayvion Wicks,2023,73.38,206.0,10.0,32.38,4.62,1.59,39.0,130.0,,,,26.89472639911523,90.43349466349191,49.833333333333336,,5,0,1,0,0,159.0,0,5.0689042022202315,5.0,21.544147843942504,1,0.2727870064269727,0.240142210730446,0.0298768038606097,0.2552514322087842,0.1945701357466063,1694.0,1203.0,90.0,18.822222222222223,77.0,0.13333333333333333,0.0,3.0,2.0,0.0,1.0,2.0,0.2102654068698363,0.3574397339983375,18.0,20.331279945242983,0.0298768038606097,0.2727870064269727,21.3305954825462,1.0,1.052,0.117,0.7043333333333334,1.052,0.127,0.127,39.3,7.2,31.5,,16.2,48.0,1.0,0.0,1.0,8.9,31.0,0.0,0.0,0.0,3.0,0.8733,677.0,0.0,,,,0.5640569395017794,0.6548042704626335,0.8787037037037037,0.7037037037037037,0.13223938223938225,0.11671087533156499,0.8501006036217303,0.8714285714285714,,,0.2407766990291262,0.8578838174273858,58.70408566449581,0.654101958026476,0.7491412376327292,0.39037433155080214,0.39065817409766457,-0.00028384254686242283
A.T. Perry,2023,75.5,198.0,9.25,33.25,4.47,,35.0,133.0,,,,24.41892899434235,99.18936121674685,46.083333333333336,,5,0,0,0,0,195.0,0,5.272999558563747,6.0,23.184120465434635,1,0.3425517081106205,0.2630487769907952,0.0244001101662822,0.3004880316058563,0.2702836004932182,2662.0,1293.0,171.0,15.567251461988304,69.0,0.16374269005847952,0.0,4.0,2.0,1.0,1.0,1.0,0.23864866682451302,0.8476411446249034,19.0,21.971252566735114,0.0,0.0244001101662822,22.97056810403833,0.0,2.371,0.689,1.07125,2.371,0.119,0.119,38.0,10.1,29.2,,43.3,60.0,1.0,0.0,1.0,8.3,39.0,0.0,0.0,0.0,3.0,0.8371,1418.0,0.0,,,,0.8736654804270463,0.4225978647686833,0.40555555555555556,0.8888888888888888,0.6023166023166023,,0.42655935613682094,0.9418367346938775,,,0.5689320388349515,0.5228215767634855,62.813045537621235,0.6457760432218833,0.648667320252078,0.6684491978609626,0.1932059447983015,0.4752432530626611
Bryce Ford-Wheaton,2023,75.75,221.0,9.38,33.5,4.38,1.54,41.0,129.0,6.97,4.15,,27.07586402204577,120.09524910928442,51.75,11.120000000000001,7,1,1,0,1,270.0,1,5.598421958998375,8.0,22.8145106091718,0,,,,,,,,,,,,,,,,,,,,,,,,,,,,,,,,,,,,,,,,,,,,,,3.0,0.8635,754.0,0.0,,,,0.902135231316726,0.9225978647686833,0.5064814814814815,0.9268518518518518,0.8947876447876448,0.4946949602122016,0.9456740442655935,0.8428571428571429,0.5422343324250681,0.7992227979274611,0.9941747572815534,0.9408713692946058,80.9381956539168,0.9275686481347633,0.8202856522289133,,0.3651804670912951,
Jermaine Burton,2024,72.25,196.0,9.88,31.0,4.45,1.53,38.5,133.0,,,,26.395852540079744,99.96455179214907,49.583333333333336,,5,1,1,0,0,80.0,0,4.382026634673881,3.0,22.510609171800137,1,0.303206627405675,0.303206627405675,0.1601697246735657,0.2585871678548282,0.2585871678548282,2376.0,798.0,132.0,18.0,73.0,0.17424242424242425,50.0,4.0,1.0,1.0,1.0,1.0,0.1430369027321093,1.1787296898079764,19.0,22.297056810403834,0.1601697246735657,0.1601697246735657,22.297056810403834,0.0,1.455,1.209,1.034,1.455,0.075,0.071,36.8,23.1,15.6,,36.8,2.0,1.0,0.0,2.0,10.0,23.0,1.0,1.0,1.0,4.0,0.9646,82.0,1.0,14.0,0.0,14.0,0.39234875444839856,0.37722419928825623,0.825925925925926,0.275,0.668918918918919,0.616710875331565,0.8118712273641852,0.9418367346938775,,,0.6,0.8454356846473029,63.55272320618429,0.7845693206860208,0.5762864769346274,0.48663101604278075,0.8163481953290871,-0.32971717928630634
Tejhaun Palmer,2024,,,,,,,,,,,,,,,,0,0,0,0,0,191.0,0,5.25227342804663,6.0,23.619438740588638,1,0.2828290111964758,0.2828290111964758,0.0134228187919463,0.2474762042111335,0.2474762042111335,1409.0,858.0,83.0,16.97590361445783,80.0,0.10843373493975904,0.0,3.0,1.0,0.0,1.0,1.0,0.2694061924045295,1.7912317327766178,21.0,23.405886379192335,0.0,0.0,23.405886379192335,0.0,1.356,1.356,0.9543333333333335,1.356,0.063,0.063,26.9,-14.7,39.6,,26.9,86.0,0.0,1.0,1.0,8.2,20.0,0.0,0.0,0.0,,,,,,,,,,,,,,,,,,,,,,,0.41711229946524064,,
Jacob Cowing,2024,68.38,168.0,9.0,29.25,4.38,1.54,36.0,119.0,7.02,4.32,13.0,25.258433571628572,91.29412601972753,45.916666666666664,11.34,8,1,0,0,0,135.0,0,4.90527477843843,4.0,22.90485968514716,1,0.4219179258241758,0.2852212242182302,0.2866492146596858,0.4152644230769231,0.2093313373253493,4460.0,1354.0,314.0,14.203821656050955,82.0,0.10509554140127389,102.0,5.0,5.0,2.0,1.0,2.0,-0.0014279904414555844,0.619645494830133,18.0,18.691307323750856,0.2866492146596858,0.4219179258241758,22.691307323750856,0.0,1.439,0.764,0.8974,1.41,0.132,0.091,23.9,-4.2,28.3,,37.3,131.0,0.0,1.0,2.0,9.0,18.0,0.0,1.0,1.0,2.0,0.7683,3652.0,0.0,132.0,0.0,6.6,0.03113879003558719,0.019572953736654804,0.20185185185185187,0.032407407407407406,0.8947876447876448,0.4946949602122016,0.5543259557344065,0.2357142857142857,0.4250681198910082,0.37823834196891193,0.26407766990291265,0.5062240663900415,33.65085039694095,0.3513726371172016,0.20493100125731323,0.8770053475935828,0.004246284501061571,0.8727590630925213
Javon Baker,2024,73.25,202.0,9.63,32.25,4.54,1.58,37.0,121.0,,,,26.466190637048772,95.09505932052586,47.083333333333336,,5,0,0,0,0,110.0,0,4.700480365792417,4.0,21.867214236824093,1,0.3151258422512881,0.3151258422512881,0.001610824742268,0.3385850178359096,0.3385850178359096,2051.0,1139.0,117.0,17.52991452991453,86.0,0.1111111111111111,0.0,4.0,2.0,1.0,1.0,1.0,0.3135150175090201,1.4309045226130652,18.0,20.654346338124572,0.001610824742268,0.0203713286024048,21.65366187542779,0.0,1.472,1.472,0.7807499999999999,1.472,0.076,0.068,30.3,3.4,25.2,,30.3,53.0,1.0,0.0,2.0,8.9,15.0,0.0,0.0,1.0,4.0,0.9214,203.0,1.0,,,,0.5409252669039146,0.5231316725978647,0.687037037037037,0.6638888888888889,0.37065637065637064,0.17904509283819628,0.6891348088531187,0.35612244897959183,,,0.39611650485436894,0.6566390041493776,50.626970957587304,0.48045792089569317,0.6452465004207398,0.5294117647058824,0.6464968152866242,-0.11708505058074181
Xavier Weaver,2024,72.25,169.0,8.88,31.13,4.49,,37.0,127.0,7.0,4.3,,22.759689179966717,83.16322762403396,47.583333333333336,11.3,7,0,1,0,0,270.0,1,5.598421958998375,8.0,23.21971252566735,1,0.3217422606191504,0.1973591823997503,0.0407862407862407,0.3101511879049676,0.256787330316742,2643.0,908.0,184.0,14.36413043478261,63.0,0.06521739130434782,23.0,5.0,2.0,2.0,1.0,1.0,0.1565729416135096,1.2646239554317549,18.0,21.00752908966461,0.0407862407862407,0.0407862407862407,23.006160164271048,0.0,0.747,0.723,0.6492,0.781,0.124,0.111,29.6,-4.9,34.4,,29.6,47.0,1.0,0.0,2.0,7.5,27.0,1.0,1.0,1.0,3.0,0.8237,1902.0,0.0,312.0,0.0,13.0,0.39234875444839856,0.021352313167259787,0.12685185185185185,0.3148148148148148,0.5395752895752896,,0.6891348088531187,0.763265306122449,0.47275204359673023,0.4261658031088083,0.07572815533980583,0.7012448132780082,41.120308674150316,0.5093760901051245,0.380787557492046,0.5739750445632799,0.11464968152866242,0.45932536303461746
Efton Chism III,2024,70.0,193.0,,,4.71,,34.5,118.0,6.77,4.06,16.0,27.689591836734696,78.43387580166545,44.333333333333336,10.829999999999998,6,0,0,1,0,270.0,1,5.598421958998375,8.0,22.182067077344286,1,0.524442385225647,0.524442385225647,0.2535650623885918,0.5072181037846274,0.5072181037846274,2776.0,1300.0,258.0,10.75968992248062,67.0,0.10852713178294573,-3.0,4.0,4.0,2.0,1.0,1.0,0.27087732283705523,1.5240328253223916,19.0,19.969883641341546,0.0,0.2535650623885918,22.97056810403833,0.0,2.17,0.842,1.08775,2.17,0.144,0.144,,,,,,162.0,0.0,1.0,1.0,8.1,17.0,0.0,1.0,0.0,3.0,0.7983,3001.0,0.0,530.0,0.0,13.25,0.11743772241992882,0.31494661921708184,,,0.037644787644787646,,0.35714285714285715,0.19387755102040816,0.8651226158038147,0.9520725388601037,0.02912621359223301,0.32676348547717843,35.49038212420437,0.19338220725183275,0.237290289781393,0.9696969696969697,0.029723991507430998,0.9399729781895387
Keon Coleman,2024,75.25,213.0,9.38,32.13,4.61,1.54,38.0,127.0,,,,26.443681637068025,94.32045726391355,48.583333333333336,,5,0,1,0,1,33.0,0,3.4965075614664802,2.0,20.62696783025325,1,0.3137856328392246,0.3137856328392246,0.0260988702468387,0.2770833333333333,0.1875712656784492,1506.0,798.0,115.0,13.095652173913043,58.0,0.16521739130434782,2.0,3.0,2.0,1.0,1.0,1.0,0.2876867625923859,0.8245614035087719,18.0,19.41409993155373,0.2907155797101449,0.3137856328392246,20.413415468856947,1.0,0.964,0.438,0.7013333333333334,0.964,0.106,0.106,31.9,1.2,29.7,,34.1,43.0,1.0,0.0,2.0,6.9,19.0,0.0,1.0,1.0,4.0,0.8926,377.0,1.0,300.0,0.0,12.0,0.8514234875444839,0.8033807829181495,0.5064814814814815,0.6277777777777778,0.14961389961389962,0.4946949602122016,0.7706237424547284,0.763265306122449,,,0.3611650485436893,0.7769709543568465,61.05397441025707,0.6316846990402889,0.6890766223146179,0.5276292335115864,0.5159235668789809,0.011705666632605527
Ricky Pearsall,2024,73.0,189.0,9.25,30.88,4.41,1.57,42.0,129.0,6.64,4.05,17.0,24.932820416588477,99.93956204954833,52.75,10.69,8,1,1,1,0,31.0,0,3.4339872044851463,1.0,23.310061601642712,1,0.2812911725955204,0.2571613739468568,0.0197836166924265,0.3143227478937135,0.3143227478937135,2425.0,970.0,158.0,15.348101265822784,65.0,0.08860759493670886,253.0,5.0,3.0,0.0,1.0,1.0,0.23737775725443028,1.4674735249621784,18.0,21.097878165639973,0.0197836166924265,0.1553410553410553,23.096509240246405,0.0,1.355,0.998,1.0146000000000002,1.407,0.098,0.098,31.1,6.8,26.0,,31.1,17.0,1.0,0.0,2.0,8.1,20.0,1.0,1.0,1.0,3.0,0.8478,1250.0,0.0,181.0,0.0,11.3125,0.4893238434163701,0.2313167259786477,0.40555555555555556,0.25,0.8175675675675675,0.22546419098143236,0.9728370221327968,0.8428571428571429,0.9700272479564033,0.9572538860103627,0.5980582524271845,0.9719917012448133,64.43544280106896,0.8045841391390414,0.5294291052761806,0.40641711229946526,0.2356687898089172,0.17074832249054805
Johnny Wilson,2024,78.38,231.0,10.0,35.38,4.52,1.55,37.0,128.0,,4.11,,26.433628775508332,110.68486413588752,47.666666666666664,,6,0,1,0,1,185.0,0,5.220355825078324,6.0,22.746064339493497,1,0.2169907256752359,0.1279418472063854,0.0572715572715572,0.2554100227790433,0.1758836944127708,1757.0,897.0,102.0,17.225490196078432,78.0,0.0784313725490196,0.0,4.0,1.0,0.0,1.0,2.0,0.07067028993482821,0.6878483835005574,19.0,21.533196440793976,0.0,0.0572715572715572,22.532511978097194,0.0,0.902,0.902,0.6825,0.902,0.107,0.107,34.8,13.2,20.4,,34.1,22.0,1.0,0.0,2.0,9.1,24.0,1.0,0.0,1.0,4.0,0.9491,116.0,1.0,,,,1.0,0.9911032028469751,0.8787037037037037,0.9981481481481481,0.4372586872586873,0.39389920424403185,0.6891348088531187,0.8061224489795918,,0.8937823834196891,0.9009708737864077,0.7085062240663901,79.06936077551585,0.798742710539706,0.8914966651762426,0.19073083778966132,0.7526539278131635,-0.5619230900235022
Ladd McConkey,2024,71.63,186.0,8.63,30.25,4.39,1.52,36.0,124.0,6.72,3.97,13.0,25.484632011467713,100.15781899578903,46.333333333333336,10.69,8,1,0,1,0,34.0,0,3.5263605246161616,2.0,22.138261464750173,1,0.1987720560971886,0.0904022719571426,0.1232608489093401,0.1717376605814739,0.1118390266729059,1687.0,762.0,119.0,14.176470588235293,60.0,0.11764705882352941,216.0,3.0,0.0,0.0,0.0,4.0,-0.0328585769521975,0.6272965879265092,19.0,99.0,0.0,0.1232608489093401,21.924709103353866,0.0,1.212,1.212,0.9189999999999999,1.174,0.078,0.065,37.2,35.3,3.7,,41.5,3.0,1.0,0.0,1.0,9.1,27.0,1.0,1.0,0.0,3.0,0.8522,1131.0,0.0,289.0,0.0,13.136363636363637,0.2891459074733096,0.17882562277580072,0.05740740740740741,0.1259259259259259,0.8725868725868726,0.7320954907161804,0.5543259557344065,0.573469387755102,0.9087193460490464,0.9974093264248705,0.6058252427184466,0.5570539419087137,53.77325356230068,0.5778735287359851,0.25670129913526235,0.1408199643493761,0.25477707006369427,-0.11395710571431816
Marcus Rosemy-Jacksaint,2024,73.13,195.0,10.0,33.0,4.84,,35.0,119.0,7.35,4.45,11.0,25.632961754334605,71.06948370382658,44.916666666666664,11.8,8,0,0,0,0,270.0,1,5.598421958998375,8.0,21.97946611909651,0,,,,,,,,,,,,,,,,,,,,,,,,,,,,,,,,,,,,,,,,,,,,,,4.0,0.9734,55.0,1.0,,,,0.5195729537366548,0.3540925266903915,0.8787037037037037,0.850925925925926,0.005791505791505791,,0.42655935613682094,0.2357142857142857,0.04904632152588556,0.14248704663212436,0.003883495145631068,0.4066390041493776,35.212873865020974,0.22205237899891253,0.6689404848757764,,0.8768577494692145,
Jalen Coker,2024,73.38,208.0,9.88,32.88,4.57,1.52,42.5,128.0,,,12.0,27.155840247650328,95.37367782747386,53.166666666666664,,6,0,1,0,0,270.0,1,5.598421958998375,8.0,22.171115674195757,1,0.5328982898289829,0.5328982898289829,0.1715328467153284,0.4657965796579658,0.4657965796579658,1996.0,1035.0,112.0,17.821428571428573,74.0,0.23214285714285715,3.0,3.0,2.0,2.0,1.0,1.0,0.3613654431136545,1.1323851203501094,19.0,20.958247775496236,0.0,0.1715328467153284,21.95756331279945,0.0,1.43,1.43,1.1013333333333335,1.497,0.117,0.096,,,,,,,0.0,1.0,1.0,8.7,20.0,0.0,1.0,0.0,,,,0.0,47.0,0.0,4.2727272727272725,0.5640569395017794,0.6948398576512456,0.825925925925926,0.8240740740740741,0.2606177606177606,0.7320954907161804,0.9859154929577465,0.8061224489795918,,,0.41359223300970877,0.9823651452282157,70.8960536866223,0.7352100583156824,0.7999931081148814,0.9714795008912656,,
Casey Washington,2024,,,,,,,,,,,,,,,,0,0,0,0,0,187.0,0,5.231108616854587,6.0,22.822724161533195,1,0.1919392857629474,0.1919392857629474,0.0275344180225281,0.2099655280476339,0.2099655280476339,1497.0,670.0,122.0,12.270491803278688,80.0,0.03278688524590164,30.0,5.0,0.0,0.0,0.0,2.0,0.1644048677404193,2.2711864406779663,18.0,99.0,0.0275344180225281,0.0433360588716271,22.60917180013689,0.0,0.974,0.974,0.434,0.974,0.075,0.075,21.6,-2.5,24.1,,21.6,46.0,1.0,0.0,1.0,7.0,13.0,0.0,0.0,1.0,3.0,0.8359,1568.0,0.0,,,,,,,,,,,,,,,,,,,0.12299465240641712,0.1592356687898089,-0.03624101638339179
Isaiah Williams,2024,69.25,182.0,9.13,30.13,4.63,1.59,38.0,123.0,6.75,4.11,17.0,26.680081846498716,79.20952693997116,48.25,10.86,8,0,1,1,0,270.0,1,5.598421958998375,8.0,36.91991786447639,1,0.2969017879010531,0.2740043328382816,0.0018773466833541,0.3306173613287371,0.3306173613287371,2298.0,1055.0,213.0,10.788732394366198,67.0,0.06572769953051644,120.0,4.0,3.0,0.0,1.0,1.0,0.2721269861549275,1.4880112834978843,32.0,34.70773442847365,0.0,0.0,36.70636550308008,0.0,0.555,0.555,0.2404,0.618,0.319,0.15,21.6,-2.5,24.1,,21.6,46.0,1.0,0.0,1.0,7.0,13.0,0.0,1.0,0.0,4.0,0.9479,116.0,1.0,288.0,0.0,9.6,0.06583629893238434,0.11565836298932385,0.31574074074074077,0.1111111111111111,0.11583011583011583,0.11671087533156499,0.7706237424547284,0.48775510204081635,0.885558583106267,0.8937823834196891,0.039805825242718446,0.7572614107883817,38.963954599898685,0.4327282232460878,0.31582797330974116,0.47058823529411764,0.7526539278131635,-0.2820656925190459
Tayvion Robinson,2024,70.5,191.0,9.25,31.0,4.76,,32.0,117.0,7.02,4.56,13.0,27.015341280619687,74.41072774914724,41.75,11.579999999999998,8,0,0,0,0,270.0,1,5.598421958998375,8.0,,1,0.2689515404940868,0.1803271537622682,0.0942379810647977,0.2667876588021778,0.2006543075245365,2594.0,588.0,192.0,13.510416666666666,71.0,0.08333333333333333,277.0,5.0,2.0,0.0,1.0,2.0,0.08608917269747052,0.9387755102040817,,,,,,,0.911,0.881,0.7428000000000001,1.008,0.091,0.079,38.0,13.7,24.4,,31.6,26.0,1.0,0.0,2.0,9.0,9.0,1.0,1.0,1.0,4.0,0.8976,339.0,1.0,745.0,1.0,9.675324675324676,0.16370106761565836,0.27402135231316727,0.40555555555555556,0.275,0.016409266409266408,,0.12173038229376258,0.15816326530612246,0.4250681198910082,0.03756476683937824,0.007766990291262136,0.11514522821576763,18.18296358846317,0.09588687929704907,0.24149675136624413,0.36363636363636365,0.5456475583864119,-0.18201119475004823
Jamari Thrash,2024,71.75,188.0,8.63,31.0,4.46,1.54,34.0,120.0,7.16,,,25.672570991513798,95.02730441980513,44.0,,6,0,0,0,0,156.0,0,5.049856007249537,5.0,23.033538672142367,1,0.4227455550984963,0.2670368011519397,0.0033009708737864,0.4566022213081037,0.2613463295766067,2598.0,1110.0,166.0,15.650602409638553,85.0,0.10843373493975904,34.0,5.0,2.0,1.0,1.0,1.0,0.2637358302781533,0.772972972972973,18.0,21.82067077344285,0.0033009708737864,0.0905099628503883,22.819986310746064,0.0,1.353,1.095,0.8613999999999999,1.411,0.093,0.093,33.7,-3.3,38.3,,30.1,102.0,0.0,1.0,2.0,8.2,18.0,0.0,0.0,1.0,3.0,0.8317,1679.0,0.0,,,,0.302491103202847,0.21352313167259787,0.05740740740740741,0.275,0.6361003861003861,0.4946949602122016,0.29577464788732394,0.29183673469387755,0.2098092643051771,,0.3883495145631068,0.2863070539419087,31.37540185442576,0.3253202990481028,0.23266828962439462,0.8823529411764706,0.14861995753715498,0.7337329836393156
Kyren Lacy,2024,74.0,215.0,10.0,33.75,4.6,,33.5,,,4.43,,27.60135135135135,96.03667797070483,,,5,0,0,0,1,270.0,1,5.598421958998375,8.0,,1,0.261195920159411,0.261195920159411,0.1794759825327511,0.2120470127326151,0.2120470127326151,2360.0,866.0,162.0,14.567901234567902,57.0,0.16049382716049382,0.0,5.0,1.0,0.0,1.0,2.0,0.08171993762665991,1.5519713261648747,,,,,,,1.041,0.824,0.758,0.993,0.101,0.101,36.8,15.9,21.7,,36.8,6.0,1.0,0.0,2.0,7.7,29.0,1.0,0.0,1.0,3.0,0.8548,1080.0,0.0,,,,0.6708185053380783,0.8416370106761566,0.8787037037037037,0.9518518518518518,0.17277992277992277,,0.24647887323943662,,,0.16321243523316062,0.4330097087378641,,54.48115014450219,0.33974429098865033,0.6869632335332676,0.32976827094474154,0.27388535031847133,0.055882920626270205
Malik Nabers,2024,71.75,200.0,9.88,31.38,4.41,,42.0,129.0,,,15.0,27.311245735652978,105.75615031698236,52.75,,6,1,1,0,0,6.0,0,1.791759469228055,1.0,20.42984257357974,1,0.3371031623244013,0.3371031623244013,0.1255290205562273,0.3560245064669843,0.3560245064669843,3003.0,1569.0,189.0,15.88888888888889,75.0,0.1111111111111111,29.0,3.0,2.0,1.0,1.0,1.0,0.211574141768174,1.5427728613569323,18.0,19.21697467488022,0.2000980279091223,0.3371031623244013,20.216290212183434,1.0,1.112,0.961,1.012,1.13,0.146,0.146,44.6,19.1,25.0,,44.6,12.0,1.0,0.0,1.0,11.7,40.0,1.0,1.0,0.0,4.0,0.9112,251.0,1.0,31.0,0.0,7.75,0.302491103202847,0.46441281138790036,0.825925925925926,0.38333333333333336,0.8175675675675675,,0.9728370221327968,0.8428571428571429,,,0.7951456310679612,0.9719917012448133,70.85069154133653,0.8702799320193003,0.6211468461487257,0.6541889483065954,0.6050955414012739,0.04909340690532149
Brian Thomas,2024,74.88,209.0,9.75,32.75,4.33,1.5,38.5,126.0,,,11.0,26.20414172647747,118.9117296781256,49.0,,6,1,1,0,0,23.0,0,3.1354942159291497,1.0,21.232032854209447,1,0.3267193720733543,0.3267193720733543,0.0855123941958887,0.2670751077830723,0.2670751077830723,1908.0,1177.0,128.0,14.90625,86.0,0.1875,0.0,3.0,1.0,1.0,0.0,2.0,0.2412069778774656,3.163978494623656,18.0,21.018480492813143,0.0855123941958887,0.1580325222004382,21.018480492813143,1.0,1.29,1.29,0.9173333333333332,1.304,0.096,0.096,44.6,19.1,25.0,,44.6,12.0,1.0,0.0,1.0,11.7,40.0,1.0,1.0,1.0,4.0,0.96,89.0,1.0,441.0,0.0,16.96153846153846,0.8051601423487544,0.7170818505338078,0.7546296296296297,0.7944444444444444,0.9584942084942085,0.8793103448275862,0.8118712273641852,0.713265306122449,,,0.9844660194174757,0.8101659751037344,82.28889148286275,0.83653418430137,0.7915263609467534,0.6024955436720143,0.7919320594479831,-0.18943651577596876
Cornelius Johnson,2024,74.75,212.0,8.63,31.88,4.44,1.55,37.5,127.0,6.93,4.37,13.0,26.672811266093223,109.10231759276564,48.083333333333336,11.3,8,1,1,0,1,253.0,0,5.53338948872752,7.0,23.08829568788501,1,0.2512205947625388,0.1150611024440977,0.0293529592149647,0.1958151155527795,0.1884555382215288,2045.0,627.0,139.0,14.712230215827338,87.0,0.10071942446043165,70.0,5.0,2.0,0.0,1.0,3.0,0.085708143229133,0.9633173843700159,18.0,19.876796714579054,0.0293529592149647,0.2512205947625388,22.874743326488705,0.0,0.977,0.732,0.7194,1.086,0.085,0.069,36.5,23.4,15.8,,36.6,14.0,1.0,0.0,1.0,7.9,15.0,0.0,0.0,0.0,4.0,0.9294,177.0,1.0,,,,0.7846975088967971,0.7820284697508897,0.05740740740740741,0.5351851851851852,0.7055984555984556,0.39389920424403185,0.7354124748490946,0.763265306122449,0.6253405994550408,0.25,0.8699029126213592,0.7448132780082988,60.396256684491746,0.789526897864301,0.528175644084621,0.28698752228163993,0.6751592356687898,-0.38817171338714984
Roman Wilson,2024,70.75,185.0,9.38,30.38,4.39,1.52,,,6.89,4.07,12.0,25.982094919402165,99.6193360979622,,10.96,6,1,0,1,0,84.0,0,4.430816798843313,3.0,22.535249828884325,1,0.3730889235569423,0.3730889235569423,0.0961680722000296,0.2461778471138845,0.2461778471138845,1707.0,789.0,107.0,15.953271028037383,75.0,0.18691588785046728,117.0,4.0,1.0,1.0,1.0,1.0,0.2769208513569127,1.8785714285714286,19.0,22.321697467488022,0.0961680722000296,0.1370125814223253,22.321697467488022,0.0,1.418,1.418,0.9165000000000001,1.436,0.064,0.064,36.6,31.3,7.2,,36.6,9.0,1.0,0.0,1.0,9.0,22.0,1.0,1.0,0.0,4.0,0.8967,346.0,1.0,134.0,0.0,22.333333333333332,0.18861209964412812,0.1619217081850534,0.5064814814814815,0.15925925925925927,0.8725868725868726,0.7320954907161804,,,0.6839237057220708,0.9378238341968912,0.5922330097087378,,53.721527350007506,0.5922330097087378,0.28478428012828966,0.7754010695187166,0.535031847133758,0.24036922238495861
Lideatrick Griffin,2024,70.0,181.0,9.13,30.63,4.43,1.55,35.5,124.0,7.0,4.35,,25.967959183673468,93.9926005469229,45.833333333333336,11.35,7,1,0,0,0,270.0,1,5.598421958998375,8.0,22.937713894592743,1,0.2841124350748548,0.2841124350748548,0.0387704636933018,0.3015582034830431,0.3015582034830431,1490.0,658.0,126.0,11.825396825396826,65.0,0.07142857142857142,74.0,4.0,1.0,0.0,1.0,1.0,0.24534197138155298,1.3107569721115537,19.0,22.72416153319644,0.0,0.0387704636933018,22.72416153319644,0.0,0.826,0.55,0.403,0.826,0.103,0.103,24.7,0.5,24.9,,24.7,27.0,1.0,0.0,1.0,6.9,12.0,0.0,1.0,1.0,4.0,0.9064,271.0,1.0,1647.0,2.0,28.396551724137932,0.11743772241992882,0.10142348754448399,0.31574074074074077,0.2037037037037037,0.7451737451737451,0.39389920424403185,0.48893360160965793,0.573469387755102,0.47275204359673023,0.29533678756476683,0.34271844660194173,0.4979253112033195,37.90428485131794,0.46837381198890055,0.2814539421185078,0.4206773618538324,0.5881104033970276,-0.16743304154319516
Junior Bergen,2024,71.0,184.0,9.0,30.0,4.56,1.59,36.5,120.0,6.97,4.22,1.0,25.659988097599683,85.1115398719648,46.5,11.19,8,0,0,0,0,252.0,0,5.529429087511423,7.0,21.190965092402465,1,0.2714626391096979,0.1687067773167358,0.1289741186648403,0.2488076311605723,0.1874135546334716,1360.0,626.0,112.0,12.142857142857142,76.0,0.10714285714285714,90.0,3.0,1.0,0.0,0.0,2.0,0.039732658651895514,0.865814696485623,19.0,20.97741273100616,0.0,0.1289741186648403,21.97946611909651,0.0,0.851,0.584,0.589,0.905,0.081,0.081,,,,,,,0.0,1.0,1.0,7.5,12.0,0.0,1.0,0.0,,,,0.0,1685.0,4.0,19.147727272727273,0.21263345195729538,0.14590747330960854,0.20185185185185187,0.08981481481481482,0.29633204633204635,0.11671087533156499,0.6247484909456741,0.29183673469387755,0.5422343324250681,0.6308290155440415,0.10388349514563107,0.5778008298755186,31.954861768558267,0.3401562402617276,0.28226215239240904,0.38235294117647056,,
Devontez Walker,2024,73.5,193.0,9.13,33.25,4.36,1.54,40.5,134.0,,4.3,,25.11527604238975,106.81723885592413,51.666666666666664,,6,1,1,0,0,113.0,0,4.727387818712341,4.0,22.535249828884325,1,0.5018795279537067,0.2246694943809089,0.0419117135905457,0.3567002323780015,0.1801082195310487,1744.0,921.0,104.0,16.76923076923077,73.0,0.18269230769230768,52.0,3.0,2.0,1.0,1.0,2.0,0.1827577807903632,0.758957654723127,20.0,21.322381930184804,0.0,0.0419117135905457,22.321697467488022,0.0,1.47,0.595,0.9053333333333334,1.47,0.12,0.12,25.6,-13.1,37.9,,34.4,118.0,0.0,1.0,2.0,7.9,13.0,0.0,0.0,1.0,3.0,0.8056,2695.0,0.0,,,,0.5845195729537367,0.31494661921708184,0.31574074074074077,0.8888888888888888,0.9218146718146718,0.4946949602122016,0.9275653923541247,0.9612244897959183,,0.4261658031088083,0.8330097087378641,0.9346473029045643,69.12016500662365,0.9072665302959692,0.6791786487343727,0.9679144385026738,0.040339702760084924,0.9275747357425889
Marvin Harrison Jr.,2024,75.25,209.0,9.5,31.88,,,,,,,,25.9470866767475,,,,2,0,0,0,0,4.0,0,1.3862943611198906,1.0,21.39082819986311,1,0.4423296828957206,0.4423296828957206,0.0466434290932078,0.3461978273299028,0.3461978273299028,2613.0,1263.0,155.0,16.858064516129033,75.0,0.2,58.0,3.0,2.0,2.0,1.0,1.0,0.3956862538025128,0.9588281868566905,18.0,20.177960301163587,0.0466434290932078,0.3295083376310813,21.177275838466805,1.0,1.438,1.258,1.2033333333333334,1.438,0.131,0.118,45.1,31.1,15.7,,31.5,2.0,1.0,0.0,1.0,9.5,41.0,1.0,0.0,0.0,4.0,0.9583,97.0,1.0,,,,0.8514234875444839,0.7170818505338078,0.5944444444444444,0.5351851851851852,,,,,,,,,67.45337419269804,,0.6603510390580379,0.9126559714795008,0.778131634819533,0.13452433665996788
Troy Franklin,2024,73.88,176.0,8.75,31.88,4.41,1.61,39.0,124.0,6.9,4.31,,22.66805299511141,93.06541227894448,49.333333333333336,11.21,7,1,1,1,0,102.0,0,4.624972813284271,4.0,20.90075290896646,1,0.2852289773228624,0.2852289773228624,0.0837314396384764,0.2847436689314391,0.2847436689314391,2483.0,1383.0,160.0,15.51875,84.0,0.15625,0.0,3.0,2.0,0.0,1.0,1.0,0.201497537684386,1.5521885521885521,18.0,19.68788501026694,0.0837314396384764,0.2703078584931137,20.687200547570157,1.0,1.26,1.26,0.8856666666666667,1.26,0.109,0.109,45.0,26.2,18.2,,45.0,13.0,1.0,0.0,1.0,9.6,45.0,1.0,0.0,0.0,4.0,0.9808,41.0,1.0,,,,0.6379003558718861,0.050711743772241996,0.09166666666666666,0.5351851851851852,0.8175675675675675,0.05702917771883289,0.8501006036217303,0.573469387755102,0.6580381471389646,0.4067357512953368,0.31650485436893205,0.8298755186721992,48.539874663622044,0.5800249485819214,0.528713202836367,0.42602495543672014,0.9012738853503185,-0.47524892991359835
Anthony Gould,2024,68.38,174.0,8.88,29.63,4.39,1.49,39.5,129.0,6.94,4.16,,26.160520484901017,93.69602422186715,50.25,11.100000000000001,7,1,1,0,0,142.0,0,4.955827057601261,5.0,22.7378507871321,1,0.1818378951426368,0.1525021991985143,0.0591172079134005,0.2280813214739517,0.2280813214739517,1360.0,718.0,84.0,16.19047619047619,75.0,0.07142857142857142,83.0,3.0,0.0,0.0,0.0,2.0,0.0933849912851138,1.5711159737417943,20.0,99.0,0.0,0.0,22.524298425735797,0.0,1.337,0.973,0.7775,1.45,0.074,0.074,33.2,12.6,22.3,,33.2,56.0,1.0,0.0,1.0,8.4,21.0,0.0,1.0,0.0,3.0,0.8393,1474.0,0.0,401.0,2.0,16.04,0.03113879003558719,0.04181494661921708,0.12685185185185185,0.06388888888888888,0.8725868725868726,0.9270557029177718,0.8832997987927566,0.8428571428571429,0.6049046321525886,0.7681347150259067,0.3339805825242718,0.8775933609958506,53.11756071040589,0.6867125080580571,0.27629483239227115,0.10338680926916222,0.1762208067940552,-0.07283399752489297
Julian Fleming,2024,74.0,206.0,,,4.68,,34.5,,,4.27,,26.445945945945947,85.88430463752407,,,3,0,0,0,0,270.0,1,5.598421958998375,8.0,,1,0.140149561629706,0.040802706162004,0.0176190476190476,0.1374419804022692,0.0482720789906747,1140.0,533.0,93.0,12.258064516129032,79.0,0.08602150537634409,0.0,5.0,0.0,0.0,0.0,6.0,0.0231836585429564,0.3302063789868668,,,,,,,1.094,1.094,0.641,1.094,0.068,0.023,45.1,31.1,15.7,,37.5,2.0,1.0,0.0,2.0,9.5,41.0,1.0,1.0,1.0,5.0,0.9979,3.0,1.0,25.0,0.0,6.25,0.6708185053380783,0.6548042704626335,,,0.05791505791505792,,0.35714285714285715,,,0.5051813471502591,0.12718446601941746,,39.55077506713838,0.2421636615811373,0.5139806812404677,0.040998217468805706,0.9968152866242038,-0.9558170691553981
Bub Means,2024,73.0,227.0,10.13,33.25,4.43,1.55,39.5,122.0,,4.4,19.0,29.945768436854944,117.8802227853674,49.666666666666664,,7,1,1,0,0,170.0,0,5.135798437050262,5.0,22.973305954825463,1,0.3155523783587509,0.3155523783587509,0.1136868526586076,0.2781635802469135,0.2781635802469135,1552.0,721.0,90.0,17.244444444444444,75.0,0.1111111111111111,2.0,3.0,1.0,1.0,1.0,1.0,0.20186552570014327,1.6767441860465115,20.0,22.759753593429156,0.0,0.0,22.759753593429156,0.0,,,,,,,19.3,-7.3,26.0,,19.3,76.0,1.0,0.0,2.0,6.4,7.0,0.0,0.0,1.0,3.0,0.8256,1887.0,0.0,,,,0.4893238434163701,0.9733096085409253,0.9277777777777778,0.8888888888888888,0.7451737451737451,0.39389920424403185,0.8832997987927566,0.4204081632653061,,0.2033678756476684,0.9766990291262136,0.8506224066390041,70.47973037738807,0.760135663728092,0.7973225772189483,0.5347593582887701,0.11889596602972399,0.4158633922590461
Luke McCaffrey,2024,73.63,198.0,9.63,30.13,4.46,1.52,36.0,121.0,6.7,4.02,,25.675027316400012,100.08194827192243,46.083333333333336,10.719999999999999,7,0,0,1,0,100.0,0,4.605170185988092,3.0,22.748802190280628,1,0.3752652923995041,0.3752652923995041,0.0023520188161505,0.3022547227300426,0.3022547227300426,1731.0,992.0,131.0,13.213740458015268,66.0,0.1450381679389313,788.0,4.0,2.0,1.0,1.0,1.0,0.37291327358335363,1.373961218836565,18.0,21.53593429158111,0.0023520188161505,0.0023520188161505,22.535249828884325,0.0,0.869,0.752,0.46720000000000006,0.948,0.293,0.138,26.0,-10.2,34.4,,26.0,119.0,0.0,1.0,2.0,8.5,21.0,0.0,1.0,1.0,4.0,0.907,269.0,1.0,35.0,0.0,17.5,0.6023131672597865,0.4225978647686833,0.687037037037037,0.1111111111111111,0.6361003861003861,0.7320954907161804,0.5543259557344065,0.35612244897959183,0.9277929155313351,0.9740932642487047,0.6038834951456311,0.5228215767634855,59.41912261163617,0.5047772999532097,0.4886968177855852,0.7878787878787878,0.5902335456475584,0.19764524223122948
Ryan Flournoy,2024,72.75,202.0,10.13,31.63,4.44,1.53,39.5,132.0,7.08,4.37,19.0,26.831237231492306,103.95598185725783,50.5,11.45,8,1,1,0,0,216.0,0,5.375278407684165,6.0,24.18069815195072,1,0.3848835182710741,0.3848835182710741,0.3532246108228317,0.3411956079707198,0.3411956079707198,1823.0,984.0,118.0,15.44915254237288,89.0,0.11016949152542373,88.0,2.0,2.0,2.0,1.0,1.0,0.0316589074482424,0.8526422764227642,22.0,22.967830253251197,0.0,0.0,23.967145790554415,0.0,0.969,0.969,0.862,0.988,0.133,0.124,,,,,,,0.0,1.0,1.0,7.8,19.0,0.0,1.0,0.0,,,,,113.0,0.0,22.6,0.445729537366548,0.5231316725978647,0.9277777777777778,0.4601851851851852,0.7055984555984556,0.616710875331565,0.8832997987927566,0.9193877551020408,0.3242506811989101,0.25,0.7514563106796116,0.8941908713692946,64.18099100833342,0.8513812881914696,0.6792480747805669,0.82174688057041,,
Xavier Legette,2024,73.0,221.0,9.0,31.88,4.39,1.54,40.0,126.0,,,24.0,29.15425032839182,119.00472041972782,50.5,,6,1,1,0,0,32.0,0,3.4657359027997265,1.0,22.921286789869953,1,0.3547661870503596,0.3547661870503596,0.0566647919010123,0.3761990407673861,0.3761990407673861,1678.0,1255.0,113.0,14.849557522123893,76.0,0.10619469026548672,12.0,5.0,1.0,1.0,1.0,1.0,0.2981013951493473,7.514970059880239,18.0,22.70773442847365,0.0566647919010123,0.0566647919010123,22.70773442847365,0.0,0.988,0.988,0.49720000000000003,1.09,0.127,0.127,28.2,4.3,25.6,,28.2,25.0,1.0,0.0,1.0,8.0,19.0,1.0,1.0,0.0,3.0,0.8719,706.0,0.0,766.0,1.0,25.533333333333335,0.4893238434163701,0.9225978647686833,0.20185185185185187,0.5351851851851852,0.8725868725868726,0.4946949602122016,0.9104627766599598,0.713265306122449,,,0.9883495145631068,0.8941908713692946,70.22509046735975,0.8706925324485052,0.5342059142783417,0.7076648841354723,0.37791932059447986,0.3297455635409925
Jackson Meeks,2024,,,,,,,34.5,120.0,6.79,,,,,44.5,,3,0,0,1,0,270.0,1,5.598421958998375,8.0,20.774811772758383,1,0.2090742326036443,0.2090742326036443,0.0058231868713605,0.2122661122661122,0.2122661122661122,1153.0,1021.0,88.0,13.102272727272727,41.0,0.07954545454545454,0.0,4.0,1.0,0.0,1.0,1.0,0.2032510457322838,15.707692307692307,18.0,21.56331279945243,0.0058231868713605,0.0073247689880549,21.56331279945243,0.0,2.501,0.964,0.9984999999999999,2.501,0.094,0.094,35.8,5.5,28.9,,35.8,88.0,1.0,0.0,2.0,8.1,34.0,1.0,0.0,1.0,3.0,0.8715,660.0,0.0,,,,,,,,,,0.35714285714285715,0.29183673469387755,0.840599455040872,,,0.3537344398340249,46.08283716779079,0.32448979591836735,0.35714285714285715,0.16934046345811052,0.4002123142250531,-0.23087185076694258
Ainias Smith,2024,69.38,190.0,8.5,29.0,4.56,,,,6.84,4.26,21.0,27.748552617047707,87.88691617213756,,11.1,6,0,0,1,0,152.0,0,5.0238805208462765,5.0,22.587268993839835,1,0.2595727232584057,0.154592803030303,0.1087046939988116,0.2258522727272727,0.2258522727272727,2333.0,795.0,179.0,13.033519553072626,63.0,0.10614525139664804,405.0,5.0,2.0,0.0,1.0,1.0,0.04588810903149142,1.5618860510805501,18.0,19.37577002053388,0.2580723423026025,0.2595727232584057,22.373716632443532,0.0,1.46,0.857,0.7348000000000001,1.716,0.166,0.086,34.5,15.6,18.8,,34.5,1.0,1.0,0.0,1.0,7.6,9.0,0.0,1.0,0.0,3.0,0.8685,780.0,0.0,1196.0,2.0,10.872727272727273,0.07562277580071175,0.2526690391459075,0.03888888888888889,0.018518518518518517,0.29633204633204635,,,,0.771117166212534,0.538860103626943,0.16116504854368932,,26.914669838365494,0.16116504854368932,0.04434339440270638,0.3244206773618538,0.35881104033970274,-0.03439036297784892
Adonai Mitchell,2024,74.25,205.0,9.0,32.38,4.34,1.52,39.5,136.0,,,,26.14064324502035,115.5646314647894,50.833333333333336,,5,1,1,0,0,52.0,0,3.9512437185814275,2.0,21.232032854209447,1,0.3243983197430195,0.3243983197430195,0.1076610878093143,0.208796639486039,0.208796639486039,1405.0,845.0,93.0,15.10752688172043,62.0,0.1935483870967742,1.0,3.0,1.0,1.0,0.0,2.0,0.21673723193370523,1.983568075117371,18.0,21.018480492813143,0.1076610878093143,0.1076610878093143,21.018480492813143,1.0,0.831,0.812,0.77,0.843,0.081,0.081,39.3,23.2,17.7,,39.3,5.0,1.0,0.0,2.0,8.8,22.0,1.0,0.0,1.0,4.0,0.8922,383.0,1.0,,,,0.7135231316725978,0.6192170818505338,0.20185185185185187,0.7037037037037037,0.946911196911197,0.7320954907161804,0.8832997987927566,0.986734693877551,,,0.9669902912621359,0.9118257261410788,76.66152966779588,0.9456749279774811,0.6255946215052275,0.5846702317290553,0.5095541401273885,0.07511609160166677
Jordan Whittington,2024,72.63,205.0,10.0,30.38,,,,,,,18.0,27.319773709659405,,,,3,0,0,0,0,213.0,0,5.3612921657094255,6.0,23.249828884325805,1,0.1266150993684454,0.0823918952310353,0.0022600372241425,0.2077756532823454,0.1247837904620706,1757.0,652.0,141.0,12.460992907801419,43.0,0.03546099290780142,76.0,5.0,0.0,0.0,0.0,4.0,0.08013185800689279,0.7745398773006135,18.0,99.0,0.0022600372241425,0.0367725812209925,23.0362765229295,0.0,1.079,0.679,0.6132,1.071,0.087,0.056,38.1,23.1,15.6,,39.3,17.0,1.0,0.0,1.0,7.2,15.0,1.0,1.0,0.0,5.0,0.9836,34.0,1.0,39.0,0.0,9.75,0.42704626334519574,0.6192170818505338,0.8787037037037037,0.15925925925925927,,,,,,,,,52.10565770396731,,0.4883364087693862,0.026737967914438502,0.9267515923566879,-0.9000136244422494
Xavier Worthy,2024,71.25,165.0,8.75,31.13,4.21,1.49,41.0,131.0,,,,22.849122807017544,105.04746017176966,51.916666666666664,,5,1,1,0,0,28.0,0,3.332204510175204,1.0,20.681724845995895,1,0.3882274204856906,0.2252779836916234,0.3882274204856906,0.3626617375231054,0.2505559673832468,2755.0,1014.0,197.0,13.98477157360406,75.0,0.1319796954314721,56.0,3.0,3.0,2.0,1.0,1.0,-0.16294943679406718,1.033639143730887,18.0,18.469541409993155,0.3882274204856906,0.3882274204856906,20.468172484599588,1.0,0.917,0.566,0.6086666666666667,0.909,0.126,0.098,39.3,23.2,17.7,,39.3,5.0,1.0,0.0,1.0,8.8,22.0,1.0,1.0,0.0,4.0,0.9712,62.0,1.0,597.0,1.0,13.883720930232558,0.2508896797153025,0.015124555160142349,0.09166666666666666,0.3148148148148148,1.0,0.9270557029177718,0.9456740442655935,0.8959183673469387,,,0.7844660194174757,0.946058091286307,61.716679415910136,0.875352810343336,0.4007613013655944,0.8288770053475936,0.8577494692144374,-0.028872463866843834
Jha'Quan Jackson,2024,69.13,188.0,8.88,30.88,4.42,1.55,32.0,118.0,,,12.0,27.655407396538774,98.51418471014152,41.833333333333336,,6,1,0,0,0,182.0,0,5.204006687076795,6.0,23.630390143737166,1,0.2907593429065822,0.1529235880398671,0.0321015304217991,0.2005663048607834,0.1458471760797342,1743.0,554.0,109.0,15.990825688073395,87.0,0.1559633027522936,116.0,5.0,1.0,0.0,0.0,3.0,0.12082205761806801,0.7924187725631769,19.0,20.418891170431213,0.0321015304217991,0.2907593429065822,23.416837782340863,0.0,1.955,0.76,1.0552,1.955,0.071,0.071,32.0,12.4,19.7,,26.5,77.0,0.0,1.0,1.0,8.9,27.0,1.0,1.0,0.0,3.0,0.8467,1306.0,0.0,1429.0,1.0,14.434343434343434,0.06138790035587188,0.21352313167259787,0.12685185185185185,0.25,0.7847490347490348,0.39389920424403185,0.12173038229376258,0.19387755102040816,,,0.5310679611650485,0.12240663900414937,27.994936563567567,0.28222529815973973,0.13999253362537156,0.45098039215686275,0.21443736730360935,0.2365430248532534
Brenden Rice,2024,74.38,208.0,9.63,33.0,4.5,1.55,36.5,119.0,6.95,4.45,13.0,26.43055677765269,101.44795000762079,46.416666666666664,11.4,8,0,0,0,0,225.0,0,5.41610040220442,7.0,21.790554414784395,1,0.2535227535227535,0.2535227535227535,0.2162944582299421,0.1898412698412698,0.1827211827211827,1821.0,791.0,111.0,16.405405405405407,75.0,0.1891891891891892,54.0,4.0,3.0,0.0,0.0,2.0,0.03722829529281141,1.2945990180032734,18.0,18.579055441478438,0.2162944582299421,0.2449206349206349,21.57700205338809,0.0,1.501,1.501,1.0869999999999997,1.511,0.073,0.073,43.3,9.4,32.8,,43.3,70.0,1.0,0.0,2.0,9.4,30.0,1.0,1.0,1.0,4.0,0.8987,327.0,1.0,636.0,1.0,27.652173913043477,0.7330960854092526,0.6948398576512456,0.687037037037037,0.850925925925926,0.5057915057915058,0.39389920424403185,0.6247484909456741,0.2357142857142857,0.5858310626702997,0.14248704663212436,0.6524271844660194,0.5663900414937759,55.60989773317648,0.5042966537086597,0.7239518848294725,0.3048128342245989,0.5520169851380042,-0.2472041509134053
Tahj Washington,2024,69.75,174.0,8.38,29.13,4.58,,35.0,122.0,6.84,4.22,,25.142945234516514,79.08922719378344,45.166666666666664,11.059999999999999,7,0,0,1,0,241.0,0,5.484796933490655,7.0,22.628336755646817,1,0.2307692307692307,0.2307692307692307,0.0038305003591094,0.2453222453222453,0.2453222453222453,3224.0,1062.0,209.0,15.425837320574162,92.0,0.10047846889952153,21.0,5.0,2.0,0.0,1.0,1.0,0.2269387304101213,1.3528662420382165,18.0,19.416837782340863,0.2065879683045207,0.2065879683045207,22.414784394250514,0.0,1.368,1.368,0.9418,1.376,0.089,0.078,43.3,9.4,32.8,,43.3,70.0,1.0,0.0,2.0,9.4,30.0,1.0,1.0,1.0,3.0,0.8281,1794.0,0.0,438.0,0.0,19.90909090909091,0.09786476868327403,0.04181494661921708,0.026851851851851852,0.025,0.22876447876447875,,0.42655935613682094,0.4204081632653061,0.771117166212534,0.6308290155440415,0.036893203883495145,0.4242738589211618,28.457970998928918,0.2946202410952074,0.1440689941679867,0.23351158645276293,0.12738853503184713,0.1061230514209158
Devaughn Vele,2024,76.0,203.0,9.75,33.5,4.47,1.53,36.0,126.0,7.02,4.33,11.0,24.70723684210526,101.6941430656546,46.5,11.35,8,0,0,0,0,235.0,0,5.459585514144159,7.0,26.053388090349078,1,0.2375231910946196,0.2375231910946196,0.005560704355885,0.2750463821892393,0.2750463821892393,1689.0,695.0,123.0,13.731707317073171,68.0,0.07317073170731707,-4.0,4.0,1.0,0.0,1.0,1.0,0.23196248673873462,0.8532374100719424,22.0,25.83983572895277,0.0,0.0,25.83983572895277,0.0,1.036,0.851,0.669,1.036,0.077,0.075,37.3,19.2,17.3,,26.7,33.0,1.0,0.0,1.0,7.9,26.0,0.0,1.0,0.0,,,,,294.0,0.0,10.5,0.9270462633451957,0.552491103202847,0.7546296296296297,0.9268518518518518,0.6023166023166023,0.616710875331565,0.5543259557344065,0.713265306122449,0.4250681198910082,0.344559585492228,0.6631067961165048,0.5778008298755186,63.81810765758173,0.6435660193244535,0.790713425140271,0.2549019607843137,,
Malik Washington,2024,68.5,191.0,9.25,30.38,4.47,1.53,42.5,126.0,6.87,4.26,19.0,28.61590921199851,95.68266662827601,53.0,11.129999999999999,8,0,1,1,0,184.0,0,5.214935757608986,6.0,23.197809719370294,1,0.473719181675118,0.473719181675118,0.0148514851485148,0.4737541528239202,0.4737541528239202,2791.0,1426.0,230.0,12.134782608695652,64.0,0.05217391304347826,29.0,5.0,2.0,1.0,1.0,1.0,0.4588676965266032,2.0547550432276656,18.0,20.985626283367555,0.0148514851485148,0.0148514851485148,22.98425735797399,0.0,0.835,0.774,0.5644,0.845,0.162,0.162,21.0,-10.8,31.7,,21.0,66.0,1.0,0.0,2.0,8.0,13.0,0.0,1.0,1.0,3.0,0.8652,837.0,0.0,257.0,0.0,19.76923076923077,0.037366548042704624,0.27402135231316727,0.40555555555555556,0.15925925925925927,0.6023166023166023,0.616710875331565,0.9859154929577465,0.713265306122449,0.723433242506812,0.538860103626943,0.42135922330097086,0.9782157676348547,53.802327741405264,0.7068466741270555,0.3970242139538165,0.9518716577540107,0.34288747346072185,0.6089841842932888
Jalen McMillan,2024,73.0,197.0,10.0,32.13,4.47,1.53,37.0,127.0,6.94,4.18,,25.988177894539312,98.6884048469653,47.583333333333336,11.120000000000001,7,0,1,0,0,92.0,0,4.5217885770490405,3.0,22.067077344284737,1,0.2548334460162263,0.1200086783398846,0.0088300220750551,0.2284168920324526,0.1084384093113482,2143.0,1098.0,164.0,13.067073170731707,84.0,0.10365853658536585,46.0,4.0,1.0,0.0,1.0,3.0,0.1111786562648295,0.5091074681238615,18.0,20.854209445585216,0.0088300220750551,0.187037037037037,21.853524982888434,0.0,0.687,0.607,0.5325,0.698,0.137,0.137,41.2,15.7,25.5,,40.3,35.0,1.0,0.0,1.0,8.4,31.0,1.0,1.0,0.0,4.0,0.9701,67.0,1.0,83.0,0.0,9.222222222222221,0.4893238434163701,0.40213523131672596,0.8787037037037037,0.6277777777777778,0.6023166023166023,0.616710875331565,0.6891348088531187,0.763265306122449,0.6049046321525886,0.7474093264248705,0.545631067961165,0.7012448132780082,63.904649905457866,0.6660103943122442,0.6712350334377426,0.31016042780748665,0.8503184713375797,-0.540158043530093
Rome Odunze,2024,74.88,212.0,9.25,32.25,4.45,1.52,39.0,124.0,6.88,4.03,,26.580277732120685,108.12492336701838,49.333333333333336,10.91,7,1,1,1,1,9.0,0,2.1972245773362196,1.0,21.579739904175224,1,0.3301214967583848,0.3301214967583848,0.0397350993377483,0.3181377303588749,0.3181377303588749,3272.0,1640.0,214.0,15.289719626168225,61.0,0.11214953271028037,40.0,4.0,3.0,1.0,1.0,1.0,0.29038639742063654,1.4323144104803494,18.0,19.367556468172484,0.2101851851851852,0.2284721499895985,21.366187542778917,0.0,1.016,1.016,0.58225,1.023,0.125,0.125,40.3,16.4,24.7,,40.3,96.0,1.0,0.0,1.0,8.8,36.0,1.0,1.0,0.0,4.0,0.9175,225.0,1.0,104.0,1.0,20.8,0.8051601423487544,0.7820284697508897,0.40555555555555556,0.6638888888888889,0.668918918918919,0.7320954907161804,0.8501006036217303,0.573469387755102,0.7043596730245232,0.9676165803108808,0.8563106796116505,0.8298755186721992,73.6614992431273,0.7599602236628277,0.6811762976037322,0.6221033868092691,0.6305732484076433,-0.008469861598374151
Ja'Lynn Polk,2024,73.38,203.0,9.75,31.75,4.52,1.52,37.5,129.0,,,,26.50305562631258,97.26851696790115,48.25,,5,0,1,0,0,37.0,0,3.6109179126442243,2.0,21.724845995893222,1,0.2308361835724131,0.2308361835724131,0.105385680130867,0.2248302618816682,0.2248302618816682,2231.0,1159.0,143.0,15.601398601398602,92.0,0.1258741258741259,47.0,4.0,1.0,0.0,0.0,2.0,0.1254505034415461,1.6700288184438041,18.0,21.51129363449692,0.105385680130867,0.105385680130867,21.51129363449692,0.0,2.094,0.968,1.1164999999999998,2.094,0.102,0.102,40.3,16.4,24.7,,40.3,96.0,1.0,0.0,2.0,8.8,36.0,1.0,0.0,1.0,3.0,0.8848,461.0,0.0,,,,0.5640569395017794,0.552491103202847,0.7546296296296297,0.49444444444444446,0.4372586872586873,0.7320954907161804,0.7354124748490946,0.8428571428571429,,,0.49223300970873785,0.7572614107883817,63.62740332956924,0.6901675424716585,0.637135872106237,0.23529411764705882,0.4607218683651805,-0.22542775071812166
Malachi Corley,2024,70.63,207.0,9.13,32.13,4.56,,,,,4.22,,29.170727344195722,95.7504823559604,,,4,0,0,0,0,65.0,0,4.174387269895637,3.0,21.782340862423,1,0.2729620180239496,0.2729620180239496,0.0163810483870967,0.2621654501216545,0.2564503518373729,3033.0,1293.0,259.0,11.71042471042471,76.0,0.11196911196911197,92.0,4.0,2.0,0.0,1.0,1.0,0.2565809696368529,0.7610208816705336,18.0,20.569472963723477,0.0163810483870967,0.1124560825647782,21.568788501026695,0.0,0.975,0.787,0.7012499999999999,0.975,0.131,0.117,31.3,1.7,30.1,,28.7,136.0,0.0,1.0,1.0,7.9,40.0,0.0,0.0,0.0,,,,,,,,0.17704626334519574,0.6797153024911032,0.31574074074074077,0.6277777777777778,0.29633204633204635,,,,,0.6308290155440415,0.42330097087378643,,45.010601672924174,0.42330097087378643,0.37352159395457135,0.39215686274509803,,
Tetairoa McMillan,2025,76.0,219.0,10.0,31.5,4.48,,,,,,,26.654605263157894,108.73317122707657,,,3,0,0,0,1,8.0,0,2.0794415416798357,1.0,21.744010951403148,1,0.4439028944911297,0.4439028944911297,0.2457069232782397,0.4433613445378151,0.4433613445378151,3423.0,1402.0,213.0,16.070422535211268,78.0,0.12206572769953052,3.0,3.0,3.0,2.0,1.0,1.0,0.19819597121288998,0.9407988587731811,19.0,19.529089664613277,0.0,0.2457069232782397,21.530458590006845,1.0,1.402,1.36,1.3253333333333333,1.402,0.133,0.12,37.3,14.1,23.1,,24.4,22.0,1.0,0.0,1.0,8.6,25.0,0.0,1.0,0.0,4.0,0.9779,51.0,1.0,11.0,0.0,5.5,0.9270462633451957,0.895017793594306,0.8787037037037037,0.41944444444444445,0.5675675675675675,,,,,,0.8640776699029126,,75.86429070930217,0.8640776699029126,0.7417314704977813,0.9144385026737968,0.8853503184713376,0.029088184202459177
Andrew Armstrong,2025,76.0,202.0,9.675,32.125,4.51,1.53,37.5,124.0,6.97,4.18,11.0,24.585526315789473,97.65066329653804,47.833333333333336,11.149999999999999,8,0,1,0,0,270.0,1,5.598421958998375,8.0,24.16974674880219,1,0.5414791479147915,0.1909586018492575,0.5414791479147915,0.4162916291629163,0.319417203698515,2829.0,1140.0,190.0,14.889473684210527,96.0,0.09473684210526316,3.0,3.0,2.0,1.0,1.0,1.0,-0.35052054606553396,1.2324324324324325,21.0,21.95482546201232,0.0,0.0,23.956194387405887,0.0,1.283,1.069,1.0913333333333333,1.283,0.122,0.122,31.4,11.0,21.7,,31.4,22.0,1.0,0.0,2.0,8.3,15.0,1.0,1.0,1.0,,,,0.0,12.0,0.0,12.0,0.9270462633451957,0.5231316725978647,0.712037037037037,0.6046296296296296,0.46621621621621623,0.616710875331565,0.7354124748490946,0.573469387755102,0.5422343324250681,0.7474093264248705,0.5048543689320388,0.7199170124481328,63.94223830826512,0.6045787438454118,0.7447813512152393,0.9768270944741533,,
Isaac TeSlaa,2025,76.0,214.0,10.0,31.125,4.43,1.51,39.5,129.0,6.85,4.05,17.0,26.04605263157895,111.12937302232874,50.25,10.899999999999999,8,1,1,1,1,70.0,0,4.248495242049359,3.0,22.863791923340177,1,0.1701019193051274,0.1701019193051274,0.1234545454545454,0.156,0.1527038386102549,896.0,545.0,62.0,14.451612903225806,75.0,0.08064516129032258,0.0,2.0,0.0,0.0,0.0,2.0,0.04664737385058201,1.5527065527065527,21.0,99.0,0.0,0.0,22.650239561943874,0.0,1.418,1.418,0.9219999999999999,1.418,0.064,0.046,31.4,11.0,21.7,,31.4,22.0,1.0,0.0,1.0,8.3,15.0,1.0,0.0,1.0,,,,,,,,0.9270462633451957,0.8202846975088968,0.8787037037037037,0.29814814814814816,0.7451737451737451,0.8143236074270557,0.8832997987927566,0.8428571428571429,0.7534059945504087,0.9572538860103627,0.9106796116504854,0.8775933609958506,80.90641633469794,0.878945517766795,0.746799478497451,0.0784313725490196,,
KeAndre Lambert-Smith,2025,73.0,190.0,9.125,32.675,4.37,1.53,34.5,124.0,,,,25.064740101332333,104.19763186926541,44.833333333333336,,5,1,0,0,0,158.0,0,5.062595033026967,5.0,23.211498973305954,1,0.3030265819972166,0.3030265819972166,0.0287206266318537,0.309756867698137,0.309756867698137,2696.0,981.0,175.0,15.405714285714286,88.0,0.10857142857142857,0.0,5.0,1.0,1.0,1.0,1.0,0.2743059553653629,1.4576523031203565,18.0,22.99794661190965,0.0287206266318537,0.1346204525923804,22.99794661190965,0.0,,,,,,,27.9,9.5,17.8,,27.9,18.0,1.0,0.0,2.0,8.6,21.0,0.0,0.0,1.0,4.0,0.9198,210.0,1.0,,,,0.4893238434163701,0.2526690391459075,0.27685185185185185,0.7777777777777778,0.9092664092664092,0.616710875331565,0.35714285714285715,0.573469387755102,,,0.7553398058252427,0.3921161825726141,54.00668030085697,0.561984016907734,0.47527408254721426,0.483065953654189,0.6422505307855626,-0.15918457713137363
Kobe Hudson,2025,73.0,193.0,9.0,30.675,4.57,1.54,35.0,122.0,,,,25.460499155563898,88.4957683687618,45.166666666666664,,5,0,0,0,0,270.0,1,5.598421958998375,8.0,,1,0.303541616980682,0.303541616980682,0.014444903012794,0.3213689482470784,0.3213689482470784,2961.0,900.0,181.0,16.359116022099446,75.0,0.1270718232044199,-18.0,5.0,4.0,2.0,1.0,1.0,0.289096713967888,0.8555555555555555,,,,,,,1.455,1.002,0.9349999999999999,1.455,0.076,0.07,30.3,3.4,25.2,,29.0,53.0,1.0,0.0,2.0,8.9,15.0,0.0,0.0,1.0,4.0,0.9509,111.0,1.0,,,,0.4893238434163701,0.31494661921708184,0.20185185185185187,0.2111111111111111,0.2606177606177606,0.4946949602122016,0.42655935613682094,0.4204081632653061,,,0.18640776699029127,0.4242738589211618,34.30195291739957,0.3444584287974728,0.33221154062903846,0.49019607843137253,0.7600849256900213,-0.26988884725864876
Jimmy Horn,2025,68.0,174.0,8.75,30.375,4.46,1.54,38.0,128.0,7.32,4.41,,26.45371972318339,87.95080302684092,48.666666666666664,11.73,7,0,1,0,0,208.0,0,5.337538079701318,6.0,22.305270362765228,1,0.2023398128149748,0.066851684776213,0.1716832683701458,0.2380129589632829,0.1066763425253991,1967.0,567.0,162.0,12.141975308641975,91.0,0.06790123456790123,128.0,4.0,1.0,0.0,0.0,4.0,-0.1048315835939328,0.7777777777777778,18.0,20.09034907597536,0.1716832683701458,0.2023398128149748,22.091718001368925,0.0,0.78,0.78,0.627,0.809,0.091,0.067,29.6,-4.9,34.4,,33.3,47.0,1.0,0.0,2.0,7.5,27.0,1.0,1.0,1.0,3.0,0.8622,864.0,0.0,796.0,1.0,16.583333333333332,0.019572953736654804,0.04181494661921708,0.09166666666666666,0.14351851851851852,0.6361003861003861,0.4946949602122016,0.7706237424547284,0.8061224489795918,0.0667574931880109,0.18393782383419688,0.16407766990291262,0.7842323651452282,35.02599979465261,0.5802746204457443,0.2563454703441421,0.1443850267379679,0.32590233545647557,-0.18151730871850766
Tory Horton,2025,74.5,196.0,9.0,30.675,4.41,1.53,37.5,,,,,24.825548398720777,103.64102731064271,,,4,1,0,0,0,166.0,0,5.111987788356544,5.0,22.091718001368925,1,0.572850487081745,0.0899795954577714,0.1549567863008535,0.4790343074968233,0.1174591909155429,3593.0,1136.0,264.0,13.609848484848484,85.0,0.10227272727272728,28.0,5.0,2.0,2.0,1.0,4.0,-0.0649771908430821,0.2913732394366197,17.0,19.876796714579054,0.1549567863008535,0.572850487081745,21.87816563997262,0.0,1.129,1.015,0.9494,1.196,0.12,0.08,21.9,-8.9,32.0,,24.2,78.0,0.0,1.0,2.0,7.4,22.0,0.0,1.0,1.0,3.0,0.8089,2623.0,0.0,423.0,3.0,16.26923076923077,0.7508896797153025,0.37722419928825623,0.20185185185185187,0.2111111111111111,0.8175675675675675,0.616710875331565,0.7354124748490946,,,,0.7330097087378641,,55.547218355657655,0.7342110917934793,0.47481627938184,0.982174688057041,0.044585987261146494,0.9375887007958945
Travis Hunter,2025,72.0,188.0,,,,,,,,,,25.494598765432098,,,,0,0,0,0,0,2.0,0,0.6931471805599453,1.0,21.626283367556468,1,0.3548555812706756,0.3548555812706756,0.0817105314921908,0.3043057571359458,0.3043057571359458,2169.0,1258.0,171.0,12.68421052631579,58.0,0.14035087719298245,-5.0,3.0,1.0,1.0,1.0,1.0,0.2731450497784848,1.7447988904299583,19.0,21.412731006160165,0.0817105314921908,0.1881582540177875,21.412731006160165,1.0,1.061,1.035,0.8169999999999998,1.061,0.125,0.125,33.3,8.1,23.5,,33.3,29.0,1.0,0.0,2.0,8.7,37.0,1.0,0.0,1.0,,,,,,,,0.34341637010676157,0.21352313167259787,,,,,,,,,,,27.846975088967973,,0.34341637010676157,0.7112299465240641,,
Will Sheppard,2025,75.0,205.0,,,4.59,,38.5,126.0,,4.31,,25.620444444444445,92.37046173958137,49.0,,4,0,1,0,0,270.0,1,5.598421958998375,8.0,22.888432580424368,1,0.3771433193141378,0.1561899344918212,0.0076180802437785,0.3451957295373665,0.1502177068214804,2688.0,776.0,200.0,13.44,85.0,0.135,0.0,5.0,3.0,2.0,1.0,3.0,0.1485718542480427,0.8002577319587629,18.0,19.67419575633128,0.0076180802437785,0.2808267876489707,22.67488021902806,0.0,0.992,0.803,0.7056,0.992,0.113,0.067,29.9,-4.7,33.4,,33.3,49.0,1.0,0.0,2.0,6.4,10.0,0.0,1.0,1.0,3.0,0.8611,905.0,0.0,131.0,0.0,7.277777777777778,0.8238434163701067,0.6192170818505338,,,0.20077220077220076,,0.8118712273641852,0.713265306122449,,0.4067357512953368,0.29902912621359223,0.8101659751037344,58.56125106365173,0.6080552199000755,0.8178573218671459,0.7914438502673797,0.3099787685774947,0.48146508168988505
LaJohntay Wester,2025,70.0,163.0,8.675,29.75,4.46,1.53,32.0,121.0,,,,23.385510204081633,82.3906947895119,42.083333333333336,,5,0,0,0,0,203.0,0,5.313205979041787,6.0,22.76249144421629,1,0.4363577156347946,0.2477379411341675,0.1063461538461538,0.4516627996906419,0.2252056119980648,3634.0,1168.0,326.0,11.14723926380368,76.0,0.0950920245398773,213.0,5.0,4.0,1.0,1.0,2.0,0.14139178728801371,0.7970890410958904,18.0,19.548254620123203,0.1063461538461538,0.2177062374245472,22.548939082819988,0.0,1.088,1.088,0.6384000000000001,1.116,0.194,0.096,19.8,-9.4,27.9,,33.3,124.0,0.0,1.0,2.0,6.3,13.0,0.0,1.0,1.0,,,,0.0,1044.0,2.0,12.731707317073171,0.11743772241992882,0.010676156583629894,0.06759259259259259,0.07037037037037037,0.6361003861003861,0.616710875331565,0.12173038229376258,0.35612244897959183,,,0.062135922330097085,0.13278008298755187,21.916569399894765,0.1799962512011505,0.0942827669191636,0.9073083778966132,,
Elijhah Badger,2025,73.0,200.0,9.5,31.125,4.43,1.53,35.5,,,,,26.383936948770877,103.85922712367172,,,4,1,0,0,0,270.0,1,5.598421958998375,8.0,,1,0.3376796412687911,0.2484662576687116,0.0120553359683794,0.2864703936486933,0.274710293115201,2446.0,866.0,181.0,13.513812154696133,77.0,0.07734806629834254,111.0,4.0,3.0,2.0,1.0,1.0,0.2364109217003322,0.930715935334873,,,,,,,0.909,0.909,0.675,0.909,0.139,0.08,30.5,-4.1,35.7,,31.7,48.0,1.0,0.0,2.0,7.7,7.0,0.0,1.0,1.0,4.0,0.9364,141.0,1.0,600.0,0.0,28.571428571428573,0.4893238434163701,0.46441281138790036,0.5944444444444444,0.29814814814814816,0.7451737451737451,0.616710875331565,0.48893360160965793,,,,0.7446601941747573,,55.52259579608236,0.6167968978922076,0.46771250940465514,0.6559714795008913,0.7197452229299363,-0.06377374342904496
Chimere Dike,2025,73.0,196.0,9.125,32.125,4.34,1.51,38.5,128.0,6.82,4.27,,25.856258209795456,110.49106227853035,49.166666666666664,11.09,7,1,1,1,0,103.0,0,4.634728988229636,4.0,23.04996577686516,1,0.2869994022713688,0.1889911383776414,0.124585635359116,0.2882845188284519,0.2668711656441718,2261.0,783.0,139.0,16.26618705035971,74.0,0.07913669064748201,99.0,5.0,1.0,0.0,1.0,2.0,0.06440550301852539,1.1364296081277214,18.0,20.83504449007529,0.124585635359116,0.124585635359116,22.836413415468858,0.0,1.25,0.888,0.7866,1.25,0.084,0.071,31.7,13.8,20.0,,31.7,13.0,1.0,0.0,2.0,10.0,12.0,0.0,1.0,1.0,3.0,0.8763,579.0,0.0,767.0,0.0,15.653061224489797,0.4893238434163701,0.37722419928825623,0.27685185185185185,0.6046296296296296,0.946911196911197,0.8143236074270557,0.8118712273641852,0.8061224489795918,0.8024523160762943,0.5051813471502591,0.8951456310679612,0.8236514522821576,67.94740626204008,0.8377131024705794,0.5456691380655092,0.43315508021390375,0.4118895966029724,0.021265483610931335
Dominic Lovett,2025,70.0,185.0,9.25,31.375,4.4,1.53,33.5,120.0,,4.27,,26.541836734693877,98.71678847073285,43.5,,6,1,0,0,0,244.0,0,5.497168225293202,7.0,22.1492128678987,1,0.2680370874163729,0.1802448345665224,0.0284914361001317,0.305304944063515,0.1535931174089068,2239.0,846.0,195.0,11.482051282051282,79.0,0.06666666666666667,46.0,4.0,1.0,0.0,1.0,2.0,0.15175339846639072,0.7174940898345153,18.0,19.93429158110883,0.0284914361001317,0.2680370874163729,21.935660506502394,0.0,0.899,0.493,0.6307499999999999,1.069,0.089,0.085,26.0,8.1,18.3,,37.3,27.0,1.0,0.0,2.0,7.2,13.0,0.0,1.0,1.0,4.0,0.8986,331.0,1.0,-4.0,0.0,-4.0,0.11743772241992882,0.1619217081850534,0.40555555555555556,0.3648148148148148,0.8445945945945946,0.616710875331565,0.24647887323943662,0.29183673469387755,,0.5051813471502591,0.5514563106796116,0.254149377593361,39.63761740234599,0.3632573062043087,0.2835717415074339,0.3600713012477718,0.5498938428874734,-0.18982254163970164
Arian Smith,2025,72.0,179.0,9.0,31.25,4.36,1.51,38.0,127.0,6.82,4.19,,24.274112654320987,99.06883810989855,48.583333333333336,11.010000000000002,7,1,1,1,0,110.0,0,4.700480365792417,4.0,23.225188227241617,1,0.1723309018567639,0.1723309018567639,0.0436056969927835,0.2067307692307692,0.2067307692307692,1356.0,817.0,68.0,19.941176470588236,76.0,0.14705882352941177,93.0,5.0,0.0,0.0,1.0,1.0,0.1287252048639804,4.126262626262626,18.0,99.0,0.0436056969927835,0.0436056969927835,23.01163586584531,0.0,1.987,0.915,1.1052,2.353,0.065,0.065,37.3,24.3,14.9,,37.3,2.0,1.0,0.0,1.0,7.8,28.0,1.0,0.0,0.0,4.0,0.9722,58.0,1.0,,,,0.34341637010676157,0.07829181494661921,0.20185185185185187,0.34074074074074073,0.9218146718146718,0.8143236074270557,0.7706237424547284,0.763265306122449,0.8024523160762943,0.7202072538860104,0.5631067961165048,0.7769709543568465,59.14221188250445,0.698998614897894,0.41415817628852064,0.0855614973262032,0.8704883227176221,-0.7849268253914189
Pat Bryant,2025,74.0,204.0,9.5,31.125,4.61,1.56,37.5,124.0,,,,26.18918918918919,90.33508583022707,47.833333333333336,,5,0,1,0,0,74.0,0,4.30406509320417,3.0,22.06160164271047,1,0.4053499304773886,0.4053499304773886,0.0261472785485592,0.3561544064093226,0.3561544064093226,2086.0,978.0,135.0,15.451851851851853,64.0,0.14074074074074075,17.0,4.0,2.0,1.0,1.0,1.0,0.3792026519288294,1.7464285714285714,18.0,20.84599589322382,0.0261472785485592,0.1493264756306637,21.848049281314168,0.0,,,,,,,29.0,9.6,20.9,,29.0,38.0,1.0,0.0,1.0,7.8,22.0,0.0,0.0,0.0,3.0,0.8556,1031.0,0.0,,,,0.6708185053380783,0.5854092526690391,0.5944444444444444,0.29814814814814816,0.14961389961389962,0.2957559681697613,0.7354124748490946,0.573469387755102,,,0.23689320388349513,0.7199170124481328,48.59882297319194,0.5152583554958973,0.5747058931949414,0.8609625668449198,0.28450106157112526,0.5764615052737945
Jayden Higgins,2025,76.0,214.0,9.125,33.125,4.47,1.53,39.0,128.0,,,,26.04605263157895,107.20466313325164,49.666666666666664,,5,0,1,0,1,34.0,0,3.5263605246161616,2.0,22.04791238877481,1,0.3452234636871508,0.3452234636871508,0.24719260348684,0.3304469273743017,0.3304469273743017,2923.0,1183.0,198.0,14.762626262626263,80.0,0.12626262626262627,0.0,3.0,3.0,1.0,1.0,2.0,0.0980308602003108,1.2034587995930823,19.0,19.83299110198494,0.0,0.24719260348684,21.83436002737851,0.0,1.296,1.135,1.1113333333333333,1.296,0.106,0.106,30.8,10.3,20.2,,30.8,42.0,1.0,0.0,2.0,7.7,25.0,0.0,0.0,1.0,,,,,,,,0.9270462633451957,0.8202846975088968,0.27685185185185185,0.8703703703703703,0.6023166023166023,0.616710875331565,0.8501006036217303,0.8061224489795918,,,0.8388349514563107,0.8506224066390041,74.59261071421118,0.8316860013525442,0.731092272297287,0.679144385026738,,
Jaylin Noel,2025,70.0,194.0,8.75,29.5,4.39,1.51,41.5,134.0,6.82,4.17,23.0,27.833061224489796,104.46568217840361,52.666666666666664,10.99,8,1,1,1,0,79.0,0,4.3694478524670215,3.0,22.327173169062284,1,0.3267597765363128,0.3267597765363128,0.0386297376093294,0.3335195530726257,0.3335195530726257,2888.0,1194.0,246.0,11.739837398373984,82.0,0.07317073170731707,84.0,4.0,2.0,1.0,1.0,1.0,0.28813003892698336,1.4560975609756097,18.0,21.111567419575632,0.0386297376093294,0.1758910169406323,22.11362080766598,0.0,0.955,0.896,0.72575,0.984,0.101,0.1,30.8,10.3,20.2,,30.8,42.0,1.0,0.0,1.0,7.7,25.0,0.0,1.0,0.0,3.0,0.863,837.0,0.0,1287.0,0.0,13.98913043478261,0.11743772241992882,0.33629893238434166,0.09166666666666666,0.05740740740740741,0.8725868725868726,0.8143236074270557,0.9607645875251509,0.9612244897959183,0.8024523160762943,0.7590673575129534,0.7631067961165049,0.9678423236514523,62.5348256630879,0.8950319578125248,0.30681909600478846,0.6042780748663101,0.34288747346072185,0.2613906014055883
Ja'Corey Brooks,2025,74.0,184.0,9.0,31.75,,,,,,,,23.62162162162162,,,,2,0,0,0,0,270.0,1,5.598421958998375,8.0,23.170431211498972,1,0.3210033249460819,0.3210033249460819,0.0397570471121624,0.2958528037383177,0.2958528037383177,1909.0,1013.0,118.0,16.177966101694917,86.0,0.16101694915254236,0.0,4.0,2.0,1.0,1.0,1.0,0.28124627783391953,1.502967359050445,19.0,20.955509924709105,0.0,0.0397570471121624,22.95687885010267,0.0,1.473,1.385,0.9895,1.473,0.09,0.09,37.7,13.6,22.9,,37.7,31.0,1.0,0.0,2.0,8.2,23.0,1.0,1.0,1.0,5.0,0.9861,27.0,1.0,337.0,0.0,14.041666666666666,0.6708185053380783,0.14590747330960854,0.20185185185185187,0.49444444444444446,,,,,,,,,37.825556873599574,,0.4557049338781249,0.5650623885918004,0.940552016985138,-0.37548962839333766
Tai Felton,2025,73.0,183.0,9.0,30.0,4.37,1.51,39.5,130.0,,,,24.141302308125354,100.35877174776616,50.333333333333336,,5,1,1,0,0,102.0,0,4.624972813284271,3.0,21.801505817932924,1,0.3841768871998617,0.3841768871998617,0.0064393939393939,0.339782345828295,0.339782345828295,2207.0,1124.0,172.0,12.831395348837209,75.0,0.09883720930232558,39.0,4.0,2.0,1.0,1.0,1.0,0.3777374932604678,1.5546334716459198,18.0,20.58590006844627,0.0064393939393939,0.093288571710091,21.587953456536617,0.0,1.013,0.945,0.8504999999999999,1.016,0.125,0.125,23.3,-3.9,27.1,,23.3,36.0,1.0,0.0,1.0,6.9,15.0,0.0,1.0,0.0,3.0,0.8567,1009.0,0.0,176.0,0.0,22.0,0.4893238434163701,0.1298932384341637,0.20185185185185187,0.08981481481481482,0.9092664092664092,0.8143236074270557,0.8832997987927566,0.8714285714285714,,,0.6174757281553398,0.8858921161825726,58.92569979769906,0.7907346994588892,0.4160725772189483,0.8181818181818182,0.28874734607218683,0.5294344721096313
Kaden Prather,2025,75.5,204.0,9.25,31.875,4.46,1.53,30.0,114.0,,,,25.158896539625452,103.1147345831928,39.5,,5,0,0,0,0,240.0,0,5.480638923341991,7.0,22.321697467488022,1,0.1895549029769102,0.1895549029769102,0.0271486192987899,0.18863361547763,0.18863361547763,1966.0,666.0,162.0,12.135802469135802,57.0,0.07407407407407407,35.0,4.0,0.0,0.0,0.0,2.0,0.1624062836781203,0.9369369369369369,18.0,99.0,0.0271486192987899,0.1670955882352941,22.10814510609172,0.0,1.196,0.77,0.826,1.331,0.081,0.071,28.3,11.0,17.6,,23.3,31.0,1.0,0.0,2.0,7.7,25.0,0.0,0.0,1.0,4.0,0.9128,245.0,1.0,,,,0.8736654804270463,0.5854092526690391,0.40555555555555556,0.5175925925925926,0.6361003861003861,0.616710875331565,0.04024144869215292,0.07142857142857142,,,0.7126213592233009,0.04149377593360996,45.008192979538194,0.2747637931146751,0.4592637693168368,0.1140819964349376,0.6093418259023354,-0.4952598294673978
Roc Taylor,2025,74.0,213.0,9.0,32.25,4.49,1.53,30.5,122.0,,,,27.344594594594593,104.81519221253986,40.666666666666664,,5,0,0,0,1,270.0,1,5.598421958998375,8.0,23.266255989048595,1,0.1965247353048557,0.1750967007963595,0.0163179916317991,0.2718373493975903,0.270193401592719,2375.0,1083.0,163.0,14.570552147239264,85.0,0.04294478527607362,12.0,4.0,0.0,0.0,1.0,1.0,0.1587787091645604,0.8771929824561403,19.0,99.0,0.0,0.0163179916317991,23.052703627652292,0.0,1.097,1.051,0.8787499999999999,1.144,0.088,0.079,37.1,3.5,33.8,,36.7,58.0,0.0,1.0,1.0,8.2,32.0,0.0,0.0,0.0,3.0,0.8867,440.0,0.0,,,,0.6708185053380783,0.8033807829181495,0.20185185185185187,0.6638888888888889,0.5395752895752896,0.616710875331565,0.05331991951710262,0.4204081632653061,,,0.7708737864077669,0.07157676348547717,48.12404826579476,0.41486728973005854,0.3974697913989804,0.1354723707664884,0.47876857749469215,-0.3432962067282037
Sam Brown Jr.,2025,74.0,200.0,9.375,31.675,4.44,1.52,41.5,,,,,25.675675675675674,102.92671471015626,,,4,1,0,0,0,270.0,1,5.598421958998375,8.0,32.42436687200548,1,0.2033572416176979,0.08060848998152,0.0168869309838472,0.2817144832353958,0.1124364921581621,1903.0,815.0,148.0,12.858108108108109,76.0,0.060810810810810814,0.0,5.0,1.0,0.0,1.0,5.0,0.06372155899767279,0.6245398773006134,28.0,31.208761122518823,0.0,0.0,32.21081451060917,0.0,1.022,0.936,0.95175,1.023,0.097,0.049,25.6,-7.8,32.2,,44.2,50.0,1.0,0.0,3.0,7.1,22.0,1.0,0.0,1.0,3.0,0.8859,448.0,0.0,,,,0.6708185053380783,0.46441281138790036,0.47129629629629627,0.4740740740740741,0.7055984555984556,0.7320954907161804,0.9607645875251509,,,,0.7067961165048544,,64.82320421801238,0.8337803520150027,0.6442383658083999,0.14616755793226383,0.4723991507430998,-0.32623159281083597
Jacolby George,2025,71.0,172.0,9.5,31.375,,,32.5,120.0,6.77,,,23.986510612973618,,42.5,,5,0,0,1,0,270.0,1,5.598421958998375,8.0,,1,0.3027144746052734,0.1806181878916204,0.0404082338695727,0.257602862254025,0.1661144245637287,1929.0,864.0,130.0,14.838461538461539,85.0,0.13076923076923078,-1.0,4.0,1.0,1.0,0.0,2.0,0.1402099540220477,0.8703703703703703,,,,,,,1.217,1.014,0.9810000000000001,1.469,0.082,0.068,30.7,9.6,23.1,,44.2,16.0,1.0,0.0,1.0,8.1,19.0,0.0,1.0,0.0,4.0,0.9257,175.0,1.0,218.0,0.0,10.9,0.21263345195729538,0.03113879003558719,0.5944444444444444,0.3648148148148148,,,0.1579476861167002,0.29183673469387755,0.8651226158038147,,,0.16701244813278007,33.561887324991424,0.2248922104052889,0.3324600993333137,0.47950089126559714,0.6772823779193206,-0.19778148665372342
Xavier Restrepo,2025,70.0,209.0,9.125,29.375,4.81,,,,,,17.0,29.985102040816326,78.09009951542812,,,4,0,0,0,0,270.0,1,5.598421958998375,8.0,22.72416153319644,1,0.2932254802831142,0.2586217114656236,0.001967213114754,0.3255813953488372,0.2489507400044179,2844.0,1127.0,200.0,14.22,77.0,0.105,0.0,5.0,2.0,0.0,1.0,1.0,0.2566544983508696,1.0320512820512822,18.0,21.508555783709788,0.001967213114754,0.0817246151184916,22.510609171800137,0.0,1.272,1.272,0.8321999999999999,1.272,0.125,0.092,44.2,21.6,24.3,,44.2,7.0,1.0,0.0,1.0,9.5,39.0,0.0,1.0,0.0,3.0,0.8733,623.0,0.0,164.0,0.0,7.130434782608695,0.11743772241992882,0.7170818505338078,0.27685185185185185,0.04537037037037037,0.007722007722007722,,,,,,0.02524271844660194,,19.828442022409476,0.02524271844660194,0.14655331488071702,0.46167557932263814,0.40552016985138006,0.05615540947125808
Daniel Jackson,2025,71.0,193.0,9.0,30.75,,,,,6.78,4.07,,26.91509621106923,,,10.850000000000001,4,0,0,1,0,270.0,1,5.598421958998375,8.0,,1,0.4729077253218884,0.2493596400138456,0.0598995695839311,0.4458154506437768,0.2987192800276912,2685.0,863.0,208.0,12.908653846153847,66.0,0.08653846153846154,8.0,5.0,3.0,2.0,1.0,1.0,0.18946007042991453,1.0385078219013237,,,,,,,0.976,0.976,0.743875,1.028,0.103,0.103,25.6,10.4,15.4,,25.6,45.0,1.0,0.0,1.0,7.0,18.0,0.0,1.0,0.0,4.0,0.8982,332.0,1.0,23.0,0.0,11.5,0.21263345195729538,0.31494661921708184,0.20185185185185187,0.22592592592592592,,,,,0.8514986376021798,0.9378238341968912,,,45.74467201252044,,0.21347040991169106,0.948306595365419,0.5477707006369427,0.4005358947284763
Tre Harris,2025,74.0,205.0,9.675,31.875,4.54,1.56,38.5,125.0,,,,26.31756756756757,96.50736218172179,48.916666666666664,,5,0,1,0,0,55.0,0,4.007333185232471,2.0,22.84188911704312,1,0.3487371375116932,0.2294346882050484,0.0046168051708217,0.2974742750233863,0.2330629247971936,3594.0,1063.0,222.0,16.18918918918919,70.0,0.13063063063063063,22.0,5.0,3.0,1.0,1.0,1.0,0.2248178830342267,1.0791878172588834,18.0,20.62696783025325,0.0046168051708217,0.1816739274689132,22.628336755646817,0.0,1.292,1.043,0.9548,1.292,0.12,0.12,37.7,27.9,11.9,,37.7,23.0,1.0,0.0,2.0,10.8,29.0,1.0,1.0,1.0,3.0,0.8181,2258.0,0.0,26.0,0.0,8.666666666666666,0.6708185053380783,0.6192170818505338,0.712037037037037,0.5175925925925926,0.37065637065637064,0.2957559681697613,0.8118712273641852,0.6551020408163265,,,0.4533980582524272,0.8029045643153527,59.093534463926645,0.6401237754776462,0.6780798405829733,0.6916221033868093,0.07006369426751592,0.6215584091192934
Jordan Watkins,2025,71.0,196.0,9.125,29.375,4.37,1.53,36.5,119.0,,,,27.333465582225745,107.48808340197904,46.416666666666664,,5,1,0,0,0,138.0,0,4.927253685157205,4.0,22.87748117727584,1,0.244481614812824,0.244481614812824,0.0106224375698844,0.199569081605171,0.1986406489804867,2682.0,906.0,185.0,14.497297297297298,76.0,0.0972972972972973,31.0,5.0,1.0,0.0,0.0,2.0,0.2338591772429396,1.222672064777328,18.0,22.663928815879533,0.0106224375698844,0.1812823372680236,22.663928815879533,0.0,1.122,0.982,0.9107999999999998,1.009,0.081,0.081,37.7,27.9,11.9,,37.7,23.0,1.0,0.0,2.0,10.8,29.0,1.0,1.0,1.0,3.0,0.863,855.0,0.0,500.0,1.0,10.416666666666666,0.21263345195729538,0.37722419928825623,0.27685185185185185,0.04537037037037037,0.9092664092664092,0.616710875331565,0.6247484909456741,0.2357142857142857,,,0.8466019417475729,0.5663900414937759,47.115119179670565,0.5690215728025109,0.2899010412812979,0.2727272727272727,0.3375796178343949,-0.06485234510712218
Antwane Wells Jr.,2025,73.0,201.0,8.675,31.5,4.58,1.53,34.0,124.0,,,,26.51585663351473,91.36169348247397,44.333333333333336,,5,0,0,0,0,270.0,1,5.598421958998375,8.0,23.750855578370977,1,0.2677535159617586,0.1573968640153899,0.2677535159617586,0.2746374667061261,0.1212453409340057,1518.0,928.0,99.0,15.333333333333334,72.0,0.13131313131313133,14.0,3.0,1.0,0.0,1.0,4.0,-0.1103566519463687,0.5959051724137931,21.0,21.53593429158111,0.0,0.0,23.537303216974674,0.0,1.188,0.82,0.9573333333333333,1.188,0.113,0.051,36.0,12.7,25.2,,37.7,76.0,1.0,0.0,2.0,7.6,18.0,1.0,0.0,1.0,,,,,,,,0.4893238434163701,0.49377224199288255,0.06759259259259259,0.41944444444444445,0.22876447876447875,0.616710875331565,0.29577464788732394,0.573469387755102,,,0.26796116504854367,0.32676348547717843,37.79577162710483,0.37906840023032323,0.3180338820851828,0.3582887700534759,,
Luther Burden,2025,72.0,206.0,8.5,31.25,4.41,1.54,,,,,,27.935570987654323,108.92883482649182,,,3,1,0,0,0,39.0,0,3.6635616461296463,2.0,21.05681040383299,1,0.3731190369469168,0.3284832451499118,0.2603336757071871,0.3549337260677467,0.228395061728395,2248.0,1205.0,188.0,11.957446808510639,56.0,0.10638297872340426,255.0,3.0,3.0,2.0,1.0,2.0,0.06814956944272471,0.5526970954356847,18.0,18.84188911704312,0.2603336757071871,0.3731190369469168,20.843258042436688,1.0,0.993,0.875,0.7636666666666666,1.052,0.111,0.086,36.5,19.3,18.0,,33.7,15.0,1.0,0.0,1.0,9.0,21.0,0.0,1.0,0.0,5.0,0.9974,3.0,1.0,242.0,2.0,10.521739130434783,0.34341637010676157,0.6548042704626335,0.03888888888888889,0.34074074074074073,0.8175675675675675,0.4946949602122016,,,,,0.8660194174757282,,50.801888792207464,0.8660194174757282,0.24101533324546373,0.7771836007130125,0.9968152866242038,-0.2196316859111913
Theo Wease,2025,75.0,204.0,9.25,32.75,4.56,1.56,31.0,117.0,7.15,4.3,,25.49546666666667,94.36279420587401,40.75,11.45,7,0,0,0,0,270.0,1,5.598421958998375,8.0,23.520876112251884,1,0.2944346462864981,0.2944346462864981,0.0435078450208133,0.3031550068587105,0.3031550068587105,2584.0,884.0,171.0,15.11111111111111,77.0,0.11695906432748537,-10.0,5.0,2.0,0.0,1.0,1.0,0.25092680126568484,1.3373676248108926,18.0,22.305270362765228,0.1431457431457431,0.1431457431457431,23.307323750855577,0.0,1.143,1.089,0.9838000000000001,1.143,0.078,0.078,33.7,14.0,18.7,,33.7,34.0,1.0,0.0,2.0,7.9,11.0,0.0,0.0,1.0,5.0,0.9903,21.0,1.0,,,,0.8238434163701067,0.5854092526690391,0.40555555555555556,0.7944444444444444,0.29633204633204635,0.2957559681697613,0.07344064386317907,0.15816326530612246,0.21934604904632152,0.4261658031088083,0.36310679611650487,0.07780082987551867,37.66136725714506,0.19823690176193545,0.5243210150583214,0.46345811051693403,0.9554140127388535,-0.4919559022219195
Junior Bergen,2025,71.0,184.0,9.0,30.0,4.56,1.59,36.5,120.0,6.97,4.22,1.0,25.659988097599683,85.1115398719648,46.5,11.19,8,0,0,0,0,252.0,0,5.529429087511423,7.0,22.193018480492814,1,0.2714626391096979,0.1687067773167358,0.1289741186648403,0.2488076311605723,0.1874135546334716,1360.0,626.0,112.0,12.142857142857142,76.0,0.10714285714285714,90.0,3.0,1.0,0.0,0.0,2.0,0.039732658651895514,0.865814696485623,19.0,20.97741273100616,0.0,0.1289741186648403,21.97946611909651,0.0,0.851,0.584,0.589,0.905,0.081,0.081,,,,,,,0.0,1.0,1.0,7.5,12.0,0.0,1.0,0.0,,,,0.0,1685.0,4.0,19.147727272727273,0.21263345195729538,0.14590747330960854,0.20185185185185187,0.08981481481481482,0.29633204633204635,0.11671087533156499,0.6247484909456741,0.29183673469387755,0.5422343324250681,0.6308290155440415,0.10388349514563107,0.5778008298755186,31.954861768558267,0.3401562402617276,0.28226215239240904,0.38235294117647056,,
Isaiah Neyor,2025,76.0,218.0,9.5,34.375,4.4,1.51,38.0,133.0,,,,26.532894736842106,116.32572911686357,49.083333333333336,,5,1,1,0,1,270.0,1,5.598421958998375,8.0,23.57015742642026,1,0.607565011820331,0.26926980326845,0.1379310344827586,0.4151300236406619,0.1539242219215155,1595.0,878.0,87.0,18.333333333333332,74.0,0.19540229885057472,87.0,4.0,2.0,1.0,1.0,2.0,0.13133876878569142,0.5182232346241458,19.0,20.355920602327174,0.1379310344827586,0.607565011820331,23.356605065023956,0.0,1.907,1.186,1.5,1.907,0.075,0.054,26.0,0.6,23.5,,23.1,113.0,0.0,1.0,3.0,6.4,6.0,0.0,0.0,1.0,2.0,0.7844,3135.0,0.0,,,,0.9270462633451957,0.8825622775800712,0.5944444444444444,0.9907407407407407,0.8445945945945946,0.8143236074270557,0.7706237424547284,0.9418367346938775,,,0.9728155339805825,0.8174273858921162,85.56415325153407,0.8950920037097295,0.8207137977462773,0.9893048128342246,0.016985138004246284,0.9723196748299783
Beaux Collins,2025,75.0,201.0,9.5,31.675,4.52,,38.0,130.0,7.13,4.19,,25.120533333333334,96.31020645590213,48.833333333333336,11.32,7,0,1,0,0,270.0,1,5.598421958998375,8.0,22.04517453798768,1,0.2068913480885311,0.1397870662460568,0.2068913480885311,0.1717750084203435,0.1545741324921135,1780.0,510.0,132.0,13.484848484848484,69.0,0.10606060606060606,0.0,4.0,1.0,0.0,0.0,2.0,-0.0671042818424743,0.9607843137254902,18.0,18.830937713894592,0.2068913480885311,0.2068913480885311,21.831622176591377,0.0,0.909,0.802,0.64425,0.909,0.078,0.05,29.3,10.5,19.0,,38.6,10.0,1.0,0.0,2.0,6.3,19.0,1.0,0.0,1.0,4.0,0.9624,86.0,1.0,,,,0.8238434163701067,0.49377224199288255,0.5944444444444444,0.4740740740740741,0.4372586872586873,,0.7706237424547284,0.8714285714285714,0.2561307901907357,0.7202072538860104,0.4446601941747573,0.7956431535269709,60.746241543654264,0.6955708360193524,0.6657464193358384,0.1586452762923351,0.802547770700637,-0.6439024944083018
Emeka Egbuka,2025,73.0,202.0,9.675,31.5,4.48,,,,,,,26.647776318258586,100.2926967482624,,,3,0,0,0,0,19.0,0,2.9444389791664403,1.0,22.217659137577,1,0.2674488567990373,0.2552634621313329,0.0192851373182552,0.2968024755028365,0.2402566539923954,2867.0,1151.0,205.0,13.985365853658537,85.0,0.11707317073170732,145.0,4.0,2.0,0.0,0.0,2.0,0.23597832481307768,0.8783666377063423,18.0,20.00273785078713,0.0192851373182552,0.2674488567990373,22.0041067761807,0.0,1.381,0.833,0.93025,1.381,0.129,0.101,45.1,31.1,15.7,,39.5,2.0,1.0,0.0,1.0,9.5,41.0,1.0,1.0,0.0,5.0,0.9945,10.0,1.0,702.0,0.0,17.55,0.4893238434163701,0.5231316725978647,0.712037037037037,0.41944444444444445,0.5675675675675675,,,,,,0.6155339805825243,,55.45064242743013,0.6155339805825243,0.5402684416326172,0.35650623885918004,0.9819532908704883,-0.6254470520113082
Traeshon Holden,2025,74.0,205.0,9.875,31.675,4.57,1.54,32.0,123.0,,,,26.31756756756757,93.99809593573144,42.25,,5,0,0,0,0,270.0,1,5.598421958998375,8.0,23.304585900068446,1,0.1750787971718204,0.1750787971718204,0.0339727478809383,0.1834909276769742,0.1834909276769742,1740.0,718.0,128.0,13.59375,63.0,0.140625,34.0,4.0,0.0,0.0,0.0,2.0,0.1411060492908821,1.5884955752212389,19.0,99.0,0.0,0.0339727478809383,23.091033538672143,0.0,1.233,1.233,0.87225,1.266,0.055,0.055,40.8,26.0,16.3,,40.8,9.0,1.0,0.0,2.0,8.6,30.0,1.0,0.0,1.0,4.0,0.9132,239.0,1.0,,,,0.6708185053380783,0.6192170818505338,0.8,0.4740740740740741,0.2606177606177606,0.4946949602122016,0.12173038229376258,0.48775510204081635,,,0.3466019417475728,0.14315352697095435,44.18663335145755,0.31869580869405056,0.5166557404264788,0.09090909090909091,0.6157112526539278,-0.5248021617448368
Tez Johnson,2025,70.0,154.0,9.0,29.375,4.51,1.53,37.0,131.0,6.65,4.15,,22.094285714285714,74.44654528547949,47.916666666666664,10.8,7,0,1,1,0,235.0,0,5.459585514144159,7.0,22.625598904859686,1,0.2814123860635488,0.2814123860635488,0.0330513784461152,0.2566340782122905,0.2294914387937643,3884.0,1182.0,310.0,12.529032258064516,77.0,0.09032258064516129,50.0,5.0,4.0,0.0,1.0,1.0,0.2483610076174336,0.7597292724196277,18.0,19.411362080766597,0.2616503724394786,0.2616503724394786,22.412046543463383,0.0,1.093,0.963,0.773,1.201,0.104,0.104,45.0,26.2,18.2,,40.8,13.0,1.0,0.0,2.0,9.6,45.0,1.0,1.0,1.0,3.0,0.8417,1467.0,0.0,564.0,1.0,9.559322033898304,0.11743772241992882,0.0017793594306049821,0.20185185185185187,0.04537037037037037,0.46621621621621623,0.616710875331565,0.6891348088531187,0.8959183673469387,0.9591280653950953,0.7992227979274611,0.009708737864077669,0.7302904564315352,46.10641357865637,0.531587304688045,0.26344868837381746,0.40819964349376114,0.18046709129511676,0.22773255219864438
Konata Mumpfield,2025,71.0,186.0,8.5,29.375,4.59,1.54,36.0,124.0,6.69,4.19,,25.938901011704026,83.80929699298603,46.333333333333336,10.88,7,0,0,1,0,242.0,0,5.488937726156687,7.0,22.190280629705683,1,0.3343459222769567,0.2034552380573486,0.3343459222769567,0.2877394636015326,0.2344966830112489,2691.0,813.0,217.0,12.400921658986174,82.0,0.08755760368663594,18.0,4.0,3.0,1.0,1.0,1.0,-0.1308906842196081,1.0825565912117177,18.0,18.976043805612594,0.3343459222769567,0.3343459222769567,21.976728268309376,0.0,1.245,1.245,0.8532500000000001,1.245,0.112,0.068,29.3,4.9,26.3,,29.3,51.0,1.0,0.0,2.0,7.7,17.0,0.0,1.0,1.0,3.0,0.8081,2641.0,0.0,34.0,0.0,5.666666666666667,0.21263345195729538,0.17882562277580072,0.03888888888888889,0.04537037037037037,0.20077220077220076,0.4946949602122016,0.5543259557344065,0.573469387755102,0.9359673024523161,0.7202072538860104,0.08737864077669903,0.5570539419087137,38.329899812416706,0.4050579947554025,0.2128046667377403,0.6417112299465241,0.04246284501061571,0.5992483849359084
Nick Nash,2025,74.5,203.0,8.75,31.0,4.57,1.54,34.0,123.0,,,,25.71217512724652,93.0810413412365,44.25,,5,0,0,0,0,270.0,1,5.598421958998375,8.0,25.48665297741273,1,0.4232569617422285,0.4232569617422285,0.0004930966469428,0.3303848912263925,0.3303848912263925,2212.0,1382.0,163.0,13.570552147239264,58.0,0.15337423312883436,654.0,5.0,2.0,2.0,1.0,1.0,0.4227638650952857,1.8983516483516483,20.0,24.27104722792608,0.0,0.0004930966469428,25.27310061601643,0.0,1.295,1.295,0.6455000000000001,1.356,0.281,0.136,26.1,-5.5,30.1,,26.1,112.0,0.0,1.0,1.0,7.6,13.0,0.0,0.0,1.0,2.0,0.7397,3658.0,0.0,,,,0.7508896797153025,0.552491103202847,0.09166666666666666,0.275,0.2606177606177606,0.4946949602122016,0.29577464788732394,0.48775510204081635,,,0.32038834951456313,0.3153526970954357,38.44630966952917,0.36797269981423447,0.3533327485673233,0.8841354723707665,0.0021231422505307855,0.8820123301202357
Elic Ayomanor,2025,74.0,206.0,10.0,31.375,4.44,1.58,38.5,127.0,,,,26.445945945945947,106.01451615146095,49.083333333333336,,5,1,1,0,0,136.0,0,4.912654885736052,4.0,21.582477754962355,1,0.4538789179347119,0.3477124183006536,0.4538789179347119,0.3623032904148784,0.3620915032679738,1844.0,1013.0,125.0,14.752,97.0,0.096,0.0,2.0,2.0,2.0,1.0,1.0,-0.10616649963405833,0.8203356367226061,20.0,20.366872005475702,0.0,0.4538789179347119,21.36892539356605,1.0,1.144,0.966,1.055,1.174,0.097,0.097,21.4,-11.9,34.5,,24.4,19.0,1.0,0.0,1.0,6.9,11.0,0.0,0.0,0.0,3.0,0.8633,926.0,0.0,,,,0.6708185053380783,0.6548042704626335,0.8787037037037037,0.3648148148148148,0.7055984555984556,0.17904509283819628,0.8118712273641852,0.763265306122449,,,0.8038834951456311,0.8174273858921162,66.50232257280264,0.793006676210755,0.6815520628051955,0.9215686274509803,0.3036093418259023,0.617959285625078
Jack Bech,2025,73.0,214.0,9.0,31.5,,,34.5,125.0,6.84,4.21,19.0,28.230812535184835,,44.916666666666664,11.05,7,0,0,1,0,58.0,0,4.060443010546419,2.0,22.039698836413415,1,0.2822618926524938,0.2822618926524938,0.1207867291414752,0.2541789577187807,0.2541789577187807,1869.0,1034.0,133.0,14.052631578947368,52.0,0.09774436090225563,4.0,4.0,1.0,0.0,1.0,1.0,0.1614751635110186,2.114519427402863,18.0,21.82614647501711,0.1207867291414752,0.1207867291414752,21.82614647501711,0.0,0.996,0.984,0.67325,0.996,0.099,0.099,34.6,10.8,22.8,,34.6,21.0,1.0,0.0,2.0,8.4,27.0,0.0,1.0,1.0,4.0,0.8967,342.0,1.0,129.0,0.0,11.727272727272727,0.4893238434163701,0.8202846975088968,0.20185185185185187,0.41944444444444445,,,0.35714285714285715,0.6551020408163265,0.771117166212534,0.6619170984455959,,0.4066390041493776,53.142477822091706,0.5061224489795918,0.3669407492138809,0.41354723707664887,0.5392781316348195,-0.12573089455817066
Savion Williams,2025,76.0,222.0,10.25,31.5,4.48,1.52,,,,,,27.019736842105264,110.2226667233379,,,3,0,0,0,1,87.0,0,4.465908118654584,3.0,23.110198494182068,1,0.1785466042789814,0.1785466042789814,0.0020693222969477,0.1529631607047517,0.1501966568338249,1655.0,611.0,137.0,12.08029197080292,75.0,0.10218978102189781,384.0,5.0,0.0,0.0,1.0,4.0,0.1764772819820337,1.0663176265270506,18.0,99.0,0.0020693222969477,0.0125088090204369,22.89664613278576,0.0,0.73,0.678,0.4638,0.886,0.154,0.154,34.6,10.8,22.8,,34.6,21.0,1.0,0.0,1.0,8.4,27.0,0.0,1.0,1.0,3.0,0.8869,440.0,0.0,312.0,0.0,22.285714285714285,0.9270462633451957,0.9332740213523132,0.9537037037037037,0.41944444444444445,0.5675675675675675,0.7320954907161804,,,,,0.8912621359223301,,77.4913375293105,0.8912621359223301,0.7667314704977812,0.0962566844919786,0.47876857749469215,-0.38251189300271354
Bru McCoy,2025,74.5,209.0,10.0,32.125,,,,,,,,26.472140894554297,,,,2,0,0,0,0,270.0,1,5.598421958998375,8.0,,1,0.1313057945642592,0.1297060041407867,0.1204101682426624,0.1641739130434782,0.1641739130434782,1592.0,667.0,129.0,12.34108527131783,70.0,0.06976744186046512,20.0,4.0,0.0,0.0,0.0,2.0,0.0092958358981243,0.7076461769115442,,,,,,,0.758,0.576,0.59,0.758,0.081,0.055,47.3,25.2,22.6,,33.7,16.0,1.0,0.0,2.0,9.5,27.0,1.0,0.0,1.0,5.0,0.9944,9.0,1.0,,,,0.7508896797153025,0.7170818505338078,0.8787037037037037,0.6046296296296296,,,,,,,,,73.78262158956109,,0.7447410043495452,0.0338680926916221,0.9851380042462845,-0.9512699115546625
Dont'e Thornton,2025,77.0,205.0,9.675,32.125,4.3,1.51,33.0,126.0,,,,24.306797099004893,119.92508484699754,43.5,,5,1,0,0,0,108.0,0,4.68213122712422,4.0,22.088980150581794,1,0.2578136645962733,0.2578136645962733,0.0782440284054228,0.2299130434782608,0.2299130434782608,1426.0,661.0,65.0,21.93846153846154,86.0,0.15384615384615385,6.0,4.0,1.0,0.0,1.0,1.0,0.1795696361908505,1.8060109289617485,18.0,21.87542778918549,0.0782440284054228,0.0782440284054228,21.87542778918549,0.0,1.682,1.682,1.149,1.682,0.047,0.037,33.7,22.0,13.5,,33.7,10.0,1.0,0.0,2.0,7.8,19.0,0.0,0.0,1.0,4.0,0.9719,57.0,1.0,,,,0.9839857651245552,0.6192170818505338,0.712037037037037,0.6046296296296296,0.9816602316602316,0.8143236074270557,0.20020120724346077,0.713265306122449,,,0.9902912621359223,0.254149377593361,68.73760505824237,0.6345859251672774,0.6252134097586707,0.31907308377896615,0.8726114649681529,-0.5535383811891867
Josh Kelly,2025,73.0,186.0,10.5,30.875,4.7,1.56,33.0,121.0,7.02,,,24.537061362356912,76.23449155795224,43.083333333333336,,6,0,0,0,0,270.0,1,5.598421958998375,8.0,23.50444900752909,1,0.2627211372246129,0.21486190230318,-0.0018389113644722,0.268433482025715,0.268433482025715,3251.0,1023.0,237.0,13.717299578059071,71.0,0.07172995780590717,31.0,6.0,2.0,0.0,1.0,1.0,0.2167008136676522,1.1083423618634887,18.0,22.288843258042437,0.1150030891741607,0.1344512092569544,23.290896646132786,0.0,1.314,1.056,0.328,1.314,0.094,0.094,33.5,4.3,30.8,,33.5,28.0,1.0,0.0,3.0,7.1,27.0,1.0,1.0,1.0,3.0,0.8152,2153.0,0.0,262.0,0.0,12.476190476190476,0.4893238434163701,0.17882562277580072,0.9842592592592593,0.2388888888888889,0.04343629343629344,0.2957559681697613,0.20020120724346077,0.35612244897959183,0.4250681198910082,,0.017475728155339806,0.21369294605809128,31.3004575115806,0.19126646145946413,0.47816829970199476,0.33868092691622104,0.0870488322717622,0.25163209464445885
Isaiah Bond,2025,71.0,180.0,8.5,30.5,4.39,1.51,34.0,,,,,25.102162269390995,96.92692160882808,,,4,1,0,0,0,270.0,1,5.598421958998375,8.0,20.799452429842574,1,0.1951872411169658,0.1237244897959183,0.0435681583222566,0.2164614387556707,0.1224489795918367,1428.0,668.0,99.0,14.424242424242424,56.0,0.10101010101010101,101.0,3.0,0.0,0.0,0.0,3.0,0.08015633147366169,0.8083832335329342,18.0,99.0,0.0435681583222566,0.1951872411169658,20.58590006844627,1.0,1.099,1.099,0.7466666666666667,1.015,0.081,0.057,36.8,23.1,15.6,,36.6,2.0,1.0,0.0,2.0,10.0,23.0,1.0,1.0,1.0,4.0,0.9773,52.0,1.0,35.0,0.0,17.5,0.21263345195729538,0.08896797153024912,0.03888888888888889,0.18055555555555555,0.8725868725868726,0.8143236074270557,0.29577464788732394,,,,0.47572815533980584,,37.24323938966309,0.3857514016135649,0.18196313607226594,0.13012477718360071,0.8832271762208068,-0.7531023990372061
Matthew Golden,2025,71.0,191.0,9.5,30.675,4.29,1.49,,,,,,26.636183296964887,112.78054635906297,,,3,1,0,0,0,23.0,0,3.1354942159291497,1.0,21.420944558521562,1,0.2244047619047619,0.2244047619047619,0.1590335619794218,0.2238095238095238,0.2238095238095238,1975.0,987.0,134.0,14.738805970149254,54.0,0.16417910447761194,0.0,3.0,1.0,0.0,1.0,1.0,0.0653711999253401,1.6900684931506849,18.0,21.207392197125255,0.1590335619794218,0.1948237124092637,21.207392197125255,1.0,1.078,1.064,0.989,1.078,0.075,0.066,36.6,24.1,10.8,,36.6,3.0,1.0,0.0,2.0,7.8,31.0,1.0,1.0,1.0,4.0,0.9181,210.0,1.0,689.0,2.0,25.51851851851852,0.21263345195729538,0.27402135231316727,0.5944444444444444,0.2111111111111111,0.9845559845559846,0.9270557029177718,,,,,0.941747572815534,,59.22242314450441,0.941747572815534,0.3393963358376169,0.21212121212121213,0.6422505307855626,-0.43012931866435045
Ricky White,2025,73.0,184.0,9.25,31.75,4.61,1.55,36.0,123.0,,,,24.273221992869207,81.47870486647932,46.25,,5,0,0,0,0,238.0,0,5.472270673671475,7.0,22.902121834360027,1,0.4567034935801731,0.4353496069507654,0.1121411483253588,0.4428187518662287,0.4306992139015308,3366.0,1483.0,228.0,14.763157894736842,82.0,0.10526315789473684,5.0,4.0,3.0,2.0,1.0,1.0,0.3232084586254066,0.7019554956169926,18.0,20.687200547570157,0.1121411483253588,0.1121411483253588,22.688569472963724,0.0,1.074,1.074,0.7942500000000001,1.098,0.126,0.096,32.1,1.4,32.7,,32.6,102.0,0.0,1.0,2.0,8.7,17.0,0.0,1.0,1.0,3.0,0.8897,414.0,0.0,69.0,1.0,34.5,0.4893238434163701,0.14590747330960854,0.40555555555555556,0.49444444444444446,0.14961389961389962,0.39389920424403185,0.5543259557344065,0.48775510204081635,,,0.05242718446601942,0.5435684647302904,37.16821127555443,0.36483608074708074,0.48591244978769416,0.9251336898395722,0.49044585987261147,0.43468782996696076
Jalen Royals,2025,72.0,205.0,9.5,30.125,4.42,1.49,,,,,13.0,27.79996141975309,107.42238226371815,,,4,1,0,0,0,133.0,0,4.890349128221754,4.0,21.869952087611225,1,0.377674519126864,0.2325904251342894,0.377674519126864,0.3267776096822995,0.258284298544441,1914.0,1080.0,126.0,15.19047619047619,75.0,0.16666666666666666,3.0,2.0,2.0,1.0,1.0,1.0,-0.1450840939925746,0.7722222222222223,20.0,20.654346338124572,0.0,0.0,21.65639972621492,1.0,1.266,1.256,1.2610000000000001,1.288,0.11,0.11,28.6,-10.9,38.6,,30.2,80.0,0.0,1.0,1.0,8.5,19.0,0.0,1.0,0.0,,,,,184.0,0.0,20.444444444444443,0.34341637010676157,0.6192170818505338,0.5944444444444444,0.10462962962962963,0.7847490347490348,0.9270557029177718,,,,,0.8446601941747572,,60.25960654104191,0.8446601941747572,0.3474968147269452,0.7932263814616756,,
Da'Quan Felton,2025,77.0,213.0,9.0,32.25,4.5,1.52,32.5,122.0,7.1,4.3,16.0,25.255355034575814,103.88660265203475,42.666666666666664,11.399999999999999,8,0,0,0,1,270.0,1,5.598421958998375,8.0,23.967145790554415,1,0.3892941389947378,0.1397779582994855,0.1580645161290322,0.3161290322580645,0.1462225832656377,1698.0,667.0,117.0,14.512820512820513,90.0,0.1452991452991453,10.0,4.0,2.0,2.0,1.0,4.0,-0.01828655782954669,0.5397301349325337,20.0,21.752224503764545,0.0,0.0,23.753593429158112,0.0,1.244,0.62,0.8115,1.244,0.112,0.057,27.5,5.8,23.3,,31.3,36.0,1.0,0.0,2.0,7.3,17.0,0.0,0.0,1.0,,,,,,,,0.9839857651245552,0.8033807829181495,0.20185185185185187,0.6638888888888889,0.5057915057915058,0.7320954907161804,0.1579476861167002,0.4204081632653061,0.28610354223433243,0.4261658031088083,0.7475728155339806,0.18153526970954356,50.92272971049836,0.4419762216386623,0.5019185479954991,0.8306595365418895,,
Jaylin Lane,2025,70.0,191.0,9.875,31.75,,1.5,,,,,,27.40265306122449,,,,2,0,0,0,0,128.0,0,4.852030263919617,4.0,22.67214236824093,1,0.2560738581146744,0.1613051719469266,0.0678733031674208,0.2740524781341107,0.1892770105605199,2532.0,940.0,203.0,12.472906403940886,89.0,0.08866995073891626,264.0,5.0,2.0,0.0,1.0,2.0,0.0934318687795058,0.4957446808510638,18.0,20.45722108145106,0.146589861751152,0.2560738581146744,22.458590006844627,0.0,0.786,0.747,0.6886,0.916,0.103,0.078,25.6,-6.9,33.3,,31.3,123.0,0.0,1.0,2.0,6.8,21.0,0.0,1.0,1.0,3.0,0.8293,1911.0,0.0,1603.0,2.0,14.706422018348624,0.11743772241992882,0.27402135231316727,0.8,0.49444444444444446,,0.8793103448275862,,,,,,,51.30427728010254,,0.4706273889547911,0.31194295900178254,0.11252653927813164,0.1994164197236509
Kyle Williams,2025,71.0,190.0,8.75,30.125,4.4,1.55,36.5,119.0,,,,26.496726839912714,101.38480978075265,46.416666666666664,,5,1,0,0,0,69.0,0,4.23410650459726,3.0,22.135523613963038,1,0.3783234968801979,0.3783234968801979,0.3576980568011958,0.3820627802690583,0.3324045695179716,3603.0,1193.0,248.0,14.528225806451612,75.0,0.11693548387096774,72.0,5.0,5.0,2.0,1.0,1.0,0.020625440079002078,1.4168646080760094,17.0,17.921971252566735,0.3576980568011958,0.3576980568011958,21.921971252566735,0.0,1.231,1.231,0.569,1.403,0.131,0.1,34.0,1.3,31.1,,34.0,63.0,1.0,0.0,2.0,9.0,29.0,0.0,1.0,1.0,3.0,0.84,1522.0,0.0,90.0,0.0,18.0,0.21263345195729538,0.2526690391459075,0.09166666666666666,0.10462962962962963,0.8445945945945946,0.39389920424403185,0.6247484909456741,0.2357142857142857,,,0.6495145631067961,0.5663900414937759,39.76459967498657,0.5033257799222519,0.25841955979981646,0.7967914438502673,0.16985138004246284,0.6269400638078045
Germie Bernard,2026,73.25,206.0,9.875,30.375,4.48,1.52,32.5,125.0,6.71,4.31,,26.99027361996063,102.27869074327751,42.916666666666664,11.02,7,0,0,1,0,47.0,0,3.8501476017100584,2.0,22.083504449007528,1,0.2184061156083986,0.2184061156083986,0.0657004830917874,0.258379433778067,0.2180622312167973,2203.0,862.0,155.0,14.212903225806452,47.0,0.08387096774193549,184.0,4.0,1.0,0.0,1.0,1.0,0.15270563251661118,1.0856423173803527,18.0,21.869952087611225,0.0657004830917874,0.0669559446628209,21.869952087611225,0.0,1.305,0.586,0.8212499999999999,1.502,0.132,0.132,32.2,14.8,16.1,,32.2,2.0,1.0,0.0,3.0,,,,1.0,1.0,4.0,0.9125,237.0,1.0,395.0,0.0,19.75,0.5409252669039146,0.6548042704626335,0.8,0.14351851851851852,0.5675675675675675,0.7320954907161804,0.1579476861167002,0.6551020408163265,0.9168937329700273,0.4067357512953368,0.6786407766990291,0.20020746887966806,53.78698809121586,0.4972301678773519,0.4105978678847833,0.19964349376114082,0.6178343949044586,-0.41819090114331775
Jordyn Tyson,2026,74.125,203.0,9.125,30.25,,,,,,,26.0,25.97299011229948,,,,3,0,0,0,0,8.0,0,2.0794415416798357,1.0,21.388090349075977,1,0.3636428930546578,0.3222489683631362,0.3132530120481928,0.3426704014939309,0.2444979367262723,2282.0,1101.0,158.0,14.443037974683545,81.0,0.13924050632911392,1.0,3.0,3.0,3.0,1.0,1.0,0.008995956314943432,0.6457765667574932,17.0,18.17385352498289,0.3132530120481928,0.3636428930546578,21.17453798767967,1.0,1.149,0.537,0.9249999999999999,1.233,0.15,0.15,32.4,9.4,20.9,,28.3,44.0,1.0,0.0,2.0,8.2,24.0,0.0,1.0,1.0,3.0,0.8637,920.0,0.0,178.0,1.0,29.666666666666668,0.6948398576512456,0.552491103202847,0.27685185185185185,0.1259259259259259,,,,,,,,,41.252718465796754,,0.36587254514300777,0.7397504456327986,0.3057324840764331,0.43401796155636546
Josh Cameron,2026,73.5,220.0,10.25,33.125,,,,,,,,28.628812069045303,,,,2,0,0,0,0,191.0,0,5.25227342804663,6.0,22.792607802874745,1,0.2722705992953934,0.2625233360830113,0.0641409106015287,0.2347240915208613,0.2347240915208613,2236.0,872.0,170.0,13.152941176470588,48.0,0.11176470588235295,2.0,4.0,2.0,0.0,1.0,1.0,0.1983824254814826,1.156498673740053,19.0,21.579739904175224,0.0,0.0641409106015287,22.579055441478438,0.0,1.48,0.544,0.81425,1.48,0.109,0.109,32.8,1.4,33.3,,32.8,67.0,1.0,0.0,1.0,,,,1.0,0.0,,,,0.0,640.0,0.0,13.91304347826087,0.5845195729537367,0.9083629893238434,0.9537037037037037,0.8703703703703703,,,,,,,,,82.92391590879136,,0.8028645490092702,0.3868092691622103,,
Lewis Bond,2026,,,,,,,,,,,,,,,,0,0,0,0,0,204.0,0,5.318119993844216,6.0,22.595482546201232,1,0.3682539682539683,0.1752082093991671,0.0013531799729364,0.3004164187983343,0.3004164187983343,2402.0,1010.0,214.0,11.22429906542056,54.0,0.0514018691588785,9.0,5.0,1.0,1.0,1.0,1.0,0.17385502942623068,1.4658925979680697,18.0,20.380561259411362,0.0086003372681281,0.3682539682539683,22.38193018480493,0.0,0.989,0.545,0.7085999999999999,1.032,0.148,0.148,23.3,-8.5,33.1,,23.3,95.0,1.0,0.0,1.0,,,,1.0,0.0,,,,,139.0,0.0,13.9,,,,,,,,,,,,,,,,0.7557932263814616,,
Chase Roberts,2026,75.25,209.0,9.75,31.5,4.64,1.6,37.0,126.0,6.9,4.28,,25.9470866767475,90.17878082579628,47.5,11.18,7,0,1,1,0,270.0,1,5.598421958998375,8.0,24.944558521560573,1,0.3295219638242894,0.3295219638242894,0.1018657578558225,0.2716508795669824,0.2590439276485788,2535.0,803.0,168.0,15.089285714285714,85.0,0.10119047619047619,38.0,4.0,3.0,1.0,1.0,2.0,0.2276562059684669,0.9987546699875467,21.0,22.729637234770706,0.0,0.0,24.73100616016427,0.0,1.069,0.492,0.72775,1.149,0.107,0.107,32.0,15.3,18.8,,33.9,66.0,1.0,0.0,1.0,7.9,19.0,0.0,1.0,0.0,3.0,0.8452,1337.0,0.0,0.0,0.0,0.0,0.8514234875444839,0.7170818505338078,0.7546296296296297,0.41944444444444445,0.09749034749034749,0.07161803713527852,0.6891348088531187,0.713265306122449,0.6580381471389646,0.47020725388601037,0.23106796116504855,0.6939834024896265,53.06153897027674,0.5444893587135388,0.6786580926179192,0.6167557932263814,0.208067940552017,0.4086878526743644
Cyrus Allen,2026,,,,,4.47,,,,,,,,,,,1,0,0,0,0,176.0,0,5.170483995038151,5.0,22.888432580424368,1,0.3171906693711968,0.3171906693711968,0.1593576551294044,0.2484829128074097,0.2205882352941176,2216.0,778.0,137.0,16.175182481751825,88.0,0.15328467153284672,34.0,4.0,2.0,1.0,1.0,1.0,0.15783301424179239,0.8483290488431876,19.0,20.673511293634498,0.0,0.1593576551294044,22.67488021902806,0.0,1.184,0.668,0.967,1.357,0.098,0.098,22.1,-12.9,36.0,,30.2,88.0,0.0,1.0,3.0,7.7,10.0,0.0,1.0,1.0,3.0,0.8589,937.0,0.0,177.0,0.0,16.09090909090909,,,,,0.6023166023166023,,,,,,,,60.231660231660236,,,0.5472370766488414,0.2951167728237792,0.2521203038250622
Jeff Caldwell,2026,77.375,216.0,9.75,32.625,4.31,1.48,42.0,134.0,,,,25.363416422861405,125.19144901979112,53.166666666666664,,5,1,1,0,1,270.0,1,5.598421958998375,8.0,22.836413415468858,1,0.4972628430950148,0.183327955006454,0.0861286366962678,0.4062903920723826,0.15975935828877,2134.0,943.0,118.0,18.084745762711865,93.0,0.2288135593220339,25.0,4.0,2.0,2.0,1.0,3.0,0.09719931831018619,0.5068928950159067,19.0,20.621492128678987,0.0,0.0861286366962678,22.622861054072555,0.0,3.218,0.607,1.7197500000000001,3.218,0.086,0.078,,,,,30.2,,0.0,1.0,2.0,7.8,16.0,0.0,1.0,1.0,,,,,39.0,0.0,13.0,0.9893238434163701,0.8620996441281139,0.7546296296296297,0.7564814814814815,0.974903474903475,0.9602122015915119,0.9728370221327968,0.9612244897959183,,,0.9980582524271845,0.9823651452282157,92.12135184734697,0.9773732547852999,0.8683179941650695,0.964349376114082,,
Antonio Williams,2026,71.5,187.0,9.25,30.75,4.41,1.55,39.5,124.0,7.0,4.1,10.0,25.714900484131253,98.8820005463785,49.833333333333336,11.1,8,1,1,0,0,71.0,0,4.2626798770413155,3.0,21.467488021902806,1,0.2643193334396207,0.1776657700242876,0.1754183348732163,0.2313413695819441,0.1735133582303935,2312.0,902.0,205.0,11.278048780487804,64.0,0.1024390243902439,193.0,4.0,1.0,0.0,1.0,2.0,0.002247435151071314,0.6696230598669624,18.0,20.254620123203285,0.1754183348732163,0.2643193334396207,21.253935660506503,0.0,0.899,0.511,0.62625,0.855,0.123,0.123,35.4,13.3,20.9,,27.5,11.0,1.0,0.0,1.0,7.5,36.0,1.0,1.0,0.0,4.0,0.9731,61.0,1.0,421.0,0.0,9.568181818181818,0.2722419928825623,0.19750889679715303,0.40555555555555556,0.22592592592592592,0.8175675675675675,0.39389920424403185,0.8832997987927566,0.573469387755102,0.47275204359673023,0.9067357512953368,0.5572815533980583,0.8578838174273858,54.70101246031804,0.6713502466486388,0.4467558182892001,0.34402852049910876,0.8630573248407644,-0.5190288043416555
Skyler Bell,2026,71.625,192.0,10.0,31.125,4.4,1.53,41.0,133.0,6.65,4.11,,26.310389883318255,102.45201830476057,52.083333333333336,10.760000000000002,7,1,1,1,0,125.0,0,4.8283137373023015,4.0,23.49349760438056,1,0.3895663956639567,0.3895663956639567,0.0036023054755043,0.3457994579945799,0.3457994579945799,2892.0,1276.0,220.0,13.145454545454545,80.0,0.10909090909090909,162.0,5.0,3.0,1.0,1.0,1.0,0.3859640901884524,1.4837209302325582,19.0,20.279260780287473,0.0036023054755043,0.2119346483363219,23.279945242984258,0.0,3.068,0.619,1.1877999999999997,3.068,0.177,0.177,32.0,5.1,28.5,,32.0,118.0,0.0,1.0,2.0,,,,0.0,1.0,3.0,0.8578,969.0,0.0,,,,0.27846975088967973,0.29359430604982206,0.8787037037037037,0.29814814814814816,0.8445945945945946,0.616710875331565,0.9456740442655935,0.9418367346938775,0.9591280653950953,0.8937823834196891,0.6854368932038835,0.9543568464730291,71.58696955140567,0.8576492240544514,0.6002489117517813,0.8324420677361853,0.2908704883227176,0.5415715794134677
Anthony Smith,2026,72.0,194.0,,,4.71,,41.0,125.0,6.75,4.35,18.0,26.308256172839506,78.84026894053419,51.416666666666664,11.1,6,0,1,1,0,218.0,0,5.384495062789089,7.0,23.838466803559207,1,0.3076099499935889,0.3076099499935889,0.0319158903522861,0.2970380818053597,0.2970380818053597,2095.0,1053.0,118.0,17.75423728813559,72.0,0.13559322033898305,45.0,6.0,2.0,1.0,1.0,1.0,0.27569405964130284,1.3178973717146434,18.0,22.625598904859686,0.0319158903522861,0.0319158903522861,23.6249144421629,0.0,1.776,0.65,0.9796666666666667,1.776,0.096,0.096,32.6,8.0,24.0,,32.6,73.0,0.0,1.0,2.0,,,,0.0,1.0,3.0,0.8615,903.0,0.0,,,,0.34341637010676157,0.33629893238434166,,,0.037644787644787646,,0.9456740442655935,0.6551020408163265,0.885558583106267,0.29533678756476683,0.03495145631067961,0.9294605809128631,49.59381759013764,0.5452425137975332,0.6445452071861776,0.5044563279857398,0.31210191082802546,0.19235441715771434
J. Michael Sturdivant,2026,74.875,207.0,9.5,32.875,4.4,1.54,39.0,131.0,,,,25.9568507334149,110.45608223482,49.916666666666664,,5,1,1,0,0,270.0,1,5.598421958998375,8.0,23.32101300479124,1,0.2695192658566582,0.1660217243720298,0.2695192658566582,0.2346907056263599,0.165376782077393,2073.0,755.0,150.0,13.82,62.0,0.10666666666666667,-2.0,4.0,1.0,0.0,0.0,2.0,-0.10349754148462839,0.5377483443708609,19.0,20.10677618069815,0.0,0.2695192658566582,23.107460643394933,0.0,,,,,,,23.2,-3.0,25.9,,24.5,28.0,1.0,0.0,3.0,6.9,21.0,0.0,0.0,1.0,4.0,0.9369,145.0,1.0,,,,0.7953736654804271,0.6797153024911032,0.5944444444444444,0.812037037037037,0.8445945945945946,0.4946949602122016,0.8501006036217303,0.8959183673469387,,,0.8932038834951457,0.8630705394190872,77.2315339814271,0.8797409514879382,0.7629889376459097,0.3672014260249554,0.7176220806794055,-0.35042065465445005
Eric Rivers,2026,70.125,176.0,9.0,30.5,4.35,1.52,37.0,127.0,,,,25.160672468630946,98.30726995003526,47.583333333333336,,5,1,1,0,0,270.0,1,5.598421958998375,8.0,23.290896646132786,1,0.4628586996004359,0.1608006152944623,0.1454710144927536,0.4257173992008717,0.1966012305889247,2186.0,1172.0,141.0,15.50354609929078,68.0,0.11347517730496454,56.0,3.0,1.0,1.0,1.0,1.0,0.015329600801708698,0.5725255972696246,20.0,22.078028747433265,0.0,0.0,23.077344284736483,0.0,1.543,0.49,0.922,1.697,0.091,0.091,20.5,-12.1,31.3,,32.5,95.0,0.0,1.0,2.0,8.4,22.0,0.0,1.0,1.0,3.0,0.8467,1305.0,0.0,95.0,0.0,10.555555555555555,0.12811387900355872,0.050711743772241996,0.20185185185185187,0.18055555555555555,0.9343629343629344,0.7320954907161804,0.6891348088531187,0.763265306122449,,,0.5262135922330097,0.7012448132780082,49.07549975748909,0.659537902402859,0.2999140238160212,0.9340463458110517,0.21656050955414013,0.7174858362569116
Dillon Bell,2026,72.75,209.0,9.5,30.25,4.5,1.58,39.0,126.0,,,,27.761032581098476,101.93568053650358,49.5,,5,0,1,0,0,270.0,1,5.598421958998375,8.0,22.154688569472963,1,0.1279230071199218,0.0834641582873824,0.0686710724334227,0.117914979757085,0.0869283165747648,1269.0,466.0,119.0,10.663865546218487,67.0,0.09243697478991597,373.0,4.0,0.0,0.0,0.0,4.0,0.014793085853959706,0.575107296137339,18.0,99.0,0.0686710724334227,0.0760129411195197,21.94113620807666,0.0,0.578,0.283,0.4775,0.85,0.091,0.064,37.3,24.3,14.9,,37.0,2.0,1.0,0.0,1.0,7.8,28.0,1.0,1.0,0.0,3.0,0.887,452.0,0.0,160.0,0.0,22.857142857142858,0.445729537366548,0.7170818505338078,0.5944444444444444,0.1259259259259259,0.5057915057915058,0.17904509283819628,0.8501006036217303,0.713265306122449,,,0.6699029126213593,0.8423236514522822,56.43610830718249,0.7444229407885129,0.5040501278396622,0.0285204991087344,0.4681528662420382,-0.43963236713330384
Zachariah Branch,2026,68.625,177.0,9.0,29.375,4.35,1.5,38.0,125.0,,,20.0,26.421889774751907,98.86583398384228,48.416666666666664,,6,1,1,0,0,79.0,0,4.3694478524670215,3.0,21.760438056125942,1,0.2515277327278624,0.2515277327278624,0.063987063987064,0.2630554654557249,0.2630554654557249,1634.0,811.0,159.0,10.276729559748428,47.0,0.05660377358490566,94.0,3.0,1.0,0.0,1.0,1.0,0.1875406687407984,1.6123260437375746,19.0,21.54688569472964,0.0,0.063987063987064,21.54688569472964,1.0,0.629,0.569,0.5609999999999999,0.636,0.102,0.102,37.0,24.1,14.8,,37.0,1.0,1.0,0.0,2.0,,,,1.0,1.0,5.0,0.998,4.0,1.0,1344.0,2.0,16.19277108433735,0.04092526690391459,0.05871886120996441,0.20185185185185187,0.04537037037037037,0.9343629343629344,0.8793103448275862,0.7706237424547284,0.6551020408163265,,,0.5553398058252427,0.7686721991701245,49.10277417793044,0.6603551963654325,0.2646928078952163,0.2887700534759358,0.9925690021231423,-0.7037989486472065
Ted Hurst,2026,75.875,206.0,9.75,32.625,4.42,1.55,36.5,135.0,,,,25.155047238559476,107.94639388451677,47.75,,5,1,0,0,0,84.0,0,4.430816798843313,3.0,21.50034223134839,1,0.3708513708513709,0.3007920674150611,0.3708513708513709,0.3288568621028496,0.3288568621028496,1965.0,1004.0,127.0,15.472440944881889,76.0,0.11811023622047244,0.0,2.0,2.0,2.0,1.0,1.0,-0.07005930343630978,1.04474505723205,20.0,20.28747433264887,0.0,0.3708513708513709,21.286789869952088,1.0,1.595,0.482,1.0385,1.595,0.142,0.142,18.6,-24.5,41.1,,18.6,120.0,0.0,1.0,1.0,,,,0.0,1.0,,,,,,,,0.9092526690391459,0.6548042704626335,0.7546296296296297,0.7564814814814815,0.7847490347490348,0.39389920424403185,0.6247484909456741,0.9755102040816327,,,0.8543689320388349,0.7126556016597511,74.2109951833185,0.8182092090220472,0.7612780677739829,0.7664884135472371,,
Colbie Young,2026,76.75,218.0,9.5,31.875,4.49,1.59,,,,,,26.016870205519425,107.27564273396098,,,3,0,0,0,1,140.0,0,4.941642422609304,4.0,23.44147843942505,1,0.2041893404345645,0.078060330846578,0.2041893404345645,0.1678592725104353,0.116120661693156,1446.0,563.0,116.0,12.46551724137931,71.0,0.11206896551724138,0.0,4.0,1.0,0.0,0.0,2.0,-0.1261290095879865,0.6358792184724689,20.0,20.227241615331966,0.0,0.2041893404345645,23.227926078028748,0.0,0.908,0.673,0.8160000000000001,0.908,0.075,0.055,30.7,9.6,23.1,,37.0,16.0,1.0,0.0,2.0,8.1,19.0,0.0,0.0,1.0,,,,,,,,0.9750889679715302,0.8825622775800712,0.5944444444444444,0.5175925925925926,0.5395752895752896,0.11671087533156499,,,,,0.8407766990291262,,63.81073066463742,0.8407766990291262,0.6957086683361892,0.1497326203208556,,
Jalen Walthall,2026,72.75,191.0,9.0,31.25,4.57,1.59,35.0,131.0,,,,25.370130253539756,87.57871377426686,45.916666666666664,,5,0,0,0,0,270.0,1,5.598421958998375,8.0,,1,0.3699460916442049,0.3541830322073841,0.1007744127130354,0.3398921832884097,0.2873134328358209,2566.0,1261.0,191.0,13.434554973821989,71.0,0.1256544502617801,50.0,4.0,2.0,2.0,1.0,1.0,0.25340861949434873,0.6716891356066613,,,,,,,0.862,0.309,0.6575000000000001,0.86,0.142,0.142,,,,,,144.0,0.0,1.0,2.0,7.1,33.0,0.0,0.0,1.0,,,,0.0,,,,0.445729537366548,0.27402135231316727,0.20185185185185187,0.34074074074074073,0.2606177606177606,0.11671087533156499,0.42655935613682094,0.8959183673469387,,,0.1553398058252427,0.5062240663900415,36.23713713920677,0.49260584310300076,0.3537203715239904,0.7611408199643493,,
Omar Cooper Jr.,2026,72.125,199.0,9.625,30.25,4.42,1.55,37.0,,,,,26.892845021010487,104.27831253892639,,,4,1,0,0,0,30.0,0,3.4011973816621555,1.0,22.050650239561943,1,0.2668924293733948,0.2668924293733948,0.1079495900924472,0.2511761630946157,0.2511761630946157,1822.0,961.0,116.0,15.706896551724139,69.0,0.1896551724137931,97.0,3.0,1.0,0.0,1.0,1.0,0.1589428392809476,1.6178451178451179,19.0,21.83709787816564,0.0,0.1079495900924472,21.83709787816564,0.0,1.854,0.794,1.2363333333333333,1.885,0.088,0.088,40.8,32.4,9.9,,40.8,65.0,1.0,0.0,1.0,,,,1.0,0.0,4.0,0.9012,299.0,1.0,63.0,0.0,15.75,0.3620996441281139,0.4430604982206406,0.6592592592592592,0.1259259259259259,0.7847490347490348,0.39389920424403185,0.6891348088531187,,,,0.7572815533980582,,52.69262410972729,0.7232081811255885,0.45910490954160443,0.35294117647058826,0.5668789808917197,-0.21393780442113147
Elijah Sarratt,2026,74.5,210.0,10.0,31.25,,,,,,,,26.598801855772262,,,,2,0,0,0,1,115.0,0,4.74493212836325,4.0,22.598220396988363,1,0.3502196495315761,0.2683754176231278,0.3502196495315761,0.3205921938088829,0.2106638787245164,3649.0,1191.0,240.0,15.204166666666667,84.0,0.18333333333333332,48.0,4.0,4.0,1.0,1.0,2.0,-0.0818442319084483,0.6767422334172963,19.0,19.38398357289528,0.3502196495315761,0.3502196495315761,22.38466803559206,0.0,1.516,0.785,1.2516666666666667,1.516,0.1,0.1,34.6,11.8,23.7,,40.8,156.0,0.0,1.0,3.0,8.9,35.0,0.0,1.0,1.0,,,,,84.0,0.0,16.8,0.7508896797153025,0.7402135231316725,0.8787037037037037,0.34074074074074073,,,,,,,,,67.76369118228548,,0.6567780413865822,0.696969696969697,,
Kaden Wetjen,2026,69.375,193.0,8.5,29.625,4.47,1.58,35.5,,6.95,4.44,,28.190750750750748,96.6845793678391,,11.39,6,0,0,0,0,121.0,0,4.795790545596741,4.0,23.81656399726215,1,0.0822362529106215,0.0822362529106215,0.0134502923976608,0.0811391724879097,0.0811391724879097,197.0,151.0,23.0,8.565217391304348,33.0,0.043478260869565216,112.0,2.0,0.0,0.0,0.0,5.0,0.06878596051296071,3.282608695652174,22.0,99.0,0.0,0.0,23.603011635865844,0.0,0.609,0.082,0.17866666666666664,0.626,0.052,0.052,32.1,19.7,14.2,,32.1,32.0,1.0,0.0,1.0,,,,1.0,0.0,,,,,2492.0,6.0,22.654545454545456,0.07028469750889679,0.31494661921708184,0.03888888888888889,0.06111111111111111,0.6023166023166023,0.17904509283819628,0.48893360160965793,,0.5858310626702997,0.15414507772020725,0.46601941747572817,,29.615221713566708,0.47747650954269305,0.16480457477963867,0.017825311942959002,,
Tyren Montgomery,2026,71.0,190.0,,,4.53,,35.5,128.0,,,,26.496726839912714,90.23827579889748,46.166666666666664,,3,0,0,0,0,270.0,1,5.598421958998375,8.0,24.49828884325804,0,,,,,,,,,,,,,,,,,,,,,,,,,,,,,,,,,,,,,,,,,,,,,,,,,,,,,0.21263345195729538,0.2526690391459075,,,0.4092664092664093,,0.48893360160965793,0.8061224489795918,,,0.23398058252427184,0.5321576763485477,41.93947442616688,0.5096788777045073,0.3507835267834767,,,
Emmanuel Henderson Jr.,2026,72.875,185.0,8.375,31.0,4.44,1.56,35.0,120.0,7.34,4.33,,24.4889360938424,95.20721110689455,45.0,11.67,7,1,0,0,0,199.0,0,5.293304824724492,6.0,22.784394250513348,1,0.2537714097496706,0.2537714097496706,0.0019125683060109,0.2901515151515151,0.2901515151515151,862.0,766.0,50.0,17.24,93.0,0.1,16.0,3.0,1.0,0.0,1.0,1.0,0.2518588414436597,9.341463414634147,19.0,22.570841889117045,0.0,0.0019125683060109,22.570841889117045,0.0,1.894,0.483,1.038,1.894,0.1,0.1,30.9,4.1,28.5,,30.9,43.0,1.0,0.0,2.0,,,,1.0,1.0,,,,,570.0,1.0,23.75,0.4555160142348754,0.1619217081850534,0.019444444444444445,0.275,0.7055984555984556,0.2957559681697613,0.42655935613682094,0.29183673469387755,0.055858310626702996,0.344559585492228,0.40485436893203886,0.4139004149377593,32.090044678766816,0.3744168199209124,0.2941299537040352,0.3065953654188948,,
Kendrick Law,2026,71.375,203.0,9.625,31.125,4.45,1.56,42.0,128.0,,,21.0,28.012967694247042,103.5347143561544,52.666666666666664,,6,1,1,0,0,168.0,0,5.123963979403259,5.0,21.5523613963039,1,0.2114321089558398,0.2114321089558398,0.0140710382513661,0.2228642179116797,0.2228642179116797,883.0,540.0,86.0,10.267441860465116,71.0,0.046511627906976744,83.0,4.0,1.0,0.0,1.0,1.0,0.1973610707044737,4.0,18.0,21.338809034907598,0.0218729747245625,0.046496047166019,21.338809034907598,0.0,0.598,0.485,0.4085,0.598,0.088,0.088,25.5,1.8,23.7,,25.5,24.0,1.0,0.0,2.0,,,,1.0,1.0,4.0,0.9629,86.0,1.0,716.0,0.0,19.88888888888889,0.2580071174377224,0.552491103202847,0.6592592592592592,0.29814814814814816,0.668918918918919,0.2957559681697613,0.9728370221327968,0.8061224489795918,,,0.7281553398058253,0.9678423236514523,62.07537649706324,0.835704936972738,0.5470628867444817,0.17647058823529413,0.802547770700637,-0.6260771824653428
Chris Bell,2026,73.875,222.0,10.0,31.75,,,,,,,,28.596528296700935,,,,2,0,0,0,0,94.0,0,4.543294782270004,3.0,21.568788501026695,1,0.326534170153417,0.326534170153417,0.0196482035928143,0.3197350069735007,0.3197350069735007,2166.0,917.0,151.0,14.344370860927153,68.0,0.07947019867549669,43.0,4.0,1.0,1.0,1.0,1.0,0.30688596656060274,1.2442333785617368,18.0,21.35523613963039,0.1074405338797662,0.1845457404744788,21.35523613963039,0.0,1.305,0.536,0.9055000000000001,1.375,0.153,0.153,31.6,12.4,19.8,,31.6,58.0,1.0,0.0,1.0,,,,1.0,0.0,3.0,0.8493,1307.0,0.0,78.0,0.0,15.6,0.6263345195729537,0.9332740213523132,0.8787037037037037,0.49444444444444446,,,,,,,,,73.31891722683537,,0.6664942225737006,0.6007130124777184,0.21125265392781317,0.3894603585499052
Caullin Lacy,2026,69.125,183.0,9.875,29.375,4.55,1.59,33.5,116.0,,,,26.92378576170093,85.39560088120213,43.166666666666664,,5,0,0,0,0,270.0,1,5.598421958998375,8.0,24.027378507871322,1,0.3137550200803213,0.1662598791259879,0.018027961736571,0.3775100401606425,0.2214086471408647,3348.0,1316.0,286.0,11.706293706293707,84.0,0.055944055944055944,214.0,6.0,2.0,1.0,1.0,2.0,0.1482319173894169,0.4825227963525836,18.0,20.813141683778234,0.018027961736571,0.04736328125,23.813826146475016,0.0,0.959,0.258,0.5163333333333333,1.173,0.133,0.114,30.6,5.1,26.0,,31.6,104.0,0.0,1.0,2.0,8.2,19.0,0.0,1.0,1.0,3.0,0.8252,2027.0,0.0,1775.0,4.0,14.669421487603305,0.05871886120996441,0.1298932384341637,0.8,0.04537037037037037,0.3310810810810811,0.11671087533156499,0.24647887323943662,0.12346938775510204,,,0.11262135922330097,0.22406639004149378,21.88410436686478,0.1608565400726132,0.28764202620494284,0.5258467023172906,0.10191082802547771,0.4239358742918129
Aaron Anderson,2026,68.0,191.0,9.25,29.75,4.55,,30.0,113.0,7.12,4.58,15.0,29.038278546712803,89.12874190333117,39.416666666666664,11.7,8,0,0,0,0,270.0,1,5.598421958998375,8.0,,1,0.1933322638386977,0.0666890080428954,0.0068073519400953,0.2142507345739471,0.1333780160857909,1333.0,875.0,106.0,12.575471698113208,76.0,0.04716981132075472,2.0,3.0,0.0,0.0,1.0,4.0,0.05988165610280011,0.45485714285714285,,,,,,,0.759,0.605,0.545,0.732,0.088,0.088,36.8,15.9,21.7,,25.8,6.0,1.0,0.0,1.0,7.7,29.0,1.0,1.0,1.0,4.0,0.9832,35.0,1.0,189.0,1.0,27.0,0.019572953736654804,0.27402135231316727,0.40555555555555556,0.07037037037037037,0.3310810810810811,,0.04024144869215292,0.04897959183673469,0.27111716621253407,0.025906735751295335,0.20194174757281552,0.03734439834024896,15.69211274056919,0.09705426270056772,0.13393508208868343,0.12477718360071301,0.921443736730361,-0.796666553129648
Barion Brown,2026,71.0,177.0,9.0,31.5,4.4,1.62,32.0,118.0,,,,24.683792898234476,94.44795437470115,41.833333333333336,,5,1,0,0,0,190.0,0,5.247024072160486,6.0,22.05612594113621,1,0.2111052539096819,0.114142091152815,0.2111052539096819,0.2317343173431734,0.17828418230563,2060.0,628.0,175.0,11.771428571428572,70.0,0.06857142857142857,228.0,4.0,1.0,0.0,1.0,1.0,-0.09696316275686691,0.8471337579617835,18.0,18.84188911704312,0.2111052539096819,0.2111052539096819,21.842573579739906,0.0,0.582,0.231,0.41725,0.714,0.102,0.102,23.2,13.0,9.9,,25.8,32.0,1.0,0.0,2.0,8.5,19.0,1.0,1.0,1.0,4.0,0.9586,97.0,1.0,1986.0,6.0,25.46153846153846,0.21263345195729538,0.05871886120996441,0.20185185185185187,0.41944444444444445,0.8445945945945946,0.042440318302387266,0.12173038229376258,0.19387755102040816,,,0.3650485436893204,0.12240663900414937,25.82746638368179,0.22688549233449704,0.23891503263683855,0.1746880570409982,0.778131634819533,-0.6034435777785347
Chris Hilton,2026,72.0,188.0,9.25,32.0,4.41,1.57,34.5,122.0,7.25,4.41,,25.494598765432098,99.41078129796341,44.666666666666664,11.66,7,1,0,0,0,270.0,1,5.598421958998375,8.0,23.225188227241617,1,0.0814743827890168,0.0204423592493297,0.0278680471584038,0.0595004897159647,0.0408847184986595,769.0,243.0,40.0,19.225,81.0,0.15,0.0,5.0,0.0,0.0,0.0,7.0,-0.007425687909074101,0.5020576131687243,18.0,99.0,0.0278680471584038,0.0278680471584038,23.01163586584531,0.0,3.262,0.173,1.2014,3.262,0.056,0.023,36.8,15.9,21.7,,25.8,6.0,1.0,0.0,1.0,7.7,29.0,1.0,1.0,0.0,4.0,0.9646,79.0,1.0,23.0,0.0,23.0,0.34341637010676157,0.21352313167259787,0.40555555555555556,0.5722222222222222,0.8175675675675675,0.22546419098143236,0.35714285714285715,0.4204081632653061,0.12125340599455041,0.18393782383419688,0.574757281553398,0.37136929460580914,38.38848220418545,0.4507694339871871,0.41958425125684917,0.016042780748663103,0.8237791932059448,-0.8077364124572818
Zavion Thomas,2026,70.375,190.0,9.0,30.5,4.28,1.52,36.0,,,,16.0,26.969451271259967,113.24225803830451,,,5,1,0,0,0,89.0,0,4.48863636973214,3.0,21.880903490759753,1,0.181769436997319,0.181769436997319,0.0004956629491945,0.2305224564619615,0.163538873994638,1213.0,503.0,106.0,11.443396226415095,62.0,0.0660377358490566,198.0,4.0,0.0,0.0,0.0,2.0,0.1812737740481245,0.9701789264413518,18.0,99.0,0.0004956629491945,0.148594561564314,21.66735112936345,0.0,0.605,0.443,0.213,0.749,0.1,0.096,24.7,0.5,24.9,,25.8,27.0,1.0,0.0,2.0,6.9,12.0,0.0,1.0,1.0,4.0,0.8926,391.0,1.0,1553.0,3.0,16.347368421052632,0.15302491103202848,0.2526690391459075,0.20185185185185187,0.18055555555555555,0.9884169884169884,0.7320954907161804,0.5543259557344065,,,,0.9495145631067962,,50.155679444496435,0.7519202594206014,0.2724395685434606,0.10160427807486631,0.5042462845010616,-0.40264200642619524
CJ Daniels,2026,74.25,202.0,9.25,31.75,4.58,1.61,34.5,123.0,7.03,4.27,,25.758097246312733,91.81622927094399,44.75,11.3,7,0,0,0,0,197.0,0,5.2832037287379885,6.0,23.991786447638603,1,0.3413645038167939,0.1781234571710688,0.1035471100554236,0.3702290076335878,0.1374969143421377,2991.0,1067.0,198.0,15.106060606060606,75.0,0.1414141414141414,0.0,6.0,2.0,1.0,1.0,3.0,0.07457634711564522,0.5220243673851921,18.0,19.7782340862423,0.1035471100554236,0.2009324009324009,23.7782340862423,0.0,1.619,0.689,1.1034,1.619,0.108,0.082,36.2,8.0,26.3,,34.2,98.0,0.0,1.0,3.0,9.9,32.0,0.0,1.0,1.0,3.0,0.8115,2450.0,0.0,17.0,0.0,8.5,0.7135231316725978,0.5231316725978647,0.40555555555555556,0.49444444444444446,0.22876447876447875,0.05702917771883289,0.35714285714285715,0.48775510204081635,0.40463215258855584,0.5051813471502591,0.2815533980582524,0.37863070539419086,40.311200192739214,0.3754837857473086,0.4926664972038638,0.6648841354723708,0.05732484076433121,0.6075592947080396
Donaven McCulley,2026,76.5,203.0,10.25,32.625,,,,,,,,24.385321884745185,,,,2,0,0,0,0,270.0,1,5.598421958998375,8.0,22.962354551676935,1,0.293040293040293,0.2574509510259098,0.063637888079724,0.2527472527472527,0.2421746293245469,1422.0,644.0,105.0,13.542857142857143,69.0,0.10476190476190476,9.0,4.0,2.0,0.0,1.0,2.0,0.19381306294618583,0.9130434782608695,19.0,20.747433264887064,0.0,0.063637888079724,22.748802190280628,0.0,2.507,0.462,0.7402,2.507,0.359,0.092,19.6,-7.4,27.2,,30.9,26.0,1.0,0.0,2.0,6.7,15.0,0.0,0.0,1.0,,,,,,,,0.9626334519572953,0.552491103202847,0.9537037037037037,0.7564814814814815,,,,,,,,,80.63274350863318,,0.8909395457141601,0.45989304812834225,,
De'Zhaun Stribling,2026,74.125,207.0,10.0,31.625,4.36,1.53,36.0,127.0,,,,26.484773168699473,114.56563960194973,46.583333333333336,,5,1,0,0,0,33.0,0,3.4965075614664802,2.0,23.039014373716633,1,0.2767918479505381,0.2016612111292962,0.1665574335977923,0.2808564231738035,0.1725531914893617,2977.0,892.0,217.0,13.71889400921659,77.0,0.10599078341013825,0.0,5.0,2.0,0.0,1.0,2.0,0.0351037775315039,0.9091928251121076,18.0,21.82614647501711,0.1665574335977923,0.1957673970379387,22.82546201232033,0.0,1.277,0.778,1.0224,1.277,0.094,0.067,29.4,-2.6,31.7,,40.4,54.0,1.0,0.0,3.0,7.2,17.0,0.0,0.0,1.0,3.0,0.8206,1981.0,0.0,,,,0.6948398576512456,0.6797153024911032,0.8787037037037037,0.4462962962962963,0.9218146718146718,0.616710875331565,0.5543259557344065,0.763265306122449,,,0.9592233009708738,0.5912863070539419,71.06181577170257,0.758938187609243,0.643541453346413,0.39928698752228164,0.10615711252653928,0.2931298749957424
Brenen Thompson,2026,69.375,164.0,9.0,29.375,4.26,1.54,,,,,,23.954834834834834,99.5945210208984,,,3,1,0,0,0,105.0,0,4.653960350157523,4.0,22.439425051334702,1,0.3179413639260675,0.3179413639260675,0.0050987890376035,0.3358827278521351,0.3358827278521351,1557.0,1054.0,84.0,18.535714285714285,63.0,0.11904761904761904,14.0,4.0,1.0,1.0,1.0,1.0,0.31284257488846395,4.373443983402489,19.0,22.2258726899384,0.0050987890376035,0.0579459820868911,22.2258726899384,0.0,2.281,0.831,1.3735,2.281,0.097,0.097,31.6,4.1,29.0,,31.6,28.0,1.0,0.0,3.0,,,,1.0,1.0,4.0,0.9476,131.0,1.0,44.0,0.0,44.0,0.07028469750889679,0.012455516014234875,0.20185185185185187,0.04537037037037037,0.9961389961389961,0.4946949602122016,,,,,0.5883495145631068,,34.41637009513797,0.5883495145631068,0.105835639910373,0.5525846702317291,0.7346072186836518,-0.18202254845192267
Harrison Wallace,2026,71.875,192.0,8.375,32.125,4.54,1.58,35.0,122.0,7.01,4.34,,26.127679395085064,90.38738311653943,45.166666666666664,11.35,7,0,0,0,0,270.0,1,5.598421958998375,8.0,22.694045174537987,1,0.1762847790507365,0.1762847790507365,0.0588192044702595,0.2007679648930334,0.1987234042553191,2167.0,934.0,146.0,14.842465753424657,55.0,0.0684931506849315,1.0,4.0,0.0,0.0,1.0,1.0,0.117465574580477,1.2759562841530054,19.0,99.0,0.0588192044702595,0.0588192044702595,22.480492813141684,0.0,1.238,0.71,0.7755,1.238,0.086,0.086,40.4,24.0,18.3,,40.4,21.0,1.0,0.0,2.0,,,,1.0,1.0,3.0,0.8841,465.0,0.0,113.0,0.0,8.071428571428571,0.3087188612099644,0.29359430604982206,0.019444444444444445,0.6046296296296296,0.37065637065637064,0.17904509283819628,0.42655935613682094,0.4204081632653061,0.44550408719346046,0.31994818652849744,0.23883495145631067,0.4242738589211618,33.76347756941655,0.36193415695281256,0.33983807285521483,0.0944741532976827,0.4543524416135881,-0.3598782883159054
Kevin Coleman Jr.,2026,70.25,179.0,9.5,30.0,4.49,1.62,38.5,126.0,,,,25.49856258152759,88.08412866687621,49.0,,5,0,1,0,0,177.0,0,5.176149732573829,5.0,22.310746064339494,1,0.2905238152273726,0.182782087927045,0.1069160863920689,0.3032698526769673,0.2988975091874234,2364.0,844.0,189.0,12.507936507936508,85.0,0.0582010582010582,111.0,4.0,1.0,0.0,1.0,1.0,0.07586600153497611,0.8672985781990521,18.0,21.097878165639973,0.1069160863920689,0.1069160863920689,22.09719370294319,0.0,0.786,0.553,0.66425,0.965,0.11,0.1,25.5,-4.1,31.2,,31.2,27.0,1.0,0.0,4.0,7.4,11.0,0.0,1.0,1.0,4.0,0.9773,54.0,1.0,787.0,1.0,10.355263157894736,0.14412811387900357,0.07829181494661921,0.5944444444444444,0.08981481481481482,0.5395752895752896,0.042440318302387266,0.8118712273641852,0.713265306122449,,,0.16893203883495145,0.8101659751037344,39.92929343387879,0.5646895241071953,0.410064650125612,0.44919786096256686,0.8789808917197452,-0.4297830307571784
Dane Key,2026,,,,,4.54,,,122.0,,,,,,,,2,0,0,0,0,270.0,1,5.598421958998375,8.0,22.50513347022587,1,0.2386136004217184,0.1860929124478856,0.2386136004217184,0.3223624887285843,0.1547945205479452,2322.0,715.0,165.0,14.072727272727272,58.0,0.11515151515151516,-2.0,4.0,3.0,0.0,1.0,3.0,-0.0525206879738328,0.6321678321678321,19.0,19.290896646132786,0.2386136004217184,0.2386136004217184,22.29158110882957,0.0,1.349,0.355,1.04325,1.372,0.081,0.078,24.5,5.5,20.9,,28.8,32.0,1.0,0.0,2.0,7.3,10.0,0.0,0.0,1.0,4.0,0.9129,235.0,1.0,,,,,,,,0.37065637065637064,,,0.4204081632653061,,,,,39.55322669608384,0.4204081632653061,,0.25846702317290554,0.6220806794055201,-0.3636136562326146
Bryce Lance,2026,75.375,204.0,9.25,32.125,4.34,1.49,41.5,133.0,7.0,4.15,,25.242411491464736,115.00090155520506,52.583333333333336,11.15,7,1,1,0,0,136.0,0,4.912654885736052,4.0,23.367556468172484,1,0.3738079896907216,0.3738079896907216,0.0011808367071524,0.3476159793814433,0.3476159793814433,2140.0,1079.0,127.0,16.8503937007874,81.0,0.1968503937007874,121.0,3.0,2.0,2.0,1.0,1.0,0.3726271529835692,1.023719165085389,20.0,22.154688569472963,0.0,0.0,23.15400410677618,0.0,1.241,1.108,1.02,1.287,0.088,0.088,,,,,,142.0,0.0,1.0,1.0,,,,1.0,0.0,,,,,2.0,0.0,2.0,0.8576512455516014,0.5854092526690391,0.40555555555555556,0.6046296296296296,0.946911196911197,0.9270557029177718,0.9607645875251509,0.9418367346938775,0.47275204359673023,0.7992227979274611,0.9611650485436893,0.9647302904564315,78.5640340498178,0.9545887902542393,0.7071502545654844,0.7807486631016043,,
Malachi Fields,2026,76.5,218.0,9.0,32.125,4.61,1.63,38.0,124.0,6.98,4.35,15.0,26.18719295997266,96.5345525048505,48.333333333333336,11.33,8,0,1,0,1,74.0,0,4.30406509320417,3.0,22.351813826146476,1,0.3032660116448326,0.2029075465534139,0.0182474008062805,0.2940320232896652,0.2058150931068278,2479.0,811.0,165.0,15.024242424242424,66.0,0.09696969696969697,-6.0,5.0,3.0,1.0,1.0,2.0,0.18466014574713338,0.7768187422934648,17.0,20.136892539356605,0.0845507433742727,0.2662965553418429,22.138261464750173,0.0,1.243,0.63,0.8648,1.24,0.123,0.082,21.0,-10.8,31.7,,40.0,66.0,1.0,0.0,2.0,8.0,13.0,0.0,0.0,1.0,3.0,0.8296,1763.0,0.0,,,,0.9626334519572953,0.8825622775800712,0.20185185185185187,0.6046296296296296,0.14961389961389962,0.03183023872679045,0.7706237424547284,0.573469387755102,0.5190735694822888,0.29533678756476683,0.4563106796116505,0.7634854771784232,51.76184161172082,0.600134603273827,0.6349346689733764,0.48841354723707664,0.1337579617834395,0.3546555854536372
Carnell Tate,2026,74.25,192.0,10.25,31.75,4.53,1.61,,,,,,24.48294391728735,91.18815238625429,,,3,0,0,0,0,4.0,0,1.3862943611198906,1.0,20.95003422313484,1,0.2528749546059798,0.2528749546059798,0.056966618287373,0.233022636484687,0.233022636484687,1872.0,875.0,121.0,15.47107438016529,57.0,0.11570247933884298,22.0,3.0,1.0,0.0,0.0,2.0,0.19590833631860682,1.193724420190996,18.0,20.736481861738536,0.056966618287373,0.1411500616586168,20.736481861738536,1.0,1.113,1.113,0.8293333333333334,1.126,0.099,0.099,37.6,30.1,7.7,,37.6,5.0,1.0,0.0,1.0,,,,0.0,0.0,4.0,0.9728,60.0,1.0,,,,0.7135231316725978,0.29359430604982206,0.9537037037037037,0.49444444444444446,0.4092664092664093,0.05702917771883289,,,,,0.2621359223300971,,45.48138707408439,0.2621359223300971,0.7205570932735821,0.2976827094474153,0.8662420382165605,-0.5685593287691453
Deion Burks,2026,69.75,180.0,9.5,29.375,4.3,1.49,42.5,131.0,7.18,4.19,26.0,26.009943346051564,105.30007449980272,53.416666666666664,11.370000000000001,8,1,1,0,0,254.0,0,5.537334267018537,7.0,22.981519507186857,1,0.3574454091028676,0.2192864030858244,0.0028138528138528,0.2482241515390686,0.2032786885245901,1669.0,629.0,151.0,11.052980132450331,84.0,0.09271523178807947,48.0,5.0,2.0,1.0,1.0,2.0,0.2164725502719716,0.985691573926868,18.0,20.76659822039699,0.0028138528138528,0.0192456729527253,22.767967145790553,0.0,0.928,0.292,0.4579999999999999,1.551,0.122,0.101,21.8,-7.3,27.1,,30.1,38.0,1.0,0.0,2.0,6.5,15.0,0.0,1.0,1.0,3.0,0.8644,809.0,0.0,278.0,0.0,19.857142857142858,0.09786476868327403,0.08896797153024912,0.5944444444444444,0.04537037037037037,0.9816602316602316,0.9270557029177718,0.9859154929577465,0.8959183673469387,0.20027247956403268,0.7202072538860104,0.7902912621359224,0.9854771784232366,60.94537936600191,0.8907083741468691,0.43089876911395886,0.7219251336898396,0.3524416135881104,0.3694835201017292
Malik Benson,2026,72.125,189.0,8.625,31.875,4.37,1.55,32.5,122.0,,,,25.541445773723527,103.64922328047979,42.666666666666664,,5,1,0,0,0,195.0,0,5.272999558563747,6.0,23.208761122518823,1,0.1912799769342966,0.1912799769342966,0.0479867001042576,0.1890115667718191,0.1890115667718191,1192.0,719.0,81.0,14.716049382716049,67.0,0.09876543209876543,-2.0,3.0,0.0,0.0,1.0,1.0,0.143293276830039,2.311897106109325,20.0,99.0,0.0,0.0,22.99520876112252,0.0,0.841,0.841,0.695,0.888,0.061,0.061,38.7,25.9,13.5,,38.7,3.0,1.0,0.0,3.0,,,,1.0,1.0,,,,,143.0,1.0,15.88888888888889,0.3620996441281139,0.2313167259786477,0.04722222222222222,0.5175925925925926,0.9092664092664092,0.39389920424403185,0.1579476861167002,0.4204081632653061,,,0.7359223300970874,0.18153526970954356,39.572102476206545,0.4380927264930312,0.27121553626490724,0.11942959001782531,,
Trebor Pena,2026,70.0,187.0,,,4.53,,35.5,123.0,6.9,4.11,19.0,26.828775510204082,88.81346091786224,45.75,11.010000000000002,6,0,0,1,0,270.0,1,5.598421958998375,8.0,23.860369609856264,1,0.2301699889935184,0.1756611316113161,-0.0002623294858342,0.2263222632226322,0.2263222632226322,1764.0,941.0,158.0,11.164556962025317,73.0,0.0759493670886076,166.0,5.0,1.0,0.0,1.0,1.0,0.17592346109715032,0.5866099893730075,18.0,22.647501711156742,-0.0002623294858342,0.0687908496732026,23.64681724845996,0.0,2.962,0.407,0.741,3.45,0.106,0.096,35.8,5.5,28.9,,35.1,88.0,1.0,0.0,2.0,8.1,34.0,1.0,1.0,1.0,3.0,0.8426,1434.0,0.0,1506.0,1.0,14.910891089108912,0.11743772241992882,0.19750889679715303,,,0.4092664092664093,,0.48893360160965793,0.48775510204081635,0.6580381471389646,0.8937823834196891,0.1912621359223301,0.487551867219917,43.68373628705407,0.3893169465242681,0.30318566201479336,0.22994652406417113,0.1910828025477707,0.03886372151640041
Devonte Ross,2026,69.0,162.0,,,4.45,,36.0,128.0,7.21,4.36,,23.920604914933836,82.62376219555178,46.666666666666664,11.57,5,1,0,0,0,270.0,1,5.598421958998375,8.0,23.312799452429843,1,0.4660502448926383,0.2589560270602706,0.4660502448926383,0.4082909659757528,0.2054120541205412,1545.0,1044.0,112.0,13.794642857142858,98.0,0.14285714285714285,46.0,2.0,2.0,1.0,1.0,2.0,-0.2070942178323677,0.47988505747126436,21.0,22.099931553730322,0.0,0.0,23.09924709103354,0.0,1.211,0.718,0.8034285714285715,1.311,0.108,0.064,24.1,-6.6,30.1,,35.1,94.0,0.0,1.0,2.0,7.2,13.0,0.0,1.0,1.0,3.0,0.8511,1157.0,0.0,656.0,1.0,15.255813953488373,0.05693950177935943,0.008896797153024912,,,0.668918918918919,,0.5543259557344065,0.8061224489795918,0.1553133514986376,0.26813471502590674,0.06990291262135923,0.6026970954356846,35.458352190521,0.47678377244511916,0.30563272875688297,0.9376114081996435,0.2484076433121019,0.6892037648875415
DT Sheffield,2026,67.25,175.0,8.75,30.5,4.38,,42.0,123.0,6.85,3.98,15.0,27.20249858349111,95.09804793721617,52.25,10.83,8,1,1,1,0,270.0,1,5.598421958998375,8.0,24.851471594798085,1,0.2629872666197953,0.2039902627907638,0.0028550148957298,0.1926411999062573,0.1807077983088005,1422.0,822.0,115.0,12.365217391304348,75.0,0.1391304347826087,86.0,3.0,2.0,0.0,1.0,3.0,0.20113524789503398,0.7019464720194647,22.0,23.638603696098563,0.0,0.0,24.637919233401778,0.0,1.17,0.558,0.5493333333333333,1.243,0.085,0.085,33.3,-4.5,37.0,,31.6,99.0,0.0,1.0,3.0,7.4,31.0,0.0,1.0,1.0,,,,,327.0,0.0,13.625,0.006227758007117438,0.046263345195729534,0.09166666666666666,0.18055555555555555,0.8947876447876448,,0.9728370221327968,0.48775510204081635,0.7534059945504087,0.9935233160621761,0.39805825242718446,0.9585062240663901,52.57806255902261,0.6195501255335992,0.3128217505905341,0.3422459893048128,,
Jordan Hudson,2026,73.25,191.0,9.25,31.125,4.48,,,,,,,25.024962434041164,94.83121326197089,,,3,0,0,0,0,270.0,1,5.598421958998375,8.0,22.11088295687885,1,0.2194607023411371,0.2194607023411371,0.0676145047005974,0.2081521739130434,0.2081521739130434,1787.0,766.0,144.0,12.409722222222221,70.0,0.14583333333333334,14.0,4.0,1.0,0.0,1.0,1.0,0.1518461976405397,1.8023529411764705,18.0,21.897330595482547,0.0676145047005974,0.1605897310285301,21.897330595482547,0.0,0.934,0.583,0.73925,0.934,0.119,0.119,34.2,13.4,19.5,,34.2,107.0,1.0,0.0,2.0,,,,0.0,1.0,4.0,0.9595,92.0,1.0,,,,0.5409252669039146,0.27402135231316727,0.40555555555555556,0.29814814814814816,0.5675675675675675,,,,,,0.38058252427184464,,41.1133402460033,0.38058252427184464,0.4148763235358728,0.20320855614973263,0.7898089171974523,-0.5866003610477196
CJ Williams,2026,,,,,,,,,,,,,,,,0,0,0,0,0,203.0,0,5.313205979041787,6.0,23.19233401779603,1,0.3563652938652938,0.3563652938652938,0.0036216446527481,0.2841591591591592,0.2841591591591592,1187.0,757.0,95.0,12.494736842105263,50.0,0.08421052631578947,0.0,4.0,1.0,1.0,1.0,1.0,0.3527436492125457,3.0524193548387095,19.0,22.978781656399725,0.0,0.0036216446527481,22.978781656399725,0.0,1.263,0.607,0.8165,1.37,0.118,0.118,18.4,-11.8,28.6,,18.4,30.0,1.0,0.0,3.0,,,,1.0,1.0,4.0,0.9706,73.0,1.0,82.0,0.0,8.2,,,,,,,,,,,,,,,,0.7201426024955436,0.8354564755838642,-0.11531387308832053
Eric McAlister,2026,75.625,194.0,9.75,32.625,,,,,,,,23.84658971381736,,,,2,0,0,0,0,270.0,1,5.598421958998375,8.0,,1,0.324449748077433,0.324449748077433,0.1488863722159305,0.3155661628215327,0.3155661628215327,3084.0,1190.0,169.0,18.24852071005917,85.0,0.14201183431952663,0.0,4.0,2.0,1.0,1.0,1.0,0.17556337586150247,1.3631156930126003,,,,,,,1.522,0.688,1.17225,1.522,0.123,0.123,32.9,8.3,23.9,,32.9,34.0,1.0,0.0,2.0,,,,0.0,1.0,3.0,0.86,917.0,0.0,,,,0.8816725978647687,0.33629893238434166,0.7546296296296297,0.7564814814814815,,,,,,,,,68.22706603400553,,0.7975945696586266,0.5864527629233511,0.3078556263269639,0.27859713659638724
Chris Brazzell II,2026,76.0,198.0,9.0,32.375,4.37,1.52,,,,,,24.098684210526315,108.58490057955026,,,3,1,0,0,0,83.0,0,4.418840607796598,3.0,22.193018480492814,1,0.3066466630296417,0.3066466630296417,0.0016601267733172,0.2671394799054373,0.2671394799054373,2072.0,1017.0,136.0,15.235294117647058,72.0,0.11764705882352941,0.0,4.0,2.0,1.0,1.0,1.0,0.3049865362563245,1.4303797468354431,18.0,19.978097193702943,0.0016601267733172,0.2181063122923588,21.97946611909651,0.0,1.233,0.791,0.83925,1.233,0.102,0.102,39.3,15.0,25.4,,39.3,14.0,1.0,0.0,2.0,,,,0.0,1.0,3.0,0.8493,1307.0,0.0,,,,0.9270462633451957,0.4225978647686833,0.20185185185185187,0.6888888888888889,0.9092664092664092,0.7320954907161804,,,,,0.8621359223300971,,67.76975273096151,0.8621359223300971,0.6059290013619788,0.5008912655971479,0.21125265392781317,0.28963861166933474
KC Concepcion,2026,71.625,196.0,9.25,30.25,,,,,,,,26.85852300588739,,,,2,0,0,0,0,24.0,0,3.1780538303479458,1.0,21.270362765229294,1,0.4296922337602641,0.3091041581272487,0.4296922337602641,0.333068678046844,0.2720544701006512,2217.0,919.0,185.0,11.983783783783784,72.0,0.13513513513513514,431.0,3.0,3.0,2.0,1.0,1.0,-0.12058807563301543,1.0953516090584028,18.0,19.055441478439427,0.4296922337602641,0.4296922337602641,21.05681040383299,1.0,,,,,,,38.0,20.7,16.4,,38.0,19.0,1.0,0.0,2.0,,,,0.0,1.0,3.0,0.8825,568.0,0.0,,,,0.27846975088967973,0.37722419928825623,0.40555555555555556,0.1259259259259259,,,,,,,,,29.679385791485437,,0.2699837441237204,0.8948306595365418,0.4140127388535032,0.48081792068303864
Caleb Douglas,2026,75.5,206.0,10.125,32.5,4.39,1.55,31.5,126.0,,,,25.405552388053156,110.92747695232548,42.0,,5,1,0,0,0,75.0,0,4.31748811353631,3.0,22.313483915126625,1,0.2128267496160472,0.2128267496160472,0.0856242840778923,0.2309105221726581,0.2135322871108824,2018.0,880.0,134.0,15.059701492537313,62.0,0.11940298507462686,0.0,4.0,2.0,0.0,1.0,1.0,0.1272024655381549,0.9431818181818182,18.0,21.100616016427104,0.0856242840778923,0.0856242840778923,22.099931553730322,0.0,1.128,0.433,0.7719999999999999,1.128,0.094,0.094,33.5,4.3,30.8,,39.3,28.0,1.0,0.0,2.0,7.1,27.0,1.0,1.0,1.0,3.0,0.8859,464.0,0.0,-3.0,0.0,-3.0,0.8736654804270463,0.6548042704626335,0.9138888888888889,0.7324074074074074,0.8725868725868726,0.39389920424403185,0.096579476861167,0.713265306122449,,,0.9048543689320389,0.1275933609958506,62.835446369283865,0.5715663839718849,0.6541353133961274,0.17825311942959002,0.4575371549893843,-0.2792840355597943
Reggie Virgil,2026,74.625,187.0,9.25,31.25,4.57,1.58,36.0,127.0,,,,23.606317461119108,85.74460458527697,46.583333333333336,,5,0,0,0,0,143.0,0,4.962844630259907,5.0,21.634496919917865,1,0.3296863394846597,0.1815959959772669,0.0065055762081784,0.2680683311432326,0.1813738101363519,1583.0,816.0,100.0,15.83,75.0,0.16,35.0,4.0,1.0,1.0,0.0,2.0,0.17509041976908848,0.8639705882352942,18.0,20.421629021218344,0.0385902417962003,0.3296863394846597,21.420944558521562,0.0,,,,,,,23.2,1.3,23.2,,39.3,105.0,0.0,1.0,2.0,7.7,21.0,0.0,0.0,1.0,3.0,0.8259,1899.0,0.0,,,,0.7597864768683275,0.19750889679715303,0.40555555555555556,0.34074074074074073,0.2606177606177606,0.17904509283819628,0.5543259557344065,0.763265306122449,,,0.12233009708737864,0.5912863070539419,41.744621894159096,0.4799737863147447,0.5151021822247575,0.6203208556149733,0.11677282377919321,0.5035480318357801
Ja'Kobi Lane,2026,76.375,200.0,10.5,32.625,4.47,1.58,40.0,129.0,,,11.0,24.103653424264905,100.19127395630996,50.75,,6,0,1,0,0,80.0,0,4.382026634673881,3.0,21.4072553045859,1,0.2760665121984462,0.1737266112266112,0.0377685377685377,0.1936070686070686,0.1936070686070686,1363.0,745.0,99.0,13.767676767676768,59.0,0.18181818181818182,0.0,3.0,1.0,0.0,0.0,2.0,0.1359580734580735,1.4190476190476191,18.0,20.194387405886378,0.0377685377685377,0.2760665121984462,21.193702943189596,1.0,1.615,0.819,1.3343333333333334,1.615,0.098,0.098,38.9,16.9,21.0,,38.9,17.0,1.0,0.0,1.0,,,,0.0,0.0,4.0,0.8941,400.0,1.0,,,,0.9572953736654805,0.46441281138790036,0.9842592592592593,0.7564814814814815,0.6023166023166023,0.17904509283819628,0.9104627766599598,0.8428571428571429,,,0.6087378640776699,0.9066390041493776,72.12507408693071,0.7873525945315909,0.9021247227665452,0.39572192513368987,0.4989384288747346,-0.10321650374104474
Makai Lemon,2026,71.125,192.0,8.75,30.5,4.46,,,,,,,26.681607729158237,97.04916196065206,,,3,0,0,0,0,20.0,0,2.995732273553991,1.0,21.582477754962355,1,0.3617463617463617,0.3617463617463617,0.0101640101640101,0.3004158004158004,0.3004158004158004,2008.0,1156.0,137.0,14.656934306569344,74.0,0.10218978102189781,4.0,3.0,1.0,1.0,1.0,1.0,0.3515823515823516,1.513089005235602,19.0,21.36892539356605,0.0101640101640101,0.1523828994593612,21.36892539356605,1.0,1.001,0.656,0.7519999999999999,1.001,0.147,0.147,38.9,16.9,21.0,,38.9,17.0,1.0,0.0,1.0,,,,1.0,0.0,4.0,0.9799,44.0,1.0,823.0,0.0,21.657894736842106,0.22953736654804271,0.29359430604982206,0.09166666666666666,0.18055555555555555,0.6361003861003861,,,,,,0.4796116504854369,,31.851098856765166,0.4796116504854369,0.16725319625675497,0.7308377896613191,0.8938428874734607,-0.16300509781214167
Denzel Boston,2026,75.625,212.0,9.75,32.0,,,35.0,,6.8,4.28,,26.0591598934499,,,11.08,5,0,0,1,1,39.0,0,3.6635616461296463,2.0,22.072553045859,1,0.3501476497071211,0.3501476497071211,0.0015602246723528,0.277218376337319,0.277218376337319,1781.0,881.0,132.0,13.492424242424242,78.0,0.15151515151515152,2.0,4.0,2.0,2.0,1.0,1.0,0.3485874250347683,1.0563549160671464,18.0,20.859685147159478,0.0015602246723528,0.0049466537342386,21.859000684462696,0.0,1.29,0.644,0.6132500000000001,1.29,0.137,0.137,34.5,18.4,15.3,,34.5,47.0,1.0,0.0,1.0,,,,1.0,0.0,3.0,0.8644,896.0,0.0,212.0,1.0,8.153846153846153,0.8816725978647687,0.7820284697508897,0.7546296296296297,0.5722222222222222,,,0.42655935613682094,,0.829700272479564,0.47020725388601037,,,67.38599717099865,0.42655935613682094,0.6587709514633604,0.6951871657754011,0.31634819532908703,0.37883897044631404
Vinny Anthony II,2026,71.875,183.0,9.125,31.125,4.54,1.59,34.5,115.0,6.86,4.07,15.0,24.902944423440452,86.15047453295165,44.083333333333336,10.93,8,0,0,1,0,270.0,1,5.598421958998375,8.0,22.5160848733744,1,0.2852300242130751,0.1749813344193307,0.0172955974842767,0.2847457627118644,0.2388515577275504,1162.0,672.0,80.0,14.525,67.0,0.0625,49.0,3.0,1.0,0.0,1.0,2.0,0.157685736935054,0.5818452380952381,20.0,21.30321697467488,0.0,0.0172955974842767,22.302532511978097,0.0,1.376,0.466,0.70525,1.411,0.08,0.08,23.0,3.0,19.8,,17.4,58.0,1.0,0.0,1.0,6.5,13.0,0.0,1.0,0.0,3.0,0.8719,735.0,0.0,1206.0,1.0,20.440677966101696,0.3087188612099644,0.1298932384341637,0.27685185185185185,0.29814814814814816,0.37065637065637064,0.11671087533156499,0.35714285714285715,0.09489795918367347,0.7397820163487738,0.9378238341968912,0.13203883495145632,0.2966804979253112,33.82787787817523,0.1946932170926623,0.3102154295882054,0.42780748663101603,0.37154989384288745,0.056257592788128585
