Player,Year,era,tier,wrpi_post,wrpi_pre,raw_post,raw_pre,tb_score,diamond_score,is_diamond,is_star_pre,is_star_post,actual_fantasy_pctl,actual_pctl_post,pick,nfl_entry_age,breakout_age,best_dom,final_ppa,explosion_p,best_yds,alpha,recruit_stars,n_seasons_30,tbz,similar
Ja'Marr Chase,2021,historical,10,0.9927797833935018,1.0,56.09020884754222,65.18664397800299,1.5370720181863013,0.8365001514950775,0,1,1,1.0,1.0,5.0,20.83778234086242,19.62217659137577,0.3116767901073302,1.06,0.9388393700157488,1780.0,1.0,4.0,1.0,"{'best_dom': 0.066, 'final_dom': 0.446, 'dom_age20': 1.11, 'n_seasons_30': 0.306, 'best_yds': 2.352, 'career_yds': 0.11, 'final_ppa': 1.495, 'best_ppa': 0.174, 'best_usage': -0.066, 'nfl_entry_age': -1.395, 'breakout_age': -0.484, 'early_declare': 1.399, 'ras': 1.488, 'explosion_p': 2.016, 'speed_score': 1.673, 'weight': -0.059, 'catch_radius': 0.278, 'team_sp_off': 2.027, 'team_sp_overall': 1.797, 'recruit_rating': 1.138, 'prod_over_recruit': -0.728, 'was_returner': -1.439, 'ret_td': 0.0, 'col_qb_ypa': 2.234, 'final_spike': 1.162, 'dom_growth': 0.139}","[{'p': 'Malik Nabers', 'y': 2024, 'sim': 83.0, 'fant': None}, {'p': 'Justin Jefferson', 'y': 2020, 'sim': 70.0, 'fant': 0.997}, {'p': 'Rome Odunze', 'y': 2024, 'sim': 69.0, 'fant': None}, {'p': 'Jalin Hyatt', 'y': 2023, 'sim': 64.0, 'fant': None}, {'p': 'Brian Thomas', 'y': 2024, 'sim': 63.0, 'fant': None}, {'p': 'Corey Coleman', 'y': 2016, 'sim': 60.0, 'fant': 0.647}]"
D.J. Moore,2018,historical,10,0.9530685920577617,0.9783393501805054,45.0735313811969,56.35845949999999,0.45602761325411423,1.4313538411784938,0,1,1,0.9380804953560371,0.9949664429530202,24.0,20.71731690622861,19.50444900752909,0.5329037800687285,0.466,0.8966887315571656,1033.0,1.0,3.0,2.0,"{'best_dom': 2.434, 'final_dom': 2.636, 'dom_age20': 1.314, 'n_seasons_30': 1.514, 'best_yds': 0.255, 'career_yds': 0.034, 'final_ppa': -0.767, 'best_ppa': -1.135, 'best_usage': 1.32, 'nfl_entry_age': -1.529, 'breakout_age': -0.488, 'early_declare': 1.399, 'ras': 1.464, 'explosion_p': 1.831, 'speed_score': 1.313, 'weight': 0.59, 'catch_radius': 0.458, 'team_sp_off': -1.283, 'team_sp_overall': -1.424, 'recruit_rating': 0.019, 'prod_over_recruit': 1.189, 'was_returner': 0.693, 'ret_td': -0.418, 'col_qb_ypa': -2.237, 'final_spike': -0.044, 'dom_growth': 1.569}","[{'p': 'Jalen Reagor', 'y': 2020, 'sim': 65.0, 'fant': 0.61}, {'p': 'Elic Ayomanor', 'y': 2025, 'sim': 62.0, 'fant': None}, {'p': 'Sammie Coates', 'y': 2015, 'sim': 60.0, 'fant': 0.573}, {'p': 'Ted Hurst', 'y': 2026, 'sim': 59.0, 'fant': None}, {'p': 'Denzel Mims', 'y': 2020, 'sim': 58.0, 'fant': 0.514}, {'p': 'Brandon Aiyuk', 'y': 2020, 'sim': 58.0, 'fant': 0.947}]"
Amari Cooper,2015,historical,10,1.0,0.9963898916967509,56.9021736995489,62.40544263258887,1.7929726523250347,1.309441431203979,0,1,1,0.9442724458204335,0.988255033557047,4.0,20.542094455852155,18.32991101984942,0.4719794344473008,0.769,0.4630417735260383,1727.0,1.0,4.0,2.0,"{'best_dom': 1.782, 'final_dom': 2.033, 'dom_age20': 2.379, 'n_seasons_30': 1.514, 'best_yds': 2.204, 'career_yds': 1.685, 'final_ppa': 0.387, 'best_ppa': -0.164, 'best_usage': 1.245, 'nfl_entry_age': -1.724, 'breakout_age': -0.528, 'early_declare': 1.399, 'ras': 0.465, 'explosion_p': -0.078, 'speed_score': 1.37, 'weight': 0.662, 'catch_radius': -0.084, 'team_sp_off': 1.371, 'team_sp_overall': 1.899, 'recruit_rating': 1.442, 'prod_over_recruit': 0.189, 'was_returner': -1.439, 'ret_td': 0.0, 'col_qb_ypa': 0.6, 'final_spike': -0.013, 'dom_growth': -0.184}","[{'p': 'Rashod Bateman', 'y': 2021, 'sim': 64.0, 'fant': 0.836}, {'p': 'Juju Smith-Schuster', 'y': 2017, 'sim': 63.0, 'fant': 0.969}, {'p': ""N'Keal Harry"", 'y': 2019, 'sim': 61.0, 'fant': 0.607}, {'p': 'Chris Godwin', 'y': 2017, 'sim': 61.0, 'fant': 0.981}, {'p': 'CeeDee Lamb', 'y': 2020, 'sim': 61.0, 'fant': 0.988}, {'p': 'James Washington', 'y': 2018, 'sim': 60.0, 'fant': 0.659}]"
John Ross,2017,historical,10,0.9783393501805054,0.8483754512635379,51.96404228369074,49.75698600426651,0.6510547945040697,0.7574979246928936,0,0,1,0.7368421052631579,0.988255033557047,9.0,21.097878165639973,20.88432580424367,0.3395593166589343,0.599,0.8705180226062804,1150.0,1.0,4.0,1.0,"{'best_dom': 0.364, 'final_dom': 0.722, 'dom_age20': -0.0, 'n_seasons_30': 0.306, 'best_yds': 0.584, 'career_yds': -0.308, 'final_ppa': -0.261, 'best_ppa': -0.745, 'best_usage': 0.478, 'nfl_entry_age': -1.105, 'breakout_age': -0.441, 'early_declare': 1.399, 'ras': 0.639, 'explosion_p': 1.715, 'speed_score': 2.252, 'weight': -0.995, 'catch_radius': -0.832, 'team_sp_off': 0.73, 'team_sp_overall': 1.249, 'recruit_rating': 0.234, 'prod_over_recruit': 0.224, 'was_returner': 0.693, 'ret_td': 2.641, 'col_qb_ypa': 0.514, 'final_spike': 0.394, 'dom_growth': 1.094}","[{'p': 'Corey Coleman', 'y': 2016, 'sim': 73.0, 'fant': 0.647}, {'p': 'Jalin Hyatt', 'y': 2023, 'sim': 69.0, 'fant': None}, {'p': 'Marvin Mims', 'y': 2023, 'sim': 63.0, 'fant': None}, {'p': 'Josh Downs', 'y': 2023, 'sim': 62.0, 'fant': None}, {'p': 'Nelson Agholor', 'y': 2015, 'sim': 62.0, 'fant': 0.848}, {'p': 'Curtis Samuel', 'y': 2017, 'sim': 60.0, 'fant': 0.885}]"
N'Keal Harry,2019,historical,10,0.9350180505415162,0.9891696750902527,38.4563536782625,58.32428847125256,1.3022809092906094,0.7228539416811769,0,1,0,0.6068111455108359,0.9798657718120806,32.0,21.0403832991102,18.82819986310746,0.4047158903204493,0.699,0.6974911884622577,1142.0,1.0,4.0,2.0,"{'best_dom': 1.062, 'final_dom': 1.367, 'dom_age20': 1.51, 'n_seasons_30': 1.514, 'best_yds': 0.561, 'career_yds': 1.025, 'final_ppa': 0.12, 'best_ppa': -0.494, 'best_usage': 0.454, 'nfl_entry_age': -1.169, 'breakout_age': -0.511, 'early_declare': 1.399, 'ras': 0.942, 'explosion_p': 0.954, 'speed_score': 1.119, 'weight': 1.887, 'catch_radius': 1.36, 'team_sp_off': -0.21, 'team_sp_overall': -0.953, 'recruit_rating': 1.375, 'prod_over_recruit': -0.021, 'was_returner': 0.693, 'ret_td': 0.347, 'col_qb_ypa': -0.174, 'final_spike': -0.243, 'dom_growth': -0.089}","[{'p': 'Chris Godwin', 'y': 2017, 'sim': 69.0, 'fant': 0.981}, {'p': 'Seth Williams', 'y': 2021, 'sim': 68.0, 'fant': 0.178}, {'p': 'Treylon Burks', 'y': 2022, 'sim': 66.0, 'fant': 0.557}, {'p': 'A.J. Brown', 'y': 2019, 'sim': 65.0, 'fant': 0.978}, {'p': 'Isaiah Hodgins', 'y': 2020, 'sim': 65.0, 'fant': 0.743}, {'p': 'Drake London', 'y': 2022, 'sim': 63.0, 'fant': 0.904}]"
DeVante Parker,2015,historical,10,0.9891696750902527,0.9025270758122743,55.7549650244676,51.49357591848033,0.25318486241363203,0.16868061988383096,0,0,1,0.8947368421052632,0.976510067114094,14.0,21.94661190965092,18.73237508555784,0.290220925571244,0.901,0.7020213746650034,885.0,1.0,3.0,0.0,"{'best_dom': -0.164, 'final_dom': -0.185, 'dom_age20': 0.873, 'n_seasons_30': -0.902, 'best_yds': -0.16, 'career_yds': 0.894, 'final_ppa': 0.89, 'best_ppa': 0.297, 'best_usage': 0.924, 'nfl_entry_age': -0.159, 'breakout_age': -0.515, 'early_declare': -0.713, 'ras': 1.285, 'explosion_p': 0.974, 'speed_score': 0.932, 'weight': 0.518, 'catch_radius': 0.868, 'team_sp_off': 0.566, 'team_sp_overall': 1.034, 'recruit_rating': 0.01, 'prod_over_recruit': -0.278, 'was_returner': -1.439, 'ret_td': 0.0, 'col_qb_ypa': 0.944, 'final_spike': -0.239, 'dom_growth': -0.941}","[{'p': 'D.J. Chark', 'y': 2018, 'sim': 66.0, 'fant': 0.879}, {'p': 'Chris Moore', 'y': 2016, 'sim': 66.0, 'fant': 0.613}, {'p': 'Nico Collins', 'y': 2021, 'sim': 65.0, 'fant': 0.954}, {'p': ""Ja'Lynn Polk"", 'y': 2024, 'sim': 63.0, 'fant': None}, {'p': 'Alec Pierce', 'y': 2022, 'sim': 62.0, 'fant': 0.728}, {'p': 'Romeo Doubs', 'y': 2022, 'sim': 62.0, 'fant': 0.827}]"
Jalen Reagor,2020,historical,10,0.9638989169675091,0.9422382671480144,48.11224642313677,54.18829475667353,0.38842980095913243,1.0477340556374457,0,0,1,0.6099071207430341,0.9731543624161074,21.0,20.996577686516083,18.784394250513348,0.4611211176031279,0.299,0.8937262037318687,1052.0,1.0,4.0,1.0,"{'best_dom': 1.666, 'final_dom': 0.248, 'dom_age20': 2.293, 'n_seasons_30': 0.306, 'best_yds': 0.308, 'career_yds': 0.278, 'final_ppa': -1.403, 'best_ppa': -0.468, 'best_usage': 0.75, 'nfl_entry_age': -1.218, 'breakout_age': -0.513, 'early_declare': 1.399, 'ras': 0.543, 'explosion_p': 1.818, 'speed_score': 0.558, 'weight': 0.302, 'catch_radius': 0.136, 'team_sp_off': -1.433, 'team_sp_overall': -0.447, 'recruit_rating': 1.101, 'prod_over_recruit': 0.42, 'was_returner': 0.693, 'ret_td': 1.111, 'col_qb_ypa': -1.463, 'final_spike': -0.353, 'dom_growth': -0.717}","[{'p': 'Corey Coleman', 'y': 2016, 'sim': 64.0, 'fant': 0.647}, {'p': 'John Ross', 'y': 2017, 'sim': 64.0, 'fant': 0.737}, {'p': 'D.J. Moore', 'y': 2018, 'sim': 62.0, 'fant': 0.938}, {'p': 'Rondale Moore', 'y': 2021, 'sim': 58.0, 'fant': 0.793}, {'p': 'Chris Godwin', 'y': 2017, 'sim': 56.0, 'fant': 0.981}, {'p': 'Sammie Coates', 'y': 2015, 'sim': 56.0, 'fant': 0.573}]"
Phillip Dorsett,2015,historical,10,0.927797833935018,0.8628158844765343,37.76469191999525,50.632390104438095,-0.6222532719842385,0.2833225260194444,0,0,0,0.7461300309597523,0.971476510067114,29.0,21.987679671457904,19.77549623545517,0.3713870610663551,0.919,0.6319835797029053,871.0,1.0,3.0,1.0,"{'best_dom': 0.705, 'final_dom': 1.037, 'dom_age20': 0.364, 'n_seasons_30': 0.306, 'best_yds': -0.2, 'career_yds': 0.155, 'final_ppa': 0.958, 'best_ppa': 0.887, 'best_usage': -0.883, 'nfl_entry_age': -0.114, 'breakout_age': -0.479, 'early_declare': -0.713, 'ras': 0.299, 'explosion_p': 0.665, 'speed_score': 0.785, 'weight': -1.211, 'catch_radius': -0.792, 'team_sp_off': -0.046, 'team_sp_overall': 0.152, 'recruit_rating': -0.206, 'prod_over_recruit': 0.712, 'was_returner': 0.693, 'ret_td': -0.418, 'col_qb_ypa': 0.256, 'final_spike': -0.219, 'dom_growth': 1.356}","[{'p': 'Tyler Scott', 'y': 2023, 'sim': 66.0, 'fant': None}, {'p': ""D'Wayne Eskridge"", 'y': 2021, 'sim': 65.0, 'fant': 0.418}, {'p': 'DeMario Douglas', 'y': 2023, 'sim': 63.0, 'fant': None}, {'p': 'Tai Felton', 'y': 2025, 'sim': 62.0, 'fant': None}, {'p': 'Skyy Moore', 'y': 2022, 'sim': 62.0, 'fant': 0.498}, {'p': 'Jaylin Noel', 'y': 2025, 'sim': 62.0, 'fant': None}]"
CeeDee Lamb,2020,historical,10,0.9855595667870036,0.9927797833935018,53.91614501485805,60.66481940413992,0.8218774608332361,0.5218719432884803,0,1,1,0.9876160990712074,0.9664429530201344,17.0,20.733744010951405,19.520876112251884,0.353786423310919,1.013,0.4629548906941417,1327.0,1.0,4.0,1.0,"{'best_dom': 0.517, 'final_dom': 0.863, 'dom_age20': 0.665, 'n_seasons_30': 0.306, 'best_yds': 1.081, 'career_yds': 1.485, 'final_ppa': 1.316, 'best_ppa': 0.301, 'best_usage': -0.091, 'nfl_entry_age': -1.511, 'breakout_age': -0.488, 'early_declare': 1.399, 'ras': -0.106, 'explosion_p': -0.079, 'speed_score': -0.173, 'weight': -0.275, 'catch_radius': 0.042, 'team_sp_off': 1.61, 'team_sp_overall': 0.923, 'recruit_rating': 0.763, 'prod_over_recruit': -0.005, 'was_returner': 0.693, 'ret_td': -0.418, 'col_qb_ypa': 2.663, 'final_spike': -0.185, 'dom_growth': 0.373}","[{'p': 'Josh Malone', 'y': 2017, 'sim': 69.0, 'fant': 0.399}, {'p': 'Jameson Williams', 'y': 2022, 'sim': 66.0, 'fant': 0.755}, {'p': 'Isaiah Hodgins', 'y': 2020, 'sim': 63.0, 'fant': 0.743}, {'p': 'Rashod Bateman', 'y': 2021, 'sim': 61.0, 'fant': 0.836}, {'p': 'Dyami Brown', 'y': 2021, 'sim': 61.0, 'fant': 0.517}, {'p': 'Justin Jefferson', 'y': 2020, 'sim': 60.0, 'fant': 0.997}]"
Skyy Moore,2022,historical,9,0.8447653429602888,0.9638989169675091,24.802319781416575,54.96628994804928,-0.21557149941474057,0.6126861029085278,1,1,0,0.4984520123839009,0.9580536912751678,54.0,21.308692676249144,21.09514031485284,0.4133270034682386,1.045,0.5743081698698896,1292.0,1.0,,1.0,"{'best_dom': 1.154, 'final_dom': 1.452, 'dom_age20': 0.222, 'n_seasons_30': 0.306, 'best_yds': 0.982, 'career_yds': 0.559, 'final_ppa': 1.438, 'best_ppa': 0.14, 'best_usage': -0.017, 'nfl_entry_age': -0.87, 'breakout_age': -0.434, 'early_declare': 1.399, 'ras': 0.129, 'explosion_p': 0.411, 'speed_score': 0.548, 'weight': -0.491, 'catch_radius': -0.455, 'team_sp_off': -0.329, 'team_sp_overall': -0.987, 'recruit_rating': 0.0, 'prod_over_recruit': 0.0, 'was_returner': 0.693, 'ret_td': -0.418, 'col_qb_ypa': 0.772, 'final_spike': -0.047, 'dom_growth': 0.487}","[{'p': 'Carlos Henderson', 'y': 2017, 'sim': 68.0, 'fant': 0.178}, {'p': 'Phillip Dorsett', 'y': 2015, 'sim': 64.0, 'fant': 0.746}, {'p': 'Tyler Scott', 'y': 2023, 'sim': 62.0, 'fant': None}, {'p': 'Corey Coleman', 'y': 2016, 'sim': 60.0, 'fant': 0.647}, {'p': 'Jalen Royals', 'y': 2025, 'sim': 60.0, 'fant': None}, {'p': 'Devin Duvernay', 'y': 2020, 'sim': 59.0, 'fant': 0.632}]"
Elijah Moore,2021,historical,10,0.924187725631769,0.9891696750902527,37.48563822438324,58.93720077094503,1.1892101066328409,1.0609680856819512,0,1,0,0.8173374613003096,0.9580536912751678,34.0,20.76659822039699,19.550992470910334,0.4552874101843174,0.773,0.4957158112800706,1193.0,1.0,4.0,2.0,"{'best_dom': 1.603, 'final_dom': 0.392, 'dom_age20': 2.247, 'n_seasons_30': 1.514, 'best_yds': 0.704, 'career_yds': 0.51, 'final_ppa': 0.402, 'best_ppa': -0.459, 'best_usage': 1.394, 'nfl_entry_age': -1.474, 'breakout_age': -0.487, 'early_declare': 1.399, 'ras': 0.062, 'explosion_p': 0.065, 'speed_score': 0.142, 'weight': -1.715, 'catch_radius': -1.061, 'team_sp_off': 0.417, 'team_sp_overall': -0.627, 'recruit_rating': 0.515, 'prod_over_recruit': 0.755, 'was_returner': 0.693, 'ret_td': -0.418, 'col_qb_ypa': 1.804, 'final_spike': -0.109, 'dom_growth': 0.484}","[{'p': 'Rashod Bateman', 'y': 2021, 'sim': 69.0, 'fant': 0.836}, {'p': 'Jahan Dotson', 'y': 2022, 'sim': 69.0, 'fant': 0.7}, {'p': 'Josh Downs', 'y': 2023, 'sim': 68.0, 'fant': None}, {'p': 'Khalil Shakir', 'y': 2022, 'sim': 64.0, 'fant': 0.724}, {'p': 'KD Cannon', 'y': 2017, 'sim': 62.0, 'fant': 0.178}, {'p': 'Tyler Lockett', 'y': 2015, 'sim': 61.0, 'fant': 0.913}]"
Devin Funchess,2015,historical,10,0.9169675090252708,0.9205776173285198,34.12646705668076,52.71218633752007,0.612012844870954,0.5105075203273343,0,0,0,0.8111455108359134,0.9580536912751678,41.0,20.61601642710472,19.4031485284052,0.3794809010773751,0.354,0.5421513826370149,748.0,1.0,,1.0,"{'best_dom': 0.792, 'final_dom': 1.117, 'dom_age20': 1.646, 'n_seasons_30': 0.306, 'best_yds': -0.545, 'career_yds': -0.324, 'final_ppa': -1.194, 'best_ppa': -0.228, 'best_usage': 0.652, 'nfl_entry_age': -1.642, 'breakout_age': -0.492, 'early_declare': 1.399, 'ras': 0.387, 'explosion_p': 0.27, 'speed_score': -0.336, 'weight': 2.175, 'catch_radius': 1.862, 'team_sp_off': -0.612, 'team_sp_overall': -0.088, 'recruit_rating': 0.0, 'prod_over_recruit': 0.0, 'was_returner': -1.439, 'ret_td': 0.0, 'col_qb_ypa': 0.342, 'final_spike': -0.235, 'dom_growth': 0.451}","[{'p': 'Keon Coleman', 'y': 2024, 'sim': 65.0, 'fant': None}, {'p': 'Jaelen Strong', 'y': 2015, 'sim': 61.0, 'fant': 0.56}, {'p': 'Cody White', 'y': 2020, 'sim': 60.0, 'fant': 0.178}, {'p': 'Laviska Shenault', 'y': 2020, 'sim': 59.0, 'fant': 0.783}, {'p': 'Equanimeous St. Brown', 'y': 2018, 'sim': 59.0, 'fant': 0.508}, {'p': 'Seth Williams', 'y': 2021, 'sim': 59.0, 'fant': 0.178}]"
Tre'Quan Smith,2018,historical,8,0.779783393501805,0.9314079422382672,20.468147666076995,53.86163573090728,2.0792453084377307,0.8075767286498684,1,0,0,0.7770897832817337,0.9546979865771812,91.0,21.984941820670773,19.770020533880903,0.3350277748663662,1.087,0.7343191837106783,1171.0,1.0,,3.0,"{'best_dom': 0.316, 'final_dom': 0.398, 'dom_age20': 1.136, 'n_seasons_30': 2.722, 'best_yds': 0.643, 'career_yds': 0.863, 'final_ppa': 1.598, 'best_ppa': 0.233, 'best_usage': -0.19, 'nfl_entry_age': -0.117, 'breakout_age': -0.479, 'early_declare': 1.399, 'ras': 0.759, 'explosion_p': 1.116, 'speed_score': 0.194, 'weight': 0.086, 'catch_radius': 1.076, 'team_sp_off': 0.774, 'team_sp_overall': 0.169, 'recruit_rating': 0.0, 'prod_over_recruit': 0.0, 'was_returner': -1.439, 'ret_td': 0.0, 'col_qb_ypa': 1.718, 'final_spike': -0.118, 'dom_growth': -1.308}","[{'p': 'Elic Ayomanor', 'y': 2025, 'sim': 66.0, 'fant': None}, {'p': 'Chris Godwin', 'y': 2017, 'sim': 61.0, 'fant': 0.981}, {'p': 'Denzel Mims', 'y': 2020, 'sim': 60.0, 'fant': 0.514}, {'p': 'J.J. Arcega-Whiteside', 'y': 2019, 'sim': 59.0, 'fant': 0.474}, {'p': 'Marvin Harrison Jr.', 'y': 2024, 'sim': 59.0, 'fant': None}, {'p': 'Jordyn Tyson', 'y': 2026, 'sim': 58.0, 'fant': None}]"
Chris Godwin,2017,historical,9,0.8267148014440433,0.9819494584837545,23.500595174252922,57.52871636190969,1.1855059731663458,0.8680446014748435,1,1,0,0.9814241486068112,0.9546979865771812,84.0,20.84599589322382,19.630390143737166,0.3241757203589985,0.796,0.6956992998211181,1101.0,1.0,4.0,2.0,"{'best_dom': 0.2, 'final_dom': 0.57, 'dom_age20': 1.195, 'n_seasons_30': 1.514, 'best_yds': 0.446, 'career_yds': 0.487, 'final_ppa': 0.49, 'best_ppa': -0.408, 'best_usage': 0.256, 'nfl_entry_age': -1.386, 'breakout_age': -0.484, 'early_declare': 1.399, 'ras': 0.781, 'explosion_p': 0.946, 'speed_score': 1.255, 'weight': 0.518, 'catch_radius': -0.286, 'team_sp_off': -1.03, 'team_sp_overall': -0.07, 'recruit_rating': 0.658, 'prod_over_recruit': -0.236, 'was_returner': -1.439, 'ret_td': 0.0, 'col_qb_ypa': -1.033, 'final_spike': -0.261, 'dom_growth': 0.308}","[{'p': 'Rashod Bateman', 'y': 2021, 'sim': 67.0, 'fant': 0.836}, {'p': ""N'Keal Harry"", 'y': 2019, 'sim': 67.0, 'fant': 0.607}, {'p': 'Seth Williams', 'y': 2021, 'sim': 65.0, 'fant': 0.178}, {'p': 'Luther Burden', 'y': 2025, 'sim': 63.0, 'fant': None}, {'p': 'Josh Malone', 'y': 2017, 'sim': 61.0, 'fant': 0.399}, {'p': 'A.J. Brown', 'y': 2019, 'sim': 61.0, 'fant': 0.978}]"
Tyler Boyd,2016,historical,9,0.8808664259927798,0.8231046931407943,28.892876617163132,49.10184485862405,1.546315392545845,1.1087616630989048,1,0,0,0.9318885448916409,0.947986577181208,55.0,21.127994524298423,18.915811088295687,0.496154688602789,0.501,0.2490076380613779,1261.0,1.0,2.0,3.0,"{'best_dom': 2.041, 'final_dom': 0.625, 'dom_age20': 2.57, 'n_seasons_30': 2.722, 'best_yds': 0.895, 'career_yds': 1.568, 'final_ppa': -0.634, 'best_ppa': -0.164, 'best_usage': 2.26, 'nfl_entry_age': -1.071, 'breakout_age': -0.508, 'early_declare': 1.399, 'ras': -0.627, 'explosion_p': -1.021, 'speed_score': -0.948, 'weight': -0.347, 'catch_radius': 0.24, 'team_sp_off': 0.312, 'team_sp_overall': 0.169, 'recruit_rating': -1.983, 'prod_over_recruit': 2.2, 'was_returner': 0.693, 'ret_td': 0.347, 'col_qb_ypa': -0.345, 'final_spike': -0.308, 'dom_growth': -1.467}","[{'p': 'Tajae Sharpe', 'y': 2016, 'sim': 71.0, 'fant': 0.641}, {'p': 'KeeSean Johnson', 'y': 2019, 'sim': 66.0, 'fant': 0.526}, {'p': 'Jordyn Tyson', 'y': 2026, 'sim': 66.0, 'fant': None}, {'p': 'Titus Davis', 'y': 2015, 'sim': 65.0, 'fant': 0.178}, {'p': 'Pharoh Cooper', 'y': 2016, 'sim': 63.0, 'fant': 0.467}, {'p': 'Michael Gallup', 'y': 2018, 'sim': 63.0, 'fant': 0.882}]"
Juju Smith-Schuster,2017,historical,9,0.8700361010830325,0.9711191335740073,28.243594551911038,55.99055152031604,1.1127015071372097,0.6562200026308138,1,1,0,0.9690402476780186,0.947986577181208,62.0,20.109514031485283,18.89390828199863,0.3591984463276836,0.663,0.3651384962572476,1454.0,1.0,5.0,1.0,"{'best_dom': 0.575, 'final_dom': 0.12, 'dom_age20': 1.486, 'n_seasons_30': 0.306, 'best_yds': 1.437, 'career_yds': 1.259, 'final_ppa': -0.017, 'best_ppa': -0.459, 'best_usage': 0.305, 'nfl_entry_age': -2.206, 'breakout_age': -0.509, 'early_declare': 1.399, 'ras': -0.079, 'explosion_p': -0.509, 'speed_score': 0.339, 'weight': 0.95, 'catch_radius': 0.633, 'team_sp_off': 0.491, 'team_sp_overall': 0.401, 'recruit_rating': 1.65, 'prod_over_recruit': -0.559, 'was_returner': 0.693, 'ret_td': -0.418, 'col_qb_ypa': -0.26, 'final_spike': -0.339, 'dom_growth': -0.265}","[{'p': 'Laquon Treadwell', 'y': 2016, 'sim': 66.0, 'fant': 0.563}, {'p': 'Jerry Jeudy', 'y': 2020, 'sim': 64.0, 'fant': 0.898}, {'p': 'CeeDee Lamb', 'y': 2020, 'sim': 64.0, 'fant': 0.988}, {'p': 'Amon-Ra St. Brown', 'y': 2021, 'sim': 63.0, 'fant': 0.985}, {'p': 'David Bell', 'y': 2022, 'sim': 62.0, 'fant': 0.529}, {'p': 'Nelson Agholor', 'y': 2015, 'sim': 61.0, 'fant': 0.848}]"
James Washington,2018,historical,9,0.8664259927797834,0.9638989169675091,27.424985508800155,54.94500804534305,0.6259127765408575,0.5166686191027317,1,1,0,0.6594427244582043,0.947986577181208,60.0,21.749486652977414,18.535249828884325,0.335766065830721,0.858,0.4205336503533452,1549.0,1.0,3.0,2.0,"{'best_dom': 0.324, 'final_dom': 0.615, 'dom_age20': 0.71, 'n_seasons_30': 1.514, 'best_yds': 1.704, 'career_yds': 2.845, 'final_ppa': 0.726, 'best_ppa': -0.272, 'best_usage': 0.157, 'nfl_entry_age': -0.379, 'breakout_age': -0.521, 'early_declare': -0.713, 'ras': -0.146, 'explosion_p': -0.266, 'speed_score': 0.235, 'weight': 0.806, 'catch_radius': -0.014, 'team_sp_off': 1.028, 'team_sp_overall': 0.598, 'recruit_rating': -0.487, 'prod_over_recruit': 0.695, 'was_returner': 0.693, 'ret_td': -0.418, 'col_qb_ypa': 1.546, 'final_spike': -0.192, 'dom_growth': -0.445}","[{'p': 'Michael Gallup', 'y': 2018, 'sim': 63.0, 'fant': 0.882}, {'p': 'Taywan Taylor', 'y': 2017, 'sim': 63.0, 'fant': 0.582}, {'p': 'J.J. Arcega-Whiteside', 'y': 2019, 'sim': 60.0, 'fant': 0.474}, {'p': 'Kyle Williams', 'y': 2025, 'sim': 59.0, 'fant': None}, {'p': 'Leonte Carroo', 'y': 2016, 'sim': 58.0, 'fant': 0.437}, {'p': 'Roger Lewis', 'y': 2016, 'sim': 57.0, 'fant': 0.567}]"
Christian Kirk,2018,historical,9,0.8989169675090253,0.8808664259927798,31.478549555272664,51.06495779631429,2.196924422207602,0.5871742486950474,0,0,0,0.9164086687306502,0.9429530201342282,47.0,21.11978097193703,18.90485968514716,0.3679647052274118,0.531,0.4043192581285215,1009.0,1.0,5.0,2.0,"{'best_dom': 0.668, 'final_dom': 1.003, 'dom_age20': 1.175, 'n_seasons_30': 1.514, 'best_yds': 0.188, 'career_yds': 0.987, 'final_ppa': -0.52, 'best_ppa': -0.992, 'best_usage': 0.305, 'nfl_entry_age': -1.081, 'breakout_age': -0.509, 'early_declare': 1.399, 'ras': -0.426, 'explosion_p': -0.337, 'speed_score': 0.282, 'weight': -0.059, 'catch_radius': -0.516, 'team_sp_off': -0.508, 'team_sp_overall': 0.169, 'recruit_rating': 1.629, 'prod_over_recruit': -0.461, 'was_returner': 0.693, 'ret_td': 4.936, 'col_qb_ypa': -0.345, 'final_spike': -0.255, 'dom_growth': -0.625}","[{'p': 'Stefon Diggs', 'y': 2015, 'sim': 72.0, 'fant': 0.963}, {'p': 'Amon-Ra St. Brown', 'y': 2021, 'sim': 69.0, 'fant': 0.985}, {'p': 'Rashod Bateman', 'y': 2021, 'sim': 66.0, 'fant': 0.836}, {'p': 'KD Cannon', 'y': 2017, 'sim': 64.0, 'fant': 0.178}, {'p': 'Garrett Wilson', 'y': 2022, 'sim': 61.0, 'fant': 0.92}, {'p': 'Nelson Agholor', 'y': 2015, 'sim': 59.0, 'fant': 0.848}]"
Alec Pierce,2022,historical,9,0.8447653429602888,0.628158844765343,24.72771769283373,43.60286354483547,-0.653232552063337,0.08738733709381595,0,0,0,0.7275541795665634,0.9395973154362416,53.0,21.66735112936345,21.453798767967147,0.2520975224558286,0.666,0.8956424631934,884.0,1.0,3.0,0.0,"{'best_dom': -0.572, 'final_dom': -0.143, 'dom_age20': 0.07, 'n_seasons_30': -0.902, 'best_yds': -0.163, 'career_yds': -0.168, 'final_ppa': -0.006, 'best_ppa': 1.172, 'best_usage': -0.685, 'nfl_entry_age': -0.471, 'breakout_age': -0.422, 'early_declare': 1.399, 'ras': 1.061, 'explosion_p': 1.826, 'speed_score': 1.481, 'weight': 0.662, 'catch_radius': 1.043, 'team_sp_off': 0.327, 'team_sp_overall': 0.777, 'recruit_rating': -0.685, 'prod_over_recruit': 0.13, 'was_returner': -1.439, 'ret_td': 0.0, 'col_qb_ypa': 0.342, 'final_spike': -0.123, 'dom_growth': -0.661}","[{'p': 'D.J. Chark', 'y': 2018, 'sim': 71.0, 'fant': 0.879}, {'p': 'Chris Moore', 'y': 2016, 'sim': 64.0, 'fant': 0.613}, {'p': 'Jonathan Mingo', 'y': 2023, 'sim': 64.0, 'fant': None}, {'p': ""Ja'Lynn Polk"", 'y': 2024, 'sim': 64.0, 'fant': None}, {'p': ""De'Zhaun Stribling"", 'y': 2026, 'sim': 64.0, 'fant': None}, {'p': 'Sam Brown Jr.', 'y': 2025, 'sim': 63.0, 'fant': None}]"
Justin Jefferson,2020,historical,10,0.9602888086642599,1.0,47.22187214178276,63.90960373563082,1.3601305916719761,0.42157415787881436,0,1,1,0.9969040247678018,0.9362416107382552,22.0,20.54483230663929,19.33196440793977,0.3236086353733413,1.008,0.7414686454371164,1540.0,1.0,3.0,1.0,"{'best_dom': 0.194, 'final_dom': 0.087, 'dom_age20': 1.204, 'n_seasons_30': 0.306, 'best_yds': 1.679, 'career_yds': 0.479, 'final_ppa': 1.297, 'best_ppa': 0.059, 'best_usage': 0.008, 'nfl_entry_age': -1.721, 'breakout_age': -0.494, 'early_declare': 1.399, 'ras': 0.92, 'explosion_p': 1.147, 'speed_score': 0.745, 'weight': 0.014, 'catch_radius': 0.549, 'team_sp_off': 2.027, 'team_sp_overall': 1.797, 'recruit_rating': -1.47, 'prod_over_recruit': 1.282, 'was_returner': 0.693, 'ret_td': -0.418, 'col_qb_ypa': 2.234, 'final_spike': -0.003, 'dom_growth': -1.631}","[{'p': 'Malik Nabers', 'y': 2024, 'sim': 70.0, 'fant': None}, {'p': ""Ja'Marr Chase"", 'y': 2021, 'sim': 66.0, 'fant': 1.0}, {'p': 'Rome Odunze', 'y': 2024, 'sim': 63.0, 'fant': None}, {'p': 'CeeDee Lamb', 'y': 2020, 'sim': 63.0, 'fant': 0.988}, {'p': 'Romeo Doubs', 'y': 2022, 'sim': 62.0, 'fant': 0.827}, {'p': 'Jaelen Strong', 'y': 2015, 'sim': 62.0, 'fant': 0.56}]"
Courtland Sutton,2018,historical,9,0.8844765342960289,0.7328519855595668,29.037782231343044,46.68443905831623,0.5665418502798907,0.7769858067455477,0,0,0,0.8637770897832817,0.9345637583892618,40.0,22.22861054072553,20.01368925393566,0.4239267676767677,0.506,0.5848786663578326,1246.0,1.0,,3.0,"{'best_dom': 1.268, 'final_dom': 0.463, 'dom_age20': 1.82, 'n_seasons_30': 2.722, 'best_yds': 0.853, 'career_yds': 1.406, 'final_ppa': -0.615, 'best_ppa': 0.5, 'best_usage': 0.28, 'nfl_entry_age': 0.155, 'breakout_age': -0.471, 'early_declare': -0.713, 'ras': 1.375, 'explosion_p': 0.458, 'speed_score': 0.495, 'weight': 1.166, 'catch_radius': 1.01, 'team_sp_off': -1.641, 'team_sp_overall': -1.963, 'recruit_rating': 0.0, 'prod_over_recruit': 0.0, 'was_returner': 0.693, 'ret_td': -0.418, 'col_qb_ypa': -1.119, 'final_spike': -0.267, 'dom_growth': 1.238}","[{'p': 'Denzel Mims', 'y': 2020, 'sim': 66.0, 'fant': 0.514}, {'p': 'Ted Hurst', 'y': 2026, 'sim': 66.0, 'fant': None}, {'p': 'Antonio Gandy-Golden', 'y': 2020, 'sim': 65.0, 'fant': 0.362}, {'p': 'Zach Pascal', 'y': 2017, 'sim': 64.0, 'fant': 0.774}, {'p': 'Allen Lazard', 'y': 2018, 'sim': 63.0, 'fant': 0.861}, {'p': 'Denzel Boston', 'y': 2026, 'sim': 63.0, 'fant': None}]"
Rashod Bateman,2021,historical,10,0.9458483754512635,0.9783393501805054,42.00200386313192,57.34412657565981,1.803159645737133,0.8518265673091077,0,1,0,0.8359133126934984,0.9261744966442952,27.0,21.09240246406571,18.87748117727584,0.3625089388046981,0.671,0.5285901260545242,1219.0,1.0,4.0,2.0,"{'best_dom': 0.61, 'final_dom': 0.451, 'dom_age20': 1.512, 'n_seasons_30': 1.514, 'best_yds': 0.777, 'career_yds': 0.457, 'final_ppa': 0.013, 'best_ppa': 0.286, 'best_usage': 0.676, 'nfl_entry_age': -1.111, 'breakout_age': -0.51, 'early_declare': 1.399, 'ras': 0.213, 'explosion_p': 0.21, 'speed_score': 0.058, 'weight': -0.851, 'catch_radius': 0.499, 'team_sp_off': 0.67, 'team_sp_overall': 0.623, 'recruit_rating': 0.042, 'prod_over_recruit': 0.577, 'was_returner': -1.439, 'ret_td': 0.0, 'col_qb_ypa': 1.718, 'final_spike': -0.411, 'dom_growth': -0.979}","[{'p': 'Chris Godwin', 'y': 2017, 'sim': 67.0, 'fant': 0.981}, {'p': 'Elijah Moore', 'y': 2021, 'sim': 66.0, 'fant': 0.817}, {'p': 'Khalil Shakir', 'y': 2022, 'sim': 63.0, 'fant': 0.724}, {'p': 'Christian Kirk', 'y': 2018, 'sim': 63.0, 'fant': 0.916}, {'p': 'CeeDee Lamb', 'y': 2020, 'sim': 63.0, 'fant': 0.988}, {'p': 'Amon-Ra St. Brown', 'y': 2021, 'sim': 62.0, 'fant': 0.985}]"
Breshad Perriman,2015,historical,10,0.9314079422382672,0.8880866425992779,38.232663380736696,51.133416611370635,-0.38929256252497957,0.6516066043779936,0,0,0,0.7863777089783281,0.9228187919463088,26.0,21.308692676249144,21.09514031485284,0.3662961752206604,0.898,0.6817651168220604,1044.0,1.0,2.0,1.0,"{'best_dom': 0.651, 'final_dom': 0.987, 'dom_age20': 0.128, 'n_seasons_30': 0.306, 'best_yds': 0.286, 'career_yds': 0.283, 'final_ppa': 0.878, 'best_ppa': 0.403, 'best_usage': -0.734, 'nfl_entry_age': -0.87, 'breakout_age': -0.434, 'early_declare': 1.399, 'ras': 0.764, 'explosion_p': 0.884, 'speed_score': 0.38, 'weight': 0.734, 'catch_radius': 0.326, 'team_sp_off': -1.418, 'team_sp_overall': -0.55, 'recruit_rating': -1.894, 'prod_over_recruit': 1.601, 'was_returner': -1.439, 'ret_td': 0.0, 'col_qb_ypa': -0.603, 'final_spike': -0.144, 'dom_growth': 0.791}","[{'p': 'Laviska Shenault', 'y': 2020, 'sim': 63.0, 'fant': 0.783}, {'p': 'Jaelen Strong', 'y': 2015, 'sim': 62.0, 'fant': 0.56}, {'p': 'Josh Reynolds', 'y': 2017, 'sim': 60.0, 'fant': 0.789}, {'p': 'Brandon Aiyuk', 'y': 2020, 'sim': 60.0, 'fant': 0.947}, {'p': 'Sammie Coates', 'y': 2015, 'sim': 59.0, 'fant': 0.573}, {'p': 'Jalen Royals', 'y': 2025, 'sim': 59.0, 'fant': None}]"
Zay Jones,2017,historical,9,0.8953068592057761,0.8772563176895307,30.634516903009633,50.99566395587861,0.1409697767025965,0.5835507921999729,0,0,0,0.7213622291021672,0.9194630872483222,37.0,21.760438056125945,20.54483230663929,0.3703293954669642,0.523,0.7513212888054168,1731.0,1.0,3.0,1.0,"{'best_dom': 0.694, 'final_dom': 1.027, 'dom_age20': -0.04, 'n_seasons_30': 0.306, 'best_yds': 2.215, 'career_yds': 2.606, 'final_ppa': -0.55, 'best_ppa': -1.01, 'best_usage': 2.705, 'nfl_entry_age': -0.367, 'breakout_age': -0.453, 'early_declare': -0.713, 'ras': 1.241, 'explosion_p': 1.191, 'speed_score': 0.483, 'weight': -0.059, 'catch_radius': 0.226, 'team_sp_off': -1.209, 'team_sp_overall': -1.809, 'recruit_rating': -1.14, 'prod_over_recruit': 1.519, 'was_returner': 0.693, 'ret_td': -0.418, 'col_qb_ypa': -0.603, 'final_spike': -0.058, 'dom_growth': 0.603}","[{'p': 'Kevin White', 'y': 2015, 'sim': 68.0, 'fant': 0.842}, {'p': 'Brandon Aiyuk', 'y': 2020, 'sim': 61.0, 'fant': 0.947}, {'p': 'Rashee Rice', 'y': 2023, 'sim': 60.0, 'fant': None}, {'p': 'Carlos Henderson', 'y': 2017, 'sim': 60.0, 'fant': 0.178}, {'p': 'Jaelen Strong', 'y': 2015, 'sim': 59.0, 'fant': 0.56}, {'p': 'Justin Jefferson', 'y': 2020, 'sim': 58.0, 'fant': 0.997}]"
Nelson Agholor,2015,historical,10,0.9494584837545126,0.8411552346570397,44.386382228279665,49.63107868698569,0.701109638313214,0.8099979536979269,0,0,0,0.848297213622291,0.9177852348993288,20.0,21.607118412046542,20.39425051334702,0.3241003032237472,0.758,0.6732187856682397,1313.0,1.0,5.0,1.0,"{'best_dom': 0.199, 'final_dom': 0.569, 'dom_age20': 0.972, 'n_seasons_30': 0.306, 'best_yds': 1.041, 'career_yds': 0.66, 'final_ppa': 0.345, 'best_ppa': 0.718, 'best_usage': 0.404, 'nfl_entry_age': -0.538, 'breakout_age': -0.458, 'early_declare': 1.399, 'ras': 0.287, 'explosion_p': 0.847, 'speed_score': 0.619, 'weight': -0.275, 'catch_radius': 0.058, 'team_sp_off': 0.521, 'team_sp_overall': 0.426, 'recruit_rating': 1.569, 'prod_over_recruit': -0.892, 'was_returner': 0.693, 'ret_td': 2.641, 'col_qb_ypa': 0.256, 'final_spike': -0.101, 'dom_growth': 0.798}","[{'p': 'Amon-Ra St. Brown', 'y': 2021, 'sim': 72.0, 'fant': 0.985}, {'p': 'Garrett Wilson', 'y': 2022, 'sim': 70.0, 'fant': 0.92}, {'p': 'Corey Coleman', 'y': 2016, 'sim': 64.0, 'fant': 0.647}, {'p': 'Dillon Mitchell', 'y': 2019, 'sim': 63.0, 'fant': 0.178}, {'p': 'Jalin Hyatt', 'y': 2023, 'sim': 63.0, 'fant': None}, {'p': 'John Ross', 'y': 2017, 'sim': 63.0, 'fant': 0.737}]"
Sammie Coates,2015,historical,8,0.7328519855595668,0.6750902527075813,18.602341013260514,44.88308868773257,-0.10482238522456157,0.8712832619755497,1,0,0,0.5727554179566563,0.9144295302013424,87.0,21.75496235455168,20.542094455852155,0.3612097440132122,0.592,0.9103042666540156,902.0,1.0,3.0,1.0,"{'best_dom': 0.596, 'final_dom': 0.088, 'dom_age20': -0.128, 'n_seasons_30': 0.306, 'best_yds': -0.113, 'career_yds': -0.276, 'final_ppa': -0.287, 'best_ppa': 0.482, 'best_usage': -0.907, 'nfl_entry_age': -0.373, 'breakout_age': -0.453, 'early_declare': 1.399, 'ras': 1.627, 'explosion_p': 1.891, 'speed_score': 1.318, 'weight': 0.734, 'catch_radius': 1.177, 'team_sp_off': 1.714, 'team_sp_overall': 1.12, 'recruit_rating': -0.104, 'prod_over_recruit': 0.503, 'was_returner': -1.439, 'ret_td': 0.0, 'col_qb_ypa': 0.084, 'final_spike': -0.282, 'dom_growth': -0.27}","[{'p': 'Denzel Mims', 'y': 2020, 'sim': 66.0, 'fant': 0.514}, {'p': 'Jaelen Strong', 'y': 2015, 'sim': 65.0, 'fant': 0.56}, {'p': 'Brandon Aiyuk', 'y': 2020, 'sim': 64.0, 'fant': 0.947}, {'p': 'Ted Hurst', 'y': 2026, 'sim': 64.0, 'fant': None}, {'p': 'Kenny Bell', 'y': 2015, 'sim': 64.0, 'fant': 0.178}, {'p': 'Ricardo Louis', 'y': 2016, 'sim': 63.0, 'fant': 0.591}]"
Tyler Lockett,2015,historical,8,0.7906137184115524,0.7978339350180506,20.8594883041885,48.26821860452853,0.4479577856860726,0.6610853429097345,1,0,0,0.913312693498452,0.912751677852349,69.0,22.258726899383984,20.046543463381244,0.4660219103046902,0.802,0.4425267741446366,1515.0,1.0,3.0,2.0,"{'best_dom': 1.718, 'final_dom': 1.735, 'dom_age20': 0.64, 'n_seasons_30': 1.514, 'best_yds': 1.608, 'career_yds': 1.969, 'final_ppa': 0.512, 'best_ppa': 0.169, 'best_usage': 1.072, 'nfl_entry_age': 0.188, 'breakout_age': -0.47, 'early_declare': -0.713, 'ras': -0.534, 'explosion_p': -0.169, 'speed_score': -0.113, 'weight': -1.427, 'catch_radius': -1.72, 'team_sp_off': 0.357, 'team_sp_overall': 0.358, 'recruit_rating': -0.594, 'prod_over_recruit': 1.489, 'was_returner': 0.693, 'ret_td': 4.171, 'col_qb_ypa': 0.514, 'final_spike': -0.169, 'dom_growth': 0.87}","[{'p': 'Andy Isabella', 'y': 2019, 'sim': 71.0, 'fant': 0.545}, {'p': 'Justin Hardy', 'y': 2015, 'sim': 70.0, 'fant': 0.625}, {'p': 'Zay Flowers', 'y': 2023, 'sim': 67.0, 'fant': None}, {'p': 'Jahan Dotson', 'y': 2022, 'sim': 66.0, 'fant': 0.7}, {'p': 'Ricky White', 'y': 2025, 'sim': 64.0, 'fant': None}, {'p': 'Efton Chism III', 'y': 2024, 'sim': 62.0, 'fant': None}]"
Tyquan Thornton,2022,historical,9,0.8880866425992779,0.9458483754512635,30.309097958586527,54.44820417280248,0.5730196987551844,0.08801580301298628,0,0,0,0.47987616099071206,0.9093959731543624,50.0,21.40177960301164,19.18685831622177,0.3750586235197561,0.679,0.7828680822800883,948.0,1.0,4.0,1.0,"{'best_dom': 0.744, 'final_dom': 1.074, 'dom_age20': 0.333, 'n_seasons_30': 0.306, 'best_yds': 0.016, 'career_yds': 0.282, 'final_ppa': 0.044, 'best_ppa': -0.386, 'best_usage': -0.388, 'nfl_entry_age': -0.766, 'breakout_age': -0.499, 'early_declare': -0.713, 'ras': 1.008, 'explosion_p': 1.33, 'speed_score': 1.074, 'weight': -1.499, 'catch_radius': 0.306, 'team_sp_off': -0.329, 'team_sp_overall': 0.298, 'recruit_rating': 0.135, 'prod_over_recruit': 0.626, 'was_returner': 0.693, 'ret_td': -0.418, 'col_qb_ypa': -0.174, 'final_spike': -0.166, 'dom_growth': 0.863}","[{'p': 'Jalin Hyatt', 'y': 2023, 'sim': 61.0, 'fant': None}, {'p': 'Tai Felton', 'y': 2025, 'sim': 61.0, 'fant': None}, {'p': 'Malachi Dupre', 'y': 2017, 'sim': 61.0, 'fant': 0.178}, {'p': 'Adonai Mitchell', 'y': 2024, 'sim': 60.0, 'fant': None}, {'p': 'John Ross', 'y': 2017, 'sim': 60.0, 'fant': 0.737}, {'p': 'Dillon Mitchell', 'y': 2019, 'sim': 58.0, 'fant': 0.178}]"
Terrace Marshall Jr.,2021,historical,9,0.8267148014440433,0.7942238267148014,24.089230965506495,48.23107318916095,1.0657171213871626,0.5142833514869437,1,0,0,0.541795665634675,0.9077181208053692,59.0,20.56399726214921,20.35044490075291,0.3276607900750898,0.68,0.7936435999259542,731.0,1.0,5.0,1.0,"{'best_dom': 0.237, 'final_dom': 0.605, 'dom_age20': 1.236, 'n_seasons_30': 0.306, 'best_yds': -0.593, 'career_yds': -0.463, 'final_ppa': 0.048, 'best_ppa': -0.194, 'best_usage': 0.256, 'nfl_entry_age': -1.7, 'breakout_age': -0.46, 'early_declare': 1.399, 'ras': 1.653, 'explosion_p': 1.377, 'speed_score': 1.24, 'weight': 0.23, 'catch_radius': 1.265, 'team_sp_off': -0.225, 'team_sp_overall': -0.524, 'recruit_rating': 1.692, 'prod_over_recruit': -0.912, 'was_returner': -1.439, 'ret_td': 0.0, 'col_qb_ypa': -0.947, 'final_spike': -0.202, 'dom_growth': 1.147}","[{'p': 'Donovan Peoples-Jones', 'y': 2020, 'sim': 68.0, 'fant': 0.808}, {'p': 'Adonai Mitchell', 'y': 2024, 'sim': 68.0, 'fant': None}, {'p': 'Malachi Dupre', 'y': 2017, 'sim': 67.0, 'fant': 0.178}, {'p': 'Keon Coleman', 'y': 2024, 'sim': 64.0, 'fant': None}, {'p': ""Ja'Kobi Lane"", 'y': 2026, 'sim': 61.0, 'fant': None}, {'p': 'Seth Williams', 'y': 2021, 'sim': 60.0, 'fant': 0.178}]"
Leonte Carroo,2016,historical,9,0.8014440433212996,0.9386281588447654,21.57202268550553,54.12677913934486,0.4488688398652957,0.8200343241570318,1,0,0,0.43653250773993807,0.906040268456376,86.0,21.935660506502398,19.72347707049966,0.4259345546966006,1.133,0.4952082350785247,1086.0,1.0,4.0,2.0,"{'best_dom': 1.289, 'final_dom': 1.577, 'dom_age20': 0.879, 'n_seasons_30': 1.514, 'best_yds': 0.404, 'career_yds': 0.432, 'final_ppa': 1.773, 'best_ppa': 0.334, 'best_usage': -0.437, 'nfl_entry_age': -0.172, 'breakout_age': -0.481, 'early_declare': 1.399, 'ras': -0.067, 'explosion_p': 0.063, 'speed_score': 0.526, 'weight': 0.662, 'catch_radius': -0.192, 'team_sp_off': -0.493, 'team_sp_overall': -1.167, 'recruit_rating': 0.659, 'prod_over_recruit': 0.577, 'was_returner': 0.693, 'ret_td': -0.418, 'col_qb_ypa': 0.428, 'final_spike': -0.305, 'dom_growth': -0.082}","[{'p': 'Khalil Shakir', 'y': 2022, 'sim': 72.0, 'fant': 0.724}, {'p': 'Treylon Burks', 'y': 2022, 'sim': 70.0, 'fant': 0.557}, {'p': 'J.J. Arcega-Whiteside', 'y': 2019, 'sim': 64.0, 'fant': 0.474}, {'p': 'Daniel Jackson', 'y': 2025, 'sim': 60.0, 'fant': None}, {'p': 'Marvin Harrison Jr.', 'y': 2024, 'sim': 59.0, 'fant': None}, {'p': 'Chris Godwin', 'y': 2017, 'sim': 59.0, 'fant': 0.981}]"
Calvin Ridley,2018,historical,10,0.924187725631769,0.1407942238267148,36.807171837380125,30.455978397532256,0.6843607947630755,0.0839188068063806,0,0,0,0.9659442724458205,0.9043624161073824,26.0,23.033538672142367,20.8186173853525,0.3124516370040291,0.627,0.2010207337413291,1045.0,1.0,5.0,1.0,"{'best_dom': 0.074, 'final_dom': 0.012, 'dom_age20': -1.358, 'n_seasons_30': 0.306, 'best_yds': 0.289, 'career_yds': 0.901, 'final_ppa': -0.154, 'best_ppa': -0.781, 'best_usage': -0.14, 'nfl_entry_age': 1.052, 'breakout_age': -0.444, 'early_declare': -0.713, 'ras': -0.895, 'explosion_p': -1.232, 'speed_score': 0.001, 'weight': -0.923, 'catch_radius': -1.014, 'team_sp_off': 0.357, 'team_sp_overall': 1.446, 'recruit_rating': 1.694, 'prod_over_recruit': -1.143, 'was_returner': 0.693, 'ret_td': -0.418, 'col_qb_ypa': -0.26, 'final_spike': -0.251, 'dom_growth': -1.602}","[{'p': 'Shelton Gibson', 'y': 2017, 'sim': 60.0, 'fant': 0.178}, {'p': 'Aaron Burbridge', 'y': 2016, 'sim': 57.0, 'fant': 0.389}, {'p': 'Darren Carrington', 'y': 2018, 'sim': 57.0, 'fant': None}, {'p': 'Trey Quinn', 'y': 2018, 'sim': 56.0, 'fant': 0.523}, {'p': 'Stacy Coley', 'y': 2017, 'sim': 55.0, 'fant': 0.178}, {'p': 'Luke McCaffrey', 'y': 2024, 'sim': 54.0, 'fant': None}]"
Drake London,2022,historical,10,1.0,0.9530685920577617,56.90825118347853,54.81999262843044,1.6552901151261634,0.09174609986594044,0,1,1,0.9040247678018576,0.9026845637583892,8.0,20.44079397672827,19.227926078028748,0.3180633147113594,0.637,,1084.0,1.0,4.0,1.0,"{'best_dom': 0.134, 'final_dom': 0.51, 'dom_age20': 1.16, 'n_seasons_30': 0.306, 'best_yds': 0.398, 'career_yds': 0.179, 'final_ppa': -0.116, 'best_ppa': 0.782, 'best_usage': 2.334, 'nfl_entry_age': -1.837, 'breakout_age': -0.498, 'early_declare': 1.399, 'ras': 1.863, 'explosion_p': 0.0, 'speed_score': 0.0, 'weight': 1.238, 'catch_radius': 1.31, 'team_sp_off': -0.448, 'team_sp_overall': -1.09, 'recruit_rating': 0.323, 'prod_over_recruit': -0.109, 'was_returner': -1.439, 'ret_td': 0.0, 'col_qb_ypa': -0.861, 'final_spike': 0.042, 'dom_growth': 0.228}","[{'p': 'Bryan Edwards', 'y': 2020, 'sim': 68.0, 'fant': 0.505}, {'p': 'Keon Coleman', 'y': 2024, 'sim': 67.0, 'fant': None}, {'p': 'Isaiah Hodgins', 'y': 2020, 'sim': 64.0, 'fant': 0.743}, {'p': 'Equanimeous St. Brown', 'y': 2018, 'sim': 63.0, 'fant': 0.508}, {'p': 'Seth Williams', 'y': 2021, 'sim': 62.0, 'fant': 0.178}, {'p': ""N'Keal Harry"", 'y': 2019, 'sim': 62.0, 'fant': 0.607}]"
A.J. Brown,2019,historical,9,0.8483754512635379,0.8664259927797834,25.466184345210937,50.640628651475375,0.07078164817860182,0.7074689046411797,1,0,0,0.978328173374613,0.8993288590604027,51.0,21.505817932922657,20.292950034223136,0.35527150469424,0.706,0.6103827774785561,1355.0,1.0,4.0,1.0,"{'best_dom': 0.533, 'final_dom': 0.308, 'dom_age20': 1.455, 'n_seasons_30': 0.306, 'best_yds': 1.159, 'career_yds': 1.175, 'final_ppa': 0.147, 'best_ppa': 0.134, 'best_usage': 0.256, 'nfl_entry_age': -0.651, 'breakout_age': -0.461, 'early_declare': 1.399, 'ras': 0.847, 'explosion_p': 0.57, 'speed_score': 1.441, 'weight': 1.742, 'catch_radius': 0.778, 'team_sp_off': 1.013, 'team_sp_overall': -0.199, 'recruit_rating': 1.486, 'prod_over_recruit': -0.495, 'was_returner': 0.693, 'ret_td': -0.418, 'col_qb_ypa': 0.944, 'final_spike': -0.204, 'dom_growth': 0.426}","[{'p': 'Laviska Shenault', 'y': 2020, 'sim': 63.0, 'fant': 0.783}, {'p': 'Michael Pittman Jr.', 'y': 2020, 'sim': 62.0, 'fant': 0.935}, {'p': 'Isaiah Hodgins', 'y': 2020, 'sim': 61.0, 'fant': 0.743}, {'p': 'Jaelen Strong', 'y': 2015, 'sim': 60.0, 'fant': 0.56}, {'p': ""N'Keal Harry"", 'y': 2019, 'sim': 60.0, 'fant': 0.607}, {'p': 'Chris Godwin', 'y': 2017, 'sim': 60.0, 'fant': 0.981}]"
Tee Higgins,2020,historical,10,0.9205776173285198,0.8158844765342961,35.73551393728756,48.81702311581761,0.2322410640624079,0.36794457482132076,0,0,0,0.9721362229102167,0.8976510067114094,33.0,20.95277207392197,19.73990417522245,0.2974132947976878,1.064,0.1902090304192236,1167.0,1.0,5.0,0.0,"{'best_dom': -0.087, 'final_dom': 0.305, 'dom_age20': 0.811, 'n_seasons_30': -0.902, 'best_yds': 0.631, 'career_yds': 0.518, 'final_ppa': 1.51, 'best_ppa': 0.513, 'best_usage': -0.808, 'nfl_entry_age': -1.267, 'breakout_age': -0.48, 'early_declare': 1.399, 'ras': -0.658, 'explosion_p': -1.28, 'speed_score': -0.089, 'weight': 1.022, 'catch_radius': 0.421, 'team_sp_off': 1.222, 'team_sp_overall': 1.368, 'recruit_rating': 1.642, 'prod_over_recruit': -1.233, 'was_returner': 0.693, 'ret_td': -0.418, 'col_qb_ypa': 0.686, 'final_spike': -0.156, 'dom_growth': 0.265}","[{'p': 'Laquon Treadwell', 'y': 2016, 'sim': 70.0, 'fant': 0.563}, {'p': 'Josh Malone', 'y': 2017, 'sim': 60.0, 'fant': 0.399}, {'p': 'Jerry Jeudy', 'y': 2020, 'sim': 60.0, 'fant': 0.898}, {'p': 'Puka Nacua', 'y': 2023, 'sim': 59.0, 'fant': None}, {'p': 'Carnell Tate', 'y': 2026, 'sim': 58.0, 'fant': None}, {'p': 'CeeDee Lamb', 'y': 2020, 'sim': 58.0, 'fant': 0.988}]"
Jaelen Strong,2015,historical,9,0.8411552346570397,0.9494584837545126,24.60251734564705,54.591225167844286,0.4124290521306986,0.5646566883795731,1,0,0,0.5603715170278638,0.8959731543624161,70.0,20.933607118412045,19.720739219712527,0.3108664725732812,0.595,0.7943074070869972,1165.0,1.0,,1.0,"{'best_dom': 0.057, 'final_dom': 0.438, 'dom_age20': 0.825, 'n_seasons_30': 0.306, 'best_yds': 0.626, 'career_yds': 0.333, 'final_ppa': -0.276, 'best_ppa': 0.068, 'best_usage': 0.478, 'nfl_entry_age': -1.288, 'breakout_age': -0.481, 'early_declare': 1.399, 'ras': 0.819, 'explosion_p': 1.38, 'speed_score': 1.493, 'weight': 1.094, 'catch_radius': 0.807, 'team_sp_off': 0.118, 'team_sp_overall': 0.118, 'recruit_rating': 0.0, 'prod_over_recruit': 0.0, 'was_returner': 0.693, 'ret_td': -0.418, 'col_qb_ypa': -0.517, 'final_spike': -0.217, 'dom_growth': -0.957}","[{'p': 'Laviska Shenault', 'y': 2020, 'sim': 69.0, 'fant': 0.783}, {'p': 'Sammie Coates', 'y': 2015, 'sim': 65.0, 'fant': 0.573}, {'p': 'Keon Coleman', 'y': 2024, 'sim': 62.0, 'fant': None}, {'p': 'Ted Hurst', 'y': 2026, 'sim': 62.0, 'fant': None}, {'p': 'Breshad Perriman', 'y': 2015, 'sim': 61.0, 'fant': 0.786}, {'p': 'A.J. Brown', 'y': 2019, 'sim': 61.0, 'fant': 0.978}]"
Taywan Taylor,2017,historical,8,0.7833935018050542,0.924187725631769,20.63322386274035,53.4161981014725,-0.17935928037140236,0.557186731491691,1,0,0,0.5820433436532507,0.8926174496644296,72.0,21.83709787816564,20.621492128678987,0.3857602188638864,0.797,0.5753536010329197,1730.0,1.0,2.0,2.0,"{'best_dom': 0.859, 'final_dom': 1.18, 'dom_age20': -0.169, 'n_seasons_30': 1.514, 'best_yds': 2.212, 'career_yds': 2.571, 'final_ppa': 0.493, 'best_ppa': 0.105, 'best_usage': 0.602, 'nfl_entry_age': -0.281, 'breakout_age': -0.45, 'early_declare': -0.713, 'ras': 0.255, 'explosion_p': 0.416, 'speed_score': 0.096, 'weight': 0.086, 'catch_radius': -0.511, 'team_sp_off': 0.804, 'team_sp_overall': 0.289, 'recruit_rating': -1.983, 'prod_over_recruit': 2.032, 'was_returner': 0.693, 'ret_td': -0.418, 'col_qb_ypa': 1.976, 'final_spike': -0.176, 'dom_growth': 1.53}","[{'p': 'Carlos Henderson', 'y': 2017, 'sim': 65.0, 'fant': 0.178}, {'p': 'Anthony Miller', 'y': 2018, 'sim': 65.0, 'fant': 0.752}, {'p': 'James Washington', 'y': 2018, 'sim': 65.0, 'fant': 0.659}, {'p': 'Michael Gallup', 'y': 2018, 'sim': 63.0, 'fant': 0.882}, {'p': 'Andy Isabella', 'y': 2019, 'sim': 63.0, 'fant': 0.545}, {'p': 'Quez Watkins', 'y': 2020, 'sim': 62.0, 'fant': 0.669}]"
Dyami Brown,2021,historical,8,0.776173285198556,0.9205776173285198,20.358596952439502,52.95112504839575,-0.2669869460117473,0.5777965392991129,1,0,0,0.5170278637770898,0.8926174496644296,82.0,21.169062286105408,19.95345653661876,0.2929742485716651,0.911,0.5494052618996457,1084.0,1.0,4.0,0.0,"{'best_dom': -0.134, 'final_dom': 0.129, 'dom_age20': 0.961, 'n_seasons_30': -0.902, 'best_yds': 0.398, 'career_yds': 0.338, 'final_ppa': 0.928, 'best_ppa': -0.155, 'best_usage': -0.363, 'nfl_entry_age': -1.026, 'breakout_age': -0.473, 'early_declare': 1.399, 'ras': -0.1, 'explosion_p': 0.302, 'speed_score': -0.287, 'weight': -0.923, 'catch_radius': -0.634, 'team_sp_off': 1.252, 'team_sp_overall': 0.503, 'recruit_rating': 0.623, 'prod_over_recruit': -0.517, 'was_returner': -1.439, 'ret_td': 0.0, 'col_qb_ypa': 1.804, 'final_spike': -0.214, 'dom_growth': 0.477}","[{'p': 'Marvin Mims', 'y': 2023, 'sim': 67.0, 'fant': None}, {'p': 'Curtis Samuel', 'y': 2017, 'sim': 67.0, 'fant': 0.885}, {'p': 'Antonio Williams', 'y': 2026, 'sim': 60.0, 'fant': None}, {'p': 'Troy Franklin', 'y': 2024, 'sim': 60.0, 'fant': None}, {'p': 'Jerry Jeudy', 'y': 2020, 'sim': 60.0, 'fant': 0.898}, {'p': 'Dillon Mitchell', 'y': 2019, 'sim': 58.0, 'fant': 0.178}]"
Treylon Burks,2022,historical,10,0.9566787003610109,0.779783393501805,47.12886896750636,47.74237651564451,0.7803631682157007,0.8812813951685549,0,0,1,0.5572755417956656,0.889261744966443,18.0,21.77686516084873,20.56399726214921,0.4484897518878101,0.918,0.4625332205903009,1104.0,1.0,4.0,2.0,"{'best_dom': 1.531, 'final_dom': 1.8, 'dom_age20': -0.546, 'n_seasons_30': 1.514, 'best_yds': 0.454, 'career_yds': 0.462, 'final_ppa': 0.954, 'best_ppa': -0.139, 'best_usage': 0.478, 'nfl_entry_age': -0.349, 'breakout_age': -0.452, 'early_declare': 1.399, 'ras': 0.011, 'explosion_p': -0.081, 'speed_score': 0.704, 'weight': 1.598, 'catch_radius': 0.649, 'team_sp_off': -0.15, 'team_sp_overall': 0.144, 'recruit_rating': 1.065, 'prod_over_recruit': 0.419, 'was_returner': 0.693, 'ret_td': -0.418, 'col_qb_ypa': 0.772, 'final_spike': -0.126, 'dom_growth': 1.556}","[{'p': 'Leonte Carroo', 'y': 2016, 'sim': 71.0, 'fant': 0.437}, {'p': 'J.J. Arcega-Whiteside', 'y': 2019, 'sim': 70.0, 'fant': 0.474}, {'p': ""N'Keal Harry"", 'y': 2019, 'sim': 63.0, 'fant': 0.607}, {'p': 'Marvin Harrison Jr.', 'y': 2024, 'sim': 61.0, 'fant': None}, {'p': 'A.J. Brown', 'y': 2019, 'sim': 61.0, 'fant': 0.978}, {'p': 'Isaiah Hodgins', 'y': 2020, 'sim': 61.0, 'fant': 0.743}]"
Denzel Mims,2020,historical,9,0.8122743682310469,0.7653429602888087,22.99850346790898,47.33844746365503,0.49026563275631196,0.39551686164417343,0,0,0,0.5139318885448917,0.8859060402684564,59.0,22.2258726899384,20.01368925393566,0.3928171380565668,0.715,0.8805900590784653,1087.0,1.0,3.0,2.0,"{'best_dom': 0.934, 'final_dom': 1.249, 'dom_age20': 1.265, 'n_seasons_30': 1.514, 'best_yds': 0.407, 'career_yds': 1.067, 'final_ppa': 0.181, 'best_ppa': -0.302, 'best_usage': 0.206, 'nfl_entry_age': 0.152, 'breakout_age': -0.471, 'early_declare': -0.713, 'ras': 1.738, 'explosion_p': 1.76, 'speed_score': 1.582, 'weight': 0.374, 'catch_radius': 1.39, 'team_sp_off': -1.254, 'team_sp_overall': -1.158, 'recruit_rating': -0.156, 'prod_over_recruit': 0.931, 'was_returner': 0.693, 'ret_td': -0.418, 'col_qb_ypa': -0.431, 'final_spike': -0.247, 'dom_growth': 1.908}","[{'p': 'Ted Hurst', 'y': 2026, 'sim': 74.0, 'fant': None}, {'p': 'Elic Ayomanor', 'y': 2025, 'sim': 68.0, 'fant': None}, {'p': 'Sammie Coates', 'y': 2015, 'sim': 66.0, 'fant': 0.573}, {'p': 'Chris Brazzell II', 'y': 2026, 'sim': 63.0, 'fant': None}, {'p': 'Jayden Higgins', 'y': 2025, 'sim': 63.0, 'fant': None}, {'p': 'Will Sheppard', 'y': 2025, 'sim': 62.0, 'fant': None}]"
Corey Coleman,2016,historical,10,0.9747292418772563,0.9061371841155235,51.69907638860337,51.65834009568789,-0.18518888619313015,0.7788420206394516,0,0,1,0.6470588235294118,0.8842281879194631,15.0,21.489390828199863,20.27652292950034,0.4083301130325572,0.719,0.8322120424814258,1363.0,1.0,4.0,1.0,"{'best_dom': 1.101, 'final_dom': 1.403, 'dom_age20': 0.719, 'n_seasons_30': 0.306, 'best_yds': 1.182, 'career_yds': 1.163, 'final_ppa': 0.196, 'best_ppa': -0.049, 'best_usage': 0.379, 'nfl_entry_age': -0.669, 'breakout_age': -0.462, 'early_declare': 1.399, 'ras': 0.433, 'explosion_p': 1.547, 'speed_score': 0.593, 'weight': -0.563, 'catch_radius': -0.775, 'team_sp_off': 1.46, 'team_sp_overall': 0.632, 'recruit_rating': 0.784, 'prod_over_recruit': 0.45, 'was_returner': 0.693, 'ret_td': 0.347, 'col_qb_ypa': 1.976, 'final_spike': -0.164, 'dom_growth': 1.373}","[{'p': 'John Ross', 'y': 2017, 'sim': 73.0, 'fant': 0.737}, {'p': 'Jalin Hyatt', 'y': 2023, 'sim': 66.0, 'fant': None}, {'p': 'Nelson Agholor', 'y': 2015, 'sim': 63.0, 'fant': 0.848}, {'p': 'Carlos Henderson', 'y': 2017, 'sim': 62.0, 'fant': 0.178}, {'p': 'Devin Duvernay', 'y': 2020, 'sim': 62.0, 'fant': 0.632}, {'p': 'Skyy Moore', 'y': 2022, 'sim': 61.0, 'fant': 0.498}]"
David Bell,2022,historical,9,0.8050541516245487,0.9025270758122743,21.903587099180623,51.53343311290922,0.5843936341417137,0.6991806087901705,1,0,0,0.5294117647058824,0.8791946308724832,99.0,21.048596851471597,18.833675564681723,0.4352211434735706,0.871,0.1915537608452378,1286.0,1.0,4.0,1.0,"{'best_dom': 1.388, 'final_dom': -0.413, 'dom_age20': 2.088, 'n_seasons_30': 0.306, 'best_yds': 0.965, 'career_yds': 1.091, 'final_ppa': 0.775, 'best_ppa': -0.243, 'best_usage': 1.666, 'nfl_entry_age': -1.16, 'breakout_age': -0.511, 'early_declare': 1.399, 'ras': -1.383, 'explosion_p': -1.274, 'speed_score': -1.075, 'weight': 0.734, 'catch_radius': -0.552, 'team_sp_off': -0.404, 'team_sp_overall': -0.156, 'recruit_rating': 0.986, 'prod_over_recruit': 0.423, 'was_returner': -1.439, 'ret_td': 0.0, 'col_qb_ypa': 0.17, 'final_spike': -0.157, 'dom_growth': -1.524}","[{'p': 'CeeDee Lamb', 'y': 2020, 'sim': 62.0, 'fant': 0.988}, {'p': 'Juju Smith-Schuster', 'y': 2017, 'sim': 59.0, 'fant': 0.969}, {'p': 'Josh Malone', 'y': 2017, 'sim': 58.0, 'fant': 0.399}, {'p': 'Rashard Higgins', 'y': 2016, 'sim': 58.0, 'fant': 0.768}, {'p': 'Pharoh Cooper', 'y': 2016, 'sim': 58.0, 'fant': 0.467}, {'p': 'Trey Palmer', 'y': 2023, 'sim': 58.0, 'fant': None}]"
Jahan Dotson,2022,historical,10,0.9638989169675091,0.6714801444043321,50.425471676147716,44.77945595451527,0.8277343598830338,0.3690777367986511,0,0,1,0.6996904024767802,0.87751677852349,16.0,21.779603011635867,20.566735112936342,0.4276352838785645,0.698,0.403806426166802,1182.0,1.0,4.0,2.0,"{'best_dom': 1.307, 'final_dom': 1.412, 'dom_age20': 0.105, 'n_seasons_30': 1.514, 'best_yds': 0.673, 'career_yds': 0.874, 'final_ppa': 0.116, 'best_ppa': -0.188, 'best_usage': 0.627, 'nfl_entry_age': -0.345, 'breakout_age': -0.452, 'early_declare': -0.713, 'ras': -0.843, 'explosion_p': -0.339, 'speed_score': -0.629, 'weight': -1.715, 'catch_radius': -0.619, 'team_sp_off': -1.09, 'team_sp_overall': 0.186, 'recruit_rating': 0.552, 'prod_over_recruit': 0.64, 'was_returner': 0.693, 'ret_td': 0.347, 'col_qb_ypa': -0.775, 'final_spike': -0.129, 'dom_growth': 1.786}","[{'p': 'Elijah Moore', 'y': 2021, 'sim': 65.0, 'fant': 0.817}, {'p': 'Khalil Shakir', 'y': 2022, 'sim': 65.0, 'fant': 0.724}, {'p': 'Tyler Lockett', 'y': 2015, 'sim': 64.0, 'fant': 0.913}, {'p': 'Makai Lemon', 'y': 2026, 'sim': 64.0, 'fant': None}, {'p': 'Trey Palmer', 'y': 2023, 'sim': 62.0, 'fant': None}, {'p': 'Zay Flowers', 'y': 2023, 'sim': 61.0, 'fant': None}]"
Tylan Wallace,2021,historical,8,0.7436823104693141,0.7942238267148014,19.09334749699049,48.24804203909074,0.9019458166940266,0.5669551415026629,1,0,0,0.4086687306501548,0.8640939597315436,131.0,21.639972621492127,19.42505133470226,0.363387297633873,0.728,0.1989277784134302,1458.0,1.0,4.0,3.0,"{'best_dom': 0.619, 'final_dom': 0.737, 'dom_age20': 1.519, 'n_seasons_30': 2.722, 'best_yds': 1.448, 'career_yds': 1.608, 'final_ppa': 0.231, 'best_ppa': 0.211, 'best_usage': 0.404, 'nfl_entry_age': -0.501, 'breakout_age': -0.491, 'early_declare': -0.713, 'ras': -0.947, 'explosion_p': -1.241, 'speed_score': -0.388, 'weight': -0.563, 'catch_radius': -0.867, 'team_sp_off': 0.998, 'team_sp_overall': 0.144, 'recruit_rating': 0.9, 'prod_over_recruit': 0.006, 'was_returner': 0.693, 'ret_td': -0.418, 'col_qb_ypa': -0.002, 'final_spike': -0.339, 'dom_growth': 1.422}","[{'p': 'Tajae Sharpe', 'y': 2016, 'sim': 64.0, 'fant': 0.641}, {'p': 'Jahan Dotson', 'y': 2022, 'sim': 64.0, 'fant': 0.7}, {'p': 'Roger Lewis', 'y': 2016, 'sim': 62.0, 'fant': 0.567}, {'p': 'Rashard Higgins', 'y': 2016, 'sim': 61.0, 'fant': 0.768}, {'p': 'Rashod Bateman', 'y': 2021, 'sim': 61.0, 'fant': 0.836}, {'p': 'Khalil Shakir', 'y': 2022, 'sim': 60.0, 'fant': 0.724}]"
Stefon Diggs,2015,historical,8,0.7509025270758123,0.7689530685920578,19.16646765614173,47.4772670414685,1.5528458526063689,0.6906474920957492,1,0,0,0.9628482972136223,0.8640939597315436,146.0,21.089664613278572,18.87748117727584,0.3708768239070044,0.406,0.3524598818058606,848.0,1.0,5.0,1.0,"{'best_dom': 0.7, 'final_dom': 0.033, 'dom_age20': 1.578, 'n_seasons_30': 0.306, 'best_yds': -0.264, 'career_yds': 0.264, 'final_ppa': -0.996, 'best_ppa': -0.001, 'best_usage': 0.75, 'nfl_entry_age': -1.114, 'breakout_age': -0.51, 'early_declare': 1.399, 'ras': -0.329, 'explosion_p': -0.565, 'speed_score': 0.047, 'weight': -0.491, 'catch_radius': -0.045, 'team_sp_off': -2.64, 'team_sp_overall': -1.706, 'recruit_rating': 1.755, 'prod_over_recruit': -0.536, 'was_returner': 0.693, 'ret_td': 1.111, 'col_qb_ypa': -0.26, 'final_spike': -0.248, 'dom_growth': -2.058}","[{'p': 'Amon-Ra St. Brown', 'y': 2021, 'sim': 71.0, 'fant': 0.985}, {'p': 'Christian Kirk', 'y': 2018, 'sim': 70.0, 'fant': 0.916}, {'p': 'Demarcus Robinson', 'y': 2016, 'sim': 68.0, 'fant': 0.656}, {'p': 'KD Cannon', 'y': 2017, 'sim': 67.0, 'fant': 0.178}, {'p': 'Garrett Wilson', 'y': 2022, 'sim': 61.0, 'fant': 0.92}, {'p': 'Malachi Dupre', 'y': 2017, 'sim': 59.0, 'fant': 0.178}]"
Gabriel Davis,2020,historical,3,0.2888086642599278,0.740072202166065,10.578081685013393,46.90388691327479,-0.2702730408949688,0.2013424167915399,0,0,0,,,270.0,,,0.3161487191841323,0.78,0.5534076395497349,1241.0,1.0,3.0,1.0,"{'best_dom': 0.114, 'final_dom': 0.491, 'dom_age20': 0.0, 'n_seasons_30': 0.306, 'best_yds': 0.839, 'career_yds': 0.517, 'final_ppa': 0.429, 'best_ppa': -0.443, 'best_usage': 0.058, 'nfl_entry_age': 0.0, 'breakout_age': 0.0, 'early_declare': 0.0, 'ras': -0.045, 'explosion_p': 0.319, 'speed_score': 0.391, 'weight': 1.022, 'catch_radius': 0.187, 'team_sp_off': 0.297, 'team_sp_overall': 0.598, 'recruit_rating': -1.244, 'prod_over_recruit': 1.091, 'was_returner': -1.439, 'ret_td': 0.0, 'col_qb_ypa': 0.858, 'final_spike': -0.074, 'dom_growth': 0.523}","[{'p': 'Jerome Lane', 'y': 2017, 'sim': 68.0, 'fant': None}, {'p': 'Xavier Hutchinson', 'y': 2023, 'sim': 66.0, 'fant': None}, {'p': ""J'Mon Moore"", 'y': 2018, 'sim': 64.0, 'fant': 0.178}, {'p': 'Austin Watkins', 'y': 2021, 'sim': 64.0, 'fant': 0.178}, {'p': 'Korey Robertson', 'y': 2018, 'sim': 63.0, 'fant': None}, {'p': 'Travis Fulgham', 'y': 2019, 'sim': 63.0, 'fant': 0.845}]"
Bryan Edwards,2020,historical,9,0.8303249097472925,0.8989169675090253,24.301204043841032,51.47295800438325,1.2746631364727865,-0.3058859627862129,0,0,0,0.5046439628482973,0.8624161073825504,81.0,21.13347022587269,17.921971252566735,0.4029808773903262,0.473,,846.0,1.0,4.0,1.0,"{'best_dom': 1.043, 'final_dom': 1.35, 'dom_age20': 0.865, 'n_seasons_30': 0.306, 'best_yds': -0.27, 'career_yds': 1.205, 'final_ppa': -0.741, 'best_ppa': -0.748, 'best_usage': 0.553, 'nfl_entry_age': -1.065, 'breakout_age': -0.542, 'early_declare': -0.713, 'ras': 1.323, 'explosion_p': 0.0, 'speed_score': 0.0, 'weight': 0.734, 'catch_radius': 0.917, 'team_sp_off': 0.163, 'team_sp_overall': 0.238, 'recruit_rating': 0.456, 'prod_over_recruit': 0.599, 'was_returner': 0.693, 'ret_td': -0.418, 'col_qb_ypa': -0.002, 'final_spike': -0.239, 'dom_growth': -0.191}","[{'p': 'Keon Coleman', 'y': 2024, 'sim': 68.0, 'fant': None}, {'p': 'Drake London', 'y': 2022, 'sim': 66.0, 'fant': 0.904}, {'p': 'Seth Williams', 'y': 2021, 'sim': 65.0, 'fant': 0.178}, {'p': 'Isaiah Hodgins', 'y': 2020, 'sim': 62.0, 'fant': 0.743}, {'p': 'Equanimeous St. Brown', 'y': 2018, 'sim': 62.0, 'fant': 0.508}, {'p': 'Demarcus Robinson', 'y': 2016, 'sim': 58.0, 'fant': 0.656}]"
Corey Davis,2017,historical,10,0.9927797833935018,0.9747292418772563,55.83059193899347,56.26266696536887,1.8566477822249114,0.44899072016179165,0,1,1,0.8885448916408669,0.860738255033557,5.0,21.973990417522245,18.75975359342916,0.500162965631406,0.891,,1500.0,1.0,2.0,4.0,"{'best_dom': 2.084, 'final_dom': 2.312, 'dom_age20': 2.53, 'n_seasons_30': 3.931, 'best_yds': 1.566, 'career_yds': 3.779, 'final_ppa': 0.851, 'best_ppa': -0.157, 'best_usage': 0.627, 'nfl_entry_age': -0.129, 'breakout_age': -0.514, 'early_declare': -0.713, 'ras': 0.82, 'explosion_p': 0.0, 'speed_score': 0.0, 'weight': 0.518, 'catch_radius': 0.757, 'team_sp_off': 0.7, 'team_sp_overall': -0.053, 'recruit_rating': -1.863, 'prod_over_recruit': 2.364, 'was_returner': 0.693, 'ret_td': -0.418, 'col_qb_ypa': 1.03, 'final_spike': -0.216, 'dom_growth': -0.862}","[{'p': 'Jalen Tolbert', 'y': 2022, 'sim': 67.0, 'fant': 0.69}, {'p': 'Tyler Johnson', 'y': 2020, 'sim': 64.0, 'fant': 0.57}, {'p': 'Courtland Sutton', 'y': 2018, 'sim': 64.0, 'fant': 0.864}, {'p': 'Tyler Boyd', 'y': 2016, 'sim': 63.0, 'fant': 0.932}, {'p': ""Tre'Quan Smith"", 'y': 2018, 'sim': 63.0, 'fant': 0.777}, {'p': 'Jordyn Tyson', 'y': 2026, 'sim': 61.0, 'fant': None}]"
J.J. Arcega-Whiteside,2019,historical,9,0.851985559566787,0.8736462093862816,25.820572691778143,50.77193849933396,0.5196798583127387,0.6753265740980001,1,0,0,0.47368421052631576,0.8590604026845637,57.0,22.001368925393567,19.789185489390828,0.3878169335495586,0.989,0.4723086089351644,1040.0,1.0,3.0,2.0,"{'best_dom': 0.881, 'final_dom': 1.2, 'dom_age20': 0.691, 'n_seasons_30': 1.514, 'best_yds': 0.275, 'career_yds': 0.233, 'final_ppa': 1.225, 'best_ppa': 0.129, 'best_usage': 0.058, 'nfl_entry_age': -0.098, 'breakout_age': -0.479, 'early_declare': 1.399, 'ras': 0.08, 'explosion_p': -0.038, 'speed_score': 1.279, 'weight': 1.67, 'catch_radius': 0.558, 'team_sp_off': 0.014, 'team_sp_overall': 0.075, 'recruit_rating': -0.382, 'prod_over_recruit': 1.105, 'was_returner': -1.439, 'ret_td': 0.0, 'col_qb_ypa': 0.342, 'final_spike': -0.13, 'dom_growth': -0.198}","[{'p': 'Treylon Burks', 'y': 2022, 'sim': 69.0, 'fant': 0.557}, {'p': 'Dontay Demus Jr.', 'y': 2023, 'sim': 63.0, 'fant': None}, {'p': 'Leonte Carroo', 'y': 2016, 'sim': 63.0, 'fant': 0.437}, {'p': 'Jerome Lane', 'y': 2017, 'sim': 63.0, 'fant': None}, {'p': 'Zach Pascal', 'y': 2017, 'sim': 61.0, 'fant': 0.774}, {'p': 'Laviska Shenault', 'y': 2020, 'sim': 60.0, 'fant': 0.783}]"
Khalil Shakir,2022,historical,7,0.6931407942238267,0.924187725631769,17.25987391968405,53.70847181329654,0.3546411590891217,0.4307005104834442,1,0,0,0.7244582043343654,0.8540268456375839,148.0,21.911019849418206,19.696098562628336,0.4623449497932664,0.908,0.5322105541245624,1117.0,1.0,4.0,2.0,"{'best_dom': 1.679, 'final_dom': 0.861, 'dom_age20': 0.35, 'n_seasons_30': 1.514, 'best_yds': 0.491, 'career_yds': 1.013, 'final_ppa': 0.916, 'best_ppa': -0.161, 'best_usage': 2.186, 'nfl_entry_age': -0.199, 'breakout_age': -0.482, 'early_declare': -0.713, 'ras': -0.138, 'explosion_p': 0.226, 'speed_score': 0.402, 'weight': -0.419, 'catch_radius': -0.963, 'team_sp_off': -1.03, 'team_sp_overall': -0.233, 'recruit_rating': 0.049, 'prod_over_recruit': 1.087, 'was_returner': 0.693, 'ret_td': -0.418, 'col_qb_ypa': -0.431, 'final_spike': -0.145, 'dom_growth': 1.307}","[{'p': 'Leonte Carroo', 'y': 2016, 'sim': 71.0, 'fant': 0.437}, {'p': 'Daniel Jackson', 'y': 2025, 'sim': 70.0, 'fant': None}, {'p': 'Trey Palmer', 'y': 2023, 'sim': 64.0, 'fant': None}, {'p': 'Jahan Dotson', 'y': 2022, 'sim': 62.0, 'fant': 0.7}, {'p': 'Rashod Bateman', 'y': 2021, 'sim': 60.0, 'fant': 0.836}, {'p': 'Elijhah Badger', 'y': 2025, 'sim': 60.0, 'fant': None}]"
Tajae Sharpe,2016,historical,8,0.7436823104693141,0.779783393501805,19.051832294534222,47.697976174773885,0.9365471119505073,0.3664283642655734,0,0,0,0.6408668730650154,0.8540268456375839,140.0,21.02395619438741,18.811772758384667,0.4033623394305333,0.421,0.1868752970899832,1319.0,1.0,3.0,3.0,"{'best_dom': 1.047, 'final_dom': 0.849, 'dom_age20': 1.836, 'n_seasons_30': 2.722, 'best_yds': 1.058, 'career_yds': 1.712, 'final_ppa': -0.939, 'best_ppa': -0.692, 'best_usage': 1.913, 'nfl_entry_age': -1.187, 'breakout_age': -0.512, 'early_declare': -0.713, 'ras': -1.012, 'explosion_p': -1.294, 'speed_score': -0.839, 'weight': -0.563, 'catch_radius': -0.545, 'team_sp_off': -1.969, 'team_sp_overall': -1.852, 'recruit_rating': -0.859, 'prod_over_recruit': 1.588, 'was_returner': -1.439, 'ret_td': 0.0, 'col_qb_ypa': -1.721, 'final_spike': -0.22, 'dom_growth': 1.236}","[{'p': 'Jordyn Tyson', 'y': 2026, 'sim': 69.0, 'fant': None}, {'p': 'Tyler Boyd', 'y': 2016, 'sim': 68.0, 'fant': 0.932}, {'p': 'Pharoh Cooper', 'y': 2016, 'sim': 66.0, 'fant': 0.467}, {'p': 'Tylan Wallace', 'y': 2021, 'sim': 65.0, 'fant': 0.409}, {'p': 'Rashard Higgins', 'y': 2016, 'sim': 64.0, 'fant': 0.768}, {'p': 'KeeSean Johnson', 'y': 2019, 'sim': 64.0, 'fant': 0.526}]"
Antonio Gandy-Golden,2020,historical,6,0.5956678700361011,0.8339350180505415,14.438384893480984,49.422248836550324,-0.9139802952786144,0.40411391768878985,1,0,0,0.3622291021671827,0.8540268456375839,142.0,21.724845995893222,20.511978097193705,0.402960102960103,0.574,0.635960841330926,1396.0,1.0,,2.0,"{'best_dom': 1.043, 'final_dom': 0.92, 'dom_age20': 0.0, 'n_seasons_30': 1.514, 'best_yds': 1.274, 'career_yds': 0.776, 'final_ppa': -0.356, 'best_ppa': 6.229, 'best_usage': 2.136, 'nfl_entry_age': -0.406, 'breakout_age': -0.454, 'early_declare': -0.713, 'ras': 0.174, 'explosion_p': 0.683, 'speed_score': 0.162, 'weight': 1.526, 'catch_radius': 0.837, 'team_sp_off': -0.896, 'team_sp_overall': -1.261, 'recruit_rating': 0.0, 'prod_over_recruit': 0.0, 'was_returner': -1.439, 'ret_td': 0.0, 'col_qb_ypa': 0.256, 'final_spike': -0.126, 'dom_growth': 0.0}","[{'p': 'Zach Pascal', 'y': 2017, 'sim': 67.0, 'fant': 0.774}, {'p': 'Devante Davis', 'y': 2015, 'sim': 63.0, 'fant': None}, {'p': 'Keyarris Garrett', 'y': 2016, 'sim': 63.0, 'fant': 0.178}, {'p': 'Gabriel Davis', 'y': 2020, 'sim': 62.0, 'fant': None}, {'p': 'Courtland Sutton', 'y': 2018, 'sim': 61.0, 'fant': 0.864}, {'p': 'Kevin White', 'y': 2015, 'sim': 61.0, 'fant': 0.842}]"
Wan'Dale Robinson,2022,historical,9,0.8953068592057761,0.8267148014440433,30.834342110848873,49.223961816443,0.5601884390006941,0.6072218475417198,0,0,0,0.8235294117647058,0.8523489932885906,43.0,20.98836413415469,19.77549623545517,0.3732455392658257,0.598,0.2762301036919621,1334.0,1.0,4.0,1.0,"{'best_dom': 0.725, 'final_dom': 1.056, 'dom_age20': 0.68, 'n_seasons_30': 0.306, 'best_yds': 1.1, 'career_yds': 0.289, 'final_ppa': -0.265, 'best_ppa': -0.844, 'best_usage': 1.889, 'nfl_entry_age': -1.227, 'breakout_age': -0.479, 'early_declare': 1.399, 'ras': -1.742, 'explosion_p': -0.901, 'speed_score': -0.72, 'weight': -1.715, 'catch_radius': -1.891, 'team_sp_off': -0.031, 'team_sp_overall': 0.109, 'recruit_rating': 1.151, 'prod_over_recruit': -0.02, 'was_returner': 0.693, 'ret_td': -0.418, 'col_qb_ypa': -0.174, 'final_spike': 0.333, 'dom_growth': 0.385}","[{'p': 'Jordan Addison', 'y': 2023, 'sim': 70.0, 'fant': None}, {'p': 'K.J. Hamler', 'y': 2020, 'sim': 69.0, 'fant': 0.635}, {'p': 'Keke Coutee', 'y': 2018, 'sim': 65.0, 'fant': 0.82}, {'p': 'Jamison Crowder', 'y': 2015, 'sim': 65.0, 'fant': 0.876}, {'p': 'Demarcus Ayers', 'y': 2016, 'sim': 65.0, 'fant': 0.178}, {'p': 'Jahan Dotson', 'y': 2022, 'sim': 64.0, 'fant': 0.7}]"
Brandon Aiyuk,2020,historical,10,0.9386281588447654,0.8267148014440433,38.770852498122395,49.16466644760058,1.1065969013587311,0.5941980865431807,0,0,0,0.9473684210526315,0.8506711409395973,25.0,21.793292265571527,21.579739904175224,0.374711120924413,0.8,0.7728423244041224,1192.0,1.0,,1.0,"{'best_dom': 0.741, 'final_dom': 1.07, 'dom_age20': -1.358, 'n_seasons_30': 0.306, 'best_yds': 0.702, 'career_yds': -0.38, 'final_ppa': 0.505, 'best_ppa': -0.331, 'best_usage': 0.132, 'nfl_entry_age': -0.33, 'breakout_age': -0.418, 'early_declare': 1.399, 'ras': 1.313, 'explosion_p': 1.285, 'speed_score': 0.204, 'weight': 0.23, 'catch_radius': 1.122, 'team_sp_off': -1.09, 'team_sp_overall': -0.499, 'recruit_rating': 0.0, 'prod_over_recruit': 0.0, 'was_returner': 0.693, 'ret_td': 0.347, 'col_qb_ypa': 0.428, 'final_spike': 0.221, 'dom_growth': 0.549}","[{'p': 'Rashee Rice', 'y': 2023, 'sim': 64.0, 'fant': None}, {'p': 'Sammie Coates', 'y': 2015, 'sim': 62.0, 'fant': 0.573}, {'p': 'Jaylin Noel', 'y': 2025, 'sim': 62.0, 'fant': None}, {'p': 'Carlos Henderson', 'y': 2017, 'sim': 60.0, 'fant': 0.178}, {'p': 'Elic Ayomanor', 'y': 2025, 'sim': 60.0, 'fant': None}, {'p': 'Jalen Royals', 'y': 2025, 'sim': 59.0, 'fant': None}]"
Rashard Higgins,2016,historical,8,0.703971119133574,0.8916967509025271,17.32031877732525,51.22917954440915,0.6885183332944937,0.8177167028043782,1,0,0,0.7678018575851393,0.8489932885906041,172.0,21.234770704996578,19.02258726899384,0.4592800765367137,0.766,0.1128012178480034,1750.0,1.0,,2.0,"{'best_dom': 1.646, 'final_dom': 0.784, 'dom_age20': 2.278, 'n_seasons_30': 1.514, 'best_yds': 2.268, 'career_yds': 1.899, 'final_ppa': 0.375, 'best_ppa': 0.114, 'best_usage': 0.899, 'nfl_entry_age': -0.953, 'breakout_age': -0.505, 'early_declare': 1.399, 'ras': -1.351, 'explosion_p': -1.62, 'speed_score': -1.496, 'weight': -0.419, 'catch_radius': 0.105, 'team_sp_off': -0.314, 'team_sp_overall': -0.653, 'recruit_rating': 0.0, 'prod_over_recruit': 0.0, 'was_returner': -1.439, 'ret_td': 0.0, 'col_qb_ypa': 1.116, 'final_spike': -0.346, 'dom_growth': -0.363}","[{'p': 'Roger Lewis', 'y': 2016, 'sim': 66.0, 'fant': 0.567}, {'p': 'Tajae Sharpe', 'y': 2016, 'sim': 65.0, 'fant': 0.641}, {'p': 'Pharoh Cooper', 'y': 2016, 'sim': 63.0, 'fant': 0.467}, {'p': 'Tylan Wallace', 'y': 2021, 'sim': 63.0, 'fant': 0.409}, {'p': 'David Bell', 'y': 2022, 'sim': 62.0, 'fant': 0.529}, {'p': 'Michael Gallup', 'y': 2018, 'sim': 61.0, 'fant': 0.882}]"
Romeo Doubs,2022,historical,8,0.7617328519855595,0.924187725631769,19.39580848563355,53.42681046390013,1.0883307116940615,-0.13814477788354246,0,0,0,0.826625386996904,0.8456375838926175,132.0,21.71937029431896,19.50444900752909,0.3262297730271128,0.929,,1109.0,1.0,3.0,1.0,"{'best_dom': 0.222, 'final_dom': 0.011, 'dom_age20': 0.566, 'n_seasons_30': 0.306, 'best_yds': 0.469, 'career_yds': 1.503, 'final_ppa': 0.996, 'best_ppa': -0.115, 'best_usage': 0.701, 'nfl_entry_age': -0.413, 'breakout_age': -0.488, 'early_declare': -0.713, 'ras': 1.081, 'explosion_p': 0.0, 'speed_score': 0.0, 'weight': -0.059, 'catch_radius': 1.157, 'team_sp_off': -0.747, 'team_sp_overall': -0.73, 'recruit_rating': -0.767, 'prod_over_recruit': 0.98, 'was_returner': 0.693, 'ret_td': 0.347, 'col_qb_ypa': -0.174, 'final_spike': -0.191, 'dom_growth': -0.027}","[{'p': 'Elijah Sarratt', 'y': 2026, 'sim': 70.0, 'fant': None}, {'p': 'Tre Harris', 'y': 2025, 'sim': 63.0, 'fant': None}, {'p': 'Josh Reynolds', 'y': 2017, 'sim': 62.0, 'fant': 0.789}, {'p': 'Eric McAlister', 'y': 2026, 'sim': 62.0, 'fant': None}, {'p': ""J'Mon Moore"", 'y': 2018, 'sim': 61.0, 'fant': 0.178}, {'p': 'DeVante Parker', 'y': 2015, 'sim': 60.0, 'fant': 0.895}]"
Cooper Kupp,2017,historical,8,0.7725631768953068,0.08303249097472924,19.908961730070047,28.590441204188522,0.25957171449310634,0.47680181912145114,1,0,0,0.9907120743034056,0.8439597315436241,69.0,23.548254620123203,99.0,,1.3,0.1381285865912069,246.0,1.0,,0.0,"{'best_dom': 0.0, 'final_dom': 0.0, 'dom_age20': 0.0, 'n_seasons_30': -0.902, 'best_yds': -1.954, 'career_yds': -1.392, 'final_ppa': 2.409, 'best_ppa': 0.702, 'best_usage': 3.324, 'nfl_entry_age': 1.625, 'breakout_age': 2.214, 'early_declare': -0.713, 'ras': -0.449, 'explosion_p': -1.509, 'speed_score': -0.946, 'weight': 0.158, 'catch_radius': -0.418, 'team_sp_off': 0.0, 'team_sp_overall': 0.0, 'recruit_rating': 0.0, 'prod_over_recruit': 0.0, 'was_returner': 0.693, 'ret_td': -0.418, 'col_qb_ypa': 0.342, 'final_spike': -0.277, 'dom_growth': 0.0}","[{'p': ""Dai'Jean Dixon"", 'y': 2022, 'sim': 69.0, 'fant': 0.178}, {'p': 'Emmanuel Butler', 'y': 2019, 'sim': 60.0, 'fant': 0.178}, {'p': 'Jaray Jenkins', 'y': 2023, 'sim': 60.0, 'fant': None}, {'p': 'Keith Mumphery', 'y': 2015, 'sim': 58.0, 'fant': 0.458}, {'p': 'Johnny Holton', 'y': 2016, 'sim': 56.0, 'fant': 0.424}, {'p': 'Javon Wims', 'y': 2018, 'sim': 56.0, 'fant': 0.433}]"
Jerry Jeudy,2020,historical,10,0.9963898916967509,0.9675090252707581,56.697392754050284,55.04281104670301,0.70271836441894,0.439153579014428,0,1,1,0.8978328173374613,0.8422818791946308,15.0,20.689938398357288,19.477070499657767,0.2697921938259109,0.735,0.415517143545508,1315.0,1.0,5.0,0.0,"{'best_dom': -0.383, 'final_dom': -0.335, 'dom_age20': 0.778, 'n_seasons_30': -0.902, 'best_yds': 1.047, 'career_yds': 0.856, 'final_ppa': 0.257, 'best_ppa': 0.055, 'best_usage': 0.082, 'nfl_entry_age': -1.56, 'breakout_age': -0.489, 'early_declare': 1.399, 'ras': -0.069, 'explosion_p': -0.288, 'speed_score': 0.033, 'weight': -0.635, 'catch_radius': 0.149, 'team_sp_off': 2.325, 'team_sp_overall': 2.071, 'recruit_rating': 1.612, 'prod_over_recruit': -1.493, 'was_returner': -1.439, 'ret_td': 0.0, 'col_qb_ypa': 2.577, 'final_spike': -0.263, 'dom_growth': -0.042}","[{'p': 'Amon-Ra St. Brown', 'y': 2021, 'sim': 66.0, 'fant': 0.985}, {'p': 'Dyami Brown', 'y': 2021, 'sim': 65.0, 'fant': 0.517}, {'p': 'Nelson Agholor', 'y': 2015, 'sim': 64.0, 'fant': 0.848}, {'p': 'Garrett Wilson', 'y': 2022, 'sim': 64.0, 'fant': 0.92}, {'p': 'KD Cannon', 'y': 2017, 'sim': 63.0, 'fant': 0.178}, {'p': 'CeeDee Lamb', 'y': 2020, 'sim': 62.0, 'fant': 0.988}]"
Pharoh Cooper,2016,historical,8,0.776173285198556,0.6678700361010831,19.94747832223964,44.62775317526012,0.1983881689792616,0.8423833403279268,1,0,0,0.4674922600619195,0.8406040268456376,117.0,20.82135523613963,19.60848733744011,0.4306756437514765,0.465,0.102714809429857,1136.0,1.0,3.0,2.0,"{'best_dom': 1.34, 'final_dom': 1.624, 'dom_age20': 1.143, 'n_seasons_30': 1.514, 'best_yds': 0.544, 'career_yds': 0.191, 'final_ppa': -0.771, 'best_ppa': -0.578, 'best_usage': 1.245, 'nfl_entry_age': -1.413, 'breakout_age': -0.485, 'early_declare': 1.399, 'ras': -1.46, 'explosion_p': -1.665, 'speed_score': -1.246, 'weight': 0.086, 'catch_radius': -0.961, 'team_sp_off': 1.237, 'team_sp_overall': 0.452, 'recruit_rating': -0.211, 'prod_over_recruit': 1.128, 'was_returner': 0.693, 'ret_td': -0.418, 'col_qb_ypa': -0.26, 'final_spike': -0.271, 'dom_growth': 2.04}","[{'p': 'Isaiah McKoy', 'y': 2021, 'sim': 67.0, 'fant': 0.178}, {'p': 'Tajae Sharpe', 'y': 2016, 'sim': 64.0, 'fant': 0.641}, {'p': 'KC Concepcion', 'y': 2026, 'sim': 63.0, 'fant': None}, {'p': 'Jamison Crowder', 'y': 2015, 'sim': 62.0, 'fant': 0.876}, {'p': 'Hunter Sharp', 'y': 2016, 'sim': 61.0, 'fant': 0.178}, {'p': 'Rashard Higgins', 'y': 2016, 'sim': 60.0, 'fant': 0.768}]"
Dante Pettis,2018,historical,9,0.8628158844765343,0.3971119133574007,27.25232372333263,37.658162297772,0.8181005095801508,-0.4563012145709298,0,0,0,0.6749226006191951,0.8389261744966443,44.0,22.19301848049281,20.980150581793293,0.3162827234695555,0.428,,822.0,1.0,3.0,1.0,"{'best_dom': 0.115, 'final_dom': 0.492, 'dom_age20': -0.598, 'n_seasons_30': 0.306, 'best_yds': -0.337, 'career_yds': 0.298, 'final_ppa': -0.912, 'best_ppa': 0.264, 'best_usage': -0.017, 'nfl_entry_age': 0.115, 'breakout_age': -0.438, 'early_declare': -0.713, 'ras': -0.233, 'explosion_p': 0.0, 'speed_score': 0.0, 'weight': -1.139, 'catch_radius': 0.27, 'team_sp_off': 0.73, 'team_sp_overall': 1.249, 'recruit_rating': -0.661, 'prod_over_recruit': 0.599, 'was_returner': 0.693, 'ret_td': 6.465, 'col_qb_ypa': 0.514, 'final_spike': -0.251, 'dom_growth': 0.73}","[{'p': 'Rodney Adams', 'y': 2017, 'sim': 67.0, 'fant': 0.178}, {'p': 'Ihmir Smith-Marsette', 'y': 2021, 'sim': 67.0, 'fant': 0.554}, {'p': 'Reggie Virgil', 'y': 2026, 'sim': 66.0, 'fant': None}, {'p': 'Chris Olave', 'y': 2022, 'sim': 61.0, 'fant': 0.892}, {'p': 'Lewis Bond', 'y': 2026, 'sim': 59.0, 'fant': None}, {'p': 'Jalen Nailor', 'y': 2022, 'sim': 59.0, 'fant': 0.687}]"
Michael Thomas,2016,historical,9,0.855595667870036,0.7075812274368231,25.88904163761787,46.27653914076955,0.7252244421916287,0.15901303749054854,0,0,0,0.9938080495356038,0.8355704697986577,47.0,22.830937713894592,21.61806981519507,0.3256715771230503,1.003,0.5420774764165205,1391.0,1.0,3.0,1.0,"{'best_dom': 0.216, 'final_dom': 0.585, 'dom_age20': -1.358, 'n_seasons_30': 0.306, 'best_yds': 1.26, 'career_yds': -0.016, 'final_ppa': 1.278, 'best_ppa': 0.048, 'best_usage': -0.165, 'nfl_entry_age': 0.826, 'breakout_age': -0.416, 'early_declare': -0.713, 'ras': 0.977, 'explosion_p': 0.269, 'speed_score': -0.103, 'weight': 0.734, 'catch_radius': 1.047, 'team_sp_off': -0.597, 'team_sp_overall': -0.918, 'recruit_rating': -1.415, 'prod_over_recruit': 1.178, 'was_returner': 0.693, 'ret_td': 0.347, 'col_qb_ypa': 0.342, 'final_spike': 0.172, 'dom_growth': -0.792}","[{'p': 'Tre Harris', 'y': 2025, 'sim': 70.0, 'fant': None}, {'p': 'Elijah Sarratt', 'y': 2026, 'sim': 69.0, 'fant': None}, {'p': 'Rashee Rice', 'y': 2023, 'sim': 66.0, 'fant': None}, {'p': ""J'Mon Moore"", 'y': 2018, 'sim': 64.0, 'fant': 0.178}, {'p': 'Xavier Legette', 'y': 2024, 'sim': 62.0, 'fant': None}, {'p': 'Travis Fulgham', 'y': 2019, 'sim': 61.0, 'fant': 0.845}]"
Chase Claypool,2020,historical,9,0.8592057761732852,0.7256317689530686,26.078300424805043,46.62403490356779,0.27165572046760644,-0.17935919699578817,0,0,0,0.8575851393188855,0.8355704697986577,49.0,21.48665297741273,21.27310061601643,0.3338513925762247,0.58,0.8789824011103141,1037.0,1.0,4.0,1.0,"{'best_dom': 0.303, 'final_dom': 0.666, 'dom_age20': 0.088, 'n_seasons_30': 0.306, 'best_yds': 0.266, 'career_yds': 0.186, 'final_ppa': -0.333, 'best_ppa': -0.239, 'best_usage': 0.082, 'nfl_entry_age': -0.672, 'breakout_age': -0.428, 'early_declare': -0.713, 'ras': 2.29, 'explosion_p': 1.753, 'speed_score': 2.93, 'weight': 2.607, 'catch_radius': 1.853, 'team_sp_off': 0.074, 'team_sp_overall': 0.478, 'recruit_rating': 0.643, 'prod_over_recruit': -0.106, 'was_returner': -1.439, 'ret_td': 0.0, 'col_qb_ypa': -0.517, 'final_spike': -0.044, 'dom_growth': 1.351}","[{'p': 'Miles Boykin', 'y': 2019, 'sim': 70.0, 'fant': 0.483}, {'p': 'Michael Pittman Jr.', 'y': 2020, 'sim': 64.0, 'fant': 0.935}, {'p': 'Jonathan Mingo', 'y': 2023, 'sim': 63.0, 'fant': None}, {'p': 'Ricardo Louis', 'y': 2016, 'sim': 62.0, 'fant': 0.591}, {'p': 'Adonai Mitchell', 'y': 2024, 'sim': 60.0, 'fant': None}, {'p': 'D.K. Metcalf', 'y': 2019, 'sim': 60.0, 'fant': 0.96}]"
Laquon Treadwell,2016,historical,10,0.9458483754512635,0.6137184115523465,41.398155252979514,42.820927657120706,0.8564793477433748,0.21590435326353363,0,0,0,0.5634674922600619,0.8338926174496645,23.0,20.550308008213552,20.33675564681725,0.2896411334011886,0.654,0.2560244034712203,1153.0,1.0,5.0,0.0,"{'best_dom': -0.17, 'final_dom': 0.228, 'dom_age20': 0.935, 'n_seasons_30': -0.902, 'best_yds': 0.592, 'career_yds': 0.455, 'final_ppa': -0.051, 'best_ppa': -0.721, 'best_usage': 0.206, 'nfl_entry_age': -1.715, 'breakout_age': -0.46, 'early_declare': 1.399, 'ras': -0.307, 'explosion_p': -0.99, 'speed_score': -0.307, 'weight': 1.382, 'catch_radius': 0.456, 'team_sp_off': 1.162, 'team_sp_overall': 1.274, 'recruit_rating': 1.684, 'prod_over_recruit': -1.329, 'was_returner': 0.693, 'ret_td': -0.418, 'col_qb_ypa': 0.514, 'final_spike': 0.016, 'dom_growth': -0.447}","[{'p': 'Tee Higgins', 'y': 2020, 'sim': 69.0, 'fant': 0.972}, {'p': 'Juju Smith-Schuster', 'y': 2017, 'sim': 64.0, 'fant': 0.969}, {'p': 'Jerry Jeudy', 'y': 2020, 'sim': 62.0, 'fant': 0.898}, {'p': 'Deon Cain', 'y': 2018, 'sim': 60.0, 'fant': 0.384}, {'p': 'Puka Nacua', 'y': 2023, 'sim': 58.0, 'fant': None}, {'p': 'George Pickens', 'y': 2022, 'sim': 57.0, 'fant': 0.87}]"
Nico Collins,2021,historical,9,0.8050541516245487,0.8303249097472925,22.688142122562034,49.332144378348914,0.07293716428826102,0.42004381349239445,1,0,0,0.9535603715170279,0.8322147651006712,89.0,21.790554414784395,19.575633127994525,0.2517755289788408,0.843,0.7573559712412244,729.0,1.0,4.0,0.0,"{'best_dom': -0.576, 'final_dom': -0.147, 'dom_age20': 0.538, 'n_seasons_30': -0.902, 'best_yds': -0.598, 'career_yds': -0.7, 'final_ppa': 0.669, 'best_ppa': 0.103, 'best_usage': -1.204, 'nfl_entry_age': -0.333, 'breakout_age': -0.486, 'early_declare': 1.399, 'ras': 1.527, 'explosion_p': 1.217, 'speed_score': 1.27, 'weight': 0.95, 'catch_radius': 1.441, 'team_sp_off': 0.059, 'team_sp_overall': 0.735, 'recruit_rating': 0.796, 'prod_over_recruit': -1.111, 'was_returner': -1.439, 'ret_td': 0.0, 'col_qb_ypa': -0.174, 'final_spike': -0.183, 'dom_growth': 0.746}","[{'p': ""Ja'Kobi Lane"", 'y': 2026, 'sim': 75.0, 'fant': None}, {'p': 'D.K. Metcalf', 'y': 2019, 'sim': 69.0, 'fant': 0.96}, {'p': 'Jonathan Mingo', 'y': 2023, 'sim': 67.0, 'fant': None}, {'p': 'DeVante Parker', 'y': 2015, 'sim': 66.0, 'fant': 0.895}, {'p': 'Beaux Collins', 'y': 2025, 'sim': 64.0, 'fant': None}, {'p': 'Michael Wilson', 'y': 2023, 'sim': 64.0, 'fant': None}]"
Michael Gallup,2018,historical,8,0.7581227436823105,0.7833935018050542,19.335549403923054,47.84621363206443,0.5764839987506343,0.7032690269708534,1,0,0,0.8823529411764706,0.8305369127516778,81.0,21.828884325804243,20.61601642710472,0.4410026625105526,0.539,0.5135845121584802,1413.0,1.0,3.0,2.0,"{'best_dom': 1.45, 'final_dom': 0.397, 'dom_age20': -1.358, 'n_seasons_30': 1.514, 'best_yds': 1.322, 'career_yds': 0.791, 'final_ppa': -0.489, 'best_ppa': -0.646, 'best_usage': 1.097, 'nfl_entry_age': -0.291, 'breakout_age': -0.45, 'early_declare': 1.399, 'ras': -0.21, 'explosion_p': 0.144, 'speed_score': 0.106, 'weight': 0.23, 'catch_radius': -0.261, 'team_sp_off': -0.105, 'team_sp_overall': -0.704, 'recruit_rating': -1.168, 'prod_over_recruit': 1.957, 'was_returner': -1.439, 'ret_td': 0.0, 'col_qb_ypa': 0.084, 'final_spike': -0.196, 'dom_growth': -2.327}","[{'p': 'Cedrick Wilson', 'y': 2018, 'sim': 64.0, 'fant': 0.718}, {'p': 'Isaiah Ford', 'y': 2017, 'sim': 61.0, 'fant': 0.616}, {'p': 'James Washington', 'y': 2018, 'sim': 61.0, 'fant': 0.659}, {'p': 'Jalen Walthall', 'y': 2026, 'sim': 60.0, 'fant': None}, {'p': 'Chad Hansen', 'y': 2017, 'sim': 60.0, 'fant': 0.644}, {'p': 'Taywan Taylor', 'y': 2017, 'sim': 60.0, 'fant': 0.582}]"
Amara Darboh,2017,historical,7,0.6678700361010831,0.4404332129963899,16.071446604516574,38.317478550507985,0.6868045015740112,-0.251410074023237,0,0,0,0.38080495356037153,0.8288590604026845,106.0,22.915811088295687,20.700889801505816,0.3313860667634252,0.596,0.6665466678945611,862.0,1.0,4.0,1.0,"{'best_dom': 0.277, 'final_dom': 0.641, 'dom_age20': -1.358, 'n_seasons_30': 0.306, 'best_yds': -0.225, 'career_yds': 0.075, 'final_ppa': -0.272, 'best_ppa': -0.752, 'best_usage': -0.511, 'nfl_entry_age': 0.92, 'breakout_age': -0.448, 'early_declare': -0.713, 'ras': 1.254, 'explosion_p': 0.817, 'speed_score': 1.214, 'weight': 0.878, 'catch_radius': 0.973, 'team_sp_off': -0.076, 'team_sp_overall': 1.052, 'recruit_rating': 0.487, 'prod_over_recruit': 0.008, 'was_returner': 0.693, 'ret_td': -0.418, 'col_qb_ypa': -0.431, 'final_spike': -0.174, 'dom_growth': -0.307}","[{'p': 'Jordan Payton', 'y': 2016, 'sim': 64.0, 'fant': 0.178}, {'p': 'Erik Ezukanma', 'y': 2022, 'sim': 63.0, 'fant': 0.178}, {'p': 'Luke McCaffrey', 'y': 2024, 'sim': 63.0, 'fant': None}, {'p': 'Ricardo Louis', 'y': 2016, 'sim': 63.0, 'fant': 0.591}, {'p': 'Cedric Tillman', 'y': 2023, 'sim': 61.0, 'fant': None}, {'p': 'Simi Fehoko', 'y': 2021, 'sim': 61.0, 'fant': 0.452}]"
Josh Reynolds,2017,historical,8,0.7617328519855595,0.927797833935018,19.369969382838892,53.73527176416918,0.11232365054690818,0.8144041593192365,1,0,0,0.7894736842105263,0.8271812080536913,117.0,21.87542778918549,19.66050650239562,0.3966174253843835,0.945,0.5237806868952969,1039.0,1.0,3.0,1.0,"{'best_dom': 0.975, 'final_dom': 1.287, 'dom_age20': 0.801, 'n_seasons_30': 0.306, 'best_yds': 0.272, 'career_yds': 0.909, 'final_ppa': 1.057, 'best_ppa': -0.08, 'best_usage': -0.709, 'nfl_entry_age': -0.239, 'breakout_age': -0.483, 'early_declare': 1.399, 'ras': 0.331, 'explosion_p': 0.189, 'speed_score': -0.571, 'weight': -0.563, 'catch_radius': 0.492, 'team_sp_off': 0.282, 'team_sp_overall': -0.01, 'recruit_rating': -0.864, 'prod_over_recruit': 1.544, 'was_returner': -1.439, 'ret_td': 0.0, 'col_qb_ypa': -1.291, 'final_spike': -0.186, 'dom_growth': -0.239}","[{'p': 'Quintez Cephus', 'y': 2020, 'sim': 63.0, 'fant': 0.762}, {'p': 'Romeo Doubs', 'y': 2022, 'sim': 62.0, 'fant': 0.827}, {'p': 'Tai Felton', 'y': 2025, 'sim': 60.0, 'fant': None}, {'p': 'Tre Harris', 'y': 2025, 'sim': 59.0, 'fant': None}, {'p': 'Elijah Sarratt', 'y': 2026, 'sim': 58.0, 'fant': None}, {'p': 'Pat Bryant', 'y': 2025, 'sim': 58.0, 'fant': None}]"
K.J. Hamler,2020,historical,10,0.9061371841155235,0.9097472924187726,32.27903105216822,51.86974063720839,0.17975042293690602,0.3571548191236275,0,0,0,0.6346749226006192,0.825503355704698,46.0,20.484599589322382,19.27173169062286,0.3171080987139381,0.472,,904.0,1.0,4.0,1.0,"{'best_dom': 0.124, 'final_dom': 0.5, 'dom_age20': 1.153, 'n_seasons_30': 0.306, 'best_yds': -0.107, 'career_yds': -0.389, 'final_ppa': -0.744, 'best_ppa': -1.122, 'best_usage': -0.19, 'nfl_entry_age': -1.788, 'breakout_age': -0.496, 'early_declare': 1.399, 'ras': -1.842, 'explosion_p': 0.0, 'speed_score': 0.0, 'weight': -1.715, 'catch_radius': -1.294, 'team_sp_off': 0.327, 'team_sp_overall': 1.043, 'recruit_rating': 0.101, 'prod_over_recruit': -0.024, 'was_returner': 0.693, 'ret_td': -0.418, 'col_qb_ypa': 0.084, 'final_spike': -0.17, 'dom_growth': -0.69}","[{'p': ""Wan'Dale Robinson"", 'y': 2022, 'sim': 69.0, 'fant': 0.824}, {'p': 'Makai Lemon', 'y': 2026, 'sim': 61.0, 'fant': None}, {'p': 'Deontay Burnett', 'y': 2018, 'sim': 61.0, 'fant': 0.579}, {'p': 'KD Cannon', 'y': 2017, 'sim': 60.0, 'fant': 0.178}, {'p': 'Anthony Schwartz', 'y': 2021, 'sim': 58.0, 'fant': 0.44}, {'p': 'Parker Washington', 'y': 2023, 'sim': 58.0, 'fant': None}]"
Jameson Williams,2022,historical,10,0.9819494584837545,0.9675090252707581,52.1998575887981,55.700669052098434,1.8801438784734859,0.3577788735609422,0,1,1,0.7554179566563467,0.8238255033557047,12.0,20.76933607118412,20.555783709787818,0.3111879065641632,1.022,,1572.0,1.0,4.0,1.0,"{'best_dom': 0.061, 'final_dom': 0.441, 'dom_age20': -0.708, 'n_seasons_30': 0.306, 'best_yds': 1.768, 'career_yds': -0.183, 'final_ppa': 1.35, 'best_ppa': 0.09, 'best_usage': -0.412, 'nfl_entry_age': -1.471, 'breakout_age': -0.453, 'early_declare': 1.399, 'ras': -0.482, 'explosion_p': 0.0, 'speed_score': 0.0, 'weight': -1.643, 'catch_radius': 0.174, 'team_sp_off': 0.834, 'team_sp_overall': 1.189, 'recruit_rating': 1.19, 'prod_over_recruit': -0.751, 'was_returner': 0.693, 'ret_td': 1.111, 'col_qb_ypa': 0.6, 'final_spike': 2.504, 'dom_growth': 1.068}","[{'p': 'CeeDee Lamb', 'y': 2020, 'sim': 69.0, 'fant': 0.988}, {'p': 'Troy Franklin', 'y': 2024, 'sim': 67.0, 'fant': None}, {'p': 'Jordan Addison', 'y': 2023, 'sim': 64.0, 'fant': None}, {'p': 'Jalin Hyatt', 'y': 2023, 'sim': 63.0, 'fant': None}, {'p': 'Rashod Bateman', 'y': 2021, 'sim': 59.0, 'fant': 0.836}, {'p': 'Garrett Wilson', 'y': 2022, 'sim': 59.0, 'fant': 0.92}]"
Andy Isabella,2019,historical,9,0.8231046931407943,0.9350180505415162,23.495171393562945,53.95484713983572,-0.8570351584976121,0.8952617876406254,1,0,0,0.544891640866873,0.8221476510067114,62.0,22.119096509240247,19.906913073237508,0.4780170270942083,0.734,0.6162773683246032,1697.0,1.0,3.0,2.0,"{'best_dom': 1.847, 'final_dom': 2.093, 'dom_age20': 0.698, 'n_seasons_30': 1.514, 'best_yds': 2.119, 'career_yds': 1.756, 'final_ppa': 0.253, 'best_ppa': -0.545, 'best_usage': 1.715, 'nfl_entry_age': 0.033, 'breakout_age': -0.475, 'early_declare': -0.713, 'ras': 0.085, 'explosion_p': 0.596, 'speed_score': 1.193, 'weight': -0.995, 'catch_radius': -1.64, 'team_sp_off': -1.119, 'team_sp_overall': -2.417, 'recruit_rating': -0.793, 'prod_over_recruit': 1.884, 'was_returner': 0.693, 'ret_td': -0.418, 'col_qb_ypa': 0.944, 'final_spike': -0.032, 'dom_growth': 2.615}","[{'p': 'Tyler Lockett', 'y': 2015, 'sim': 73.0, 'fant': 0.913}, {'p': 'Malik Washington', 'y': 2024, 'sim': 65.0, 'fant': None}, {'p': 'Taywan Taylor', 'y': 2017, 'sim': 64.0, 'fant': 0.582}, {'p': 'Carlos Henderson', 'y': 2017, 'sim': 64.0, 'fant': 0.178}, {'p': 'Skyy Moore', 'y': 2022, 'sim': 62.0, 'fant': 0.498}, {'p': 'Justin Hardy', 'y': 2015, 'sim': 61.0, 'fant': 0.625}]"
Diontae Johnson,2019,historical,8,0.7942238267148014,0.4151624548736462,21.057184136353186,37.85119294361941,-0.45242302306310905,0.2589060467815875,0,0,0,0.9411764705882353,0.8187919463087249,66.0,22.49144421629021,21.27857631759069,0.3951946560711552,0.572,0.2919938493652623,1278.0,1.0,,1.0,"{'best_dom': 0.96, 'final_dom': -0.136, 'dom_age20': -0.554, 'n_seasons_30': 0.306, 'best_yds': 0.943, 'career_yds': 0.321, 'final_ppa': -0.364, 'best_ppa': -0.186, 'best_usage': -0.437, 'nfl_entry_age': 0.448, 'breakout_age': -0.428, 'early_declare': -0.713, 'ras': -1.415, 'explosion_p': -0.831, 'speed_score': -1.238, 'weight': -1.355, 'catch_radius': -1.553, 'team_sp_off': -0.463, 'team_sp_overall': -0.473, 'recruit_rating': 0.0, 'prod_over_recruit': 0.0, 'was_returner': 0.693, 'ret_td': 2.641, 'col_qb_ypa': 1.03, 'final_spike': -0.349, 'dom_growth': -0.018}","[{'p': 'Marquez Stevenson', 'y': 2021, 'sim': 71.0, 'fant': 0.178}, {'p': 'Demarcus Ayers', 'y': 2016, 'sim': 65.0, 'fant': 0.178}, {'p': 'Keevan Lucas', 'y': 2017, 'sim': 62.0, 'fant': None}, {'p': 'James Proche', 'y': 2020, 'sim': 60.0, 'fant': 0.471}, {'p': 'Justin Hardy', 'y': 2015, 'sim': 60.0, 'fant': 0.625}, {'p': 'Makai Lemon', 'y': 2026, 'sim': 60.0, 'fant': None}]"
Kevin White,2015,historical,10,0.9675090252707581,0.6714801444043321,50.90081433969313,44.659198245490565,-0.045296195732891884,0.13666198395155335,0,0,1,0.8421052631578947,0.8154362416107382,7.0,22.51882272416153,21.305954825462013,0.3678718757583111,0.497,0.7015788675650761,1447.0,1.0,,1.0,"{'best_dom': 0.667, 'final_dom': 1.002, 'dom_age20': -1.358, 'n_seasons_30': 0.306, 'best_yds': 1.418, 'career_yds': -0.049, 'final_ppa': -0.649, 'best_ppa': -0.34, 'best_usage': 0.503, 'nfl_entry_age': 0.478, 'breakout_age': -0.427, 'early_declare': -0.713, 'ras': 1.179, 'explosion_p': 0.972, 'speed_score': 2.42, 'weight': 0.95, 'catch_radius': 0.712, 'team_sp_off': -0.597, 'team_sp_overall': -0.319, 'recruit_rating': 0.0, 'prod_over_recruit': 0.0, 'was_returner': -1.439, 'ret_td': 0.0, 'col_qb_ypa': -0.345, 'final_spike': 0.322, 'dom_growth': -0.182}","[{'p': 'Cedric Tillman', 'y': 2023, 'sim': 73.0, 'fant': None}, {'p': 'Zay Jones', 'y': 2017, 'sim': 66.0, 'fant': 0.721}, {'p': 'Elijah Sarratt', 'y': 2026, 'sim': 64.0, 'fant': None}, {'p': 'Travis Fulgham', 'y': 2019, 'sim': 62.0, 'fant': 0.845}, {'p': 'Rashee Rice', 'y': 2023, 'sim': 62.0, 'fant': None}, {'p': 'Michael Thomas', 'y': 2016, 'sim': 62.0, 'fant': 0.994}]"
Kenny Golladay,2017,historical,7,0.6931407942238267,0.49097472924187724,17.02319446305972,39.57194083438021,-0.6109649191680862,0.3916243170699969,0,0,0,0.9287925696594427,0.8137583892617449,96.0,23.16221765913758,21.94661190965092,0.4207271481089164,0.377,0.5314541897710814,1164.0,1.0,2.0,2.0,"{'best_dom': 1.233, 'final_dom': 1.478, 'dom_age20': 0.0, 'n_seasons_30': 1.514, 'best_yds': 0.623, 'career_yds': 0.394, 'final_ppa': -1.106, 'best_ppa': -0.904, 'best_usage': 1.245, 'nfl_entry_age': 1.195, 'breakout_age': -0.405, 'early_declare': -0.713, 'ras': 0.662, 'explosion_p': 0.223, 'speed_score': 0.903, 'weight': 1.166, 'catch_radius': 0.909, 'team_sp_off': -0.493, 'team_sp_overall': -1.244, 'recruit_rating': -3.066, 'prod_over_recruit': 2.218, 'was_returner': 0.693, 'ret_td': -0.418, 'col_qb_ypa': -1.119, 'final_spike': -0.22, 'dom_growth': 0.0}","[{'p': 'Cedric Tillman', 'y': 2023, 'sim': 62.0, 'fant': None}, {'p': 'Travis Fulgham', 'y': 2019, 'sim': 60.0, 'fant': 0.845}, {'p': 'Zach Pascal', 'y': 2017, 'sim': 60.0, 'fant': 0.774}, {'p': 'Devante Davis', 'y': 2015, 'sim': 60.0, 'fant': None}, {'p': 'Kevin White', 'y': 2015, 'sim': 59.0, 'fant': 0.842}, {'p': 'Antonio Gandy-Golden', 'y': 2020, 'sim': 59.0, 'fant': 0.362}]"
Rondale Moore,2021,historical,9,0.8953068592057761,0.9783393501805054,31.250853074138753,56.662625230894015,1.2555764451339195,0.6926513618222702,0,1,0,0.7925696594427245,0.8120805369127517,49.0,20.56399726214921,18.349075975359344,0.3716143786178804,0.349,0.8162317873956638,1258.0,1.0,4.0,1.0,"{'best_dom': 0.707, 'final_dom': -1.918, 'dom_age20': 1.584, 'n_seasons_30': 0.306, 'best_yds': 0.887, 'career_yds': -0.094, 'final_ppa': -1.213, 'best_ppa': -0.862, 'best_usage': 3.324, 'nfl_entry_age': -1.7, 'breakout_age': -0.528, 'early_declare': 1.399, 'ras': 0.552, 'explosion_p': 1.476, 'speed_score': 0.639, 'weight': -1.499, 'catch_radius': -1.228, 'team_sp_off': 0.282, 'team_sp_overall': -0.482, 'recruit_rating': 0.382, 'prod_over_recruit': 0.409, 'was_returner': 0.693, 'ret_td': -0.418, 'col_qb_ypa': -0.174, 'final_spike': -0.462, 'dom_growth': -3.657}","[{'p': 'Josh Downs', 'y': 2023, 'sim': 67.0, 'fant': None}, {'p': 'John Ross', 'y': 2017, 'sim': 65.0, 'fant': 0.737}, {'p': 'Jalen Reagor', 'y': 2020, 'sim': 61.0, 'fant': 0.61}, {'p': 'Xavier Worthy', 'y': 2024, 'sim': 61.0, 'fant': None}, {'p': 'Corey Coleman', 'y': 2016, 'sim': 61.0, 'fant': 0.647}, {'p': 'Elijah Moore', 'y': 2021, 'sim': 60.0, 'fant': 0.817}]"
Miles Boykin,2019,historical,8,0.7111913357400722,0.5703971119133574,17.556301608580963,41.64811806131402,1.0966868418682052,-0.06060476352517534,0,0,0,0.48297213622291024,0.8104026845637584,93.0,22.220396988364133,22.00684462696783,0.3045301794878474,0.647,0.9856571700196556,872.0,1.0,4.0,1.0,"{'best_dom': -0.011, 'final_dom': 0.376, 'dom_age20': -1.107, 'n_seasons_30': 0.306, 'best_yds': -0.197, 'career_yds': -0.909, 'final_ppa': -0.078, 'best_ppa': 0.229, 'best_usage': -0.561, 'nfl_entry_age': 0.146, 'breakout_age': -0.403, 'early_declare': -0.713, 'ras': 2.658, 'explosion_p': 2.222, 'speed_score': 1.89, 'weight': 1.31, 'catch_radius': 2.128, 'team_sp_off': -0.105, 'team_sp_overall': 0.735, 'recruit_rating': 0.521, 'prod_over_recruit': -0.406, 'was_returner': 0.693, 'ret_td': -0.418, 'col_qb_ypa': 0.17, 'final_spike': 0.497, 'dom_growth': 0.964}","[{'p': 'Chase Claypool', 'y': 2020, 'sim': 69.0, 'fant': 0.858}, {'p': 'Adonai Mitchell', 'y': 2024, 'sim': 66.0, 'fant': None}, {'p': 'Ricardo Louis', 'y': 2016, 'sim': 65.0, 'fant': 0.591}, {'p': 'Chris Conley', 'y': 2015, 'sim': 65.0, 'fant': 0.712}, {'p': 'Jonathan Mingo', 'y': 2023, 'sim': 65.0, 'fant': None}, {'p': 'Amara Darboh', 'y': 2017, 'sim': 62.0, 'fant': 0.381}]"
Mike Williams,2017,historical,10,0.9711191335740073,0.592057761732852,51.06863883455248,42.05588805310013,-0.6784114890569913,-0.270182010813801,0,0,1,0.9009287925696594,0.8053691275167785,7.0,22.245037645448324,20.030116358658454,0.2817273795534665,0.596,0.4021010482683433,1361.0,1.0,4.0,0.0,"{'best_dom': -0.255, 'final_dom': -0.084, 'dom_age20': 0.872, 'n_seasons_30': -0.902, 'best_yds': 1.176, 'career_yds': 0.839, 'final_ppa': -0.272, 'best_ppa': 0.597, 'best_usage': -0.19, 'nfl_entry_age': 0.173, 'breakout_age': -0.47, 'early_declare': -0.713, 'ras': 0.323, 'explosion_p': -0.347, 'speed_score': 0.495, 'weight': 1.166, 'catch_radius': 0.588, 'team_sp_off': 1.222, 'team_sp_overall': 1.42, 'recruit_rating': 0.362, 'prod_over_recruit': -0.524, 'was_returner': -1.439, 'ret_td': 0.0, 'col_qb_ypa': -0.26, 'final_spike': -0.133, 'dom_growth': 0.24}","[{'p': 'Collin Johnson', 'y': 2020, 'sim': 62.0, 'fant': 0.551}, {'p': 'Michael Pittman Jr.', 'y': 2020, 'sim': 61.0, 'fant': 0.935}, {'p': 'Jack Bech', 'y': 2025, 'sim': 58.0, 'fant': None}, {'p': 'Jordan Payton', 'y': 2016, 'sim': 58.0, 'fant': 0.178}, {'p': 'Germie Bernard', 'y': 2026, 'sim': 57.0, 'fant': None}, {'p': 'Jaleel Scott', 'y': 2018, 'sim': 57.0, 'fant': 0.178}]"
Parris Campbell,2019,historical,9,0.8194945848375451,0.6462093862815884,23.354018654218475,43.93688262521911,0.20677180084861213,0.13933270105621218,0,0,0,0.6625386996904025,0.802013422818792,59.0,21.462012320328544,21.24845995893224,0.2077137176938369,0.604,0.9561657508620844,983.0,1.0,4.0,0.0,"{'best_dom': -1.047, 'final_dom': -0.583, 'dom_age20': -0.425, 'n_seasons_30': -0.902, 'best_yds': 0.115, 'career_yds': -0.355, 'final_ppa': -0.242, 'best_ppa': -0.831, 'best_usage': -0.412, 'nfl_entry_age': -0.699, 'breakout_age': -0.429, 'early_declare': 1.399, 'ras': 1.992, 'explosion_p': 2.092, 'speed_score': 2.28, 'weight': 0.23, 'catch_radius': 0.607, 'team_sp_off': 1.356, 'team_sp_overall': 1.026, 'recruit_rating': 0.813, 'prod_over_recruit': -1.434, 'was_returner': 0.693, 'ret_td': -0.418, 'col_qb_ypa': 0.6, 'final_spike': -0.026, 'dom_growth': 0.262}","[{'p': 'Jonathan Mingo', 'y': 2023, 'sim': 69.0, 'fant': None}, {'p': 'Darius Slayton', 'y': 2019, 'sim': 66.0, 'fant': 0.851}, {'p': 'Jalen McMillan', 'y': 2024, 'sim': 64.0, 'fant': None}, {'p': 'Quentin Johnston', 'y': 2023, 'sim': 64.0, 'fant': None}, {'p': 'Chris Conley', 'y': 2015, 'sim': 64.0, 'fant': 0.712}, {'p': 'Kadarius Toney', 'y': 2021, 'sim': 63.0, 'fant': 0.672}]"
Josh Malone,2017,historical,7,0.6570397111913358,0.8592057761732852,15.894291656810896,50.4792721953996,0.3593616225411132,0.5078397797795221,1,0,0,0.3993808049535604,0.7969798657718121,128.0,20.78302532511978,20.56947296372348,0.3532027649769585,0.974,0.438746161667183,972.0,1.0,4.0,1.0,"{'best_dom': 0.51, 'final_dom': 0.857, 'dom_age20': -0.271, 'n_seasons_30': 0.306, 'best_yds': 0.084, 'career_yds': -0.447, 'final_ppa': 1.168, 'best_ppa': -0.016, 'best_usage': -0.932, 'nfl_entry_age': -1.456, 'breakout_age': -0.452, 'early_declare': 1.399, 'ras': 0.191, 'explosion_p': -0.185, 'speed_score': 1.417, 'weight': 0.446, 'catch_radius': -0.174, 'team_sp_off': 0.685, 'team_sp_overall': 0.358, 'recruit_rating': 1.522, 'prod_over_recruit': -0.531, 'was_returner': -1.439, 'ret_td': 0.0, 'col_qb_ypa': 0.084, 'final_spike': 0.187, 'dom_growth': 1.118}","[{'p': 'Isaiah Hodgins', 'y': 2020, 'sim': 69.0, 'fant': 0.743}, {'p': 'CeeDee Lamb', 'y': 2020, 'sim': 67.0, 'fant': 0.988}, {'p': 'Dillon Mitchell', 'y': 2019, 'sim': 60.0, 'fant': 0.178}, {'p': 'Marquez Callaway', 'y': 2020, 'sim': 59.0, 'fant': 0.666}, {'p': 'Josh Reynolds', 'y': 2017, 'sim': 58.0, 'fant': 0.789}, {'p': 'Chris Godwin', 'y': 2017, 'sim': 57.0, 'fant': 0.981}]"
Chris Olave,2022,historical,10,0.9927797833935018,0.8375451263537906,56.102082046032876,49.53841359917817,-0.13978108255473232,0.03180102839228901,0,0,1,0.891640866873065,0.7953020134228188,11.0,21.51403148528405,19.299110198494184,0.3326623376623376,0.613,0.442089243737971,936.0,1.0,3.0,1.0,"{'best_dom': 0.29, 'final_dom': -0.305, 'dom_age20': 1.276, 'n_seasons_30': 0.306, 'best_yds': -0.017, 'career_yds': 0.821, 'final_ppa': -0.207, 'best_ppa': 0.837, 'best_usage': 0.008, 'nfl_entry_age': -0.641, 'breakout_age': -0.495, 'early_declare': -0.713, 'ras': -0.163, 'explosion_p': -0.171, 'speed_score': 0.282, 'weight': -1.067, 'catch_radius': -0.769, 'team_sp_off': 1.774, 'team_sp_overall': 1.471, 'recruit_rating': -0.021, 'prod_over_recruit': 0.359, 'was_returner': 0.693, 'ret_td': -0.418, 'col_qb_ypa': 1.632, 'final_spike': -0.198, 'dom_growth': 0.265}","[{'p': 'Ihmir Smith-Marsette', 'y': 2021, 'sim': 66.0, 'fant': 0.554}, {'p': 'Quintez Cephus', 'y': 2020, 'sim': 66.0, 'fant': 0.762}, {'p': 'Reggie Virgil', 'y': 2026, 'sim': 64.0, 'fant': None}, {'p': 'Dante Pettis', 'y': 2018, 'sim': 61.0, 'fant': 0.675}, {'p': 'Phillip Dorsett', 'y': 2015, 'sim': 59.0, 'fant': 0.746}, {'p': 'Isaiah Ford', 'y': 2017, 'sim': 57.0, 'fant': 0.616}]"
Tyler Johnson,2020,historical,8,0.7292418772563177,0.9855595667870036,18.410421944034372,58.182883777278526,0.15171450275600645,0.33727590563589493,0,1,0,0.5696594427244582,0.7936241610738255,161.0,21.352498288843258,19.14031485284052,0.58,0.919,,1318.0,1.0,3.0,3.0,"{'best_dom': 2.939, 'final_dom': 1.417, 'dom_age20': 3.234, 'n_seasons_30': 2.722, 'best_yds': 1.055, 'career_yds': 1.503, 'final_ppa': 0.958, 'best_ppa': -0.137, 'best_usage': 0.429, 'nfl_entry_age': -0.821, 'breakout_age': -0.501, 'early_declare': -0.713, 'ras': -0.523, 'explosion_p': 0.0, 'speed_score': 0.0, 'weight': 0.302, 'catch_radius': -0.877, 'team_sp_off': 0.67, 'team_sp_overall': 0.623, 'recruit_rating': -0.356, 'prod_over_recruit': 1.499, 'was_returner': -1.439, 'ret_td': 0.0, 'col_qb_ypa': 1.718, 'final_spike': -0.191, 'dom_growth': 1.371}","[{'p': 'Tory Horton', 'y': 2025, 'sim': 66.0, 'fant': None}, {'p': 'Michael Gallup', 'y': 2018, 'sim': 63.0, 'fant': 0.882}, {'p': 'Khalil Shakir', 'y': 2022, 'sim': 63.0, 'fant': 0.724}, {'p': 'Titus Davis', 'y': 2015, 'sim': 60.0, 'fant': 0.178}, {'p': 'Tyler Boyd', 'y': 2016, 'sim': 60.0, 'fant': 0.932}, {'p': 'Leonte Carroo', 'y': 2016, 'sim': 60.0, 'fant': 0.437}]"
Josh Doctson,2016,historical,10,0.9566787003610109,0.9133574007220217,45.673981196137284,51.8829924210731,0.3113997722559299,0.4295325707519449,0,0,1,0.7306501547987616,0.7919463087248322,22.0,23.077344284736483,18.863791923340177,0.3263767079352645,0.994,0.791857664712268,1327.0,1.0,3.0,1.0,"{'best_dom': 0.223, 'final_dom': 0.592, 'dom_age20': 0.364, 'n_seasons_30': 0.306, 'best_yds': 1.081, 'career_yds': 1.357, 'final_ppa': 1.244, 'best_ppa': 0.339, 'best_usage': 0.082, 'nfl_entry_age': 1.1, 'breakout_age': -0.51, 'early_declare': -0.713, 'ras': 1.621, 'explosion_p': 1.369, 'speed_score': 0.042, 'weight': 0.014, 'catch_radius': 1.249, 'team_sp_off': 0.819, 'team_sp_overall': 0.589, 'recruit_rating': -1.442, 'prod_over_recruit': 1.104, 'was_returner': -1.439, 'ret_td': 0.0, 'col_qb_ypa': 0.686, 'final_spike': -0.139, 'dom_growth': -0.361}","[{'p': 'Rashee Rice', 'y': 2023, 'sim': 73.0, 'fant': None}, {'p': 'Jayden Higgins', 'y': 2025, 'sim': 66.0, 'fant': None}, {'p': 'Tre Harris', 'y': 2025, 'sim': 66.0, 'fant': None}, {'p': 'Elijah Sarratt', 'y': 2026, 'sim': 65.0, 'fant': None}, {'p': 'Michael Thomas', 'y': 2016, 'sim': 64.0, 'fant': 0.994}, {'p': 'Kenny Bell', 'y': 2015, 'sim': 61.0, 'fant': 0.178}]"
Michael Pittman Jr.,2020,historical,10,0.9025270758122743,0.6967509025270758,31.8438032328499,45.697265762505694,0.4559312216879781,0.15715677098665462,0,0,0,0.934984520123839,0.790268456375839,34.0,22.239561943874055,21.026694045174537,0.3031909671084929,0.754,0.6052741320786486,1275.0,1.0,4.0,1.0,"{'best_dom': -0.025, 'final_dom': 0.362, 'dom_age20': -0.672, 'n_seasons_30': 0.306, 'best_yds': 0.935, 'career_yds': 0.583, 'final_ppa': 0.33, 'best_ppa': 0.026, 'best_usage': 0.355, 'nfl_entry_age': 0.167, 'breakout_age': -0.437, 'early_declare': -0.713, 'ras': 1.106, 'explosion_p': 0.548, 'speed_score': 0.961, 'weight': 1.526, 'catch_radius': 0.872, 'team_sp_off': 0.551, 'team_sp_overall': 0.084, 'recruit_rating': 1.299, 'prod_over_recruit': -0.965, 'was_returner': 0.693, 'ret_td': 0.347, 'col_qb_ypa': 0.6, 'final_spike': -0.016, 'dom_growth': 1.118}","[{'p': 'Michael Thomas', 'y': 2016, 'sim': 61.0, 'fant': 0.994}, {'p': 'A.J. Brown', 'y': 2019, 'sim': 61.0, 'fant': 0.978}, {'p': 'Kevin White', 'y': 2015, 'sim': 61.0, 'fant': 0.842}, {'p': 'Jordan Payton', 'y': 2016, 'sim': 61.0, 'fant': 0.178}, {'p': 'Cedric Tillman', 'y': 2023, 'sim': 61.0, 'fant': None}, {'p': 'Mike Williams', 'y': 2017, 'sim': 61.0, 'fant': 0.901}]"
Robert Davis,2017,historical,7,0.6787003610108303,0.8303249097472925,16.467471724962365,49.249261462489386,-0.1667668105185437,0.3286616972014271,0,0,0,0.1780185758513932,0.7885906040268457,209.0,21.752224503764545,18.537987679671456,0.3108490096546232,0.418,0.9567576052710156,980.0,1.0,2.0,1.0,"{'best_dom': 0.057, 'final_dom': 0.438, 'dom_age20': 0.449, 'n_seasons_30': 0.306, 'best_yds': 0.106, 'career_yds': 1.602, 'final_ppa': -0.95, 'best_ppa': -0.578, 'best_usage': 0.899, 'nfl_entry_age': -0.376, 'breakout_age': -0.521, 'early_declare': -0.713, 'ras': 1.881, 'explosion_p': 2.095, 'speed_score': 1.606, 'weight': 1.238, 'catch_radius': 1.63, 'team_sp_off': -1.09, 'team_sp_overall': -1.612, 'recruit_rating': -1.725, 'prod_over_recruit': 1.129, 'was_returner': -1.439, 'ret_td': 0.0, 'col_qb_ypa': 0.686, 'final_spike': -0.232, 'dom_growth': -0.573}","[{'p': 'Sammie Coates', 'y': 2015, 'sim': 66.0, 'fant': 0.573}, {'p': 'Jaelen Strong', 'y': 2015, 'sim': 64.0, 'fant': 0.56}, {'p': 'Ted Hurst', 'y': 2026, 'sim': 61.0, 'fant': None}, {'p': 'Denzel Mims', 'y': 2020, 'sim': 60.0, 'fant': 0.514}, {'p': 'Jonathan Adams', 'y': 2021, 'sim': 59.0, 'fant': None}, {'p': 'Alec Pierce', 'y': 2022, 'sim': 59.0, 'fant': 0.728}]"
Jalen Tolbert,2022,historical,8,0.7220216606498195,0.6967509025270758,17.880898525639083,45.94527156231668,0.4670737837435428,0.48947972964793673,1,0,0,0.6904024767801857,0.7869127516778524,88.0,22.84462696783025,20.629705681040384,0.4220014716703458,0.945,0.4761629415885047,1474.0,1.0,2.0,3.0,"{'best_dom': 1.247, 'final_dom': 1.535, 'dom_age20': -1.261, 'n_seasons_30': 2.722, 'best_yds': 1.493, 'career_yds': 1.315, 'final_ppa': 1.057, 'best_ppa': 1.983, 'best_usage': 0.379, 'nfl_entry_age': 0.841, 'breakout_age': -0.45, 'early_declare': -0.713, 'ras': 0.262, 'explosion_p': -0.021, 'speed_score': -0.349, 'weight': -0.635, 'catch_radius': 1.022, 'team_sp_off': -2.074, 'team_sp_overall': -1.655, 'recruit_rating': -1.876, 'prod_over_recruit': 2.211, 'was_returner': -1.439, 'ret_td': 0.0, 'col_qb_ypa': -0.002, 'final_spike': -0.123, 'dom_growth': 2.07}","[{'p': 'Anthony Miller', 'y': 2018, 'sim': 64.0, 'fant': 0.752}, {'p': 'Tank Dell', 'y': 2023, 'sim': 64.0, 'fant': None}, {'p': 'Ricky White', 'y': 2025, 'sim': 63.0, 'fant': None}, {'p': 'Taywan Taylor', 'y': 2017, 'sim': 63.0, 'fant': 0.582}, {'p': 'KeeSean Johnson', 'y': 2019, 'sim': 62.0, 'fant': 0.526}, {'p': 'Quez Watkins', 'y': 2020, 'sim': 61.0, 'fant': 0.669}]"
Devonta Smith,2021,historical,10,0.9711191335740073,0.9675090252707581,51.24150865048161,55.20994014106776,-0.07918183447001115,0.3812416471046918,0,1,1,0.9504643962848297,0.7835570469798657,10.0,22.132785763175907,20.91718001368925,0.4731222385861561,1.033,0.8959183673469387,1856.0,1.0,4.0,1.0,"{'best_dom': 1.794, 'final_dom': 2.044, 'dom_age20': -0.337, 'n_seasons_30': 0.306, 'best_yds': 2.566, 'career_yds': 2.262, 'final_ppa': 1.392, 'best_ppa': 0.233, 'best_usage': 1.122, 'nfl_entry_age': 0.048, 'breakout_age': -0.44, 'early_declare': -0.713, 'ras': -0.334, 'explosion_p': 1.827, 'speed_score': 0.0, 'weight': -2.292, 'catch_radius': -0.354, 'team_sp_off': 1.714, 'team_sp_overall': 1.386, 'recruit_rating': 1.346, 'prod_over_recruit': 0.283, 'was_returner': 0.693, 'ret_td': 0.347, 'col_qb_ypa': 2.577, 'final_spike': -0.087, 'dom_growth': 1.912}","[{'p': 'Corey Coleman', 'y': 2016, 'sim': 60.0, 'fant': 0.647}, {'p': 'Jalin Hyatt', 'y': 2023, 'sim': 60.0, 'fant': None}, {'p': 'Carlos Henderson', 'y': 2017, 'sim': 57.0, 'fant': 0.178}, {'p': 'Tai Felton', 'y': 2025, 'sim': 57.0, 'fant': None}, {'p': 'Andy Isabella', 'y': 2019, 'sim': 56.0, 'fant': 0.545}, {'p': 'Tyler Lockett', 'y': 2015, 'sim': 55.0, 'fant': 0.913}]"
Keke Coutee,2018,historical,7,0.6967509025270758,0.7220216606498195,17.273279195893394,46.5943165046652,-0.07551564581444997,0.5769816411230163,1,0,0,0.8204334365325078,0.7818791946308725,103.0,20.9637234770705,20.750171115674195,0.3075643812158335,0.876,0.2496136318605112,1429.0,1.0,3.0,1.0,"{'best_dom': 0.022, 'final_dom': 0.406, 'dom_age20': -0.134, 'n_seasons_30': 0.306, 'best_yds': 1.367, 'career_yds': 0.491, 'final_ppa': 0.794, 'best_ppa': -0.232, 'best_usage': 0.107, 'nfl_entry_age': -1.255, 'breakout_age': -0.446, 'early_declare': 1.399, 'ras': -0.999, 'explosion_p': -1.018, 'speed_score': -0.457, 'weight': -1.499, 'catch_radius': -1.918, 'team_sp_off': -0.135, 'team_sp_overall': -0.627, 'recruit_rating': -0.301, 'prod_over_recruit': 0.214, 'was_returner': 0.693, 'ret_td': 0.347, 'col_qb_ypa': -0.174, 'final_spike': -0.049, 'dom_growth': 1.162}","[{'p': 'Demarcus Ayers', 'y': 2016, 'sim': 68.0, 'fant': 0.178}, {'p': 'Jordan Addison', 'y': 2023, 'sim': 61.0, 'fant': None}, {'p': ""Wan'Dale Robinson"", 'y': 2022, 'sim': 61.0, 'fant': 0.824}, {'p': 'Travis Hunter', 'y': 2025, 'sim': 60.0, 'fant': None}, {'p': 'Diontae Johnson', 'y': 2019, 'sim': 59.0, 'fant': 0.941}, {'p': 'Skyy Moore', 'y': 2022, 'sim': 58.0, 'fant': 0.498}]"
D.J. Chark,2018,historical,9,0.8158844765342961,0.7906137184115524,23.071462054138916,48.04416710969239,-0.7415428466855908,0.44559832932946997,1,0,0,0.8792569659442725,0.7802013422818792,61.0,21.27310061601643,20.060232717316907,0.2534526854219949,0.819,0.8944723356319145,874.0,1.0,3.0,0.0,"{'best_dom': -0.558, 'final_dom': -0.13, 'dom_age20': 0.44, 'n_seasons_30': -0.902, 'best_yds': -0.191, 'career_yds': -0.743, 'final_ppa': 0.577, 'best_ppa': 5.596, 'best_usage': -0.685, 'nfl_entry_age': -0.91, 'breakout_age': -0.469, 'early_declare': 1.399, 'ras': 1.531, 'explosion_p': 1.821, 'speed_score': 1.548, 'weight': -0.203, 'catch_radius': 1.049, 'team_sp_off': 0.044, 'team_sp_overall': 0.769, 'recruit_rating': -0.221, 'prod_over_recruit': -0.389, 'was_returner': 0.693, 'ret_td': 1.111, 'col_qb_ypa': 0.686, 'final_spike': 0.031, 'dom_growth': 0.788}","[{'p': 'Alec Pierce', 'y': 2022, 'sim': 73.0, 'fant': 0.728}, {'p': 'DeVante Parker', 'y': 2015, 'sim': 68.0, 'fant': 0.895}, {'p': ""Ja'Kobi Lane"", 'y': 2026, 'sim': 66.0, 'fant': None}, {'p': ""Ja'Lynn Polk"", 'y': 2024, 'sim': 65.0, 'fant': None}, {'p': 'Emanuel Hall', 'y': 2019, 'sim': 64.0, 'fant': 0.178}, {'p': 'Chris Brazzell II', 'y': 2026, 'sim': 63.0, 'fant': None}]"
Curtis Samuel,2017,historical,9,0.8880866425992779,0.8014440433212996,30.22971954689964,48.2844335110143,0.05990091136553061,0.49838515614326273,0,0,0,0.8854489164086687,0.7768456375838926,40.0,20.39151266255989,20.177960301163587,0.2901349818825547,,0.6260823842732771,865.0,1.0,4.0,0.0,"{'best_dom': -0.165, 'final_dom': 0.233, 'dom_age20': 0.939, 'n_seasons_30': -0.902, 'best_yds': -0.217, 'career_yds': -0.86, 'final_ppa': 0.0, 'best_ppa': 0.0, 'best_usage': 0.0, 'nfl_entry_age': -1.892, 'breakout_age': -0.465, 'early_declare': 1.399, 'ras': 0.318, 'explosion_p': 0.639, 'speed_score': 1.705, 'weight': -0.419, 'catch_radius': -0.245, 'team_sp_off': 0.044, 'team_sp_overall': 0.88, 'recruit_rating': 1.351, 'prod_over_recruit': -1.084, 'was_returner': 0.693, 'ret_td': -0.418, 'col_qb_ypa': -1.291, 'final_spike': 0.363, 'dom_growth': 1.001}","[{'p': 'Dyami Brown', 'y': 2021, 'sim': 69.0, 'fant': 0.517}, {'p': 'Marvin Mims', 'y': 2023, 'sim': 69.0, 'fant': None}, {'p': 'Antonio Williams', 'y': 2026, 'sim': 66.0, 'fant': None}, {'p': 'Antonio Callaway', 'y': 2018, 'sim': 66.0, 'fant': 0.65}, {'p': 'Parker Washington', 'y': 2023, 'sim': 65.0, 'fant': None}, {'p': 'Anthony Schwartz', 'y': 2021, 'sim': 65.0, 'fant': 0.44}]"
Lynn Bowden,2020,historical,8,0.7472924187725631,0.35379061371841153,19.145441478691865,36.751068665481405,0.7114176497025224,-0.3397237820828067,0,0,0,0.5356037151702786,0.7751677852348994,80.0,22.21492128678987,21.00205338809035,0.369942408569018,0.286,,745.0,1.0,4.0,1.0,"{'best_dom': 0.69, 'final_dom': -0.923, 'dom_age20': -1.018, 'n_seasons_30': 0.306, 'best_yds': -0.553, 'career_yds': -0.798, 'final_ppa': -1.453, 'best_ppa': -1.131, 'best_usage': 6.293, 'nfl_entry_age': 0.14, 'breakout_age': -0.437, 'early_declare': -0.713, 'ras': -0.642, 'explosion_p': 0.0, 'speed_score': 0.0, 'weight': 0.158, 'catch_radius': -1.537, 'team_sp_off': -0.866, 'team_sp_overall': 0.084, 'recruit_rating': 0.726, 'prod_over_recruit': 0.169, 'was_returner': 0.693, 'ret_td': 1.111, 'col_qb_ypa': -0.947, 'final_spike': -0.387, 'dom_growth': -0.187}","[{'p': 'Shi Smith', 'y': 2021, 'sim': 62.0, 'fant': 0.489}, {'p': 'Dante Pettis', 'y': 2018, 'sim': 59.0, 'fant': 0.675}, {'p': 'Demarcus Robinson', 'y': 2016, 'sim': 59.0, 'fant': 0.656}, {'p': 'Kalija Lipscomb', 'y': 2020, 'sim': 59.0, 'fant': 0.178}, {'p': 'Stacy Coley', 'y': 2017, 'sim': 58.0, 'fant': 0.178}, {'p': 'Trishton Jackson', 'y': 2020, 'sim': 57.0, 'fant': 0.178}]"
Isaiah Ford,2017,historical,7,0.6823104693140795,0.9530685920577617,16.543372160412915,54.760378452621076,0.8064087980020485,0.7674049799919137,1,1,0,0.6160990712074303,0.7734899328859061,237.0,20.8952772073922,18.680355920602327,0.4273955495004541,0.459,0.4607653317035825,1164.0,1.0,3.0,1.0,"{'best_dom': 1.305, 'final_dom': -0.044, 'dom_age20': 2.026, 'n_seasons_30': 0.306, 'best_yds': 0.623, 'career_yds': 1.115, 'final_ppa': -0.794, 'best_ppa': -0.512, 'best_usage': 0.454, 'nfl_entry_age': -1.331, 'breakout_age': -0.516, 'early_declare': 1.399, 'ras': -0.302, 'explosion_p': -0.088, 'speed_score': -1.349, 'weight': -0.563, 'catch_radius': 0.237, 'team_sp_off': -0.672, 'team_sp_overall': -0.062, 'recruit_rating': -0.063, 'prod_over_recruit': 1.011, 'was_returner': -1.439, 'ret_td': 0.0, 'col_qb_ypa': -0.26, 'final_spike': -0.247, 'dom_growth': -1.41}","[{'p': 'Chris Olave', 'y': 2022, 'sim': 62.0, 'fant': 0.892}, {'p': 'KC Concepcion', 'y': 2026, 'sim': 61.0, 'fant': None}, {'p': 'Michael Gallup', 'y': 2018, 'sim': 61.0, 'fant': 0.882}, {'p': 'Dillon Mitchell', 'y': 2019, 'sim': 60.0, 'fant': 0.178}, {'p': 'Quintez Cephus', 'y': 2020, 'sim': 60.0, 'fant': 0.762}, {'p': 'Demarcus Robinson', 'y': 2016, 'sim': 59.0, 'fant': 0.656}]"
Quintez Cephus,2020,historical,8,0.7184115523465704,0.8844765342960289,17.81028369553955,51.094493927080876,-0.3318200242170687,0.3652051050009729,0,0,0,0.7616099071207431,0.7718120805369127,166.0,21.752224503764545,19.540041067761805,0.3552224601475137,0.798,0.4760196872404096,901.0,1.0,3.0,1.0,"{'best_dom': 0.532, 'final_dom': 0.877, 'dom_age20': 0.374, 'n_seasons_30': 0.306, 'best_yds': -0.115, 'career_yds': -0.576, 'final_ppa': 0.497, 'best_ppa': 0.687, 'best_usage': -0.759, 'nfl_entry_age': -0.376, 'breakout_age': -0.487, 'early_declare': 1.399, 'ras': -0.751, 'explosion_p': -0.021, 'speed_score': -1.921, 'weight': 0.014, 'catch_radius': -0.041, 'team_sp_off': 0.357, 'team_sp_overall': 0.7, 'recruit_rating': -0.495, 'prod_over_recruit': 0.885, 'was_returner': -1.439, 'ret_td': 0.0, 'col_qb_ypa': -0.174, 'final_spike': 0.008, 'dom_growth': 1.479}","[{'p': 'Chris Olave', 'y': 2022, 'sim': 65.0, 'fant': 0.892}, {'p': 'Josh Reynolds', 'y': 2017, 'sim': 62.0, 'fant': 0.789}, {'p': 'Korey Robertson', 'y': 2018, 'sim': 61.0, 'fant': None}, {'p': 'Xavier Hutchinson', 'y': 2023, 'sim': 59.0, 'fant': None}, {'p': 'Reggie Virgil', 'y': 2026, 'sim': 57.0, 'fant': None}, {'p': 'Jordan Lasley', 'y': 2018, 'sim': 56.0, 'fant': 0.178}]"
Jordan Lasley,2018,historical,7,0.6137184115523465,0.7545126353790613,14.92177476964227,47.049972266780046,-0.2895346178928501,0.42304880568787673,1,0,0,0.1780185758513932,0.7701342281879194,162.0,21.13347022587269,19.920602327173167,0.2875356989731776,0.738,0.3156429562116108,1264.0,1.0,3.0,0.0,"{'best_dom': -0.193, 'final_dom': 0.207, 'dom_age20': 0.234, 'n_seasons_30': -0.902, 'best_yds': 0.904, 'career_yds': -0.11, 'final_ppa': 0.269, 'best_ppa': -0.516, 'best_usage': 0.849, 'nfl_entry_age': -1.065, 'breakout_age': -0.474, 'early_declare': 1.399, 'ras': -0.364, 'explosion_p': -0.727, 'speed_score': 0.096, 'weight': 0.086, 'catch_radius': 0.398, 'team_sp_off': 0.596, 'team_sp_overall': -0.619, 'recruit_rating': -0.301, 'prod_over_recruit': 0.021, 'was_returner': 0.693, 'ret_td': 0.347, 'col_qb_ypa': -0.002, 'final_spike': 0.079, 'dom_growth': 1.064}","[{'p': 'Malachi Corley', 'y': 2024, 'sim': 63.0, 'fant': None}, {'p': ""Ka'Raun White"", 'y': 2018, 'sim': 62.0, 'fant': None}, {'p': 'Grant Dubose', 'y': 2023, 'sim': 59.0, 'fant': None}, {'p': 'Kelvin Harmon', 'y': 2019, 'sim': 59.0, 'fant': 0.604}, {'p': 'Quintez Cephus', 'y': 2020, 'sim': 59.0, 'fant': 0.762}, {'p': 'Jaylen Smith', 'y': 2019, 'sim': 58.0, 'fant': 0.178}]"
Malachi Dupre,2017,historical,7,0.6714801444043321,0.9566787003610109,16.085572102265097,54.84703611355238,0.7423226525895945,0.5425405055149138,1,1,0,0.1780185758513932,0.7667785234899329,247.0,21.22381930184805,19.00889801505818,0.3919701545567596,0.805,0.7325483181102334,698.0,1.0,5.0,1.0,"{'best_dom': 0.925, 'final_dom': -0.115, 'dom_age20': 1.745, 'n_seasons_30': 0.306, 'best_yds': -0.685, 'career_yds': -0.446, 'final_ppa': 0.524, 'best_ppa': -0.388, 'best_usage': -0.635, 'nfl_entry_age': -0.965, 'breakout_age': -0.505, 'early_declare': 1.399, 'ras': 0.25, 'explosion_p': 1.108, 'speed_score': -0.466, 'weight': -0.419, 'catch_radius': 0.237, 'team_sp_off': 0.894, 'team_sp_overall': 0.649, 'recruit_rating': 1.671, 'prod_over_recruit': -0.3, 'was_returner': -1.439, 'ret_td': 0.0, 'col_qb_ypa': -0.345, 'final_spike': -0.273, 'dom_growth': -0.975}","[{'p': 'Amon-Ra St. Brown', 'y': 2021, 'sim': 65.0, 'fant': 0.985}, {'p': 'Terrace Marshall Jr.', 'y': 2021, 'sim': 65.0, 'fant': 0.542}, {'p': 'Marquez Callaway', 'y': 2020, 'sim': 63.0, 'fant': 0.666}, {'p': 'Tyquan Thornton', 'y': 2022, 'sim': 62.0, 'fant': 0.48}, {'p': 'Garrett Wilson', 'y': 2022, 'sim': 60.0, 'fant': 0.92}, {'p': 'Nelson Agholor', 'y': 2015, 'sim': 59.0, 'fant': 0.848}]"
George Pickens,2022,historical,9,0.8844765342960289,0.7978339350180506,30.106789201783577,48.27244204855201,0.6516477033652154,-0.1674042303233904,0,0,0,0.8699690402476781,0.7651006711409396,52.0,20.829568788501028,18.61464750171116,0.2702779283496772,0.39,0.4540331215215472,727.0,1.0,5.0,0.0,"{'best_dom': -0.377, 'final_dom': -2.498, 'dom_age20': 0.782, 'n_seasons_30': -0.902, 'best_yds': -0.604, 'career_yds': -0.747, 'final_ppa': -1.057, 'best_ppa': -0.124, 'best_usage': -0.808, 'nfl_entry_age': -1.404, 'breakout_age': -0.519, 'early_declare': 1.399, 'ras': -0.428, 'explosion_p': -0.118, 'speed_score': -0.05, 'weight': -0.491, 'catch_radius': -0.232, 'team_sp_off': -0.165, 'team_sp_overall': 1.257, 'recruit_rating': 1.609, 'prod_over_recruit': -1.47, 'was_returner': -1.439, 'ret_td': 0.0, 'col_qb_ypa': -0.689, 'final_spike': -0.482, 'dom_growth': -3.312}","[{'p': 'Deon Cain', 'y': 2018, 'sim': 66.0, 'fant': 0.384}, {'p': 'Kayshon Boutte', 'y': 2023, 'sim': 62.0, 'fant': None}, {'p': 'Rakim Jarrett', 'y': 2023, 'sim': 61.0, 'fant': None}, {'p': 'Anthony Schwartz', 'y': 2021, 'sim': 61.0, 'fant': 0.44}, {'p': 'Stefon Diggs', 'y': 2015, 'sim': 60.0, 'fant': 0.963}, {'p': 'Jerry Jeudy', 'y': 2020, 'sim': 60.0, 'fant': 0.898}]"
Ihmir Smith-Marsette,2021,historical,6,0.5776173285198556,0.631768953068592,14.009371055673025,43.68137329835833,0.9969654317245665,-0.13931301406191718,0,0,0,0.5541795665634675,0.7634228187919463,157.0,21.34428473648186,20.128678986995208,0.3313303816150116,0.605,0.4797677419114781,722.0,1.0,,1.0,"{'best_dom': 0.276, 'final_dom': 0.641, 'dom_age20': 0.839, 'n_seasons_30': 0.306, 'best_yds': -0.618, 'career_yds': -0.47, 'final_ppa': -0.238, 'best_ppa': -0.8, 'best_usage': -0.536, 'nfl_entry_age': -0.83, 'breakout_age': -0.467, 'early_declare': -0.713, 'ras': -0.214, 'explosion_p': -0.005, 'speed_score': -1.087, 'weight': -1.499, 'catch_radius': 0.12, 'team_sp_off': -0.791, 'team_sp_overall': 0.392, 'recruit_rating': 0.0, 'prod_over_recruit': 0.0, 'was_returner': 0.693, 'ret_td': 1.111, 'col_qb_ypa': -0.689, 'final_spike': -0.384, 'dom_growth': 0.833}","[{'p': 'Reggie Virgil', 'y': 2026, 'sim': 68.0, 'fant': None}, {'p': 'Dante Pettis', 'y': 2018, 'sim': 67.0, 'fant': 0.675}, {'p': 'Chris Olave', 'y': 2022, 'sim': 67.0, 'fant': 0.892}, {'p': 'Rodney Adams', 'y': 2017, 'sim': 60.0, 'fant': 0.178}, {'p': 'Junior Bergen', 'y': 2024, 'sim': 57.0, 'fant': None}, {'p': 'Quintez Cephus', 'y': 2020, 'sim': 56.0, 'fant': 0.762}]"
Seth Williams,2021,historical,7,0.6895306859205776,0.924187725631769,17.02294282724058,53.62074527910447,1.6134296769130958,0.4720797871031333,1,0,0,0.1780185758513932,0.7567114093959731,219.0,20.72826830937714,18.51334702258727,0.3548507462686567,0.426,0.6681172564745849,830.0,1.0,4.0,2.0,"{'best_dom': 0.528, 'final_dom': 0.531, 'dom_age20': 1.451, 'n_seasons_30': 1.514, 'best_yds': -0.315, 'career_yds': 0.128, 'final_ppa': -0.92, 'best_ppa': 0.237, 'best_usage': 0.082, 'nfl_entry_age': -1.517, 'breakout_age': -0.522, 'early_declare': 1.399, 'ras': 0.801, 'explosion_p': 0.824, 'speed_score': 0.628, 'weight': 0.662, 'catch_radius': 1.592, 'team_sp_off': -0.21, 'team_sp_overall': 0.76, 'recruit_rating': 0.602, 'prod_over_recruit': 0.146, 'was_returner': -1.439, 'ret_td': 0.0, 'col_qb_ypa': -1.291, 'final_spike': -0.26, 'dom_growth': -0.352}","[{'p': 'Keon Coleman', 'y': 2024, 'sim': 70.0, 'fant': None}, {'p': 'Bryan Edwards', 'y': 2020, 'sim': 67.0, 'fant': 0.505}, {'p': 'Chris Godwin', 'y': 2017, 'sim': 67.0, 'fant': 0.981}, {'p': ""N'Keal Harry"", 'y': 2019, 'sim': 66.0, 'fant': 0.607}, {'p': 'Equanimeous St. Brown', 'y': 2018, 'sim': 63.0, 'fant': 0.508}, {'p': 'Ted Hurst', 'y': 2026, 'sim': 63.0, 'fant': None}]"
Jamison Crowder,2015,historical,8,0.7978339350180506,0.7292418772563177,21.299041986893048,46.68315808636542,0.11349005811935878,0.5611899177587525,1,0,0,0.8761609907120743,0.75,105.0,21.541409993155373,19.329226557152637,0.349585935078163,0.322,0.3001792074685747,1360.0,1.0,3.0,2.0,"{'best_dom': 0.472, 'final_dom': 0.488, 'dom_age20': 1.41, 'n_seasons_30': 1.514, 'best_yds': 1.173, 'career_yds': 1.89, 'final_ppa': -1.316, 'best_ppa': -0.745, 'best_usage': 0.676, 'nfl_entry_age': -0.611, 'breakout_age': -0.494, 'early_declare': -0.713, 'ras': -1.535, 'explosion_p': -0.795, 'speed_score': -1.385, 'weight': -1.211, 'catch_radius': -1.379, 'team_sp_off': -0.493, 'team_sp_overall': -0.61, 'recruit_rating': -0.861, 'prod_over_recruit': 1.083, 'was_returner': 0.693, 'ret_td': 2.641, 'col_qb_ypa': -1.033, 'final_spike': -0.298, 'dom_growth': 0.833}","[{'p': 'Demarcus Ayers', 'y': 2016, 'sim': 65.0, 'fant': 0.178}, {'p': ""Wan'Dale Robinson"", 'y': 2022, 'sim': 65.0, 'fant': 0.824}, {'p': 'Keevan Lucas', 'y': 2017, 'sim': 64.0, 'fant': None}, {'p': 'Jayden Reed', 'y': 2023, 'sim': 63.0, 'fant': None}, {'p': 'Pharoh Cooper', 'y': 2016, 'sim': 63.0, 'fant': 0.467}, {'p': 'Diontae Johnson', 'y': 2019, 'sim': 63.0, 'fant': 0.941}]"
Laviska Shenault,2020,historical,9,0.8772563176895307,0.855595667870036,28.765446872204173,50.370898782225716,-0.47894656823455284,0.5482479802339641,0,0,0,0.7832817337461301,0.7432885906040269,42.0,21.240246406570844,20.02737850787132,0.328960726689821,0.73,0.7145631067961165,1011.0,1.0,3.0,1.0,"{'best_dom': 0.251, 'final_dom': -0.216, 'dom_age20': 1.246, 'n_seasons_30': 0.306, 'best_yds': 0.193, 'career_yds': -0.062, 'final_ppa': 0.238, 'best_ppa': -0.106, 'best_usage': 1.616, 'nfl_entry_age': -0.946, 'breakout_age': -0.47, 'early_declare': 1.399, 'ras': 0.09, 'explosion_p': 1.029, 'speed_score': 0.556, 'weight': 1.814, 'catch_radius': -0.618, 'team_sp_off': -1.239, 'team_sp_overall': -1.098, 'recruit_rating': -0.255, 'prod_over_recruit': 0.444, 'was_returner': 0.693, 'ret_td': 0.347, 'col_qb_ypa': -0.861, 'final_spike': -0.301, 'dom_growth': 0.521}","[{'p': 'Jaelen Strong', 'y': 2015, 'sim': 68.0, 'fant': 0.56}, {'p': 'A.J. Brown', 'y': 2019, 'sim': 62.0, 'fant': 0.978}, {'p': 'Breshad Perriman', 'y': 2015, 'sim': 61.0, 'fant': 0.786}, {'p': 'Jerome Lane', 'y': 2017, 'sim': 61.0, 'fant': None}, {'p': 'Zach Pascal', 'y': 2017, 'sim': 61.0, 'fant': 0.774}, {'p': 'Gabriel Davis', 'y': 2020, 'sim': 59.0, 'fant': None}]"
Darnell Mooney,2020,historical,8,0.7003610108303249,0.8086642599277978,17.29100768956927,48.61168636098564,0.18311062389494354,0.37480489541751594,0,0,0,0.8730650154798761,0.738255033557047,173.0,22.17385352498289,18.96235455167693,0.4752801120448179,0.385,0.5600266415878535,993.0,1.0,2.0,2.0,"{'best_dom': 1.817, 'final_dom': -0.019, 'dom_age20': 1.197, 'n_seasons_30': 1.514, 'best_yds': 0.143, 'career_yds': 0.661, 'final_ppa': -1.076, 'best_ppa': -0.285, 'best_usage': -0.61, 'nfl_entry_age': 0.094, 'breakout_age': -0.507, 'early_declare': -0.713, 'ras': 0.16, 'explosion_p': 0.349, 'speed_score': -0.275, 'weight': -1.86, 'catch_radius': -0.367, 'team_sp_off': -1.716, 'team_sp_overall': -1.338, 'recruit_rating': -1.632, 'prod_over_recruit': 2.353, 'was_returner': 0.693, 'ret_td': -0.418, 'col_qb_ypa': 0.256, 'final_spike': -0.313, 'dom_growth': -0.756}","[{'p': 'Quez Watkins', 'y': 2020, 'sim': 65.0, 'fant': 0.669}, {'p': 'Zay Flowers', 'y': 2023, 'sim': 61.0, 'fant': None}, {'p': 'Jacob Cowing', 'y': 2024, 'sim': 60.0, 'fant': None}, {'p': 'Tyler Lockett', 'y': 2015, 'sim': 58.0, 'fant': 0.913}, {'p': 'J.J. Nelson', 'y': 2015, 'sim': 57.0, 'fant': 0.709}, {'p': 'Jayden Reed', 'y': 2023, 'sim': 57.0, 'fant': None}]"
Deebo Samuel,2019,historical,9,0.8916967509025271,0.37906137184115524,30.482173439920885,37.28101124477848,-0.665425405759151,0.17395000380783698,0,0,0,0.9752321981424149,0.7365771812080537,36.0,22.96235455167693,22.748802190280628,0.2959256329113924,0.545,0.6930822103215689,882.0,1.0,3.0,0.0,"{'best_dom': -0.103, 'final_dom': 0.29, 'dom_age20': -0.869, 'n_seasons_30': -0.902, 'best_yds': -0.169, 'career_yds': 0.091, 'final_ppa': -0.466, 'best_ppa': -0.276, 'best_usage': 0.454, 'nfl_entry_age': 0.972, 'breakout_age': -0.378, 'early_declare': -0.713, 'ras': 0.892, 'explosion_p': 0.934, 'speed_score': 0.894, 'weight': 0.878, 'catch_radius': 0.42, 'team_sp_off': 0.163, 'team_sp_overall': 0.238, 'recruit_rating': -0.62, 'prod_over_recruit': 0.346, 'was_returner': 0.693, 'ret_td': 2.641, 'col_qb_ypa': -0.002, 'final_spike': -0.191, 'dom_growth': 0.652}","[{'p': ""De'Zhaun Stribling"", 'y': 2026, 'sim': 63.0, 'fant': None}, {'p': 'Geremy Davis', 'y': 2015, 'sim': 62.0, 'fant': 0.178}, {'p': 'Chris Moore', 'y': 2016, 'sim': 61.0, 'fant': 0.613}, {'p': 'ArDarius Stewart', 'y': 2017, 'sim': 59.0, 'fant': 0.378}, {'p': 'K.J. Osborn', 'y': 2020, 'sim': 58.0, 'fant': 0.805}, {'p': 'Chimere Dike', 'y': 2025, 'sim': 57.0, 'fant': None}]"
Garrett Wilson,2022,historical,10,0.9711191335740073,0.8086642599277978,51.67723571821969,48.740214058123456,1.5005439972314711,0.6278174635019433,0,0,1,0.9195046439628483,0.7348993288590604,10.0,21.44558521560575,20.23271731690623,0.3085064935064935,0.857,0.5405642360868866,1058.0,0.0,5.0,1.0,"{'best_dom': 0.032, 'final_dom': -0.29, 'dom_age20': 1.084, 'n_seasons_30': 0.306, 'best_yds': 0.325, 'career_yds': 0.248, 'final_ppa': 0.722, 'best_ppa': -0.034, 'best_usage': 0.429, 'nfl_entry_age': -0.718, 'breakout_age': -0.464, 'early_declare': 1.399, 'ras': 0.344, 'explosion_p': 0.263, 'speed_score': 0.144, 'weight': -1.355, 'catch_radius': 0.302, 'team_sp_off': 1.774, 'team_sp_overall': 1.471, 'recruit_rating': 1.648, 'prod_over_recruit': -1.147, 'was_returner': 0.693, 'ret_td': -0.418, 'col_qb_ypa': 1.632, 'final_spike': -0.091, 'dom_growth': -0.218}","[{'p': 'Nelson Agholor', 'y': 2015, 'sim': 71.0, 'fant': 0.848}, {'p': 'Amon-Ra St. Brown', 'y': 2021, 'sim': 70.0, 'fant': 0.985}, {'p': 'KD Cannon', 'y': 2017, 'sim': 65.0, 'fant': 0.178}, {'p': 'Jalin Hyatt', 'y': 2023, 'sim': 63.0, 'fant': None}, {'p': 'Jerry Jeudy', 'y': 2020, 'sim': 62.0, 'fant': 0.898}, {'p': 'Rashod Bateman', 'y': 2021, 'sim': 61.0, 'fant': 0.836}]"
Devin Smith,2015,historical,10,0.9133574007220217,0.9602888086642599,33.97736328368836,54.89214136884635,-0.2717975993511613,0.5784324902070036,0,1,0,0.4953560371517028,0.7332214765100671,37.0,22.830937713894592,19.616700889801507,0.3183438664722087,1.744,0.6571598802244815,931.0,1.0,4.0,1.0,"{'best_dom': 0.137, 'final_dom': 0.018, 'dom_age20': 0.378, 'n_seasons_30': 0.306, 'best_yds': -0.031, 'career_yds': 0.582, 'final_ppa': 4.1, 'best_ppa': 1.681, 'best_usage': -1.847, 'nfl_entry_age': 0.826, 'breakout_age': -0.484, 'early_declare': -0.713, 'ras': 0.389, 'explosion_p': 0.776, 'speed_score': 0.504, 'weight': -0.419, 'catch_radius': -0.382, 'team_sp_off': 1.535, 'team_sp_overall': 1.171, 'recruit_rating': 0.058, 'prod_over_recruit': -0.013, 'was_returner': 0.693, 'ret_td': -0.418, 'col_qb_ypa': 0.686, 'final_spike': -0.107, 'dom_growth': -0.844}","[{'p': 'Javon Baker', 'y': 2024, 'sim': 67.0, 'fant': None}, {'p': 'KeAndre Lambert-Smith', 'y': 2025, 'sim': 66.0, 'fant': None}, {'p': 'Roman Wilson', 'y': 2024, 'sim': 64.0, 'fant': None}, {'p': 'Brenden Rice', 'y': 2024, 'sim': 61.0, 'fant': None}, {'p': 'Pat Bryant', 'y': 2025, 'sim': 60.0, 'fant': None}, {'p': 'Jermaine Burton', 'y': 2024, 'sim': 60.0, 'fant': None}]"
Antonio Callaway,2018,historical,9,0.8050541516245487,0.7942238267148014,21.781059327687174,48.12177081351811,0.4155161532892535,0.276464471549185,0,0,0,0.6501547987616099,0.7315436241610739,105.0,20.97741273100616,18.76249144421629,0.2169368747844084,0.494,0.4823475759782923,721.0,1.0,4.0,0.0,"{'best_dom': -0.949, 'final_dom': -0.542, 'dom_age20': 0.359, 'n_seasons_30': -0.902, 'best_yds': -0.621, 'career_yds': -0.687, 'final_ppa': -0.661, 'best_ppa': -1.074, 'best_usage': -0.264, 'nfl_entry_age': -1.239, 'breakout_age': -0.514, 'early_declare': 1.399, 'ras': -0.354, 'explosion_p': 0.007, 'speed_score': 0.84, 'weight': -0.131, 'catch_radius': -0.704, 'team_sp_off': -1.298, 'team_sp_overall': 0.281, 'recruit_rating': 0.021, 'prod_over_recruit': -0.872, 'was_returner': 0.693, 'ret_td': 1.876, 'col_qb_ypa': -1.119, 'final_spike': -0.21, 'dom_growth': -1.282}","[{'p': 'Parker Washington', 'y': 2023, 'sim': 72.0, 'fant': None}, {'p': 'Anthony Schwartz', 'y': 2021, 'sim': 67.0, 'fant': 0.44}, {'p': 'Curtis Samuel', 'y': 2017, 'sim': 66.0, 'fant': 0.885}, {'p': 'Antonio Williams', 'y': 2026, 'sim': 64.0, 'fant': None}, {'p': 'Amari Rodgers', 'y': 2021, 'sim': 62.0, 'fant': 0.486}, {'p': 'Jalin Marshall', 'y': 2016, 'sim': 61.0, 'fant': 0.681}]"
Ricardo Louis,2016,historical,7,0.6642599277978339,0.5379061371841155,16.055172174013116,40.861154519353384,0.2519540088641205,0.14661838509260575,0,0,0,0.5913312693498453,0.7298657718120806,114.0,21.77686516084873,21.56331279945243,0.3194273544723142,0.419,0.8698096577616415,716.0,1.0,4.0,1.0,"{'best_dom': 0.149, 'final_dom': 0.523, 'dom_age20': -0.431, 'n_seasons_30': 0.306, 'best_yds': -0.635, 'career_yds': -0.757, 'final_ppa': -0.946, 'best_ppa': -0.946, 'best_usage': 0.157, 'nfl_entry_age': -0.349, 'breakout_age': -0.418, 'early_declare': -0.713, 'ras': 1.209, 'explosion_p': 1.712, 'speed_score': 1.49, 'weight': 0.95, 'catch_radius': 0.867, 'team_sp_off': 0.118, 'team_sp_overall': 0.212, 'recruit_rating': 0.82, 'prod_over_recruit': -0.367, 'was_returner': 0.693, 'ret_td': -0.418, 'col_qb_ypa': -0.002, 'final_spike': 0.128, 'dom_growth': 1.264}","[{'p': 'Amara Darboh', 'y': 2017, 'sim': 64.0, 'fant': 0.381}, {'p': 'Adonai Mitchell', 'y': 2024, 'sim': 63.0, 'fant': None}, {'p': 'Erik Ezukanma', 'y': 2022, 'sim': 63.0, 'fant': 0.178}, {'p': 'Chris Conley', 'y': 2015, 'sim': 63.0, 'fant': 0.712}, {'p': 'Sammie Coates', 'y': 2015, 'sim': 61.0, 'fant': 0.573}, {'p': 'Jonathan Mingo', 'y': 2023, 'sim': 60.0, 'fant': None}]"
Chad Hansen,2017,historical,6,0.5884476534296029,0.5306859205776173,14.276809916580667,40.36127916189653,0.8386356398927952,0.48704162170334125,1,0,0,0.6439628482972136,0.7265100671140939,141.0,21.95482546201232,21.741273100616016,0.3210759303721489,0.527,0.3641235764099158,1249.0,1.0,,1.0,"{'best_dom': 0.166, 'final_dom': 0.539, 'dom_age20': 0.0, 'n_seasons_30': 0.306, 'best_yds': 0.862, 'career_yds': -0.541, 'final_ppa': -0.535, 'best_ppa': -0.525, 'best_usage': 1.023, 'nfl_entry_age': -0.15, 'breakout_age': -0.412, 'early_declare': 1.399, 'ras': 0.525, 'explosion_p': -0.514, 'speed_score': -0.243, 'weight': 0.014, 'catch_radius': 0.754, 'team_sp_off': 0.461, 'team_sp_overall': -0.833, 'recruit_rating': 0.0, 'prod_over_recruit': 0.0, 'was_returner': -1.439, 'ret_td': 0.0, 'col_qb_ypa': -1.119, 'final_spike': 0.963, 'dom_growth': 0.0}","[{'p': ""J'Mon Moore"", 'y': 2018, 'sim': 66.0, 'fant': 0.178}, {'p': 'Xavier Hutchinson', 'y': 2023, 'sim': 66.0, 'fant': None}, {'p': 'Eric McAlister', 'y': 2026, 'sim': 62.0, 'fant': None}, {'p': 'Cedrick Wilson', 'y': 2018, 'sim': 61.0, 'fant': 0.718}, {'p': 'Jordan Payton', 'y': 2016, 'sim': 60.0, 'fant': 0.178}, {'p': 'Antoine Wesley', 'y': 2019, 'sim': 60.0, 'fant': 0.706}]"
Darius Slayton,2019,historical,6,0.5451263537906137,0.5451263537906137,12.95010579653631,40.95967408563518,0.7253370562487115,0.32789961716761695,0,0,0,0.8513931888544891,0.7248322147651006,171.0,21.968514715947983,20.75564681724846,0.2334601873536299,0.77,0.8615429981646701,670.0,1.0,4.0,0.0,"{'best_dom': -0.772, 'final_dom': -0.328, 'dom_age20': -0.498, 'n_seasons_30': -0.902, 'best_yds': -0.764, 'career_yds': -0.451, 'final_ppa': 0.391, 'best_ppa': 0.182, 'best_usage': -0.907, 'nfl_entry_age': -0.135, 'breakout_age': -0.446, 'early_declare': 1.399, 'ras': 1.643, 'explosion_p': 1.676, 'speed_score': 0.46, 'weight': -0.851, 'catch_radius': 1.396, 'team_sp_off': 0.238, 'team_sp_overall': 0.983, 'recruit_rating': 0.797, 'prod_over_recruit': -1.218, 'was_returner': 0.693, 'ret_td': -0.418, 'col_qb_ypa': -0.517, 'final_spike': -0.216, 'dom_growth': -0.232}","[{'p': 'Kevin Austin', 'y': 2022, 'sim': 67.0, 'fant': 0.461}, {'p': 'Parris Campbell', 'y': 2019, 'sim': 64.0, 'fant': 0.663}, {'p': 'Tyrie Cleveland', 'y': 2020, 'sim': 63.0, 'fant': 0.412}, {'p': 'Jalen McMillan', 'y': 2024, 'sim': 63.0, 'fant': None}, {'p': ""Ja'Kobi Lane"", 'y': 2026, 'sim': 63.0, 'fant': None}, {'p': 'Kendrick Law', 'y': 2026, 'sim': 61.0, 'fant': None}]"
Hakeem Butler,2019,historical,7,0.6750902527075813,0.7003610108303249,16.37635791981884,46.15710427474333,-0.11029805201005505,0.5704726126385238,1,0,0,0.1780185758513932,0.7181208053691275,103.0,22.628336755646817,21.415468856947296,0.43588,0.78,0.7667514099855722,1318.0,1.0,2.0,1.0,"{'best_dom': 1.396, 'final_dom': 1.676, 'dom_age20': -0.81, 'n_seasons_30': 0.306, 'best_yds': 1.055, 'career_yds': 0.175, 'final_ppa': 0.429, 'best_ppa': 0.449, 'best_usage': 0.058, 'nfl_entry_age': 0.6, 'breakout_age': -0.423, 'early_declare': -0.713, 'ras': 1.77, 'explosion_p': 1.259, 'speed_score': 1.606, 'weight': 1.814, 'catch_radius': 1.985, 'team_sp_off': -0.806, 'team_sp_overall': -0.362, 'recruit_rating': -1.616, 'prod_over_recruit': 2.194, 'was_returner': 0.693, 'ret_td': -0.418, 'col_qb_ypa': 1.718, 'final_spike': 0.036, 'dom_growth': 1.724}","[{'p': 'Kevin White', 'y': 2015, 'sim': 62.0, 'fant': 0.842}, {'p': 'Cedric Tillman', 'y': 2023, 'sim': 61.0, 'fant': None}, {'p': 'Jayden Higgins', 'y': 2025, 'sim': 61.0, 'fant': None}, {'p': 'Kenny Golladay', 'y': 2017, 'sim': 61.0, 'fant': 0.929}, {'p': 'Jerome Lane', 'y': 2017, 'sim': 59.0, 'fant': None}, {'p': 'Travis Fulgham', 'y': 2019, 'sim': 59.0, 'fant': 0.845}]"
Dillon Mitchell,2019,historical,5,0.4223826714801444,0.7725631768953068,11.458263521056224,47.594318592792874,0.2065905302478514,0.5807901329160079,1,0,0,0.1780185758513932,0.7164429530201343,239.0,21.6290212183436,20.41615331964408,0.3549045452612781,0.598,0.543207557876152,1184.0,1.0,4.0,1.0,"{'best_dom': 0.529, 'final_dom': 0.874, 'dom_age20': 0.351, 'n_seasons_30': 0.306, 'best_yds': 0.679, 'career_yds': -0.33, 'final_ppa': -0.265, 'best_ppa': -0.844, 'best_usage': 0.478, 'nfl_entry_age': -0.513, 'breakout_age': -0.457, 'early_declare': 1.399, 'ras': 0.066, 'explosion_p': 0.274, 'speed_score': 0.159, 'weight': -0.347, 'catch_radius': -0.311, 'team_sp_off': -0.09, 'team_sp_overall': -0.413, 'recruit_rating': 0.684, 'prod_over_recruit': 0.063, 'was_returner': 0.693, 'ret_td': -0.418, 'col_qb_ypa': -0.345, 'final_spike': 0.154, 'dom_growth': 1.617}","[{'p': 'Trishton Jackson', 'y': 2020, 'sim': 67.0, 'fant': 0.178}, {'p': 'Jordan Payton', 'y': 2016, 'sim': 66.0, 'fant': 0.178}, {'p': 'Isaiah Hodgins', 'y': 2020, 'sim': 60.0, 'fant': 0.743}, {'p': 'Luke McCaffrey', 'y': 2024, 'sim': 60.0, 'fant': None}, {'p': 'Demarcus Robinson', 'y': 2016, 'sim': 59.0, 'fant': 0.656}, {'p': 'Fred Ross', 'y': 2017, 'sim': 59.0, 'fant': 0.178}]"
Bo Melton,2022,historical,4,0.38267148014440433,0.37545126353790614,10.952480949228072,37.249762980082124,-0.22406756880881085,-0.016493570434946224,0,0,0,0.6842105263157895,0.714765100671141,229.0,22.62559890485969,20.410677618069816,0.3930769845711088,0.392,0.6500157207693689,639.0,1.0,4.0,2.0,"{'best_dom': 0.937, 'final_dom': 0.383, 'dom_age20': 0.784, 'n_seasons_30': 1.514, 'best_yds': -0.851, 'career_yds': 0.017, 'final_ppa': -1.049, 'best_ppa': -0.523, 'best_usage': -0.017, 'nfl_entry_age': 0.597, 'breakout_age': -0.457, 'early_declare': -0.713, 'ras': 0.31, 'explosion_p': 0.745, 'speed_score': 0.927, 'weight': -0.923, 'catch_radius': -0.653, 'team_sp_off': -2.163, 'team_sp_overall': -1.938, 'recruit_rating': 0.343, 'prod_over_recruit': 0.631, 'was_returner': 0.693, 'ret_td': 0.347, 'col_qb_ypa': -2.065, 'final_spike': -0.239, 'dom_growth': 0.985}","[{'p': 'Shi Smith', 'y': 2021, 'sim': 65.0, 'fant': 0.489}, {'p': 'Lynn Bowden', 'y': 2020, 'sim': 59.0, 'fant': 0.536}, {'p': 'Jalen Nailor', 'y': 2022, 'sim': 58.0, 'fant': 0.687}, {'p': 'Deion Burks', 'y': 2026, 'sim': 57.0, 'fant': None}, {'p': 'Stanley Morgan Jr.', 'y': 2019, 'sim': 57.0, 'fant': None}, {'p': 'Elijhah Badger', 'y': 2025, 'sim': 57.0, 'fant': None}]"
Sterling Shepard,2016,historical,9,0.8736462093862816,0.6425992779783394,28.582894453899634,43.79828940688721,0.9243997177035898,0.30526664532487174,0,0,0,0.9226006191950464,0.7130872483221476,40.0,22.888432580424368,20.67624914442163,0.3303543639678094,0.829,0.6270006539467968,1288.0,1.0,4.0,2.0,"{'best_dom': 0.266, 'final_dom': 0.385, 'dom_age20': -0.4, 'n_seasons_30': 1.514, 'best_yds': 0.971, 'career_yds': 1.707, 'final_ppa': 0.615, 'best_ppa': -0.335, 'best_usage': -0.066, 'nfl_entry_age': 0.89, 'breakout_age': -0.448, 'early_declare': -0.713, 'ras': 0.223, 'explosion_p': 0.643, 'speed_score': -0.2, 'weight': -0.563, 'catch_radius': -0.027, 'team_sp_off': 0.953, 'team_sp_overall': 0.906, 'recruit_rating': 1.077, 'prod_over_recruit': -0.368, 'was_returner': 0.693, 'ret_td': -0.418, 'col_qb_ypa': 1.03, 'final_spike': -0.132, 'dom_growth': 0.251}","[{'p': 'Devin Duvernay', 'y': 2020, 'sim': 67.0, 'fant': 0.632}, {'p': 'Khalil Shakir', 'y': 2022, 'sim': 59.0, 'fant': 0.724}, {'p': 'Luke McCaffrey', 'y': 2024, 'sim': 58.0, 'fant': None}, {'p': 'Elijhah Badger', 'y': 2025, 'sim': 57.0, 'fant': None}, {'p': 'Jahan Dotson', 'y': 2022, 'sim': 57.0, 'fant': 0.7}, {'p': 'Jordan Payton', 'y': 2016, 'sim': 56.0, 'fant': 0.178}]"
KeeSean Johnson,2019,historical,5,0.48014440433212996,0.3862815884476534,12.202904432036036,37.419752118380195,1.1383070641939999,0.38278158745690727,0,0,0,0.5263157894736842,0.7114093959731543,174.0,22.22861054072553,20.016427104722798,0.3819229265064228,0.622,0.139921312433082,1340.0,1.0,2.0,3.0,"{'best_dom': 0.818, 'final_dom': 0.639, 'dom_age20': 1.666, 'n_seasons_30': 2.722, 'best_yds': 1.117, 'career_yds': 1.685, 'final_ppa': -0.173, 'best_ppa': -0.792, 'best_usage': 0.429, 'nfl_entry_age': 0.155, 'breakout_age': -0.471, 'early_declare': -0.713, 'ras': -0.779, 'explosion_p': -1.501, 'speed_score': -0.921, 'weight': -0.059, 'catch_radius': -0.39, 'team_sp_off': -0.269, 'team_sp_overall': 0.452, 'recruit_rating': -2.103, 'prod_over_recruit': 2.046, 'was_returner': 0.693, 'ret_td': -0.418, 'col_qb_ypa': 0.256, 'final_spike': -0.133, 'dom_growth': 0.395}","[{'p': 'Hunter Sharp', 'y': 2016, 'sim': 66.0, 'fant': 0.178}, {'p': 'Nelson Spruce', 'y': 2016, 'sim': 65.0, 'fant': 0.178}, {'p': 'Roger Lewis', 'y': 2016, 'sim': 65.0, 'fant': 0.567}, {'p': 'Tajae Sharpe', 'y': 2016, 'sim': 64.0, 'fant': 0.641}, {'p': 'Tyler Boyd', 'y': 2016, 'sim': 63.0, 'fant': 0.932}, {'p': 'Jalen Tolbert', 'y': 2022, 'sim': 62.0, 'fant': 0.69}]"
Demarcus Robinson,2016,historical,7,0.6462093862815884,0.5523465703971119,15.653744521495529,41.13076416024789,0.9184226753101444,0.5987960746976703,1,0,0,0.6563467492260062,0.709731543624161,126.0,21.27857631759069,20.06570841889117,0.3820312902063713,0.341,0.3728947889835546,810.0,1.0,4.0,1.0,"{'best_dom': 0.819, 'final_dom': -1.252, 'dom_age20': 1.667, 'n_seasons_30': 0.306, 'best_yds': -0.371, 'career_yds': -0.738, 'final_ppa': -1.243, 'best_ppa': -0.798, 'best_usage': -0.214, 'nfl_entry_age': -0.904, 'breakout_age': -0.469, 'early_declare': 1.399, 'ras': -0.03, 'explosion_p': -0.475, 'speed_score': -0.735, 'weight': 0.086, 'catch_radius': 0.449, 'team_sp_off': -0.821, 'team_sp_overall': 0.443, 'recruit_rating': 1.234, 'prod_over_recruit': -0.013, 'was_returner': 0.693, 'ret_td': -0.418, 'col_qb_ypa': -2.409, 'final_spike': -0.334, 'dom_growth': -0.154}","[{'p': 'Stefon Diggs', 'y': 2015, 'sim': 63.0, 'fant': 0.963}, {'p': 'Trishton Jackson', 'y': 2020, 'sim': 63.0, 'fant': 0.178}, {'p': 'Dillon Mitchell', 'y': 2019, 'sim': 62.0, 'fant': 0.178}, {'p': 'Lynn Bowden', 'y': 2020, 'sim': 59.0, 'fant': 0.536}, {'p': 'Fred Ross', 'y': 2017, 'sim': 59.0, 'fant': 0.178}, {'p': 'Cody White', 'y': 2020, 'sim': 57.0, 'fant': 0.178}]"
Gary Jennings,2019,historical,7,0.6389891696750902,0.8194945848375451,15.5817350604712,49.09003445989454,-0.8262102671934142,0.09100950157391681,0,0,0,0.1780185758513932,0.7080536912751678,120.0,21.82067077344285,21.607118412046542,0.2787070105411451,1.108,0.7931948603316616,1096.0,1.0,3.0,0.0,"{'best_dom': -0.287, 'final_dom': 0.12, 'dom_age20': -0.858, 'n_seasons_30': -0.902, 'best_yds': 0.432, 'career_yds': 0.341, 'final_ppa': 1.678, 'best_ppa': 0.777, 'best_usage': 0.503, 'nfl_entry_age': -0.3, 'breakout_age': -0.417, 'early_declare': -0.713, 'ras': 0.992, 'explosion_p': 1.375, 'speed_score': 1.544, 'weight': 0.878, 'catch_radius': 0.751, 'team_sp_off': -0.254, 'team_sp_overall': -0.559, 'recruit_rating': -0.59, 'prod_over_recruit': 0.224, 'was_returner': 0.693, 'ret_td': -0.418, 'col_qb_ypa': 0.686, 'final_spike': -0.277, 'dom_growth': 0.713}","[{'p': ""Ja'Lynn Polk"", 'y': 2024, 'sim': 73.0, 'fant': None}, {'p': 'Chris Moore', 'y': 2016, 'sim': 65.0, 'fant': 0.613}, {'p': 'Tim Jones', 'y': 2021, 'sim': 64.0, 'fant': 0.375}, {'p': 'Jalen Royals', 'y': 2025, 'sim': 62.0, 'fant': None}, {'p': 'Sam Brown Jr.', 'y': 2025, 'sim': 62.0, 'fant': None}, {'p': 'Alec Pierce', 'y': 2022, 'sim': 61.0, 'fant': 0.728}]"
Jaelon Darden,2021,historical,7,0.6137184115523465,0.6028880866425993,15.029065068243895,42.23881328044959,-0.9981221349456572,0.5397359827415642,1,0,0,0.3715170278637771,0.7046979865771812,129.0,21.965776865160848,20.750171115674195,0.5495330641090359,0.649,0.3578064782592922,1190.0,1.0,3.0,1.0,"{'best_dom': 2.612, 'final_dom': 2.8, 'dom_age20': -0.303, 'n_seasons_30': 0.306, 'best_yds': 0.696, 'career_yds': 0.902, 'final_ppa': -0.07, 'best_ppa': -0.732, 'best_usage': 1.245, 'nfl_entry_age': -0.138, 'breakout_age': -0.446, 'early_declare': -0.713, 'ras': -0.65, 'explosion_p': -0.542, 'speed_score': -1.123, 'weight': -2.004, 'catch_radius': -1.622, 'team_sp_off': -0.955, 'team_sp_overall': -1.723, 'recruit_rating': -1.171, 'prod_over_recruit': 2.191, 'was_returner': 0.693, 'ret_td': 0.347, 'col_qb_ypa': 0.6, 'final_spike': -0.046, 'dom_growth': 2.545}","[{'p': 'Marquez Stevenson', 'y': 2021, 'sim': 65.0, 'fant': 0.178}, {'p': ""D'Wayne Eskridge"", 'y': 2021, 'sim': 63.0, 'fant': 0.418}, {'p': 'Devonte Ross', 'y': 2026, 'sim': 63.0, 'fant': None}, {'p': 'Diontae Johnson', 'y': 2019, 'sim': 63.0, 'fant': 0.941}, {'p': 'Tyler Lockett', 'y': 2015, 'sim': 62.0, 'fant': 0.913}, {'p': 'Efton Chism III', 'y': 2024, 'sim': 61.0, 'fant': None}]"
KD Cannon,2017,historical,7,0.6498194945848376,0.9458483754512635,15.727993894154821,54.24262789219792,0.4161611940985875,0.7310879993713083,0,0,0,0.1780185758513932,0.6963087248322147,270.0,21.15811088295688,18.94318959616701,0.3633169039795546,0.583,0.4552085978655102,1215.0,1.0,5.0,1.0,"{'best_dom': 0.619, 'final_dom': 0.957, 'dom_age20': 0.332, 'n_seasons_30': 0.306, 'best_yds': 0.766, 'career_yds': 1.283, 'final_ppa': -0.322, 'best_ppa': -0.818, 'best_usage': 0.231, 'nfl_entry_age': -1.038, 'breakout_age': -0.507, 'early_declare': 1.399, 'ras': -0.586, 'explosion_p': -0.113, 'speed_score': -0.21, 'weight': -1.427, 'catch_radius': -0.975, 'team_sp_off': 0.253, 'team_sp_overall': -0.07, 'recruit_rating': 1.575, 'prod_over_recruit': -0.478, 'was_returner': 0.693, 'ret_td': -0.418, 'col_qb_ypa': -0.517, 'final_spike': -0.176, 'dom_growth': -0.03}","[{'p': 'Amon-Ra St. Brown', 'y': 2021, 'sim': 74.0, 'fant': 0.985}, {'p': 'Stefon Diggs', 'y': 2015, 'sim': 67.0, 'fant': 0.963}, {'p': 'Garrett Wilson', 'y': 2022, 'sim': 66.0, 'fant': 0.92}, {'p': 'Nelson Agholor', 'y': 2015, 'sim': 64.0, 'fant': 0.848}, {'p': 'Jerry Jeudy', 'y': 2020, 'sim': 62.0, 'fant': 0.898}, {'p': 'Josh Downs', 'y': 2023, 'sim': 62.0, 'fant': None}]"
Trent Taylor,2017,historical,5,0.4404332129963899,0.38267148014440433,11.65494162850413,37.32074821444459,-0.08032814806406602,0.3633364416812891,0,0,0,0.5479876160990712,0.6946308724832215,177.0,22.67488021902806,20.459958932238195,0.3167513177685024,0.8,0.1304580604291491,1803.0,1.0,3.0,2.0,"{'best_dom': 0.12, 'final_dom': 0.497, 'dom_age20': 0.765, 'n_seasons_30': 1.514, 'best_yds': 2.417, 'career_yds': 2.508, 'final_ppa': 0.505, 'best_ppa': -0.399, 'best_usage': 1.27, 'nfl_entry_age': 0.652, 'breakout_age': -0.456, 'early_declare': -0.713, 'ras': -1.426, 'explosion_p': -1.543, 'speed_score': -2.135, 'weight': -1.499, 'catch_radius': -2.349, 'team_sp_off': 0.67, 'team_sp_overall': -0.773, 'recruit_rating': -1.397, 'prod_over_recruit': 1.062, 'was_returner': 0.693, 'ret_td': -0.418, 'col_qb_ypa': 0.944, 'final_spike': -0.108, 'dom_growth': 0.086}","[{'p': 'Justin Hardy', 'y': 2015, 'sim': 64.0, 'fant': 0.625}, {'p': 'Keevan Lucas', 'y': 2017, 'sim': 63.0, 'fant': None}, {'p': 'Demarcus Ayers', 'y': 2016, 'sim': 61.0, 'fant': 0.178}, {'p': 'Diontae Johnson', 'y': 2019, 'sim': 61.0, 'fant': 0.941}, {'p': 'Jamison Crowder', 'y': 2015, 'sim': 60.0, 'fant': 0.876}, {'p': 'Keke Coutee', 'y': 2018, 'sim': 60.0, 'fant': 0.82}]"
Jerome Lane,2017,historical,3,0.2996389891696751,0.7184115523465704,10.606528035348067,46.56619290117068,0.3908253331196013,0.4434967146954701,0,0,0,,,270.0,,,0.3781233386496544,0.797,0.5728515336122142,1018.0,1.0,,1.0,"{'best_dom': 0.777, 'final_dom': 0.194, 'dom_age20': 0.0, 'n_seasons_30': 0.306, 'best_yds': 0.213, 'career_yds': -0.226, 'final_ppa': 0.493, 'best_ppa': 0.021, 'best_usage': -0.066, 'nfl_entry_age': 0.0, 'breakout_age': 0.0, 'early_declare': 0.0, 'ras': 0.68, 'explosion_p': 0.405, 'speed_score': 0.31, 'weight': 1.742, 'catch_radius': 0.362, 'team_sp_off': -1.94, 'team_sp_overall': -1.518, 'recruit_rating': 0.0, 'prod_over_recruit': 0.0, 'was_returner': -1.439, 'ret_td': 0.0, 'col_qb_ypa': 0.342, 'final_spike': -0.139, 'dom_growth': -1.985}","[{'p': 'Gabriel Davis', 'y': 2020, 'sim': 69.0, 'fant': None}, {'p': 'Travis Fulgham', 'y': 2019, 'sim': 64.0, 'fant': 0.845}, {'p': 'Austin Watkins', 'y': 2021, 'sim': 62.0, 'fant': 0.178}, {'p': ""J'Mon Moore"", 'y': 2018, 'sim': 62.0, 'fant': 0.178}, {'p': 'Zach Pascal', 'y': 2017, 'sim': 62.0, 'fant': 0.774}, {'p': 'CJ Johnson', 'y': 2023, 'sim': 62.0, 'fant': None}]"
J'Mon Moore,2018,historical,6,0.5812274368231047,0.48375451263537905,14.212670818167513,39.50723719309764,0.0665107309964516,0.2791878255198654,0,0,0,0.1780185758513932,0.6895973154362416,133.0,22.611909650924023,20.39698836413416,0.3027362482369534,0.715,0.4551243661692764,1082.0,1.0,3.0,1.0,"{'best_dom': -0.03, 'final_dom': -0.179, 'dom_age20': 0.527, 'n_seasons_30': 0.306, 'best_yds': 0.393, 'career_yds': 0.552, 'final_ppa': 0.181, 'best_ppa': 2.132, 'best_usage': 0.008, 'nfl_entry_age': 0.582, 'breakout_age': -0.458, 'early_declare': -0.713, 'ras': 0.882, 'explosion_p': -0.113, 'speed_score': -0.626, 'weight': 0.374, 'catch_radius': 1.106, 'team_sp_off': 0.029, 'team_sp_overall': -0.088, 'recruit_rating': -0.341, 'prod_over_recruit': 0.176, 'was_returner': -1.439, 'ret_td': 0.0, 'col_qb_ypa': 1.116, 'final_spike': -0.208, 'dom_growth': 0.718}","[{'p': 'Elijah Sarratt', 'y': 2026, 'sim': 70.0, 'fant': None}, {'p': 'Xavier Hutchinson', 'y': 2023, 'sim': 67.0, 'fant': None}, {'p': 'Travis Fulgham', 'y': 2019, 'sim': 66.0, 'fant': 0.845}, {'p': 'Chad Hansen', 'y': 2017, 'sim': 65.0, 'fant': 0.644}, {'p': 'Eric McAlister', 'y': 2026, 'sim': 64.0, 'fant': None}, {'p': 'Cedric Tillman', 'y': 2023, 'sim': 64.0, 'fant': None}]"
Justin Hardy,2015,historical,8,0.7220216606498195,0.5631768953068592,17.863289258188743,41.33851842637552,0.4290529975129509,0.2971305791456179,0,0,0,0.6253869969040248,0.6862416107382551,107.0,23.039014373716636,19.824777549623544,0.4050660617637694,0.594,0.2948421923124507,1494.0,1.0,,2.0,"{'best_dom': 1.066, 'final_dom': 0.487, 'dom_age20': 0.351, 'n_seasons_30': 1.514, 'best_yds': 1.549, 'career_yds': 2.924, 'final_ppa': -0.28, 'best_ppa': -0.175, 'best_usage': 0.973, 'nfl_entry_age': 1.058, 'breakout_age': -0.477, 'early_declare': -0.713, 'ras': -0.262, 'explosion_p': -0.819, 'speed_score': -1.028, 'weight': -0.707, 'catch_radius': 0.329, 'team_sp_off': -0.09, 'team_sp_overall': -0.31, 'recruit_rating': 0.0, 'prod_over_recruit': 0.0, 'was_returner': 0.693, 'ret_td': -0.418, 'col_qb_ypa': -0.431, 'final_spike': -0.18, 'dom_growth': -0.433}","[{'p': 'Tyler Lockett', 'y': 2015, 'sim': 68.0, 'fant': 0.913}, {'p': 'James Proche', 'y': 2020, 'sim': 67.0, 'fant': 0.471}, {'p': 'Jayden Reed', 'y': 2023, 'sim': 65.0, 'fant': None}, {'p': 'Nelson Spruce', 'y': 2016, 'sim': 63.0, 'fant': 0.178}, {'p': 'Diontae Johnson', 'y': 2019, 'sim': 62.0, 'fant': 0.941}, {'p': 'Roger Lewis', 'y': 2016, 'sim': 60.0, 'fant': 0.567}]"
Dorial Green-Beckham,2015,historical,10,0.9097472924187726,0.7581227436823105,33.68203862039553,47.136740670959625,-0.21544501526948945,0.42317293453133986,0,0,0,0.7027863777089783,0.6795302013422819,40.0,21.72210814510609,19.509924709103355,0.3182659012210679,0.426,0.4856501468357068,883.0,0.0,5.0,1.0,"{'best_dom': 0.136, 'final_dom': 0.512, 'dom_age20': 0.559, 'n_seasons_30': 0.306, 'best_yds': -0.166, 'career_yds': -0.826, 'final_ppa': -0.92, 'best_ppa': -1.223, 'best_usage': -1.6, 'nfl_entry_age': -0.41, 'breakout_age': -0.488, 'early_declare': 1.399, 'ras': 0.033, 'explosion_p': 0.021, 'speed_score': 2.038, 'weight': 2.535, 'catch_radius': 0.189, 'team_sp_off': 1.088, 'team_sp_overall': 0.615, 'recruit_rating': 1.801, 'prod_over_recruit': -1.124, 'was_returner': -1.439, 'ret_td': 0.0, 'col_qb_ypa': -0.517, 'final_spike': 0.138, 'dom_growth': -0.626}","[{'p': 'Keon Coleman', 'y': 2024, 'sim': 59.0, 'fant': None}, {'p': 'Michael Pittman Jr.', 'y': 2020, 'sim': 58.0, 'fant': 0.935}, {'p': 'Equanimeous St. Brown', 'y': 2018, 'sim': 58.0, 'fant': 0.508}, {'p': 'Laquon Treadwell', 'y': 2016, 'sim': 56.0, 'fant': 0.563}, {'p': 'Mike Williams', 'y': 2017, 'sim': 55.0, 'fant': 0.901}, {'p': 'Collin Johnson', 'y': 2020, 'sim': 55.0, 'fant': 0.551}]"
Kenny Bell,2015,historical,7,0.6859205776173285,0.6498194945848376,16.664338085672924,44.016235690222075,0.0935477833416073,0.18270270705938954,0,0,0,0.1780185758513932,0.6778523489932886,162.0,22.85010266940452,19.63586584531143,0.3152548209366391,0.647,0.8410130687034831,863.0,1.0,,1.0,"{'best_dom': 0.104, 'final_dom': 0.013, 'dom_age20': 0.418, 'n_seasons_30': 0.306, 'best_yds': -0.222, 'career_yds': 0.795, 'final_ppa': -0.078, 'best_ppa': -0.393, 'best_usage': -0.883, 'nfl_entry_age': 0.847, 'breakout_age': -0.484, 'early_declare': -0.713, 'ras': 1.084, 'explosion_p': 1.585, 'speed_score': 0.561, 'weight': -0.347, 'catch_radius': 0.422, 'team_sp_off': 0.581, 'team_sp_overall': 0.7, 'recruit_rating': 0.0, 'prod_over_recruit': 0.0, 'was_returner': 0.693, 'ret_td': 0.347, 'col_qb_ypa': -0.345, 'final_spike': -0.255, 'dom_growth': -0.889}","[{'p': 'Chimere Dike', 'y': 2025, 'sim': 64.0, 'fant': None}, {'p': 'Chris Brazzell II', 'y': 2026, 'sim': 64.0, 'fant': None}, {'p': 'Chris Moore', 'y': 2016, 'sim': 62.0, 'fant': 0.613}, {'p': 'Rashee Rice', 'y': 2023, 'sim': 61.0, 'fant': None}, {'p': 'Cyrus Allen', 'y': 2026, 'sim': 61.0, 'fant': None}, {'p': 'Sammie Coates', 'y': 2015, 'sim': 60.0, 'fant': 0.573}]"
Aaron Parker,2020,historical,3,0.20938628158844766,0.039711191335740074,10.318911914846124,25.996095301985598,-1.5951316453906599,-0.3073855264485161,0,0,0,0.1780185758513932,0.6761744966442953,270.0,21.61533196440794,99.0,,0.306,0.1526175546110691,208.0,1.0,2.0,0.0,"{'best_dom': 0.0, 'final_dom': 0.0, 'dom_age20': 0.0, 'n_seasons_30': -0.902, 'best_yds': -2.061, 'career_yds': -1.787, 'final_ppa': -1.377, 'best_ppa': 1.132, 'best_usage': 2.111, 'nfl_entry_age': -0.528, 'breakout_age': 2.214, 'early_declare': -0.713, 'ras': -0.861, 'explosion_p': -1.445, 'speed_score': -0.254, 'weight': 0.518, 'catch_radius': -1.032, 'team_sp_off': 0.0, 'team_sp_overall': 0.0, 'recruit_rating': -1.858, 'prod_over_recruit': 0.0, 'was_returner': -1.439, 'ret_td': 0.0, 'col_qb_ypa': -1.463, 'final_spike': -0.043, 'dom_growth': 0.0}","[{'p': 'Kendrick Bourne', 'y': 2017, 'sim': 62.0, 'fant': 0.802}, {'p': 'Keelan Doss', 'y': 2019, 'sim': 58.0, 'fant': 0.511}, {'p': 'Montrell Washington', 'y': 2022, 'sim': 57.0, 'fant': 0.359}, {'p': 'Dezmin Lewis', 'y': 2015, 'sim': 57.0, 'fant': 0.178}, {'p': 'Chris Lacy', 'y': 2018, 'sim': 57.0, 'fant': 0.178}, {'p': 'Cade Johnson', 'y': 2021, 'sim': 56.0, 'fant': 0.178}]"
Amon-Ra St. Brown,2021,historical,8,0.7942238267148014,0.9675090252707581,21.10979022614619,55.30585969979663,0.7814651733367072,0.5995077808760019,1,1,0,0.9845201238390093,0.674496644295302,112.0,21.190965092402465,18.976043805612598,0.3306213926071472,0.676,0.5729419512916613,1042.0,1.0,5.0,1.0,"{'best_dom': 0.269, 'final_dom': 0.634, 'dom_age20': 0.313, 'n_seasons_30': 0.306, 'best_yds': 0.28, 'career_yds': 0.314, 'final_ppa': 0.033, 'best_ppa': -0.673, 'best_usage': 0.132, 'nfl_entry_age': -1.001, 'breakout_age': -0.506, 'early_declare': 1.399, 'ras': -0.3, 'explosion_p': 0.405, 'speed_score': -1.202, 'weight': -0.347, 'catch_radius': -0.68, 'team_sp_off': 0.551, 'team_sp_overall': 0.084, 'recruit_rating': 1.721, 'prod_over_recruit': -0.882, 'was_returner': 0.693, 'ret_td': -0.418, 'col_qb_ypa': 0.6, 'final_spike': -0.389, 'dom_growth': -0.275}","[{'p': 'KD Cannon', 'y': 2017, 'sim': 73.0, 'fant': 0.178}, {'p': 'Nelson Agholor', 'y': 2015, 'sim': 72.0, 'fant': 0.848}, {'p': 'Garrett Wilson', 'y': 2022, 'sim': 70.0, 'fant': 0.92}, {'p': 'Stefon Diggs', 'y': 2015, 'sim': 69.0, 'fant': 0.963}, {'p': 'Christian Kirk', 'y': 2018, 'sim': 65.0, 'fant': 0.916}, {'p': 'Malachi Dupre', 'y': 2017, 'sim': 65.0, 'fant': 0.178}]"
Quez Watkins,2020,historical,6,0.5054151624548736,0.8447653429602888,12.427777181785494,49.66529835154006,0.6853372267324467,0.5912544276147937,1,0,0,0.6687306501547987,0.6728187919463087,200.0,21.56331279945243,20.35044490075291,0.3959895297747031,0.702,0.6673935429497931,1178.0,1.0,2.0,2.0,"{'best_dom': 0.968, 'final_dom': 0.395, 'dom_age20': 1.777, 'n_seasons_30': 1.514, 'best_yds': 0.662, 'career_yds': 0.476, 'final_ppa': 0.132, 'best_ppa': -0.615, 'best_usage': 0.305, 'nfl_entry_age': -0.586, 'breakout_age': -0.46, 'early_declare': 1.399, 'ras': 0.175, 'explosion_p': 0.821, 'speed_score': 0.573, 'weight': -1.211, 'catch_radius': 0.001, 'team_sp_off': -1.746, 'team_sp_overall': -1.449, 'recruit_rating': -1.562, 'prod_over_recruit': 2.019, 'was_returner': 0.693, 'ret_td': 0.347, 'col_qb_ypa': 0.342, 'final_spike': -0.135, 'dom_growth': 0.464}","[{'p': 'Darnell Mooney', 'y': 2020, 'sim': 62.0, 'fant': 0.873}, {'p': 'Taywan Taylor', 'y': 2017, 'sim': 59.0, 'fant': 0.582}, {'p': 'Tai Felton', 'y': 2025, 'sim': 59.0, 'fant': None}, {'p': 'Michael Gallup', 'y': 2018, 'sim': 59.0, 'fant': 0.882}, {'p': 'Stanley Morgan Jr.', 'y': 2019, 'sim': 59.0, 'fant': None}, {'p': 'Jalen Tolbert', 'y': 2022, 'sim': 57.0, 'fant': 0.69}]"
Kelvin Harmon,2019,historical,5,0.44404332129963897,0.4584837545126354,11.702645438387798,38.5773032578213,-0.8356605791123372,-0.042522728939709986,0,0,0,0.6037151702786377,0.6694630872483222,206.0,22.04517453798768,20.83230663928816,0.2889426957223567,0.817,0.2885418381765396,1086.0,1.0,3.0,0.0,"{'best_dom': -0.178, 'final_dom': 0.221, 'dom_age20': 0.172, 'n_seasons_30': -0.902, 'best_yds': 0.404, 'career_yds': 0.653, 'final_ppa': 0.57, 'best_ppa': -0.053, 'best_usage': -0.017, 'nfl_entry_age': -0.05, 'breakout_age': -0.443, 'early_declare': -0.713, 'ras': -0.41, 'explosion_p': -0.847, 'speed_score': 0.064, 'weight': 1.382, 'catch_radius': 0.211, 'team_sp_off': -0.031, 'team_sp_overall': -0.233, 'recruit_rating': -0.333, 'prod_over_recruit': 0.078, 'was_returner': -1.439, 'ret_td': 0.0, 'col_qb_ypa': -0.088, 'final_spike': -0.209, 'dom_growth': -0.468}","[{'p': ""Ka'Raun White"", 'y': 2018, 'sim': 73.0, 'fant': None}, {'p': 'Kyren Lacy', 'y': 2024, 'sim': 70.0, 'fant': None}, {'p': 'Jakobi Meyers', 'y': 2019, 'sim': 61.0, 'fant': 0.91}, {'p': 'Simmie Cobbs', 'y': 2018, 'sim': 61.0, 'fant': 0.178}, {'p': 'Gabriel Davis', 'y': 2020, 'sim': 60.0, 'fant': None}, {'p': 'Jaylen Smith', 'y': 2019, 'sim': 60.0, 'fant': 0.178}]"
Jauan Jennings,2020,historical,7,0.6173285198555957,0.4693140794223827,15.094417134011831,38.88188870988733,-0.643892332047727,-0.1553015041980032,0,0,0,0.7987616099071208,0.6661073825503355,217.0,22.477754962354556,19.266255989048595,0.3788723894517391,0.758,0.1282383622121076,969.0,1.0,,1.0,"{'best_dom': 0.785, 'final_dom': 1.111, 'dom_age20': 0.372, 'n_seasons_30': 0.306, 'best_yds': 0.075, 'career_yds': 0.179, 'final_ppa': 0.345, 'best_ppa': -0.232, 'best_usage': 0.058, 'nfl_entry_age': 0.432, 'breakout_age': -0.496, 'early_declare': -0.713, 'ras': -1.3, 'explosion_p': -1.552, 'speed_score': -1.268, 'weight': 0.95, 'catch_radius': -0.667, 'team_sp_off': -1.119, 'team_sp_overall': -0.113, 'recruit_rating': 0.0, 'prod_over_recruit': 0.0, 'was_returner': -1.439, 'ret_td': 0.0, 'col_qb_ypa': 0.17, 'final_spike': -0.03, 'dom_growth': 1.589}","[{'p': 'Alonzo Russell', 'y': 2016, 'sim': 63.0, 'fant': 0.178}, {'p': 'Jamarius Way', 'y': 2019, 'sim': 62.0, 'fant': None}, {'p': 'Xavier Hutchinson', 'y': 2023, 'sim': 61.0, 'fant': None}, {'p': 'Nelson Spruce', 'y': 2016, 'sim': 61.0, 'fant': 0.178}, {'p': 'Kelvin Harmon', 'y': 2019, 'sim': 60.0, 'fant': 0.604}, {'p': 'Sage Surratt', 'y': 2021, 'sim': 60.0, 'fant': 0.178}]"
Zach Pascal,2017,historical,6,0.516245487364621,0.7617328519855595,12.586662284722564,47.255967817504484,-0.2910337471332497,0.1665833075756693,0,0,0,0.7739938080495357,0.662751677852349,270.0,22.03969883641341,19.824777549623544,0.3835035944003027,0.517,0.6471258898746153,970.0,1.0,,2.0,"{'best_dom': 0.835, 'final_dom': 0.337, 'dom_age20': 0.404, 'n_seasons_30': 1.514, 'best_yds': 0.078, 'career_yds': 1.375, 'final_ppa': -0.573, 'best_ppa': -0.494, 'best_usage': 0.899, 'nfl_entry_age': -0.056, 'breakout_age': -0.477, 'early_declare': -0.713, 'ras': 0.361, 'explosion_p': 0.732, 'speed_score': 0.447, 'weight': 1.238, 'catch_radius': 0.784, 'team_sp_off': -1.91, 'team_sp_overall': -2.306, 'recruit_rating': 0.0, 'prod_over_recruit': 0.0, 'was_returner': 0.693, 'ret_td': -0.418, 'col_qb_ypa': -2.495, 'final_spike': -0.236, 'dom_growth': 0.034}","[{'p': 'Antonio Gandy-Golden', 'y': 2020, 'sim': 64.0, 'fant': 0.362}, {'p': 'Will Sheppard', 'y': 2025, 'sim': 63.0, 'fant': None}, {'p': 'Jerome Lane', 'y': 2017, 'sim': 63.0, 'fant': None}, {'p': 'Stanley Morgan Jr.', 'y': 2019, 'sim': 62.0, 'fant': None}, {'p': 'Steven Sims', 'y': 2019, 'sim': 62.0, 'fant': 0.622}, {'p': 'Dontay Demus Jr.', 'y': 2023, 'sim': 61.0, 'fant': None}]"
Marquez Callaway,2020,historical,7,0.6245487364620939,0.8953068592057761,15.249910372306966,51.29592900428329,1.0299682139471902,-0.07981267817907188,0,0,0,0.6656346749226006,0.6610738255033557,270.0,21.765913757700204,19.55373032169747,0.3246815564473914,0.938,0.6344355081017775,635.0,1.0,4.0,1.0,"{'best_dom': 0.205, 'final_dom': 0.016, 'dom_age20': 1.213, 'n_seasons_30': 0.306, 'best_yds': -0.862, 'career_yds': -0.378, 'final_ppa': 1.03, 'best_ppa': 0.032, 'best_usage': -0.66, 'nfl_entry_age': -0.361, 'breakout_age': -0.487, 'early_declare': -0.713, 'ras': 0.497, 'explosion_p': 0.676, 'speed_score': -0.273, 'weight': 0.23, 'catch_radius': 0.652, 'team_sp_off': -1.119, 'team_sp_overall': -0.113, 'recruit_rating': 1.018, 'prod_over_recruit': -0.446, 'was_returner': 0.693, 'ret_td': 1.876, 'col_qb_ypa': 0.17, 'final_spike': -0.219, 'dom_growth': 0.911}","[{'p': 'Erik Ezukanma', 'y': 2022, 'sim': 66.0, 'fant': 0.178}, {'p': 'Elijhah Badger', 'y': 2025, 'sim': 62.0, 'fant': None}, {'p': 'Malachi Dupre', 'y': 2017, 'sim': 58.0, 'fant': 0.178}, {'p': 'Josh Malone', 'y': 2017, 'sim': 58.0, 'fant': 0.399}, {'p': 'Jermaine Burton', 'y': 2024, 'sim': 57.0, 'fant': None}, {'p': 'Beaux Collins', 'y': 2025, 'sim': 57.0, 'fant': None}]"
Erik Ezukanma,2022,historical,7,0.6209386281588448,0.631768953068592,15.183301980802732,43.67091174535631,-0.6496063444449092,-0.11712583738268617,0,0,0,0.1780185758513932,0.6593959731543624,125.0,21.935660506502398,20.722792607802877,0.3061532653831634,0.825,0.6690068985340616,739.0,1.0,4.0,1.0,"{'best_dom': 0.007, 'final_dom': -0.495, 'dom_age20': -0.024, 'n_seasons_30': 0.306, 'best_yds': -0.57, 'career_yds': 0.183, 'final_ppa': 0.6, 'best_ppa': 2.533, 'best_usage': -0.264, 'nfl_entry_age': -0.172, 'breakout_age': -0.447, 'early_declare': -0.713, 'ras': 0.81, 'explosion_p': 0.828, 'speed_score': 0.0, 'weight': 0.518, 'catch_radius': 0.88, 'team_sp_off': -1.03, 'team_sp_overall': -1.398, 'recruit_rating': 0.169, 'prod_over_recruit': -0.152, 'was_returner': -1.439, 'ret_td': 0.0, 'col_qb_ypa': -1.119, 'final_spike': -0.242, 'dom_growth': 0.319}","[{'p': 'Marquez Callaway', 'y': 2020, 'sim': 65.0, 'fant': 0.666}, {'p': 'Jordan Payton', 'y': 2016, 'sim': 63.0, 'fant': 0.178}, {'p': 'Amara Darboh', 'y': 2017, 'sim': 61.0, 'fant': 0.381}, {'p': 'Michael Wilson', 'y': 2023, 'sim': 60.0, 'fant': None}, {'p': 'Elijhah Badger', 'y': 2025, 'sim': 60.0, 'fant': None}, {'p': 'Ricardo Louis', 'y': 2016, 'sim': 60.0, 'fant': 0.591}]"
Calvin Austin ,2022,historical,6,0.5740072202166066,0.6498194945848376,13.955520738448914,44.05649972895334,0.3064222327892756,0.29741477711441644,0,0,0,0.6191950464396285,0.6577181208053692,138.0,22.77618069815195,21.56331279945243,0.3330504514984791,0.911,0.7761744763541955,1149.0,1.0,3.0,2.0,"{'best_dom': 0.295, 'final_dom': 0.47, 'dom_age20': -1.33, 'n_seasons_30': 1.514, 'best_yds': 0.581, 'career_yds': 0.625, 'final_ppa': 0.928, 'best_ppa': 1.377, 'best_usage': 0.577, 'nfl_entry_age': 0.765, 'breakout_age': -0.418, 'early_declare': -0.713, 'ras': 0.645, 'explosion_p': 1.3, 'speed_score': -0.057, 'weight': -2.292, 'catch_radius': -0.871, 'team_sp_off': -0.851, 'team_sp_overall': -0.953, 'recruit_rating': -0.901, 'prod_over_recruit': 1.089, 'was_returner': 0.693, 'ret_td': 1.111, 'col_qb_ypa': 0.256, 'final_spike': -0.202, 'dom_growth': 1.27}","[{'p': 'DeMario Douglas', 'y': 2023, 'sim': 67.0, 'fant': None}, {'p': 'Jaylin Noel', 'y': 2025, 'sim': 61.0, 'fant': None}, {'p': 'Tyler Scott', 'y': 2023, 'sim': 60.0, 'fant': None}, {'p': 'Phillip Dorsett', 'y': 2015, 'sim': 59.0, 'fant': 0.746}, {'p': 'Sterling Shepard', 'y': 2016, 'sim': 59.0, 'fant': 0.923}, {'p': 'Malik Washington', 'y': 2024, 'sim': 57.0, 'fant': None}]"
Equanimeous St. Brown,2018,historical,6,0.5090252707581228,0.6859205776173285,12.445126110483539,45.118589057640655,0.6796468227088319,0.3411637211652358,0,0,0,0.5077399380804953,0.6543624161073825,207.0,21.253935660506503,20.041067761806985,0.3241560144215011,0.23,0.5829403606102636,961.0,1.0,4.0,1.0,"{'best_dom': 0.199, 'final_dom': -0.553, 'dom_age20': 1.208, 'n_seasons_30': 0.306, 'best_yds': 0.053, 'career_yds': -0.59, 'final_ppa': -1.666, 'best_ppa': -0.084, 'best_usage': -0.561, 'nfl_entry_age': -0.931, 'breakout_age': -0.47, 'early_declare': 1.399, 'ras': 1.497, 'explosion_p': 0.449, 'speed_score': 0.894, 'weight': 0.878, 'catch_radius': 1.197, 'team_sp_off': 0.61, 'team_sp_overall': 0.306, 'recruit_rating': 0.666, 'prod_over_recruit': -0.276, 'was_returner': 0.693, 'ret_td': -0.418, 'col_qb_ypa': -0.088, 'final_spike': -0.367, 'dom_growth': 0.447}","[{'p': 'Keon Coleman', 'y': 2024, 'sim': 67.0, 'fant': None}, {'p': 'Bryan Edwards', 'y': 2020, 'sim': 62.0, 'fant': 0.505}, {'p': 'Seth Williams', 'y': 2021, 'sim': 62.0, 'fant': 0.178}, {'p': 'Drake London', 'y': 2022, 'sim': 61.0, 'fant': 0.904}, {'p': 'Ricardo Louis', 'y': 2016, 'sim': 61.0, 'fant': 0.591}, {'p': 'Isaiah Hodgins', 'y': 2020, 'sim': 61.0, 'fant': 0.743}]"
Keevan Lucas,2017,historical,2,0.18050541516245489,0.37184115523465705,10.211241068291216,37.04273229788896,-0.484637430022011,0.3751990046859823,0,0,0,,,270.0,,,0.4310384952360092,0.546,0.204359815853047,1219.0,1.0,3.0,2.0,"{'best_dom': 1.344, 'final_dom': 1.304, 'dom_age20': 0.0, 'n_seasons_30': 1.514, 'best_yds': 0.777, 'career_yds': 1.44, 'final_ppa': -0.463, 'best_ppa': -0.49, 'best_usage': 0.973, 'nfl_entry_age': 0.0, 'breakout_age': 0.0, 'early_declare': 0.0, 'ras': -1.462, 'explosion_p': -1.217, 'speed_score': -0.942, 'weight': -0.707, 'catch_radius': -0.581, 'team_sp_off': -1.746, 'team_sp_overall': -2.391, 'recruit_rating': -1.127, 'prod_over_recruit': 1.869, 'was_returner': 0.693, 'ret_td': -0.418, 'col_qb_ypa': -1.291, 'final_spike': -0.238, 'dom_growth': 0.865}","[{'p': 'Efton Chism III', 'y': 2024, 'sim': 72.0, 'fant': None}, {'p': 'James Proche', 'y': 2020, 'sim': 69.0, 'fant': 0.471}, {'p': 'Marquez Stevenson', 'y': 2021, 'sim': 66.0, 'fant': 0.178}, {'p': 'Diontae Johnson', 'y': 2019, 'sim': 66.0, 'fant': 0.941}, {'p': 'Josh Johnson', 'y': 2022, 'sim': 64.0, 'fant': None}, {'p': 'Demarcus Ayers', 'y': 2016, 'sim': 64.0, 'fant': 0.178}]"
Allen Lazard,2018,historical,5,0.4981949458483754,0.7148014440433214,12.361633059409318,46.47615674172525,1.6298228765560534,0.31886393083041303,0,0,0,0.8606811145510835,0.6510067114093959,270.0,22.05886379192334,19.84394250513347,0.3305430349860485,0.541,0.6636773019066782,1018.0,1.0,4.0,3.0,"{'best_dom': 0.268, 'final_dom': 0.507, 'dom_age20': 1.139, 'n_seasons_30': 2.722, 'best_yds': 0.213, 'career_yds': 1.567, 'final_ppa': -0.482, 'best_ppa': -0.36, 'best_usage': 0.355, 'nfl_entry_age': -0.034, 'breakout_age': -0.477, 'early_declare': -0.713, 'ras': 0.724, 'explosion_p': 0.805, 'speed_score': 0.859, 'weight': 1.814, 'catch_radius': 1.484, 'team_sp_off': -1.239, 'team_sp_overall': -0.978, 'recruit_rating': 1.223, 'prod_over_recruit': -0.497, 'was_returner': 0.693, 'ret_td': -0.418, 'col_qb_ypa': -0.26, 'final_spike': -0.251, 'dom_growth': -0.136}","[{'p': ""N'Keal Harry"", 'y': 2019, 'sim': 63.0, 'fant': 0.607}, {'p': 'Courtland Sutton', 'y': 2018, 'sim': 63.0, 'fant': 0.864}, {'p': 'Seth Williams', 'y': 2021, 'sim': 61.0, 'fant': 0.178}, {'p': 'Denzel Boston', 'y': 2026, 'sim': 60.0, 'fant': None}, {'p': 'Zach Pascal', 'y': 2017, 'sim': 59.0, 'fant': 0.774}, {'p': 'Tamorrion Terry', 'y': 2021, 'sim': 59.0, 'fant': None}]"
Jalen Robinette,2017,historical,3,0.24187725631768953,0.628158844765343,10.486330175603996,43.5895054774021,1.5162156051708235,0.8036626933805644,0,0,0,,,270.0,,,0.4879729288975863,1.262,0.2828701287707754,959.0,1.0,2.0,4.0,"{'best_dom': 1.953, 'final_dom': 2.191, 'dom_age20': 0.0, 'n_seasons_30': 3.931, 'best_yds': 0.047, 'career_yds': 0.805, 'final_ppa': 2.264, 'best_ppa': 0.619, 'best_usage': -1.13, 'nfl_entry_age': 0.0, 'breakout_age': 0.0, 'early_declare': 0.0, 'ras': -0.219, 'explosion_p': -0.872, 'speed_score': -0.172, 'weight': 1.31, 'catch_radius': 0.731, 'team_sp_off': -0.344, 'team_sp_overall': -0.661, 'recruit_rating': -1.983, 'prod_over_recruit': 2.318, 'was_returner': 0.693, 'ret_td': -0.418, 'col_qb_ypa': 2.577, 'final_spike': -0.172, 'dom_growth': 0.254}","[{'p': 'Corey Davis', 'y': 2017, 'sim': 61.0, 'fant': 0.889}, {'p': 'Jalen Tolbert', 'y': 2022, 'sim': 59.0, 'fant': 0.69}, {'p': 'KeeSean Johnson', 'y': 2019, 'sim': 59.0, 'fant': 0.526}, {'p': 'J.J. Arcega-Whiteside', 'y': 2019, 'sim': 58.0, 'fant': 0.474}, {'p': 'Tyler Johnson', 'y': 2020, 'sim': 58.0, 'fant': 0.57}, {'p': 'Titus Davis', 'y': 2015, 'sim': 56.0, 'fant': 0.178}]"
Steven Sims,2019,historical,7,0.628158844765343,0.6931407942238267,15.27840206260508,45.67645253054252,-0.11320250923900621,-0.428914346978056,0,0,0,0.6222910216718266,0.6375838926174496,270.0,21.75496235455168,19.54277891854894,0.368683947631316,0.225,,859.0,1.0,3.0,2.0,"{'best_dom': 0.676, 'final_dom': -0.384, 'dom_age20': 1.553, 'n_seasons_30': 1.514, 'best_yds': -0.233, 'career_yds': 0.672, 'final_ppa': -1.685, 'best_ppa': -0.939, 'best_usage': 0.157, 'nfl_entry_age': -0.373, 'breakout_age': -0.487, 'early_declare': -0.713, 'ras': 0.0, 'explosion_p': 0.0, 'speed_score': 0.0, 'weight': 0.0, 'catch_radius': 0.0, 'team_sp_off': -2.133, 'team_sp_overall': -2.4, 'recruit_rating': -1.437, 'prod_over_recruit': 1.734, 'was_returner': 0.693, 'ret_td': -0.418, 'col_qb_ypa': -2.151, 'final_spike': -0.341, 'dom_growth': -0.472}","[{'p': 'Zach Pascal', 'y': 2017, 'sim': 62.0, 'fant': 0.774}, {'p': 'Kalija Lipscomb', 'y': 2020, 'sim': 62.0, 'fant': 0.178}, {'p': 'Jalen Walthall', 'y': 2026, 'sim': 61.0, 'fant': None}, {'p': 'Reggie Virgil', 'y': 2026, 'sim': 61.0, 'fant': None}, {'p': 'Lewis Bond', 'y': 2026, 'sim': 61.0, 'fant': None}, {'p': 'Ty Fryfogle', 'y': 2022, 'sim': 59.0, 'fant': None}]"
Anthony Miller,2018,historical,9,0.8447653429602888,0.6787003610108303,24.66477137037326,45.0267959,0.25021305197809984,0.5612016854384899,1,0,0,0.7523219814241486,0.6359060402684564,51.0,23.23066392881588,22.01779603011636,0.3986222732491389,0.673,0.6729316258159219,1462.0,1.0,2.0,2.0,"{'best_dom': 0.997, 'final_dom': 1.307, 'dom_age20': -1.358, 'n_seasons_30': 1.514, 'best_yds': 1.46, 'career_yds': 1.831, 'final_ppa': 0.021, 'best_ppa': -0.459, 'best_usage': 0.948, 'nfl_entry_age': 1.271, 'breakout_age': -0.403, 'early_declare': -0.713, 'ras': 0.901, 'explosion_p': 0.846, 'speed_score': -0.012, 'weight': -0.059, 'catch_radius': 0.676, 'team_sp_off': 0.342, 'team_sp_overall': -0.37, 'recruit_rating': -1.605, 'prod_over_recruit': 1.967, 'was_returner': 0.693, 'ret_td': -0.418, 'col_qb_ypa': 0.686, 'final_spike': -0.223, 'dom_growth': 0.606}","[{'p': 'Taywan Taylor', 'y': 2017, 'sim': 65.0, 'fant': 0.582}, {'p': 'Jalen Tolbert', 'y': 2022, 'sim': 62.0, 'fant': 0.69}, {'p': 'Carlos Henderson', 'y': 2017, 'sim': 59.0, 'fant': 0.178}, {'p': 'Rashee Rice', 'y': 2023, 'sim': 59.0, 'fant': None}, {'p': 'Quez Watkins', 'y': 2020, 'sim': 58.0, 'fant': 0.669}, {'p': 'Skyler Bell', 'y': 2026, 'sim': 58.0, 'fant': None}]"
Isaiah Hodgins,2020,historical,6,0.5523465703971119,0.9169675090252708,12.957809136945823,52.54646305697728,0.7011057017919817,0.5260578307123666,1,0,0,0.7430340557275542,0.6342281879194631,207.0,21.196440793976727,19.98357289527721,0.4079440270064249,0.738,0.5042603284989643,1171.0,1.0,4.0,1.0,"{'best_dom': 1.096, 'final_dom': 1.399, 'dom_age20': 0.96, 'n_seasons_30': 0.306, 'best_yds': 0.643, 'career_yds': 0.374, 'final_ppa': 0.269, 'best_ppa': 0.01, 'best_usage': 0.8, 'nfl_entry_age': -0.995, 'breakout_age': -0.472, 'early_declare': 1.399, 'ras': 0.713, 'explosion_p': 0.103, 'speed_score': -0.567, 'weight': 0.59, 'catch_radius': 1.563, 'team_sp_off': -0.225, 'team_sp_overall': -1.098, 'recruit_rating': 0.221, 'prod_over_recruit': 0.756, 'was_returner': -1.439, 'ret_td': 0.0, 'col_qb_ypa': -0.517, 'final_spike': -0.129, 'dom_growth': 0.85}","[{'p': 'Josh Malone', 'y': 2017, 'sim': 70.0, 'fant': 0.399}, {'p': 'Dillon Mitchell', 'y': 2019, 'sim': 64.0, 'fant': 0.178}, {'p': 'CeeDee Lamb', 'y': 2020, 'sim': 61.0, 'fant': 0.988}, {'p': 'A.J. Brown', 'y': 2019, 'sim': 60.0, 'fant': 0.978}, {'p': 'Antoine Wesley', 'y': 2019, 'sim': 59.0, 'fant': 0.706}, {'p': 'Bryan Edwards', 'y': 2020, 'sim': 59.0, 'fant': 0.505}]"
D.K. Metcalf,2019,historical,9,0.8339350180505415,0.8122743682310469,24.452913329434175,48.759748711537156,-0.452303831140595,0.33411439646321084,0,0,0,0.9597523219814241,0.6308724832214765,64.0,21.048596851471597,19.835728952772072,0.2069588936818066,0.843,0.9629299607166808,646.0,0.0,4.0,0.0,"{'best_dom': -1.055, 'final_dom': -0.843, 'dom_age20': 0.28, 'n_seasons_30': -0.902, 'best_yds': -0.831, 'career_yds': -0.884, 'final_ppa': 0.669, 'best_ppa': 1.238, 'best_usage': -0.858, 'nfl_entry_age': -1.16, 'breakout_age': -0.477, 'early_declare': 1.399, 'ras': 1.955, 'explosion_p': 2.122, 'speed_score': 3.482, 'weight': 1.887, 'catch_radius': 2.078, 'team_sp_off': 0.536, 'team_sp_overall': -0.045, 'recruit_rating': 0.969, 'prod_over_recruit': -1.537, 'was_returner': -1.439, 'ret_td': 0.0, 'col_qb_ypa': 0.428, 'final_spike': -0.264, 'dom_growth': -0.088}","[{'p': 'Nico Collins', 'y': 2021, 'sim': 73.0, 'fant': 0.954}, {'p': 'Jonathan Mingo', 'y': 2023, 'sim': 71.0, 'fant': None}, {'p': 'Chris Conley', 'y': 2015, 'sim': 65.0, 'fant': 0.712}, {'p': ""Ja'Kobi Lane"", 'y': 2026, 'sim': 64.0, 'fant': None}, {'p': 'Quentin Johnston', 'y': 2023, 'sim': 63.0, 'fant': None}, {'p': 'Alec Pierce', 'y': 2022, 'sim': 62.0, 'fant': 0.728}]"
Daurice Fountain,2018,historical,2,0.10830324909747292,0.036101083032490974,10.041076397504465,25.808953466697734,-0.32366995841165375,-0.8584671395017957,0,0,0,0.1780185758513932,0.6291946308724832,159.0,22.028747433264886,99.0,,-0.474,0.8445159165813187,30.0,0.0,3.0,0.0,"{'best_dom': 0.0, 'final_dom': 0.0, 'dom_age20': 0.0, 'n_seasons_30': -0.902, 'best_yds': -2.561, 'career_yds': -2.245, 'final_ppa': -4.348, 'best_ppa': -2.281, 'best_usage': -0.536, 'nfl_entry_age': -0.068, 'breakout_age': 2.214, 'early_declare': -0.713, 'ras': 1.452, 'explosion_p': 1.601, 'speed_score': 0.159, 'weight': 0.302, 'catch_radius': 1.889, 'team_sp_off': 0.0, 'team_sp_overall': 0.0, 'recruit_rating': -1.026, 'prod_over_recruit': 0.0, 'was_returner': -1.439, 'ret_td': 0.0, 'col_qb_ypa': -1.205, 'final_spike': -0.002, 'dom_growth': 0.0}","[{'p': 'Keelan Doss', 'y': 2019, 'sim': 67.0, 'fant': 0.511}, {'p': 'Isaiah Weston', 'y': 2022, 'sim': 62.0, 'fant': 0.178}, {'p': 'Dillon Bell', 'y': 2026, 'sim': 59.0, 'fant': None}, {'p': 'Brandon Smith', 'y': 2021, 'sim': 57.0, 'fant': 0.178}, {'p': 'Quincy Adeboyejo', 'y': 2017, 'sim': 57.0, 'fant': 0.178}, {'p': 'Marquez North', 'y': 2016, 'sim': 55.0, 'fant': 0.178}]"
Marquez Stevenson,2021,historical,5,0.41155234657039713,0.2888086642599278,11.392072735604138,35.59413033526198,-0.7895487329178357,0.3853554685565978,0,0,0,0.1780185758513932,0.62751677852349,203.0,22.770704996577688,20.555783709787818,0.4227027610008628,0.748,0.2767727027909482,1019.0,1.0,3.0,1.0,"{'best_dom': 1.254, 'final_dom': -0.604, 'dom_age20': -1.321, 'n_seasons_30': 0.306, 'best_yds': 0.216, 'career_yds': 0.313, 'final_ppa': 0.307, 'best_ppa': -0.514, 'best_usage': 0.157, 'nfl_entry_age': 0.759, 'breakout_age': -0.453, 'early_declare': -0.713, 'ras': -1.036, 'explosion_p': -0.898, 'speed_score': -0.967, 'weight': -1.571, 'catch_radius': -1.604, 'team_sp_off': 0.208, 'team_sp_overall': -0.841, 'recruit_rating': -0.486, 'prod_over_recruit': 1.316, 'was_returner': 0.693, 'ret_td': 1.876, 'col_qb_ypa': 0.342, 'final_spike': -0.436, 'dom_growth': 0.383}","[{'p': 'Diontae Johnson', 'y': 2019, 'sim': 71.0, 'fant': 0.941}, {'p': 'Jamari Thrash', 'y': 2024, 'sim': 64.0, 'fant': None}, {'p': 'Keevan Lucas', 'y': 2017, 'sim': 63.0, 'fant': None}, {'p': 'Devonte Ross', 'y': 2026, 'sim': 62.0, 'fant': None}, {'p': 'LaJohntay Wester', 'y': 2025, 'sim': 61.0, 'fant': None}, {'p': 'James Proche', 'y': 2020, 'sim': 60.0, 'fant': 0.471}]"
Emmanuel Butler,2019,historical,2,0.10469314079422383,0.24548736462093862,9.99613401104898,34.37930417106709,-0.6348628482328648,0.18391038392308656,0,0,0,0.1780185758513932,0.62248322147651,270.0,22.34633812457221,99.0,,1.395,0.2533011755228551,138.0,1.0,2.0,0.0,"{'best_dom': 0.0, 'final_dom': 0.0, 'dom_age20': 0.0, 'n_seasons_30': -0.902, 'best_yds': -2.258, 'career_yds': -1.759, 'final_ppa': 2.771, 'best_ppa': 3.344, 'best_usage': 0.627, 'nfl_entry_age': 0.286, 'breakout_age': 2.214, 'early_declare': -0.713, 'ras': -0.065, 'explosion_p': -1.002, 'speed_score': -1.421, 'weight': 1.094, 'catch_radius': 1.484, 'team_sp_off': 0.0, 'team_sp_overall': 0.0, 'recruit_rating': -1.622, 'prod_over_recruit': 0.0, 'was_returner': -1.439, 'ret_td': 0.0, 'col_qb_ypa': -0.088, 'final_spike': -0.181, 'dom_growth': 0.0}","[{'p': ""Dai'Jean Dixon"", 'y': 2022, 'sim': 69.0, 'fant': 0.178}, {'p': 'Cooper Kupp', 'y': 2017, 'sim': 62.0, 'fant': 0.991}, {'p': 'Jaray Jenkins', 'y': 2023, 'sim': 61.0, 'fant': None}, {'p': 'Keith Mumphery', 'y': 2015, 'sim': 57.0, 'fant': 0.458}, {'p': 'Dezmin Lewis', 'y': 2015, 'sim': 57.0, 'fant': 0.178}, {'p': 'Isaiah Coulter', 'y': 2020, 'sim': 55.0, 'fant': 0.178}]"
Shelton Gibson,2017,historical,6,0.5379061371841155,0.3574007220216607,12.91229376139449,36.76856178371892,-0.02534811340837495,0.39123737682931586,0,0,0,0.1780185758513932,0.6208053691275168,166.0,21.78781656399726,20.57221081451061,0.3087453231992846,0.772,0.2126460101338498,951.0,1.0,4.0,1.0,"{'best_dom': 0.034, 'final_dom': 0.292, 'dom_age20': -1.301, 'n_seasons_30': 0.306, 'best_yds': 0.025, 'career_yds': -0.114, 'final_ppa': 0.398, 'best_ppa': -0.461, 'best_usage': -0.982, 'nfl_entry_age': -0.336, 'breakout_age': -0.452, 'early_declare': 1.399, 'ras': -0.929, 'explosion_p': -1.181, 'speed_score': -0.549, 'weight': -0.779, 'catch_radius': -1.265, 'team_sp_off': 0.059, 'team_sp_overall': -0.07, 'recruit_rating': 0.788, 'prod_over_recruit': -0.549, 'was_returner': 0.693, 'ret_td': 0.347, 'col_qb_ypa': -0.002, 'final_spike': -0.207, 'dom_growth': 1.094}","[{'p': 'Trey Quinn', 'y': 2018, 'sim': 64.0, 'fant': 0.523}, {'p': 'Aaron Burbridge', 'y': 2016, 'sim': 63.0, 'fant': 0.389}, {'p': 'Jacolby George', 'y': 2025, 'sim': 62.0, 'fant': None}, {'p': 'Travis Rudolph', 'y': 2017, 'sim': 61.0, 'fant': 0.443}, {'p': 'Makai Lemon', 'y': 2026, 'sim': 61.0, 'fant': None}, {'p': 'Kobe Hudson', 'y': 2025, 'sim': 60.0, 'fant': None}]"
Jalen Nailor,2022,historical,5,0.4584837545126354,0.45126353790613716,11.876611200745689,38.48846799411348,-0.3618719538418294,0.07504223220612677,0,0,0,0.6873065015479877,0.6157718120805369,191.0,22.836413415468854,21.623545516769337,0.3358253588516746,0.722,0.6081063356561004,695.0,1.0,3.0,1.0,"{'best_dom': 0.324, 'final_dom': -0.496, 'dom_age20': -0.505, 'n_seasons_30': 0.306, 'best_yds': -0.694, 'career_yds': -0.624, 'final_ppa': 0.208, 'best_ppa': 0.185, 'best_usage': -0.239, 'nfl_entry_age': 0.832, 'breakout_age': -0.416, 'early_declare': -0.713, 'ras': -0.34, 'explosion_p': 0.56, 'speed_score': -0.818, 'weight': -1.139, 'catch_radius': -0.735, 'team_sp_off': -0.15, 'team_sp_overall': -0.079, 'recruit_rating': -0.411, 'prod_over_recruit': 0.754, 'was_returner': 0.693, 'ret_td': -0.418, 'col_qb_ypa': 0.084, 'final_spike': -0.125, 'dom_growth': -0.362}","[{'p': 'Anthony Smith', 'y': 2026, 'sim': 61.0, 'fant': None}, {'p': 'Cyrus Allen', 'y': 2026, 'sim': 60.0, 'fant': None}, {'p': 'Rodney Adams', 'y': 2017, 'sim': 60.0, 'fant': 0.178}, {'p': 'Dante Pettis', 'y': 2018, 'sim': 58.0, 'fant': 0.675}, {'p': 'Jaylin Lane', 'y': 2025, 'sim': 57.0, 'fant': None}, {'p': 'Xavier Weaver', 'y': 2024, 'sim': 57.0, 'fant': None}]"
Trey Quinn,2018,historical,3,0.26714801444043323,0.4043321299638989,10.525668370316918,37.79002654968512,0.19942691857196682,0.09567539031041015,0,0,0,0.5232198142414861,0.6140939597315436,256.0,22.069815195071868,21.856262833675565,0.3473674376891745,0.599,0.2482351808493122,1236.0,1.0,4.0,1.0,"{'best_dom': 0.448, 'final_dom': 0.8, 'dom_age20': -0.997, 'n_seasons_30': 0.306, 'best_yds': 0.825, 'career_yds': -0.557, 'final_ppa': -0.261, 'best_ppa': -0.016, 'best_usage': 0.924, 'nfl_entry_age': -0.022, 'breakout_age': -0.408, 'early_declare': -0.713, 'ras': -0.494, 'explosion_p': -1.024, 'speed_score': -0.376, 'weight': 0.086, 'catch_radius': -0.472, 'team_sp_off': 0.014, 'team_sp_overall': -1.287, 'recruit_rating': 1.206, 'prod_over_recruit': -0.292, 'was_returner': 0.693, 'ret_td': -0.418, 'col_qb_ypa': -0.517, 'final_spike': 1.375, 'dom_growth': 1.199}","[{'p': 'Aaron Burbridge', 'y': 2016, 'sim': 74.0, 'fant': 0.389}, {'p': 'Trishton Jackson', 'y': 2020, 'sim': 67.0, 'fant': 0.178}, {'p': 'Shelton Gibson', 'y': 2017, 'sim': 64.0, 'fant': 0.178}, {'p': 'Fred Ross', 'y': 2017, 'sim': 62.0, 'fant': 0.178}, {'p': 'Jordan Payton', 'y': 2016, 'sim': 61.0, 'fant': 0.178}, {'p': 'Darren Carrington', 'y': 2018, 'sim': 61.0, 'fant': None}]"
Carlos Henderson,2017,historical,8,0.740072202166065,0.8700361010830325,19.004948551697648,50.769494396561136,-0.4755683934671591,0.4016751463540298,1,0,0,0.1780185758513932,0.6124161073825504,82.0,22.036960985626283,21.82340862422998,0.3718050114061836,0.829,0.6915053892471797,1535.0,0.0,3.0,1.0,"{'best_dom': 0.71, 'final_dom': 1.041, 'dom_age20': -0.192, 'n_seasons_30': 0.306, 'best_yds': 1.665, 'career_yds': 1.013, 'final_ppa': 0.615, 'best_ppa': -0.335, 'best_usage': 0.8, 'nfl_entry_age': -0.059, 'breakout_age': -0.409, 'early_declare': -0.713, 'ras': -0.003, 'explosion_p': 0.927, 'speed_score': 0.27, 'weight': -0.203, 'catch_radius': -0.762, 'team_sp_off': 0.67, 'team_sp_overall': -0.773, 'recruit_rating': -1.059, 'prod_over_recruit': 1.498, 'was_returner': 0.693, 'ret_td': 1.876, 'col_qb_ypa': 0.944, 'final_spike': 0.063, 'dom_growth': 0.575}","[{'p': 'Skyy Moore', 'y': 2022, 'sim': 67.0, 'fant': 0.498}, {'p': 'Devin Duvernay', 'y': 2020, 'sim': 67.0, 'fant': 0.632}, {'p': 'Jaylin Noel', 'y': 2025, 'sim': 65.0, 'fant': None}, {'p': 'Rashee Rice', 'y': 2023, 'sim': 62.0, 'fant': None}, {'p': 'Corey Coleman', 'y': 2016, 'sim': 60.0, 'fant': 0.647}, {'p': 'Taywan Taylor', 'y': 2017, 'sim': 60.0, 'fant': 0.582}]"
Cedrick Wilson,2018,historical,5,0.45126353790613716,0.6823104693140795,11.774734251194737,45.07393745064199,1.9331223272929994,0.3873053103703813,0,0,0,0.718266253869969,0.6006711409395973,208.0,22.11635865845312,20.903490759753595,0.3419932955131511,0.625,0.4435647170121981,1511.0,1.0,,2.0,"{'best_dom': 0.39, 'final_dom': 0.727, 'dom_age20': -1.358, 'n_seasons_30': 1.514, 'best_yds': 1.597, 'career_yds': 0.739, 'final_ppa': -0.162, 'best_ppa': -0.192, 'best_usage': 0.577, 'nfl_entry_age': 0.03, 'breakout_age': -0.441, 'early_declare': -0.713, 'ras': 0.234, 'explosion_p': -0.164, 'speed_score': -0.685, 'weight': -0.347, 'catch_radius': 0.724, 'team_sp_off': -1.0, 'team_sp_overall': -0.259, 'recruit_rating': 0.0, 'prod_over_recruit': 0.0, 'was_returner': 0.693, 'ret_td': -0.418, 'col_qb_ypa': 0.084, 'final_spike': -0.128, 'dom_growth': -1.257}","[{'p': 'Chad Hansen', 'y': 2017, 'sim': 65.0, 'fant': 0.644}, {'p': 'Michael Gallup', 'y': 2018, 'sim': 64.0, 'fant': 0.882}, {'p': 'Antoine Wesley', 'y': 2019, 'sim': 62.0, 'fant': 0.706}, {'p': 'Xavier Hutchinson', 'y': 2023, 'sim': 61.0, 'fant': None}, {'p': 'Eric McAlister', 'y': 2026, 'sim': 60.0, 'fant': None}, {'p': 'Roger Lewis', 'y': 2016, 'sim': 60.0, 'fant': 0.567}]"
Lil'Jordan Humphrey,2019,historical,4,0.3971119133574007,0.6245487364620939,11.111355650673605,43.480402519079824,0.9846625576631246,0.18224112578730992,0,0,0,0.628482972136223,0.5973154362416108,270.0,20.70362765229295,20.490075290896645,0.3232799478652395,0.843,0.183384774667422,1176.0,1.0,3.0,1.0,"{'best_dom': 0.19, 'final_dom': 0.561, 'dom_age20': 1.201, 'n_seasons_30': 0.306, 'best_yds': 0.657, 'career_yds': -0.422, 'final_ppa': 0.669, 'best_ppa': -0.186, 'best_usage': -0.14, 'nfl_entry_age': -1.544, 'breakout_age': -0.455, 'early_declare': 1.399, 'ras': -0.544, 'explosion_p': -1.31, 'speed_score': -1.724, 'weight': 0.59, 'catch_radius': 0.656, 'team_sp_off': -0.001, 'team_sp_overall': -0.07, 'recruit_rating': -0.083, 'prod_over_recruit': 0.187, 'was_returner': 0.693, 'ret_td': -0.418, 'col_qb_ypa': -0.345, 'final_spike': 0.269, 'dom_growth': 1.353}","[{'p': 'Antoine Wesley', 'y': 2019, 'sim': 72.0, 'fant': 0.706}, {'p': 'Cody White', 'y': 2020, 'sim': 71.0, 'fant': 0.178}, {'p': 'Warren Jackson', 'y': 2021, 'sim': 66.0, 'fant': 0.178}, {'p': 'Jordan Lasley', 'y': 2018, 'sim': 60.0, 'fant': 0.178}, {'p': 'Makai Polk', 'y': 2022, 'sim': 60.0, 'fant': 0.178}, {'p': 'Josh Malone', 'y': 2017, 'sim': 60.0, 'fant': 0.399}]"
Felton Davis,2019,historical,4,0.33574007220216606,0.555956678700361,10.749196842133696,41.19763393261242,0.6009950539088816,-0.5980886671279271,0,0,0,0.1780185758513932,0.5939597315436241,270.0,21.848049281314168,20.635181382614647,0.3636704789135097,0.56,,776.0,1.0,3.0,1.0,"{'best_dom': 0.622, 'final_dom': -0.159, 'dom_age20': -0.927, 'n_seasons_30': 0.306, 'best_yds': -0.466, 'career_yds': -0.629, 'final_ppa': -0.409, 'best_ppa': 4.508, 'best_usage': 0.058, 'nfl_entry_age': -0.269, 'breakout_age': -0.45, 'early_declare': -0.713, 'ras': 2.211, 'explosion_p': 0.0, 'speed_score': 0.0, 'weight': 0.662, 'catch_radius': 1.927, 'team_sp_off': -1.134, 'team_sp_overall': 0.144, 'recruit_rating': -0.234, 'prod_over_recruit': 0.792, 'was_returner': -1.439, 'ret_td': 0.0, 'col_qb_ypa': -1.291, 'final_spike': -0.344, 'dom_growth': 0.723}","[{'p': 'Chris Bell', 'y': 2026, 'sim': 69.0, 'fant': None}, {'p': 'Eric McAlister', 'y': 2026, 'sim': 61.0, 'fant': None}, {'p': 'Denzel Boston', 'y': 2026, 'sim': 61.0, 'fant': None}, {'p': 'Donaven McCulley', 'y': 2026, 'sim': 59.0, 'fant': None}, {'p': 'Josh Cameron', 'y': 2026, 'sim': 59.0, 'fant': None}, {'p': 'Cedric Tillman', 'y': 2023, 'sim': 58.0, 'fant': None}]"
Deontay Burnett,2018,historical,5,0.4620938628158845,0.851985559566787,11.937947965721786,49.858050335342966,-0.6587318531271664,-0.35522417380831783,0,0,0,0.5789473684210527,0.5922818791946308,270.0,20.24366872005476,20.030116358658454,0.3061395126612518,0.634,,1114.0,1.0,3.0,1.0,"{'best_dom': 0.006, 'final_dom': 0.392, 'dom_age20': 1.066, 'n_seasons_30': 0.306, 'best_yds': 0.483, 'career_yds': -0.115, 'final_ppa': -0.127, 'best_ppa': 0.251, 'best_usage': -0.091, 'nfl_entry_age': -2.057, 'breakout_age': -0.47, 'early_declare': 1.399, 'ras': -1.683, 'explosion_p': 0.0, 'speed_score': 0.0, 'weight': -1.139, 'catch_radius': -1.313, 'team_sp_off': 0.476, 'team_sp_overall': 0.495, 'recruit_rating': -0.45, 'prod_over_recruit': 0.296, 'was_returner': 0.693, 'ret_td': -0.418, 'col_qb_ypa': 0.342, 'final_spike': 0.006, 'dom_growth': 1.062}","[{'p': 'Travis Hunter', 'y': 2025, 'sim': 58.0, 'fant': None}, {'p': 'Chris Olave', 'y': 2022, 'sim': 58.0, 'fant': 0.892}, {'p': 'Demarcus Ayers', 'y': 2016, 'sim': 58.0, 'fant': 0.178}, {'p': 'Makai Lemon', 'y': 2026, 'sim': 57.0, 'fant': None}, {'p': 'Keke Coutee', 'y': 2018, 'sim': 57.0, 'fant': 0.82}, {'p': 'K.J. Hamler', 'y': 2020, 'sim': 56.0, 'fant': 0.635}]"
Dezmon Patmon,2020,historical,5,0.47653429602888087,0.5487364620938628,12.125230832998241,41.111375931149624,-0.7697138297593465,-0.4069315966974048,0,0,0,0.4148606811145511,0.5906040268456376,212.0,21.404517453798768,99.0,0.1474869908346303,0.544,0.8070955087901427,816.0,1.0,3.0,0.0,"{'best_dom': -1.692, 'final_dom': -1.183, 'dom_age20': -0.19, 'n_seasons_30': -0.902, 'best_yds': -0.354, 'career_yds': -0.024, 'final_ppa': -0.47, 'best_ppa': 0.418, 'best_usage': -0.709, 'nfl_entry_age': -0.763, 'breakout_age': 2.214, 'early_declare': -0.713, 'ras': 1.307, 'explosion_p': 1.436, 'speed_score': 1.661, 'weight': 1.887, 'catch_radius': 1.579, 'team_sp_off': 0.521, 'team_sp_overall': -0.07, 'recruit_rating': -0.793, 'prod_over_recruit': -0.531, 'was_returner': -1.439, 'ret_td': 0.0, 'col_qb_ypa': -0.861, 'final_spike': -0.248, 'dom_growth': -0.068}","[{'p': 'Joseph Ngata', 'y': 2023, 'sim': 67.0, 'fant': None}, {'p': 'Brandon Smith', 'y': 2021, 'sim': 65.0, 'fant': 0.178}, {'p': 'Savion Williams', 'y': 2025, 'sim': 64.0, 'fant': None}, {'p': 'Dylan Cantrell', 'y': 2018, 'sim': 62.0, 'fant': 0.178}, {'p': 'Bug Howard', 'y': 2017, 'sim': 59.0, 'fant': 0.178}, {'p': 'Marquez North', 'y': 2016, 'sim': 59.0, 'fant': 0.178}]"
Titus Davis,2015,historical,7,0.6101083032490975,0.703971119133574,14.89964651645694,46.26751157505449,-1.123471238621588,0.7983946403516752,0,0,0,0.1780185758513932,0.5889261744966443,270.0,21.99315537303217,18.77891854893908,0.4884666666666666,0.775,0.2567870003190665,1109.0,1.0,2.0,3.0,"{'best_dom': 1.959, 'final_dom': 1.28, 'dom_age20': 1.093, 'n_seasons_30': 2.722, 'best_yds': 0.469, 'career_yds': 1.958, 'final_ppa': 0.41, 'best_ppa': 0.967, 'best_usage': 0.478, 'nfl_entry_age': -0.108, 'breakout_age': -0.513, 'early_declare': -0.713, 'ras': -1.558, 'explosion_p': -0.986, 'speed_score': -0.374, 'weight': -0.419, 'catch_radius': -1.762, 'team_sp_off': -2.327, 'team_sp_overall': -2.648, 'recruit_rating': -2.525, 'prod_over_recruit': 2.318, 'was_returner': 0.693, 'ret_td': -0.418, 'col_qb_ypa': -0.603, 'final_spike': -0.263, 'dom_growth': -0.256}","[{'p': 'KeeSean Johnson', 'y': 2019, 'sim': 64.0, 'fant': 0.526}, {'p': 'Tyler Boyd', 'y': 2016, 'sim': 63.0, 'fant': 0.932}, {'p': 'Tyler Johnson', 'y': 2020, 'sim': 61.0, 'fant': 0.57}, {'p': 'Efton Chism III', 'y': 2024, 'sim': 60.0, 'fant': None}, {'p': 'Hunter Sharp', 'y': 2016, 'sim': 60.0, 'fant': 0.178}, {'p': 'Pharoh Cooper', 'y': 2016, 'sim': 60.0, 'fant': 0.467}]"
Tamorrion Terry,2021,historical,3,0.296028880866426,0.6173285198555957,10.597400994480168,42.91816001232644,0.408007962161038,0.2370427632159983,0,0,0,,,270.0,,,0.3582387180224202,0.293,0.5641907385133734,1188.0,1.0,4.0,2.0,"{'best_dom': 0.564, 'final_dom': -1.335, 'dom_age20': 0.0, 'n_seasons_30': 1.514, 'best_yds': 0.69, 'career_yds': 0.257, 'final_ppa': -1.426, 'best_ppa': -0.529, 'best_usage': -0.116, 'nfl_entry_age': 0.0, 'breakout_age': 0.0, 'early_declare': 0.0, 'ras': -0.007, 'explosion_p': 0.367, 'speed_score': 0.925, 'weight': 0.374, 'catch_radius': -0.48, 'team_sp_off': -0.762, 'team_sp_overall': -0.884, 'recruit_rating': 0.042, 'prod_over_recruit': 0.505, 'was_returner': -1.439, 'ret_td': 0.0, 'col_qb_ypa': -0.174, 'final_spike': -0.453, 'dom_growth': -2.717}","[{'p': 'Dillon Mitchell', 'y': 2019, 'sim': 63.0, 'fant': 0.178}, {'p': 'Jordan Payton', 'y': 2016, 'sim': 61.0, 'fant': 0.178}, {'p': 'Jalen Walthall', 'y': 2026, 'sim': 60.0, 'fant': None}, {'p': 'Zach Pascal', 'y': 2017, 'sim': 60.0, 'fant': 0.774}, {'p': 'Stanley Morgan Jr.', 'y': 2019, 'sim': 59.0, 'fant': None}, {'p': 'Trishton Jackson', 'y': 2020, 'sim': 59.0, 'fant': 0.178}]"
Demarcus Ayers,2016,historical,5,0.4187725631768953,0.48736462093862815,11.416861463918544,39.5628388961205,0.26460687597943183,0.23264588573332798,0,0,0,0.1780185758513932,0.5855704697986577,229.0,21.48665297741273,21.27310061601643,0.3120898371114074,0.615,0.2312605173342412,1222.0,1.0,3.0,1.0,"{'best_dom': 0.07, 'final_dom': 0.45, 'dom_age20': -0.475, 'n_seasons_30': 0.306, 'best_yds': 0.786, 'career_yds': -0.356, 'final_ppa': -0.2, 'best_ppa': -0.523, 'best_usage': 0.478, 'nfl_entry_age': -0.672, 'breakout_age': -0.428, 'early_declare': 1.399, 'ras': -1.875, 'explosion_p': -1.099, 'speed_score': -2.734, 'weight': -1.427, 'catch_radius': -1.312, 'team_sp_off': -0.254, 'team_sp_overall': -0.507, 'recruit_rating': -0.59, 'prod_over_recruit': 0.455, 'was_returner': 0.693, 'ret_td': 1.111, 'col_qb_ypa': -0.002, 'final_spike': 0.557, 'dom_growth': 1.003}","[{'p': 'Keke Coutee', 'y': 2018, 'sim': 68.0, 'fant': 0.82}, {'p': 'Diontae Johnson', 'y': 2019, 'sim': 67.0, 'fant': 0.941}, {'p': 'Dazz Newsome', 'y': 2021, 'sim': 63.0, 'fant': 0.178}, {'p': 'Ryan Switzer', 'y': 2017, 'sim': 63.0, 'fant': 0.455}, {'p': 'Keevan Lucas', 'y': 2017, 'sim': 62.0, 'fant': None}, {'p': 'Jamison Crowder', 'y': 2015, 'sim': 62.0, 'fant': 0.876}]"
Aaron Burbridge,2016,historical,5,0.40794223826714804,0.33574007220216606,11.23448202371992,36.46204425674865,0.07622218675607413,-0.046083412609637185,0,0,0,0.38854489164086686,0.5822147651006712,213.0,22.023271731690624,21.80971937029432,0.3264421610716213,0.64,0.1853282896640127,1258.0,1.0,4.0,1.0,"{'best_dom': 0.224, 'final_dom': 0.592, 'dom_age20': 0.087, 'n_seasons_30': 0.306, 'best_yds': 0.887, 'career_yds': 0.203, 'final_ppa': -0.105, 'best_ppa': -0.752, 'best_usage': 0.75, 'nfl_entry_age': -0.074, 'breakout_age': -0.41, 'early_declare': -0.713, 'ras': -1.517, 'explosion_p': -1.301, 'speed_score': -0.314, 'weight': 0.302, 'catch_radius': -1.514, 'team_sp_off': 0.059, 'team_sp_overall': 0.298, 'recruit_rating': 1.14, 'prod_over_recruit': -0.486, 'was_returner': 0.693, 'ret_td': -0.418, 'col_qb_ypa': -0.431, 'final_spike': 0.5, 'dom_growth': -0.078}","[{'p': 'Trey Quinn', 'y': 2018, 'sim': 76.0, 'fant': 0.523}, {'p': 'Shelton Gibson', 'y': 2017, 'sim': 64.0, 'fant': 0.178}, {'p': 'Gabe Marks', 'y': 2017, 'sim': 63.0, 'fant': None}, {'p': 'Darren Carrington', 'y': 2018, 'sim': 59.0, 'fant': None}, {'p': 'Cam Phillips', 'y': 2018, 'sim': 59.0, 'fant': 0.178}, {'p': 'Fred Ross', 'y': 2017, 'sim': 58.0, 'fant': 0.178}]"
Dazz Newsome,2021,historical,5,0.4296028880866426,0.44765342960288806,11.530748416142373,38.42593987695551,-1.320473108512442,-0.08633037517550854,0,0,0,0.1780185758513932,0.5805369127516778,221.0,21.634496919917865,20.418891170431213,0.2651803704010378,0.792,0.2567812329362211,1018.0,0.0,3.0,0.0,"{'best_dom': -0.432, 'final_dom': -0.74, 'dom_age20': 0.741, 'n_seasons_30': -0.902, 'best_yds': 0.213, 'career_yds': 0.503, 'final_ppa': 0.474, 'best_ppa': -0.265, 'best_usage': -0.239, 'nfl_entry_age': -0.507, 'breakout_age': -0.457, 'early_declare': -0.713, 'ras': -1.922, 'explosion_p': -0.986, 'speed_score': -1.381, 'weight': -0.851, 'catch_radius': -1.726, 'team_sp_off': -0.031, 'team_sp_overall': -0.156, 'recruit_rating': -0.744, 'prod_over_recruit': 0.207, 'was_returner': 0.693, 'ret_td': 0.347, 'col_qb_ypa': 0.342, 'final_spike': -0.326, 'dom_growth': -0.03}","[{'p': 'Ainias Smith', 'y': 2024, 'sim': 69.0, 'fant': None}, {'p': 'Aaron Fuller', 'y': 2020, 'sim': 68.0, 'fant': 0.178}, {'p': 'Nyqwan Murray', 'y': 2019, 'sim': 67.0, 'fant': None}, {'p': 'Johnny Johnson II', 'y': 2022, 'sim': 64.0, 'fant': None}, {'p': 'Junior Bergen', 'y': 2024, 'sim': 64.0, 'fant': None}, {'p': 'Junior Bergen', 'y': 2025, 'sim': 63.0, 'fant': None}]"
Kalija Lipscomb,2020,historical,3,0.23826714801444043,0.4620938628158845,10.470467409223481,38.67166138069839,-0.2555842424253066,-0.12036785975230416,0,0,0,0.1780185758513932,0.5788590604026845,270.0,22.236824093086927,20.024640657084188,0.3289453366275479,0.435,0.4225066534202906,916.0,1.0,3.0,1.0,"{'best_dom': 0.251, 'final_dom': 0.071, 'dom_age20': 0.641, 'n_seasons_30': 0.306, 'best_yds': -0.073, 'career_yds': 0.413, 'final_ppa': -0.885, 'best_ppa': -0.862, 'best_usage': 0.874, 'nfl_entry_age': 0.164, 'breakout_age': -0.471, 'early_declare': -0.713, 'ras': -0.221, 'explosion_p': -0.257, 'speed_score': -0.355, 'weight': 0.374, 'catch_radius': -0.332, 'team_sp_off': 0.044, 'team_sp_overall': -0.387, 'recruit_rating': -0.734, 'prod_over_recruit': 0.848, 'was_returner': 0.693, 'ret_td': -0.418, 'col_qb_ypa': -0.431, 'final_spike': -0.36, 'dom_growth': -0.445}","[{'p': 'Lewis Bond', 'y': 2026, 'sim': 68.0, 'fant': None}, {'p': 'Rodney Adams', 'y': 2017, 'sim': 63.0, 'fant': 0.178}, {'p': ""Da'Ron Brown"", 'y': 2015, 'sim': 62.0, 'fant': 0.178}, {'p': 'Cyrus Allen', 'y': 2026, 'sim': 62.0, 'fant': None}, {'p': 'Xavier Hutchinson', 'y': 2023, 'sim': 62.0, 'fant': None}, {'p': ""Ka'Raun White"", 'y': 2018, 'sim': 60.0, 'fant': None}]"
Cam Phillips,2018,historical,1,0.021660649819494584,0.09747292418772563,9.613871122761093,29.06479985121888,-0.5216718816888936,-0.2597934550978537,0,0,0,0.1780185758513932,0.5771812080536913,270.0,22.04517453798768,20.83230663928816,0.3215012313952243,0.54,0.031829906856767,983.0,1.0,3.0,1.0,"{'best_dom': 0.171, 'final_dom': 0.544, 'dom_age20': -0.037, 'n_seasons_30': 0.306, 'best_yds': 0.115, 'career_yds': 1.184, 'final_ppa': -0.485, 'best_ppa': -0.631, 'best_usage': -0.017, 'nfl_entry_age': -0.05, 'breakout_age': -0.443, 'early_declare': -0.713, 'ras': -2.242, 'explosion_p': -1.977, 'speed_score': -2.401, 'weight': -0.059, 'catch_radius': -1.725, 'team_sp_off': -0.12, 'team_sp_overall': 0.264, 'recruit_rating': -0.171, 'prod_over_recruit': 0.245, 'was_returner': 0.693, 'ret_td': -0.418, 'col_qb_ypa': 0.17, 'final_spike': -0.235, 'dom_growth': 0.009}","[{'p': 'Josh Harper', 'y': 2015, 'sim': 82.0, 'fant': None}, {'p': 'Gabe Marks', 'y': 2017, 'sim': 66.0, 'fant': None}, {'p': 'Noel Thomas', 'y': 2017, 'sim': 66.0, 'fant': 0.178}, {'p': 'Artavis Scott', 'y': 2017, 'sim': 65.0, 'fant': 0.178}, {'p': 'Aaron Fuller', 'y': 2020, 'sim': 64.0, 'fant': 0.178}, {'p': 'Ezell Ruffin', 'y': 2015, 'sim': 64.0, 'fant': None}]"
Rannell Hall,2015,historical,4,0.3140794223826715,0.4007220216606498,10.628033236992518,37.696863536773336,-1.3406174389943326,-0.13320833579627395,0,0,0,0.1780185758513932,0.575503355704698,270.0,21.919233401779604,20.70636550308008,0.217159035992688,0.233,0.6828523149995674,886.0,1.0,2.0,0.0,"{'best_dom': -0.946, 'final_dom': -1.829, 'dom_age20': -0.002, 'n_seasons_30': -0.902, 'best_yds': -0.158, 'career_yds': 0.062, 'final_ppa': -1.655, 'best_ppa': -0.567, 'best_usage': 0.33, 'nfl_entry_age': -0.19, 'breakout_age': -0.447, 'early_declare': -0.713, 'ras': -0.084, 'explosion_p': 0.889, 'speed_score': -1.069, 'weight': -0.275, 'catch_radius': -0.569, 'team_sp_off': 0.461, 'team_sp_overall': 0.015, 'recruit_rating': -2.103, 'prod_over_recruit': 0.27, 'was_returner': 0.693, 'ret_td': -0.418, 'col_qb_ypa': 1.03, 'final_spike': -0.358, 'dom_growth': -0.63}","[{'p': 'K.J. Osborn', 'y': 2020, 'sim': 73.0, 'fant': 0.805}, {'p': 'Michael Rector', 'y': 2017, 'sim': 61.0, 'fant': None}, {'p': 'Jonathan Adams', 'y': 2021, 'sim': 60.0, 'fant': None}, {'p': 'Jamari Staples', 'y': 2017, 'sim': 60.0, 'fant': None}, {'p': 'Dontayvion Wicks', 'y': 2023, 'sim': 60.0, 'fant': None}, {'p': 'Rico Bussey', 'y': 2021, 'sim': 59.0, 'fant': 0.178}]"
Hunter Sharp,2016,historical,3,0.21660649819494585,0.259927797833935,10.346737483003281,34.82776926712138,0.7182690953725628,0.6668070430764742,0,0,0,0.1780185758513932,0.5721476510067114,270.0,21.68651608487337,20.47364818617385,0.3705357142857143,0.498,0.170181095821345,939.0,1.0,2.0,2.0,"{'best_dom': 0.696, 'final_dom': 1.029, 'dom_age20': 1.364, 'n_seasons_30': 1.514, 'best_yds': -0.009, 'career_yds': -0.256, 'final_ppa': -0.645, 'best_ppa': -1.049, 'best_usage': 0.726, 'nfl_entry_age': -0.449, 'breakout_age': -0.455, 'early_declare': 1.399, 'ras': -1.147, 'explosion_p': -1.368, 'speed_score': -0.898, 'weight': -0.275, 'catch_radius': -0.821, 'team_sp_off': -1.507, 'team_sp_overall': -0.524, 'recruit_rating': -3.066, 'prod_over_recruit': 1.976, 'was_returner': 0.693, 'ret_td': 0.347, 'col_qb_ypa': 0.17, 'final_spike': -0.262, 'dom_growth': -1.025}","[{'p': 'KeeSean Johnson', 'y': 2019, 'sim': 64.0, 'fant': 0.526}, {'p': 'Keevan Lucas', 'y': 2017, 'sim': 61.0, 'fant': None}, {'p': 'Isaiah McKoy', 'y': 2021, 'sim': 61.0, 'fant': 0.178}, {'p': 'Pharoh Cooper', 'y': 2016, 'sim': 60.0, 'fant': 0.467}, {'p': 'Tyre Brady', 'y': 2019, 'sim': 59.0, 'fant': None}, {'p': 'Dres Anderson', 'y': 2015, 'sim': 58.0, 'fant': 0.178}]"
Tyrie Cleveland,2020,historical,4,0.3285198555956679,0.3140794223826715,10.651186116127743,36.01114114419203,0.13304346151112784,-0.10047544634279254,0,0,0,0.4117647058823529,0.5704697986577181,252.0,22.28062970568104,20.0684462696783,0.2037974683544303,0.577,0.7755540640979488,410.0,1.0,4.0,0.0,"{'best_dom': -1.089, 'final_dom': -2.044, 'dom_age20': 0.255, 'n_seasons_30': -0.902, 'best_yds': -1.494, 'career_yds': -0.835, 'final_ppa': -0.345, 'best_ppa': -0.15, 'best_usage': -1.526, 'nfl_entry_age': 0.213, 'breakout_age': -0.469, 'early_declare': -0.713, 'ras': 1.204, 'explosion_p': 1.297, 'speed_score': 0.604, 'weight': 0.23, 'catch_radius': 0.877, 'team_sp_off': -0.672, 'team_sp_overall': -0.173, 'recruit_rating': 1.497, 'prod_over_recruit': -1.992, 'was_returner': 0.693, 'ret_td': 0.347, 'col_qb_ypa': -1.635, 'final_spike': -0.272, 'dom_growth': -1.634}","[{'p': 'Beaux Collins', 'y': 2025, 'sim': 69.0, 'fant': None}, {'p': 'Kendrick Law', 'y': 2026, 'sim': 66.0, 'fant': None}, {'p': 'Cornelius Johnson', 'y': 2024, 'sim': 66.0, 'fant': None}, {'p': 'Darius Slayton', 'y': 2019, 'sim': 64.0, 'fant': 0.851}, {'p': 'J. Michael Sturdivant', 'y': 2026, 'sim': 64.0, 'fant': None}, {'p': 'Brennan Eagles', 'y': 2021, 'sim': 61.0, 'fant': None}]"
D'Wayne Eskridge,2021,historical,9,0.8267148014440433,0.6895306859205776,23.74271400637591,45.48319521190966,-1.834310203719205,0.5450702491174054,1,0,0,0.4179566563467492,0.5687919463087249,56.0,,,0.4475743348982786,0.858,0.5498477689995731,776.0,1.0,3.0,1.0,"{'best_dom': 1.521, 'final_dom': 1.791, 'dom_age20': 0.0, 'n_seasons_30': 0.306, 'best_yds': -0.466, 'career_yds': 0.284, 'final_ppa': 0.726, 'best_ppa': 0.749, 'best_usage': 0.478, 'nfl_entry_age': 0.0, 'breakout_age': 0.0, 'early_declare': 0.0, 'ras': -0.5, 'explosion_p': 0.304, 'speed_score': 0.358, 'weight': -0.851, 'catch_radius': -1.626, 'team_sp_off': -0.821, 'team_sp_overall': -1.955, 'recruit_rating': -1.031, 'prod_over_recruit': 1.966, 'was_returner': 0.693, 'ret_td': 0.347, 'col_qb_ypa': -0.002, 'final_spike': -0.232, 'dom_growth': 2.117}","[{'p': 'Phillip Dorsett', 'y': 2015, 'sim': 67.0, 'fant': 0.746}, {'p': 'Marquez Stevenson', 'y': 2021, 'sim': 59.0, 'fant': 0.178}, {'p': 'Jalen Nailor', 'y': 2022, 'sim': 59.0, 'fant': 0.687}, {'p': 'DeMario Douglas', 'y': 2023, 'sim': 58.0, 'fant': None}, {'p': 'Jaelon Darden', 'y': 2021, 'sim': 58.0, 'fant': 0.372}, {'p': 'Skyy Moore', 'y': 2022, 'sim': 57.0, 'fant': 0.498}]"
Cade Johnson,2021,historical,1,0.0036101083032490976,0.01444043321299639,9.396503197676918,24.167807844815563,-0.4769832749768755,-0.5818771096841777,0,0,0,0.1780185758513932,0.5671140939597316,270.0,22.729637234770703,99.0,,0.589,0.2316917687353896,90.0,1.0,,0.0,"{'best_dom': 0.0, 'final_dom': 0.0, 'dom_age20': -1.358, 'n_seasons_30': -0.902, 'best_yds': -2.392, 'career_yds': -2.192, 'final_ppa': -0.299, 'best_ppa': -0.864, 'best_usage': 1.567, 'nfl_entry_age': 0.713, 'breakout_age': 2.214, 'early_declare': 1.399, 'ras': -1.53, 'explosion_p': -1.097, 'speed_score': -1.013, 'weight': -1.283, 'catch_radius': -1.201, 'team_sp_off': 0.0, 'team_sp_overall': 0.0, 'recruit_rating': 0.0, 'prod_over_recruit': 0.0, 'was_returner': 0.693, 'ret_td': -0.418, 'col_qb_ypa': -0.689, 'final_spike': -0.229, 'dom_growth': 0.0}","[{'p': 'Hunter Renfrow', 'y': 2019, 'sim': 65.0, 'fant': 0.867}, {'p': 'Alex Wesley', 'y': 2019, 'sim': 63.0, 'fant': 0.178}, {'p': 'DeAndrew White', 'y': 2015, 'sim': 63.0, 'fant': 0.178}, {'p': 'Braylon Sanders', 'y': 2022, 'sim': 62.0, 'fant': 0.178}, {'p': 'Montrell Washington', 'y': 2022, 'sim': 61.0, 'fant': 0.359}, {'p': 'Kendrick Bourne', 'y': 2017, 'sim': 61.0, 'fant': 0.802}]"
Fred Ross,2017,historical,4,0.38267148014440433,0.6209386281588448,10.944262820981438,43.201933536022594,-0.8586578194850054,0.1225307743728272,0,0,0,0.1780185758513932,0.5654362416107382,270.0,21.623545516769337,21.409993155373037,0.4181951577402788,0.618,0.3947589373504085,1007.0,1.0,4.0,1.0,"{'best_dom': 1.206, 'final_dom': 1.501, 'dom_age20': 0.208, 'n_seasons_30': 0.306, 'best_yds': 0.182, 'career_yds': 0.61, 'final_ppa': -0.188, 'best_ppa': 0.251, 'best_usage': 0.231, 'nfl_entry_age': -0.519, 'breakout_age': -0.423, 'early_declare': -0.713, 'ras': -0.299, 'explosion_p': -0.379, 'speed_score': 0.533, 'weight': 0.806, 'catch_radius': -0.556, 'team_sp_off': 0.73, 'team_sp_overall': 0.255, 'recruit_rating': 0.533, 'prod_over_recruit': 0.602, 'was_returner': 0.693, 'ret_td': 0.347, 'col_qb_ypa': -0.174, 'final_spike': -0.255, 'dom_growth': 1.994}","[{'p': 'Trishton Jackson', 'y': 2020, 'sim': 70.0, 'fant': 0.178}, {'p': 'Korey Robertson', 'y': 2018, 'sim': 64.0, 'fant': None}, {'p': 'Jordan Payton', 'y': 2016, 'sim': 63.0, 'fant': 0.178}, {'p': 'Trey Quinn', 'y': 2018, 'sim': 62.0, 'fant': 0.523}, {'p': 'Trey Palmer', 'y': 2023, 'sim': 61.0, 'fant': None}, {'p': 'Dillon Mitchell', 'y': 2019, 'sim': 61.0, 'fant': 0.178}]"
Amari Rodgers,2021,historical,8,0.7472924187725631,0.6064981949458483,19.147842765889948,42.570280835109784,-0.6083130961248636,-0.03526947106118199,0,0,0,0.48606811145510836,0.5620805369127517,85.0,21.27583846680356,21.062286105407257,0.2348544453186467,0.673,0.4045350698737036,1020.0,1.0,4.0,0.0,"{'best_dom': -0.757, 'final_dom': -0.314, 'dom_age20': -0.386, 'n_seasons_30': -0.902, 'best_yds': 0.219, 'career_yds': 0.169, 'final_ppa': 0.021, 'best_ppa': -0.679, 'best_usage': -0.239, 'nfl_entry_age': -0.907, 'breakout_age': -0.435, 'early_declare': -0.713, 'ras': -0.741, 'explosion_p': -0.336, 'speed_score': 0.38, 'weight': 0.734, 'catch_radius': -1.313, 'team_sp_off': 1.088, 'team_sp_overall': 1.197, 'recruit_rating': 0.917, 'prod_over_recruit': -1.284, 'was_returner': 0.693, 'ret_td': 0.347, 'col_qb_ypa': 1.03, 'final_spike': 0.001, 'dom_growth': 0.507}","[{'p': 'Parker Washington', 'y': 2023, 'sim': 65.0, 'fant': None}, {'p': 'Malachi Corley', 'y': 2024, 'sim': 62.0, 'fant': None}, {'p': 'Antonio Callaway', 'y': 2018, 'sim': 61.0, 'fant': 0.65}, {'p': 'Puka Nacua', 'y': 2023, 'sim': 60.0, 'fant': None}, {'p': 'Germie Bernard', 'y': 2026, 'sim': 57.0, 'fant': None}, {'p': 'Jack Bech', 'y': 2025, 'sim': 56.0, 'fant': None}]"
Kadarius Toney,2021,historical,10,0.9458483754512635,0.6209386281588448,44.09253001034082,43.47728629698721,0.004139743473562316,-0.11437123373959307,0,0,0,0.6718266253869969,0.5604026845637584,20.0,21.93018480492813,21.71663244353183,0.2169941333537501,0.789,0.8809500088836301,984.0,1.0,3.0,0.0,"{'best_dom': -0.948, 'final_dom': -0.491, 'dom_age20': -0.851, 'n_seasons_30': -0.902, 'best_yds': 0.118, 'career_yds': -0.468, 'final_ppa': 0.463, 'best_ppa': -0.424, 'best_usage': 0.429, 'nfl_entry_age': -0.178, 'breakout_age': -0.413, 'early_declare': -0.713, 'ras': 0.938, 'explosion_p': 1.761, 'speed_score': 0.743, 'weight': -0.635, 'catch_radius': -0.138, 'team_sp_off': 1.192, 'team_sp_overall': 0.658, 'recruit_rating': -0.107, 'prod_over_recruit': -0.768, 'was_returner': 0.693, 'ret_td': 0.347, 'col_qb_ypa': 1.374, 'final_spike': 0.598, 'dom_growth': 0.202}","[{'p': ""Ja'Lynn Polk"", 'y': 2024, 'sim': 67.0, 'fant': None}, {'p': 'Chris Moore', 'y': 2016, 'sim': 64.0, 'fant': 0.613}, {'p': 'Matthew Golden', 'y': 2025, 'sim': 64.0, 'fant': None}, {'p': 'Chimere Dike', 'y': 2025, 'sim': 63.0, 'fant': None}, {'p': 'Omar Cooper Jr.', 'y': 2026, 'sim': 62.0, 'fant': None}, {'p': 'Sam Brown Jr.', 'y': 2025, 'sim': 61.0, 'fant': None}]"
Cody White,2020,historical,5,0.41155234657039713,0.5992779783393501,11.302097734625352,42.103846558536176,1.0504078828612688,0.0661276527903891,0,0,0,0.1780185758513932,0.5587248322147651,270.0,21.09240246406571,20.878850102669404,0.3213480238104041,0.58,0.3466645457581364,922.0,1.0,3.0,1.0,"{'best_dom': 0.169, 'final_dom': 0.542, 'dom_age20': 0.127, 'n_seasons_30': 0.306, 'best_yds': -0.057, 'career_yds': -0.034, 'final_ppa': -0.333, 'best_ppa': -0.644, 'best_usage': -0.264, 'nfl_entry_age': -1.111, 'breakout_age': -0.442, 'early_declare': 1.399, 'ras': -0.316, 'explosion_p': -0.591, 'speed_score': -0.767, 'weight': 0.95, 'catch_radius': 1.178, 'team_sp_off': -1.626, 'team_sp_overall': -0.422, 'recruit_rating': -0.016, 'prod_over_recruit': 0.151, 'was_returner': 0.693, 'ret_td': -0.418, 'col_qb_ypa': -0.947, 'final_spike': -0.033, 'dom_growth': -0.159}","[{'p': ""Lil'Jordan Humphrey"", 'y': 2019, 'sim': 68.0, 'fant': 0.628}, {'p': 'Warren Jackson', 'y': 2021, 'sim': 63.0, 'fant': 0.178}, {'p': 'Antoine Wesley', 'y': 2019, 'sim': 61.0, 'fant': 0.706}, {'p': 'Chad Hansen', 'y': 2017, 'sim': 60.0, 'fant': 0.644}, {'p': 'Xavier Hutchinson', 'y': 2023, 'sim': 58.0, 'fant': None}, {'p': 'Gabriel Davis', 'y': 2020, 'sim': 58.0, 'fant': None}]"
Daesean Hamilton,2018,historical,8,0.7653429602888087,0.5667870036101083,19.638077148499402,41.406291249029756,-0.2424647125205836,-0.11015860834107133,0,0,0,0.653250773993808,0.5570469798657718,113.0,22.8145106091718,19.600273785078716,0.2542252120890774,0.99,0.3477511392906677,899.0,1.0,3.0,0.0,"{'best_dom': -0.549, 'final_dom': -0.122, 'dom_age20': 0.424, 'n_seasons_30': -0.902, 'best_yds': -0.121, 'career_yds': 0.971, 'final_ppa': 1.228, 'best_ppa': 0.019, 'best_usage': 0.602, 'nfl_entry_age': 0.808, 'breakout_age': -0.485, 'early_declare': -0.713, 'ras': -0.206, 'explosion_p': -0.586, 'speed_score': -0.096, 'weight': 0.086, 'catch_radius': -0.6, 'team_sp_off': -2.193, 'team_sp_overall': -0.25, 'recruit_rating': -0.193, 'prod_over_recruit': -0.448, 'was_returner': 0.693, 'ret_td': -0.418, 'col_qb_ypa': -1.721, 'final_spike': -0.243, 'dom_growth': -1.005}","[{'p': 'Malik Knowles', 'y': 2023, 'sim': 66.0, 'fant': None}, {'p': ""Ka'Raun White"", 'y': 2018, 'sim': 63.0, 'fant': None}, {'p': 'Kyren Lacy', 'y': 2024, 'sim': 60.0, 'fant': None}, {'p': 'Jaylin Lane', 'y': 2025, 'sim': 60.0, 'fant': None}, {'p': 'Grant Dubose', 'y': 2023, 'sim': 59.0, 'fant': None}, {'p': 'Jordan Watkins', 'y': 2025, 'sim': 59.0, 'fant': None}]"
Warren Jackson,2021,historical,4,0.36462093862815886,0.5740072202166066,10.861172525971945,41.865663832072556,0.3036391288412733,0.5864413883776431,0,0,0,0.1780185758513932,0.5553691275167785,270.0,21.54688569472964,20.331279945242983,0.3433450429352068,0.71,0.302997085611217,1119.0,1.0,3.0,1.0,"{'best_dom': 0.405, 'final_dom': 0.76, 'dom_age20': 1.36, 'n_seasons_30': 0.306, 'best_yds': 0.497, 'career_yds': -0.239, 'final_ppa': 0.162, 'best_ppa': 0.094, 'best_usage': 1.097, 'nfl_entry_age': -0.605, 'breakout_age': -0.46, 'early_declare': 1.399, 'ras': -0.53, 'explosion_p': -0.783, 'speed_score': -1.09, 'weight': 1.238, 'catch_radius': 0.81, 'team_sp_off': -1.373, 'team_sp_overall': -1.372, 'recruit_rating': -0.752, 'prod_over_recruit': 1.067, 'was_returner': -1.439, 'ret_td': 0.0, 'col_qb_ypa': 0.084, 'final_spike': 0.294, 'dom_growth': 0.974}","[{'p': ""Lil'Jordan Humphrey"", 'y': 2019, 'sim': 67.0, 'fant': 0.628}, {'p': 'Cody White', 'y': 2020, 'sim': 66.0, 'fant': 0.178}, {'p': 'Antoine Wesley', 'y': 2019, 'sim': 65.0, 'fant': 0.706}, {'p': 'Jamarius Way', 'y': 2019, 'sim': 59.0, 'fant': None}, {'p': 'Gabriel Davis', 'y': 2020, 'sim': 59.0, 'fant': None}, {'p': 'Jauan Jennings', 'y': 2020, 'sim': 58.0, 'fant': 0.799}]"
Jamarius Way,2019,historical,3,0.20216606498194944,0.3104693140794224,10.305282203161617,36.00013422071928,-0.4731526468764044,0.09917704198282562,0,0,0,,,270.0,,,0.3855160824697847,0.657,0.2406057705456037,855.0,1.0,2.0,1.0,"{'best_dom': 0.856, 'final_dom': 1.177, 'dom_age20': 0.0, 'n_seasons_30': 0.306, 'best_yds': -0.245, 'career_yds': -0.437, 'final_ppa': -0.04, 'best_ppa': -0.714, 'best_usage': 0.058, 'nfl_entry_age': 0.0, 'breakout_age': 0.0, 'early_declare': 0.0, 'ras': -0.652, 'explosion_p': -1.058, 'speed_score': -0.504, 'weight': 0.95, 'catch_radius': 1.064, 'team_sp_off': -1.611, 'team_sp_overall': -2.554, 'recruit_rating': -1.983, 'prod_over_recruit': 2.05, 'was_returner': -1.439, 'ret_td': 0.0, 'col_qb_ypa': -0.088, 'final_spike': -0.193, 'dom_growth': -0.015}","[{'p': 'Jauan Jennings', 'y': 2020, 'sim': 63.0, 'fant': 0.799}, {'p': 'Sage Surratt', 'y': 2021, 'sim': 61.0, 'fant': 0.178}, {'p': 'Alonzo Russell', 'y': 2016, 'sim': 61.0, 'fant': 0.178}, {'p': 'Xavier Hutchinson', 'y': 2023, 'sim': 59.0, 'fant': None}, {'p': 'Warren Jackson', 'y': 2021, 'sim': 59.0, 'fant': 0.178}, {'p': 'Cody White', 'y': 2020, 'sim': 58.0, 'fant': 0.178}]"
Kenny Lawler,2016,historical,4,0.30685920577617326,0.12274368231046931,10.611594245590293,30.137273316295577,0.02013038807947555,-0.14757850844136647,0,0,0,0.1780185758513932,0.5486577181208053,243.0,21.51950718685832,20.306639288158795,0.2533983310028668,0.62,0.0826897120122491,701.0,1.0,4.0,0.0,"{'best_dom': -0.558, 'final_dom': -0.13, 'dom_age20': 0.371, 'n_seasons_30': -0.902, 'best_yds': -0.677, 'career_yds': -0.334, 'final_ppa': -0.181, 'best_ppa': -0.633, 'best_usage': -0.784, 'nfl_entry_age': -0.635, 'breakout_age': -0.461, 'early_declare': 1.399, 'ras': -0.537, 'explosion_p': -1.753, 'speed_score': -1.163, 'weight': 0.086, 'catch_radius': 0.905, 'team_sp_off': 0.193, 'team_sp_overall': -1.09, 'recruit_rating': 0.252, 'prod_over_recruit': -0.69, 'was_returner': -1.439, 'ret_td': 0.0, 'col_qb_ypa': -0.345, 'final_spike': -0.247, 'dom_growth': -0.565}","[{'p': 'DaMarkus Lodge', 'y': 2019, 'sim': 69.0, 'fant': 0.178}, {'p': 'Jhamon Ausbon', 'y': 2021, 'sim': 69.0, 'fant': None}, {'p': 'Keon Hatcher', 'y': 2017, 'sim': 66.0, 'fant': 0.178}, {'p': 'Jordan Hudson', 'y': 2026, 'sim': 63.0, 'fant': None}, {'p': 'Cayleb Jones', 'y': 2016, 'sim': 63.0, 'fant': 0.178}, {'p': 'Puka Nacua', 'y': 2023, 'sim': 62.0, 'fant': None}]"
Josh Palmer,2021,historical,8,0.776173285198556,0.5090252707581228,20.226424707532665,39.78202254166659,-0.7244832908599763,-0.5005502055414831,0,0,0,0.8328173374613003,0.5453020134228188,77.0,21.27857631759069,21.065023956194388,0.2588805918068253,0.505,0.4988095005539478,484.0,1.0,3.0,0.0,"{'best_dom': -0.499, 'final_dom': -0.076, 'dom_age20': -0.017, 'n_seasons_30': -0.902, 'best_yds': -1.286, 'career_yds': -0.555, 'final_ppa': -0.619, 'best_ppa': -0.985, 'best_usage': -0.709, 'nfl_entry_age': -0.904, 'breakout_age': -0.435, 'early_declare': -0.713, 'ras': 0.387, 'explosion_p': 0.079, 'speed_score': 0.274, 'weight': 0.59, 'catch_radius': 0.423, 'team_sp_off': -0.284, 'team_sp_overall': -0.567, 'recruit_rating': -0.585, 'prod_over_recruit': -0.055, 'was_returner': -1.439, 'ret_td': 0.0, 'col_qb_ypa': -0.431, 'final_spike': -0.234, 'dom_growth': 0.662}","[{'p': 'Cody Core', 'y': 2016, 'sim': 66.0, 'fant': 0.588}, {'p': 'Jaylen Smith', 'y': 2019, 'sim': 62.0, 'fant': 0.178}, {'p': 'Caleb Douglas', 'y': 2026, 'sim': 60.0, 'fant': None}, {'p': 'Germie Bernard', 'y': 2026, 'sim': 59.0, 'fant': None}, {'p': 'Joe Reed', 'y': 2020, 'sim': 59.0, 'fant': 0.178}, {'p': 'Darrell Stewart', 'y': 2020, 'sim': 58.0, 'fant': None}]"
Stanley Morgan Jr.,2019,historical,3,0.22743682310469315,0.6064981949458483,10.39541491522637,42.42521730120278,0.8998018344329064,0.3566625024055664,0,0,0,,,270.0,22.31622176591376,21.10335386721424,0.3654393523958741,0.532,0.6323567851863842,1004.0,1.0,3.0,2.0,"{'best_dom': 0.641, 'final_dom': 0.766, 'dom_age20': -0.267, 'n_seasons_30': 1.514, 'best_yds': 0.174, 'career_yds': 0.862, 'final_ppa': -0.516, 'best_ppa': -0.547, 'best_usage': 0.429, 'nfl_entry_age': 0.252, 'breakout_age': -0.434, 'early_declare': -0.713, 'ras': 0.973, 'explosion_p': 0.667, 'speed_score': -0.243, 'weight': 0.014, 'catch_radius': 0.846, 'team_sp_off': -0.389, 'team_sp_overall': -0.576, 'recruit_rating': -0.133, 'prod_over_recruit': 0.678, 'was_returner': 0.693, 'ret_td': -0.418, 'col_qb_ypa': -0.603, 'final_spike': -0.223, 'dom_growth': 0.737}","[{'p': 'Zach Pascal', 'y': 2017, 'sim': 61.0, 'fant': 0.774}, {'p': 'Robby Anderson', 'y': 2016, 'sim': 61.0, 'fant': None}, {'p': 'Jester Weah', 'y': 2018, 'sim': 59.0, 'fant': 0.178}, {'p': 'Will Sheppard', 'y': 2025, 'sim': 58.0, 'fant': None}, {'p': ""Da'Ron Brown"", 'y': 2015, 'sim': 58.0, 'fant': 0.178}, {'p': 'Tamorrion Terry', 'y': 2021, 'sim': 58.0, 'fant': None}]"
Greg Dortch,2019,historical,7,0.631768953068592,0.6606498194945848,15.317569095647185,44.43378933640327,0.696465450689424,0.33519380160464063,0,0,0,0.7337461300309598,0.5385906040268457,270.0,20.594113620807665,19.381245722108144,0.3356272401433692,0.62,0.076541542365613,1078.0,1.0,2.0,1.0,"{'best_dom': 0.322, 'final_dom': 0.683, 'dom_age20': 1.299, 'n_seasons_30': 0.306, 'best_yds': 0.381, 'career_yds': -0.226, 'final_ppa': -0.181, 'best_ppa': -0.796, 'best_usage': 0.478, 'nfl_entry_age': -1.666, 'breakout_age': -0.492, 'early_declare': 1.399, 'ras': -1.656, 'explosion_p': -1.78, 'speed_score': -2.226, 'weight': -2.076, 'catch_radius': -1.81, 'team_sp_off': -0.612, 'team_sp_overall': -0.73, 'recruit_rating': -1.496, 'prod_over_recruit': 1.47, 'was_returner': 0.693, 'ret_td': 1.111, 'col_qb_ypa': -1.205, 'final_spike': -0.082, 'dom_growth': -0.441}","[{'p': 'Demarcus Ayers', 'y': 2016, 'sim': 66.0, 'fant': 0.178}, {'p': 'Keke Coutee', 'y': 2018, 'sim': 63.0, 'fant': 0.82}, {'p': 'Penny Hart', 'y': 2019, 'sim': 61.0, 'fant': 0.368}, {'p': 'Jamison Crowder', 'y': 2015, 'sim': 61.0, 'fant': 0.876}, {'p': ""Wan'Dale Robinson"", 'y': 2022, 'sim': 59.0, 'fant': 0.824}, {'p': 'Ryan Switzer', 'y': 2017, 'sim': 57.0, 'fant': 0.455}]"
Cody Thompson,2019,historical,6,0.5234657039711191,0.5812274368231047,12.756389303944907,41.95257952008058,-1.7307033400904501,0.2882171296347081,0,0,0,0.1780185758513932,0.5369127516778524,270.0,22.973305954825463,19.75906913073237,0.270780660670618,0.562,0.4647291516086811,1269.0,1.0,2.0,0.0,"{'best_dom': -0.372, 'final_dom': -0.016, 'dom_age20': 0.542, 'n_seasons_30': -0.902, 'best_yds': 0.918, 'career_yds': 1.512, 'final_ppa': -0.402, 'best_ppa': 0.196, 'best_usage': -0.561, 'nfl_entry_age': 0.985, 'breakout_age': -0.48, 'early_declare': -0.713, 'ras': 0.152, 'explosion_p': -0.071, 'speed_score': -0.456, 'weight': 0.23, 'catch_radius': 0.201, 'team_sp_off': 0.789, 'team_sp_overall': 0.015, 'recruit_rating': -2.282, 'prod_over_recruit': 0.952, 'was_returner': 0.693, 'ret_td': 0.347, 'col_qb_ypa': 1.46, 'final_spike': -0.374, 'dom_growth': 0.856}","[{'p': 'K.J. Osborn', 'y': 2020, 'sim': 66.0, 'fant': 0.805}, {'p': 'Jonathan Adams', 'y': 2021, 'sim': 64.0, 'fant': None}, {'p': 'Geremy Davis', 'y': 2015, 'sim': 60.0, 'fant': 0.178}, {'p': ""Ka'Raun White"", 'y': 2018, 'sim': 59.0, 'fant': None}, {'p': 'Davon Grayson', 'y': 2018, 'sim': 58.0, 'fant': 0.178}, {'p': 'Mitchell Tinsley', 'y': 2023, 'sim': 56.0, 'fant': None}]"
Keelan Doss,2019,historical,2,0.15162454873646208,0.07220216606498195,10.164196599016998,28.14069726884461,-1.0246539547685156,-0.4269510711708019,0,0,0,0.5108359133126935,0.535234899328859,270.0,22.781656399726216,99.0,,0.029,0.5429220724253054,220.0,1.0,,0.0,"{'best_dom': 0.0, 'final_dom': 0.0, 'dom_age20': 0.0, 'n_seasons_30': -0.902, 'best_yds': -2.027, 'career_yds': -1.574, 'final_ppa': -2.432, 'best_ppa': 2.458, 'best_usage': 2.779, 'nfl_entry_age': 0.771, 'breakout_age': 2.214, 'early_declare': -0.713, 'ras': 0.44, 'explosion_p': 0.273, 'speed_score': -0.059, 'weight': 0.662, 'catch_radius': 0.529, 'team_sp_off': 0.0, 'team_sp_overall': 0.0, 'recruit_rating': 0.0, 'prod_over_recruit': 0.0, 'was_returner': -1.439, 'ret_td': 0.0, 'col_qb_ypa': -1.635, 'final_spike': -0.268, 'dom_growth': 0.0}","[{'p': 'Montrell Washington', 'y': 2022, 'sim': 64.0, 'fant': 0.359}, {'p': 'Brandon Smith', 'y': 2021, 'sim': 61.0, 'fant': 0.178}, {'p': 'Dillon Bell', 'y': 2026, 'sim': 61.0, 'fant': None}, {'p': 'Daurice Fountain', 'y': 2018, 'sim': 60.0, 'fant': 0.178}, {'p': 'Quincy Adeboyejo', 'y': 2017, 'sim': 60.0, 'fant': 0.178}, {'p': 'Isaiah Weston', 'y': 2022, 'sim': 59.0, 'fant': 0.178}]"
David Sills,2019,historical,2,0.16606498194945848,0.4187725631768953,10.17854963393006,37.91003452283742,-0.43047192548459634,0.15252937055420918,0,0,0,0.39628482972136225,0.5318791946308725,270.0,23.59479808350445,22.38193018480493,0.3651034770159366,,0.4538456350679202,980.0,0.0,3.0,1.0,"{'best_dom': 0.638, 'final_dom': 0.038, 'dom_age20': -0.895, 'n_seasons_30': 0.306, 'best_yds': 0.106, 'career_yds': -0.046, 'final_ppa': 0.0, 'best_ppa': 0.0, 'best_usage': 0.0, 'nfl_entry_age': 1.677, 'breakout_age': -0.39, 'early_declare': -0.713, 'ras': 0.275, 'explosion_p': -0.119, 'speed_score': -0.153, 'weight': 0.662, 'catch_radius': 0.441, 'team_sp_off': -0.254, 'team_sp_overall': -0.559, 'recruit_rating': -0.237, 'prod_over_recruit': 0.807, 'was_returner': 0.693, 'ret_td': -0.418, 'col_qb_ypa': 0.686, 'final_spike': -0.269, 'dom_growth': 0.472}","[{'p': 'Travis Fulgham', 'y': 2019, 'sim': 70.0, 'fant': 0.845}, {'p': ""Da'Ron Brown"", 'y': 2015, 'sim': 65.0, 'fant': 0.178}, {'p': 'Chase Roberts', 'y': 2026, 'sim': 63.0, 'fant': None}, {'p': ""Da'Quan Felton"", 'y': 2025, 'sim': 62.0, 'fant': None}, {'p': 'A.T. Perry', 'y': 2023, 'sim': 62.0, 'fant': None}, {'p': ""J'Mon Moore"", 'y': 2018, 'sim': 61.0, 'fant': 0.178}]"
Antoine Wesley,2019,historical,5,0.4043321299638989,0.7472924187725631,11.190497638836504,46.975262179145695,1.4132052965738187,0.3413235111615218,0,0,0,0.7058823529411765,0.5302013422818792,270.0,21.1937029431896,20.980150581793293,0.3272234968621365,0.796,0.3248275133928862,1410.0,1.0,3.0,1.0,"{'best_dom': 0.232, 'final_dom': 0.6, 'dom_age20': -1.233, 'n_seasons_30': 0.306, 'best_yds': 1.314, 'career_yds': -0.517, 'final_ppa': 0.49, 'best_ppa': 0.451, 'best_usage': 0.206, 'nfl_entry_age': -0.998, 'breakout_age': -0.438, 'early_declare': 1.399, 'ras': 0.207, 'explosion_p': -0.687, 'speed_score': -1.351, 'weight': 0.302, 'catch_radius': 1.747, 'team_sp_off': 0.133, 'team_sp_overall': -0.293, 'recruit_rating': -1.046, 'prod_over_recruit': 1.161, 'was_returner': -1.439, 'ret_td': 0.0, 'col_qb_ypa': -0.088, 'final_spike': 2.529, 'dom_growth': 1.277}","[{'p': ""Lil'Jordan Humphrey"", 'y': 2019, 'sim': 72.0, 'fant': 0.628}, {'p': 'Chad Hansen', 'y': 2017, 'sim': 64.0, 'fant': 0.644}, {'p': 'Warren Jackson', 'y': 2021, 'sim': 63.0, 'fant': 0.178}, {'p': 'Cody White', 'y': 2020, 'sim': 63.0, 'fant': 0.178}, {'p': 'Cedrick Wilson', 'y': 2018, 'sim': 62.0, 'fant': 0.718}, {'p': 'Eric McAlister', 'y': 2026, 'sim': 61.0, 'fant': None}]"
Chris Conley,2015,historical,8,0.7689530685920578,0.5126353790613718,19.704344580694457,40.00541708232644,-0.5286670089539032,0.26367495072288577,0,0,0,0.7120743034055728,0.5285234899328859,76.0,22.184804928131417,21.971252566735117,0.295895620246525,,0.9937685753913216,657.0,1.0,4.0,0.0,"{'best_dom': -0.103, 'final_dom': 0.29, 'dom_age20': -0.367, 'n_seasons_30': -0.902, 'best_yds': -0.801, 'career_yds': -0.068, 'final_ppa': 0.0, 'best_ppa': 0.0, 'best_usage': 0.0, 'nfl_entry_age': 0.106, 'breakout_age': -0.404, 'early_declare': -0.713, 'ras': 1.953, 'explosion_p': 2.258, 'speed_score': 2.297, 'weight': 0.806, 'catch_radius': 1.822, 'team_sp_off': 1.326, 'team_sp_overall': 1.326, 'recruit_rating': 0.101, 'prod_over_recruit': -0.283, 'was_returner': 0.693, 'ret_td': -0.418, 'col_qb_ypa': -0.345, 'final_spike': -0.226, 'dom_growth': 0.593}","[{'p': 'Jonathan Mingo', 'y': 2023, 'sim': 73.0, 'fant': None}, {'p': 'Ricardo Louis', 'y': 2016, 'sim': 65.0, 'fant': 0.591}, {'p': 'Parris Campbell', 'y': 2019, 'sim': 64.0, 'fant': 0.663}, {'p': 'Alec Pierce', 'y': 2022, 'sim': 64.0, 'fant': 0.728}, {'p': 'Adonai Mitchell', 'y': 2024, 'sim': 62.0, 'fant': None}, {'p': 'Nico Collins', 'y': 2021, 'sim': 62.0, 'fant': 0.954}]"
Ty Fryfogle,2022,historical,4,0.3104693140794224,0.5090252707581228,10.616228482455366,39.97095001190966,-0.9903148865247975,0.04040367322991415,0,0,0,,,270.0,,,0.3992572103431129,0.296,0.7280798987173155,726.0,1.0,3.0,1.0,"{'best_dom': 1.003, 'final_dom': -0.885, 'dom_age20': 0.0, 'n_seasons_30': 0.306, 'best_yds': -0.607, 'career_yds': 0.275, 'final_ppa': -1.415, 'best_ppa': -0.54, 'best_usage': -0.066, 'nfl_entry_age': 0.0, 'breakout_age': 0.0, 'early_declare': 0.0, 'ras': 0.072, 'explosion_p': 1.088, 'speed_score': 0.124, 'weight': 0.518, 'catch_radius': 0.459, 'team_sp_off': -0.254, 'team_sp_overall': -0.079, 'recruit_rating': -1.135, 'prod_over_recruit': 1.83, 'was_returner': 0.693, 'ret_td': -0.418, 'col_qb_ypa': -0.603, 'final_spike': -0.316, 'dom_growth': 0.174}","[{'p': 'Kalija Lipscomb', 'y': 2020, 'sim': 62.0, 'fant': 0.178}, {'p': 'Jehu Chesson', 'y': 2017, 'sim': 61.0, 'fant': 0.178}, {'p': 'Lewis Bond', 'y': 2026, 'sim': 60.0, 'fant': None}, {'p': 'Zach Pascal', 'y': 2017, 'sim': 60.0, 'fant': 0.774}, {'p': 'Steven Sims', 'y': 2019, 'sim': 58.0, 'fant': 0.622}, {'p': 'Jester Weah', 'y': 2018, 'sim': 58.0, 'fant': 0.178}]"
Marquise Brown,2019,historical,10,0.9422382671480144,0.8050541516245487,38.88292658171963,48.536999455506866,-1.404352516832701,0.14418191983446718,0,0,0,0.9071207430340558,0.5201342281879194,25.0,21.57700205338809,21.363449691991782,0.2619788265660269,0.975,,1318.0,1.0,,0.0,"{'best_dom': -0.466, 'final_dom': -0.046, 'dom_age20': 0.087, 'n_seasons_30': -0.902, 'best_yds': 1.055, 'career_yds': 0.478, 'final_ppa': 1.171, 'best_ppa': -0.014, 'best_usage': 0.008, 'nfl_entry_age': -0.571, 'breakout_age': -0.425, 'early_declare': 1.399, 'ras': -2.433, 'explosion_p': 0.0, 'speed_score': 0.0, 'weight': -2.58, 'catch_radius': -1.851, 'team_sp_off': 2.788, 'team_sp_overall': 1.094, 'recruit_rating': 0.0, 'prod_over_recruit': 0.0, 'was_returner': -1.439, 'ret_td': 0.0, 'col_qb_ypa': 2.921, 'final_spike': -0.168, 'dom_growth': -0.599}","[{'p': 'Dazz Newsome', 'y': 2021, 'sim': 61.0, 'fant': 0.178}, {'p': 'Tahj Washington', 'y': 2024, 'sim': 61.0, 'fant': None}, {'p': 'Travis Hunter', 'y': 2025, 'sim': 61.0, 'fant': None}, {'p': 'Keke Coutee', 'y': 2018, 'sim': 59.0, 'fant': 0.82}, {'p': 'Brenen Thompson', 'y': 2026, 'sim': 58.0, 'fant': None}, {'p': 'Tez Johnson', 'y': 2025, 'sim': 58.0, 'fant': None}]"
Penny Hart,2019,historical,6,0.5776173285198556,0.36462093862815886,13.992971222345343,36.96020539148283,-0.8247994916213348,-0.05583245776506786,0,0,0,0.3684210526315789,0.5151006711409396,270.0,22.49144421629021,19.277207392197127,0.4392344006568144,0.484,0.0970034260114547,1121.0,1.0,2.0,1.0,"{'best_dom': 1.431, 'final_dom': -0.655, 'dom_age20': 0.778, 'n_seasons_30': 0.306, 'best_yds': 0.502, 'career_yds': 1.107, 'final_ppa': -0.699, 'best_ppa': -0.58, 'best_usage': 0.627, 'nfl_entry_age': 0.448, 'breakout_age': -0.496, 'early_declare': -0.713, 'ras': -2.434, 'explosion_p': -1.69, 'speed_score': -2.183, 'weight': -1.571, 'catch_radius': -1.529, 'team_sp_off': -2.73, 'team_sp_overall': -2.237, 'recruit_rating': -1.681, 'prod_over_recruit': 2.22, 'was_returner': 0.693, 'ret_td': 0.347, 'col_qb_ypa': -0.345, 'final_spike': -0.349, 'dom_growth': -1.802}","[{'p': 'Diontae Johnson', 'y': 2019, 'sim': 65.0, 'fant': 0.941}, {'p': 'Marquez Stevenson', 'y': 2021, 'sim': 64.0, 'fant': 0.178}, {'p': 'Keevan Lucas', 'y': 2017, 'sim': 63.0, 'fant': None}, {'p': 'Demarcus Ayers', 'y': 2016, 'sim': 62.0, 'fant': 0.178}, {'p': 'Jacob Cowing', 'y': 2024, 'sim': 62.0, 'fant': None}, {'p': 'Greg Dortch', 'y': 2019, 'sim': 61.0, 'fant': 0.734}]"
Simmie Cobbs,2018,historical,1,0.05054151624548736,0.11913357400722022,9.7657169033703,30.058443516801063,-1.4543105175767093,-0.31723391075268936,0,0,0,0.1780185758513932,0.5067114093959731,270.0,22.354551676933607,20.139630390143736,0.291900878293601,0.435,0.1578956866487877,1035.0,1.0,3.0,0.0,"{'best_dom': -0.146, 'final_dom': 0.251, 'dom_age20': 0.301, 'n_seasons_30': -0.902, 'best_yds': 0.261, 'career_yds': -0.008, 'final_ppa': -0.885, 'best_ppa': -0.77, 'best_usage': 0.008, 'nfl_entry_age': 0.295, 'breakout_age': -0.467, 'early_declare': -0.713, 'ras': -0.659, 'explosion_p': -1.422, 'speed_score': -0.354, 'weight': 1.31, 'catch_radius': -0.218, 'team_sp_off': 0.327, 'team_sp_overall': -1.004, 'recruit_rating': -0.716, 'prod_over_recruit': 0.433, 'was_returner': 0.693, 'ret_td': -0.418, 'col_qb_ypa': 0.428, 'final_spike': -0.284, 'dom_growth': 0.847}","[{'p': 'DeRunnya Wilson', 'y': 2016, 'sim': 71.0, 'fant': None}, {'p': 'Kelvin Harmon', 'y': 2019, 'sim': 65.0, 'fant': 0.604}, {'p': ""Ka'Raun White"", 'y': 2018, 'sim': 63.0, 'fant': None}, {'p': 'Darrell Stewart', 'y': 2020, 'sim': 62.0, 'fant': None}, {'p': 'Cayleb Jones', 'y': 2016, 'sim': 61.0, 'fant': 0.178}, {'p': 'Ezell Ruffin', 'y': 2015, 'sim': 61.0, 'fant': None}]"
Malcolm Mitchell,2016,historical,7,0.6425992779783394,0.48014440433212996,15.606328125260365,39.42466086639354,0.6657828239281709,0.16119075409092212,0,0,0,0.7647058823529411,0.5050335570469798,112.0,23.449691991786448,23.236139630390145,0.3583303645647785,,0.678996307944756,865.0,1.0,4.0,1.0,"{'best_dom': 0.565, 'final_dom': 0.908, 'dom_age20': -0.161, 'n_seasons_30': 0.306, 'best_yds': -0.217, 'career_yds': 0.406, 'final_ppa': 0.0, 'best_ppa': 0.0, 'best_usage': 0.0, 'nfl_entry_age': 1.515, 'breakout_age': -0.361, 'early_declare': -0.713, 'ras': 0.913, 'explosion_p': 0.872, 'speed_score': 0.314, 'weight': -0.275, 'catch_radius': 0.751, 'team_sp_off': -1.0, 'team_sp_overall': 0.401, 'recruit_rating': 1.497, 'prod_over_recruit': -0.49, 'was_returner': 0.693, 'ret_td': -0.418, 'col_qb_ypa': -0.431, 'final_spike': -0.14, 'dom_growth': 0.434}","[{'p': 'Luke McCaffrey', 'y': 2024, 'sim': 66.0, 'fant': None}, {'p': 'Amara Darboh', 'y': 2017, 'sim': 60.0, 'fant': 0.381}, {'p': 'Cornell Powell', 'y': 2021, 'sim': 59.0, 'fant': 0.178}, {'p': 'CJ Williams', 'y': 2026, 'sim': 59.0, 'fant': None}, {'p': 'Jordan Payton', 'y': 2016, 'sim': 57.0, 'fant': 0.178}, {'p': 'Jermaine Burton', 'y': 2024, 'sim': 57.0, 'fant': None}]"
Jehu Chesson,2017,historical,6,0.5740072202166066,0.2779783393501805,13.905613308019149,35.40769556250578,0.07197124052997786,-0.1678885879326827,0,0,0,0.1780185758513932,0.5,139.0,23.033538672142367,21.817932922655714,0.3379103097549699,0.347,0.6946831706838349,764.0,1.0,3.0,1.0,"{'best_dom': 0.347, 'final_dom': -1.246, 'dom_age20': -0.898, 'n_seasons_30': 0.306, 'best_yds': -0.5, 'career_yds': -0.412, 'final_ppa': -1.221, 'best_ppa': -0.428, 'best_usage': -0.586, 'nfl_entry_age': 1.052, 'breakout_age': -0.41, 'early_declare': -0.713, 'ras': 0.961, 'explosion_p': 0.941, 'speed_score': 0.447, 'weight': 0.158, 'catch_radius': 0.595, 'team_sp_off': -0.016, 'team_sp_overall': 0.649, 'recruit_rating': -0.336, 'prod_over_recruit': 0.68, 'was_returner': 0.693, 'ret_td': 0.347, 'col_qb_ypa': -0.345, 'final_spike': -0.331, 'dom_growth': -0.573}","[{'p': 'Cedric Tillman', 'y': 2023, 'sim': 68.0, 'fant': None}, {'p': 'Cyrus Allen', 'y': 2026, 'sim': 64.0, 'fant': None}, {'p': 'Ty Fryfogle', 'y': 2022, 'sim': 61.0, 'fant': None}, {'p': 'Amara Darboh', 'y': 2017, 'sim': 61.0, 'fant': 0.381}, {'p': 'Marquez Valdes-Scantling', 'y': 2018, 'sim': 60.0, 'fant': 0.796}, {'p': 'Kenny Bell', 'y': 2015, 'sim': 60.0, 'fant': 0.178}]"
Preston Williams,2019,historical,3,0.22021660649819494,0.4332129963898917,10.359685206114538,38.04635394442282,0.5046012875565999,0.463965819088598,0,0,0,0.739938080495356,0.4966442953020134,270.0,21.765913757700204,21.5523613963039,0.4519753344481605,0.46,0.1814402364254877,1345.0,1.0,4.0,1.0,"{'best_dom': 1.568, 'final_dom': 1.835, 'dom_age20': -0.65, 'n_seasons_30': 0.306, 'best_yds': 1.131, 'career_yds': -0.466, 'final_ppa': -0.79, 'best_ppa': -0.294, 'best_usage': 1.715, 'nfl_entry_age': -0.361, 'breakout_age': -0.419, 'early_declare': 1.399, 'ras': -0.729, 'explosion_p': -1.318, 'speed_score': -0.519, 'weight': 0.662, 'catch_radius': 0.251, 'team_sp_off': -1.149, 'team_sp_overall': -1.92, 'recruit_rating': 1.431, 'prod_over_recruit': 0.127, 'was_returner': 0.693, 'ret_td': -0.418, 'col_qb_ypa': -0.517, 'final_spike': 2.001, 'dom_growth': 1.69}","[{'p': 'Warren Jackson', 'y': 2021, 'sim': 60.0, 'fant': 0.178}, {'p': 'Trishton Jackson', 'y': 2020, 'sim': 59.0, 'fant': 0.178}, {'p': 'Fred Ross', 'y': 2017, 'sim': 59.0, 'fant': 0.178}, {'p': 'Devante Davis', 'y': 2015, 'sim': 59.0, 'fant': None}, {'p': 'Tyre Brady', 'y': 2019, 'sim': 58.0, 'fant': None}, {'p': 'Trey Quinn', 'y': 2018, 'sim': 58.0, 'fant': 0.523}]"
Sage Surratt,2021,historical,1,0.0036101083032490976,0.1299638989169675,9.436632954366473,30.27652455424133,0.4690434343271075,0.10654316383368045,0,0,0,0.1780185758513932,0.4949664429530201,270.0,22.72142368240931,21.505817932922657,0.3109572417117086,0.831,0.1076431543491182,1001.0,1.0,3.0,1.0,"{'best_dom': 0.058, 'final_dom': 0.439, 'dom_age20': -1.358, 'n_seasons_30': 0.306, 'best_yds': 0.165, 'career_yds': -0.477, 'final_ppa': 0.623, 'best_ppa': -0.331, 'best_usage': 0.206, 'nfl_entry_age': 0.704, 'breakout_age': -0.42, 'early_declare': 1.399, 'ras': -0.664, 'explosion_p': -1.643, 'speed_score': -1.376, 'weight': 0.518, 'catch_radius': 0.172, 'team_sp_off': -0.881, 'team_sp_overall': -0.867, 'recruit_rating': -0.788, 'prod_over_recruit': 0.697, 'was_returner': 0.693, 'ret_td': -0.418, 'col_qb_ypa': -0.26, 'final_spike': -0.014, 'dom_growth': -0.139}","[{'p': 'Alonzo Russell', 'y': 2016, 'sim': 73.0, 'fant': 0.178}, {'p': 'Xavier Hutchinson', 'y': 2023, 'sim': 63.0, 'fant': None}, {'p': 'Cayleb Jones', 'y': 2016, 'sim': 63.0, 'fant': 0.178}, {'p': 'Dres Anderson', 'y': 2015, 'sim': 62.0, 'fant': 0.178}, {'p': 'Darren Carrington', 'y': 2018, 'sim': 61.0, 'fant': None}, {'p': 'Jamarius Way', 'y': 2019, 'sim': 60.0, 'fant': None}]"
Justyn Ross,2022,historical,7,0.6137184115523465,0.6895306859205776,14.997958808723448,45.58548628513333,1.0835573647206624,-0.4548369618784874,0,0,0,0.4055727554179567,0.4916107382550335,270.0,22.04791238877481,18.833675564681723,0.2410959346443217,0.536,,1000.0,1.0,4.0,0.0,"{'best_dom': -0.69, 'final_dom': -0.378, 'dom_age20': 0.551, 'n_seasons_30': -0.902, 'best_yds': 0.162, 'career_yds': 0.439, 'final_ppa': -0.501, 'best_ppa': 0.204, 'best_usage': -0.412, 'nfl_entry_age': -0.047, 'breakout_age': -0.511, 'early_declare': -0.713, 'ras': 1.32, 'explosion_p': 0.0, 'speed_score': 0.0, 'weight': 0.23, 'catch_radius': 1.199, 'team_sp_off': 1.147, 'team_sp_overall': 1.505, 'recruit_rating': 1.424, 'prod_over_recruit': -1.604, 'was_returner': 0.693, 'ret_td': -0.418, 'col_qb_ypa': -0.002, 'final_spike': -0.373, 'dom_growth': -1.344}","[{'p': 'Jalen McMillan', 'y': 2024, 'sim': 63.0, 'fant': None}, {'p': 'T.J. Vasher', 'y': 2021, 'sim': 63.0, 'fant': 0.178}, {'p': 'Collin Johnson', 'y': 2020, 'sim': 61.0, 'fant': 0.551}, {'p': 'Beaux Collins', 'y': 2025, 'sim': 61.0, 'fant': None}, {'p': ""Ja'Kobi Lane"", 'y': 2026, 'sim': 59.0, 'fant': None}, {'p': 'Nico Collins', 'y': 2021, 'sim': 58.0, 'fant': 0.954}]"
Auden Tate,2018,historical,5,0.4007220216606498,0.3249097472924188,11.18192201598793,36.34552549240754,0.7710620773437221,-0.01778274992236839,0,0,0,0.5944272445820433,0.4882550335570469,253.0,20.908966461327857,20.695414099931558,0.3455040973661122,0.663,0.1644412475779317,548.0,0.0,4.0,1.0,"{'best_dom': 0.428, 'final_dom': 0.781, 'dom_age20': 0.146, 'n_seasons_30': 0.306, 'best_yds': -1.107, 'career_yds': -1.195, 'final_ppa': -0.017, 'best_ppa': -0.307, 'best_usage': -0.982, 'nfl_entry_age': -1.316, 'breakout_age': -0.448, 'early_declare': 1.399, 'ras': -0.576, 'explosion_p': -1.393, 'speed_score': -0.34, 'weight': 1.887, 'catch_radius': 0.639, 'team_sp_off': -0.299, 'team_sp_overall': 0.915, 'recruit_rating': 0.269, 'prod_over_recruit': 0.248, 'was_returner': -1.439, 'ret_td': 0.0, 'col_qb_ypa': -0.603, 'final_spike': -0.128, 'dom_growth': 0.016}","[{'p': 'Cody White', 'y': 2020, 'sim': 62.0, 'fant': 0.178}, {'p': 'Warren Jackson', 'y': 2021, 'sim': 58.0, 'fant': 0.178}, {'p': 'Kenny Lawler', 'y': 2016, 'sim': 58.0, 'fant': 0.178}, {'p': 'Jhamon Ausbon', 'y': 2021, 'sim': 57.0, 'fant': None}, {'p': ""Lil'Jordan Humphrey"", 'y': 2019, 'sim': 56.0, 'fant': 0.628}, {'p': 'Josh Malone', 'y': 2017, 'sim': 54.0, 'fant': 0.399}]"
Anthony Schwartz,2021,historical,8,0.7509025270758123,0.6209386281588448,19.177473936337663,43.26770901589506,-0.5591846601253109,0.20142750866947304,0,0,0,0.43962848297213625,0.4865771812080537,91.0,20.32306639288159,20.109514031485283,0.2595439537763103,0.402,0.5112524429982578,652.0,0.0,4.0,0.0,"{'best_dom': -0.492, 'final_dom': -0.07, 'dom_age20': 0.697, 'n_seasons_30': -0.902, 'best_yds': -0.815, 'career_yds': -0.59, 'final_ppa': -1.011, 'best_ppa': -0.587, 'best_usage': 0.107, 'nfl_entry_age': -1.968, 'breakout_age': -0.468, 'early_declare': 1.399, 'ras': -0.337, 'explosion_p': 0.134, 'speed_score': 1.517, 'weight': -1.139, 'catch_radius': -1.432, 'team_sp_off': -0.344, 'team_sp_overall': 0.041, 'recruit_rating': 0.724, 'prod_over_recruit': -0.948, 'was_returner': -1.439, 'ret_td': 0.0, 'col_qb_ypa': -1.205, 'final_spike': -0.086, 'dom_growth': -0.069}","[{'p': 'Antonio Callaway', 'y': 2018, 'sim': 67.0, 'fant': 0.65}, {'p': 'Curtis Samuel', 'y': 2017, 'sim': 66.0, 'fant': 0.885}, {'p': 'Antonio Williams', 'y': 2026, 'sim': 66.0, 'fant': None}, {'p': 'Parker Washington', 'y': 2023, 'sim': 59.0, 'fant': None}, {'p': 'Junior Bergen', 'y': 2024, 'sim': 59.0, 'fant': None}, {'p': 'Kayshon Boutte', 'y': 2023, 'sim': 58.0, 'fant': None}]"
Dres Anderson,2015,historical,2,0.12274368231046931,0.2490974729241877,10.080484763703158,34.57813015259879,0.4598191392998593,0.06801548534752772,0,0,0,0.1780185758513932,0.4832214765100671,270.0,22.45037645448323,21.23750855578371,0.3358104858104858,0.611,0.2736922924509609,1002.0,1.0,,1.0,"{'best_dom': 0.324, 'final_dom': -0.965, 'dom_age20': 0.016, 'n_seasons_30': 0.306, 'best_yds': 0.168, 'career_yds': 0.092, 'final_ppa': -0.215, 'best_ppa': 0.037, 'best_usage': -0.907, 'nfl_entry_age': 0.402, 'breakout_age': -0.429, 'early_declare': -0.713, 'ras': -0.309, 'explosion_p': -0.912, 'speed_score': -1.028, 'weight': -1.067, 'catch_radius': -0.056, 'team_sp_off': -0.776, 'team_sp_overall': -0.028, 'recruit_rating': 0.0, 'prod_over_recruit': 0.0, 'was_returner': 0.693, 'ret_td': -0.418, 'col_qb_ypa': -0.431, 'final_spike': -0.42, 'dom_growth': -1.15}","[{'p': 'Rodney Adams', 'y': 2017, 'sim': 68.0, 'fant': 0.178}, {'p': 'Xavier Hutchinson', 'y': 2023, 'sim': 65.0, 'fant': None}, {'p': 'Darren Carrington', 'y': 2018, 'sim': 60.0, 'fant': None}, {'p': 'Kalija Lipscomb', 'y': 2020, 'sim': 60.0, 'fant': 0.178}, {'p': 'Sage Surratt', 'y': 2021, 'sim': 59.0, 'fant': 0.178}, {'p': 'Jakobi Meyers', 'y': 2019, 'sim': 59.0, 'fant': 0.91}]"
Jonathan Adams,2021,historical,3,0.2851985559566787,0.6425992779783394,10.567201199738829,43.863320677785595,-0.6581066533761325,-0.08864877482298868,0,0,0,,,270.0,,,0.2924439582373714,0.613,0.7128067991862408,1111.0,1.0,2.0,0.0,"{'best_dom': -0.14, 'final_dom': 0.256, 'dom_age20': 0.0, 'n_seasons_30': -0.902, 'best_yds': 0.474, 'career_yds': 0.355, 'final_ppa': -0.207, 'best_ppa': -0.811, 'best_usage': 0.899, 'nfl_entry_age': 0.0, 'breakout_age': 0.0, 'early_declare': 0.0, 'ras': 0.671, 'explosion_p': 1.021, 'speed_score': -0.388, 'weight': 0.59, 'catch_radius': 1.181, 'team_sp_off': -0.627, 'team_sp_overall': -1.595, 'recruit_rating': -1.898, 'prod_over_recruit': 1.108, 'was_returner': 0.693, 'ret_td': -0.418, 'col_qb_ypa': 2.062, 'final_spike': -0.138, 'dom_growth': 0.941}","[{'p': 'K.J. Osborn', 'y': 2020, 'sim': 65.0, 'fant': 0.805}, {'p': 'Geremy Davis', 'y': 2015, 'sim': 63.0, 'fant': 0.178}, {'p': 'Cody Thompson', 'y': 2019, 'sim': 63.0, 'fant': 0.178}, {'p': 'Jaylen Smith', 'y': 2019, 'sim': 62.0, 'fant': 0.178}, {'p': 'Chris Moore', 'y': 2016, 'sim': 60.0, 'fant': 0.613}, {'p': 'Rannell Hall', 'y': 2015, 'sim': 59.0, 'fant': 0.178}]"
Travis Rudolph,2017,historical,7,0.6028880866425993,0.49458483754512633,14.748913098945174,39.63475169299139,0.3581587834652397,0.2788579436937893,0,0,0,0.44272445820433437,0.4815436241610738,270.0,21.297741273100616,19.082819986310746,0.2968352699931647,0.592,0.0708894141548319,916.0,1.0,4.0,0.0,"{'best_dom': -0.093, 'final_dom': 0.079, 'dom_age20': 0.992, 'n_seasons_30': -0.902, 'best_yds': -0.073, 'career_yds': 0.361, 'final_ppa': -0.287, 'best_ppa': -0.648, 'best_usage': -0.437, 'nfl_entry_age': -0.882, 'breakout_age': -0.503, 'early_declare': 1.399, 'ras': -1.636, 'explosion_p': -1.805, 'speed_score': -1.906, 'weight': -0.923, 'catch_radius': -0.778, 'team_sp_off': 0.402, 'team_sp_overall': 0.949, 'recruit_rating': 1.461, 'prod_over_recruit': -1.078, 'was_returner': 0.693, 'ret_td': -0.418, 'col_qb_ypa': -0.088, 'final_spike': -0.253, 'dom_growth': -0.693}","[{'p': 'Shelton Gibson', 'y': 2017, 'sim': 65.0, 'fant': 0.178}, {'p': 'Kayshon Boutte', 'y': 2023, 'sim': 61.0, 'fant': None}, {'p': 'Kenny Lawler', 'y': 2016, 'sim': 61.0, 'fant': 0.178}, {'p': 'Bralon Addison', 'y': 2016, 'sim': 60.0, 'fant': 0.178}, {'p': 'Junior Bergen', 'y': 2024, 'sim': 59.0, 'fant': None}, {'p': 'Dominic Lovett', 'y': 2025, 'sim': 59.0, 'fant': None}]"
Artavis Scott,2017,historical,1,0.07220216606498195,0.10108303249097472,9.895967999375799,29.147758081838198,0.3130724758372234,-0.19905168553628744,0,0,0,0.1780185758513932,0.4765100671140939,270.0,22.223134839151268,20.0082135523614,0.3156580493537015,0.284,0.1038243794714658,965.0,1.0,4.0,1.0,"{'best_dom': 0.108, 'final_dom': -1.482, 'dom_age20': 1.141, 'n_seasons_30': 0.306, 'best_yds': 0.064, 'career_yds': 0.555, 'final_ppa': -1.461, 'best_ppa': -0.871, 'best_usage': -0.388, 'nfl_entry_age': 0.149, 'breakout_age': -0.471, 'early_declare': -0.713, 'ras': -2.035, 'explosion_p': -1.66, 'speed_score': -1.397, 'weight': -0.635, 'catch_radius': -1.342, 'team_sp_off': -0.94, 'team_sp_overall': 0.512, 'recruit_rating': 1.276, 'prod_over_recruit': -0.768, 'was_returner': 0.693, 'ret_td': -0.418, 'col_qb_ypa': -1.635, 'final_spike': -0.337, 'dom_growth': -2.849}","[{'p': 'Gabe Marks', 'y': 2017, 'sim': 76.0, 'fant': None}, {'p': 'Bralon Addison', 'y': 2016, 'sim': 69.0, 'fant': 0.178}, {'p': 'Cam Phillips', 'y': 2018, 'sim': 66.0, 'fant': 0.178}, {'p': 'Josh Harper', 'y': 2015, 'sim': 63.0, 'fant': None}, {'p': 'Aaron Burbridge', 'y': 2016, 'sim': 63.0, 'fant': 0.389}, {'p': 'Travin Dural', 'y': 2017, 'sim': 62.0, 'fant': 0.178}]"
James Proche,2020,historical,5,0.4368231046931408,0.44765342960288806,11.62338928004777,38.37407340624817,-0.8763440360391029,0.2716040604377822,0,0,0,0.47058823529411764,0.4731543624161073,201.0,23.279945242984255,20.0684462696783,0.3967819091106762,0.588,0.3571428571428571,1225.0,1.0,3.0,2.0,"{'best_dom': 0.977, 'final_dom': 0.991, 'dom_age20': 0.607, 'n_seasons_30': 1.514, 'best_yds': 0.794, 'career_yds': 2.244, 'final_ppa': -0.303, 'best_ppa': 0.251, 'best_usage': 1.047, 'nfl_entry_age': 1.326, 'breakout_age': -0.469, 'early_declare': -0.713, 'ras': -1.271, 'explosion_p': -0.545, 'speed_score': 0.0, 'weight': -0.059, 'catch_radius': -0.959, 'team_sp_off': -0.105, 'team_sp_overall': -0.661, 'recruit_rating': -0.301, 'prod_over_recruit': 1.12, 'was_returner': 0.693, 'ret_td': -0.418, 'col_qb_ypa': -0.174, 'final_spike': -0.222, 'dom_growth': -0.283}","[{'p': 'Nelson Spruce', 'y': 2016, 'sim': 69.0, 'fant': 0.178}, {'p': 'Keevan Lucas', 'y': 2017, 'sim': 66.0, 'fant': None}, {'p': 'Justin Hardy', 'y': 2015, 'sim': 66.0, 'fant': 0.625}, {'p': 'Jayden Reed', 'y': 2023, 'sim': 65.0, 'fant': None}, {'p': 'Diontae Johnson', 'y': 2019, 'sim': 62.0, 'fant': 0.941}, {'p': 'Marquez Stevenson', 'y': 2021, 'sim': 61.0, 'fant': 0.178}]"
Noel Thomas,2017,historical,2,0.10108303249097472,0.23465703971119134,9.967572220822039,34.192402270491066,-1.4750604957980251,0.1724288663599663,0,0,0,0.1780185758513932,0.4714765100671141,270.0,22.28884325804244,20.073921971252567,0.4298930921052631,0.347,0.1858834932851849,1179.0,1.0,,1.0,"{'best_dom': 1.331, 'final_dom': 1.616, 'dom_age20': 0.556, 'n_seasons_30': 0.306, 'best_yds': 0.665, 'career_yds': 0.274, 'final_ppa': -1.221, 'best_ppa': -0.686, 'best_usage': 2.334, 'nfl_entry_age': 0.222, 'breakout_age': -0.469, 'early_declare': -0.713, 'ras': -1.6, 'explosion_p': -1.299, 'speed_score': -0.983, 'weight': 0.23, 'catch_radius': -1.716, 'team_sp_off': -2.312, 'team_sp_overall': -2.032, 'recruit_rating': 0.0, 'prod_over_recruit': 0.0, 'was_returner': -1.439, 'ret_td': 0.0, 'col_qb_ypa': -0.947, 'final_spike': -0.039, 'dom_growth': 2.189}","[{'p': 'Cam Phillips', 'y': 2018, 'sim': 65.0, 'fant': 0.178}, {'p': 'Josh Harper', 'y': 2015, 'sim': 65.0, 'fant': None}, {'p': 'Deon Long', 'y': 2015, 'sim': 62.0, 'fant': 0.178}, {'p': 'Travin Dural', 'y': 2017, 'sim': 61.0, 'fant': 0.178}, {'p': 'Keevan Lucas', 'y': 2017, 'sim': 61.0, 'fant': None}, {'p': 'James Proche', 'y': 2020, 'sim': 61.0, 'fant': 0.471}]"
Jaylen Smith,2019,historical,4,0.3898916967509025,0.6389891696750902,11.020930229173473,43.72450096574124,-0.8473260156782448,-0.05272564234885559,0,0,0,0.1780185758513932,0.4681208053691275,270.0,21.418206707734427,20.205338809034902,0.2463951451672829,0.503,0.5355590780001321,980.0,1.0,3.0,0.0,"{'best_dom': -0.633, 'final_dom': -1.073, 'dom_age20': 0.593, 'n_seasons_30': -0.902, 'best_yds': 0.106, 'career_yds': 0.584, 'final_ppa': -0.626, 'best_ppa': -0.122, 'best_usage': 0.231, 'nfl_entry_age': -0.748, 'breakout_age': -0.464, 'early_declare': -0.713, 'ras': 0.301, 'explosion_p': 0.241, 'speed_score': 0.944, 'weight': 0.806, 'catch_radius': 0.323, 'team_sp_off': 1.192, 'team_sp_overall': 0.606, 'recruit_rating': -0.706, 'prod_over_recruit': 0.011, 'was_returner': 0.693, 'ret_td': -0.418, 'col_qb_ypa': 0.256, 'final_spike': -0.359, 'dom_growth': -0.532}","[{'p': 'Jakobi Meyers', 'y': 2019, 'sim': 64.0, 'fant': 0.91}, {'p': 'Dontayvion Wicks', 'y': 2023, 'sim': 63.0, 'fant': None}, {'p': 'Caleb Douglas', 'y': 2026, 'sim': 63.0, 'fant': None}, {'p': 'Bug Howard', 'y': 2017, 'sim': 62.0, 'fant': 0.178}, {'p': ""Ka'Raun White"", 'y': 2018, 'sim': 62.0, 'fant': None}, {'p': 'Cody Core', 'y': 2016, 'sim': 62.0, 'fant': 0.588}]"
Ryan Davis,2019,historical,3,0.2815884476534296,0.2743682310469314,10.552279574641979,35.37975079850739,-1.493657525070576,-0.3780262881129235,0,0,0,0.1780185758513932,0.4681208053691275,270.0,,,0.2599349710982659,0.637,0.3534076395497349,747.0,1.0,4.0,0.0,"{'best_dom': -0.488, 'final_dom': -0.631, 'dom_age20': 0.0, 'n_seasons_30': -0.902, 'best_yds': -0.548, 'career_yds': 0.006, 'final_ppa': -0.116, 'best_ppa': 0.738, 'best_usage': -0.511, 'nfl_entry_age': 0.0, 'breakout_age': 0.0, 'early_declare': 0.0, 'ras': -1.15, 'explosion_p': -0.561, 'speed_score': -1.751, 'weight': -0.923, 'catch_radius': -1.096, 'team_sp_off': -1.149, 'team_sp_overall': -2.306, 'recruit_rating': 0.563, 'prod_over_recruit': -0.875, 'was_returner': 0.693, 'ret_td': 0.347, 'col_qb_ypa': -0.947, 'final_spike': -0.238, 'dom_growth': 0.295}","[{'p': 'Dominic Lovett', 'y': 2025, 'sim': 77.0, 'fant': None}, {'p': 'Lideatrick Griffin', 'y': 2024, 'sim': 70.0, 'fant': None}, {'p': 'Bralon Addison', 'y': 2016, 'sim': 69.0, 'fant': 0.178}, {'p': 'Kevin Coleman Jr.', 'y': 2026, 'sim': 67.0, 'fant': None}, {'p': 'Kermit Whitfield', 'y': 2017, 'sim': 66.0, 'fant': 0.178}, {'p': 'Junior Bergen', 'y': 2025, 'sim': 66.0, 'fant': None}]"
Josh Johnson,2022,historical,1,0.0036101083032490976,0.11191335740072202,9.353527798284789,29.823441667299083,0.25523088293432156,-0.33397988812322876,0,0,0,,,270.0,22.39561943874059,21.182751540041068,0.337840606433108,0.667,0.0310679611650485,1114.0,1.0,3.0,2.0,"{'best_dom': 0.346, 'final_dom': 0.705, 'dom_age20': -0.58, 'n_seasons_30': 1.514, 'best_yds': 0.483, 'career_yds': 0.13, 'final_ppa': -0.002, 'best_ppa': 0.76, 'best_usage': 0.082, 'nfl_entry_age': 0.341, 'breakout_age': -0.431, 'early_declare': -0.713, 'ras': -1.993, 'explosion_p': -1.98, 'speed_score': -2.156, 'weight': -1.643, 'catch_radius': -1.105, 'team_sp_off': -0.985, 'team_sp_overall': -0.542, 'recruit_rating': -0.296, 'prod_over_recruit': 0.599, 'was_returner': 0.693, 'ret_td': -0.418, 'col_qb_ypa': -0.26, 'final_spike': 0.142, 'dom_growth': 1.476}","[{'p': 'Josh Harper', 'y': 2015, 'sim': 67.0, 'fant': None}, {'p': 'Keevan Lucas', 'y': 2017, 'sim': 66.0, 'fant': None}, {'p': 'Cam Phillips', 'y': 2018, 'sim': 65.0, 'fant': 0.178}, {'p': 'Gabe Marks', 'y': 2017, 'sim': 64.0, 'fant': None}, {'p': 'Demarcus Ayers', 'y': 2016, 'sim': 64.0, 'fant': 0.178}, {'p': 'Jovon Durante', 'y': 2019, 'sim': 62.0, 'fant': None}]"
Keyarris Garrett,2016,historical,2,0.17328519855595667,0.7111913357400722,10.194393711592832,46.455769710947116,-0.5405846826347076,0.32137932433563166,0,0,0,0.1780185758513932,0.4630872483221476,270.0,23.263518138261464,20.05201916495551,0.3795785917496443,0.615,0.7319731612048622,1588.0,1.0,3.0,2.0,"{'best_dom': 0.793, 'final_dom': 0.759, 'dom_age20': 1.647, 'n_seasons_30': 1.514, 'best_yds': 1.813, 'career_yds': 1.393, 'final_ppa': -0.2, 'best_ppa': -0.807, 'best_usage': 0.478, 'nfl_entry_age': 1.308, 'breakout_age': -0.47, 'early_declare': -0.713, 'ras': 0.685, 'explosion_p': 1.105, 'speed_score': 0.7, 'weight': 1.31, 'catch_radius': 0.862, 'team_sp_off': -0.433, 'team_sp_overall': -1.766, 'recruit_rating': -0.635, 'prod_over_recruit': 1.186, 'was_returner': -1.439, 'ret_td': 0.0, 'col_qb_ypa': 0.6, 'final_spike': 0.032, 'dom_growth': 1.522}","[{'p': 'Antonio Gandy-Golden', 'y': 2020, 'sim': 64.0, 'fant': 0.362}, {'p': 'Travis Fulgham', 'y': 2019, 'sim': 62.0, 'fant': 0.845}, {'p': 'Kevin White', 'y': 2015, 'sim': 61.0, 'fant': 0.842}, {'p': 'A.T. Perry', 'y': 2023, 'sim': 60.0, 'fant': None}, {'p': 'Gabriel Davis', 'y': 2020, 'sim': 59.0, 'fant': None}, {'p': 'Zach Pascal', 'y': 2017, 'sim': 59.0, 'fant': 0.774}]"
Jordan Payton,2016,historical,6,0.5595667870036101,0.5884476534296029,13.383438663973244,42.00677686923201,-0.006031314857963765,0.06601779460543528,0,0,0,0.1780185758513932,0.4614093959731543,154.0,22.33264887063655,21.11978097193703,0.3210234705656021,0.69,0.4837097945974506,1106.0,1.0,4.0,1.0,"{'best_dom': 0.166, 'final_dom': 0.164, 'dom_age20': -0.174, 'n_seasons_30': 0.306, 'best_yds': 0.46, 'career_yds': 0.81, 'final_ppa': 0.086, 'best_ppa': -0.241, 'best_usage': -0.041, 'nfl_entry_age': 0.271, 'breakout_age': -0.433, 'early_declare': -0.713, 'ras': 0.444, 'explosion_p': 0.013, 'speed_score': 0.613, 'weight': 0.374, 'catch_radius': 0.672, 'team_sp_off': 1.058, 'team_sp_overall': 0.555, 'recruit_rating': 0.875, 'prod_over_recruit': -0.409, 'was_returner': -1.439, 'ret_td': 0.0, 'col_qb_ypa': -0.603, 'final_spike': -0.182, 'dom_growth': 0.553}","[{'p': 'Luke McCaffrey', 'y': 2024, 'sim': 71.0, 'fant': None}, {'p': 'Dillon Mitchell', 'y': 2019, 'sim': 65.0, 'fant': 0.178}, {'p': 'Trishton Jackson', 'y': 2020, 'sim': 64.0, 'fant': 0.178}, {'p': ""J'Mon Moore"", 'y': 2018, 'sim': 62.0, 'fant': 0.178}, {'p': 'Erik Ezukanma', 'y': 2022, 'sim': 62.0, 'fant': 0.178}, {'p': 'Fred Ross', 'y': 2017, 'sim': 60.0, 'fant': 0.178}]"
Richie James,2018,historical,4,0.37906137184115524,0.4981949458483754,10.907685137884297,39.64171379609802,-0.16662471143296576,0.2901765351226538,0,0,0,0.7801857585139319,0.4597315436241611,240.0,22.324435318275157,20.109514031485283,0.3456544635723106,0.132,0.386609067256056,1625.0,1.0,3.0,1.0,"{'best_dom': 0.43, 'final_dom': -1.553, 'dom_age20': 0.979, 'n_seasons_30': 0.306, 'best_yds': 1.917, 'career_yds': 1.453, 'final_ppa': -2.039, 'best_ppa': -0.554, 'best_usage': 2.087, 'nfl_entry_age': 0.262, 'breakout_age': -0.468, 'early_declare': -0.713, 'ras': -0.625, 'explosion_p': -0.415, 'speed_score': -0.803, 'weight': -1.355, 'catch_radius': -0.86, 'team_sp_off': -0.046, 'team_sp_overall': -1.201, 'recruit_rating': -1.117, 'prod_over_recruit': 1.303, 'was_returner': 0.693, 'ret_td': -0.418, 'col_qb_ypa': -0.345, 'final_spike': -0.473, 'dom_growth': -2.741}","[{'p': 'Jalen Walthall', 'y': 2026, 'sim': 61.0, 'fant': None}, {'p': 'Diontae Johnson', 'y': 2019, 'sim': 61.0, 'fant': 0.941}, {'p': 'Jamison Crowder', 'y': 2015, 'sim': 60.0, 'fant': 0.876}, {'p': 'Justin Hardy', 'y': 2015, 'sim': 59.0, 'fant': 0.625}, {'p': 'Demarcus Ayers', 'y': 2016, 'sim': 56.0, 'fant': 0.178}, {'p': 'Keevan Lucas', 'y': 2017, 'sim': 55.0, 'fant': None}]"
Nelson Spruce,2016,historical,5,0.4151624548736462,0.34657039711191334,11.39706014424861,36.704974850928124,0.018764496159255545,0.14028962985176657,0,0,0,0.1780185758513932,0.4580536912751677,270.0,23.071868583162217,19.860369609856264,0.3822991871560559,0.675,0.2022419305476874,1198.0,1.0,3.0,2.0,"{'best_dom': 0.822, 'final_dom': 0.549, 'dom_age20': 0.486, 'n_seasons_30': 1.514, 'best_yds': 0.718, 'career_yds': 1.552, 'final_ppa': 0.029, 'best_ppa': -0.267, 'best_usage': 0.726, 'nfl_entry_age': 1.094, 'breakout_age': -0.476, 'early_declare': -0.713, 'ras': -0.727, 'explosion_p': -1.227, 'speed_score': -1.432, 'weight': 0.302, 'catch_radius': -0.143, 'team_sp_off': -0.419, 'team_sp_overall': -1.467, 'recruit_rating': -0.861, 'prod_over_recruit': 1.392, 'was_returner': 0.693, 'ret_td': 0.347, 'col_qb_ypa': -1.549, 'final_spike': -0.265, 'dom_growth': -0.52}","[{'p': 'James Proche', 'y': 2020, 'sim': 68.0, 'fant': 0.471}, {'p': 'Xavier Hutchinson', 'y': 2023, 'sim': 67.0, 'fant': None}, {'p': 'Roger Lewis', 'y': 2016, 'sim': 63.0, 'fant': 0.567}, {'p': 'Justin Hardy', 'y': 2015, 'sim': 61.0, 'fant': 0.625}, {'p': 'Jauan Jennings', 'y': 2020, 'sim': 61.0, 'fant': 0.799}, {'p': 'CJ Daniels', 'y': 2026, 'sim': 60.0, 'fant': None}]"
Ezell Ruffin,2015,historical,1,0.04693140794223827,0.1299638989169675,9.763226865845098,30.214133010654624,-1.8387799970353775,-0.20377773973870777,0,0,0,,,270.0,,,0.2480956709821008,0.53,0.0895558278008318,1136.0,1.0,,0.0,"{'best_dom': -0.615, 'final_dom': -0.748, 'dom_age20': 0.0, 'n_seasons_30': -0.902, 'best_yds': 0.544, 'career_yds': -0.138, 'final_ppa': -0.524, 'best_ppa': -0.38, 'best_usage': -0.66, 'nfl_entry_age': 0.0, 'breakout_age': 0.0, 'early_declare': 0.0, 'ras': -2.126, 'explosion_p': -1.723, 'speed_score': -0.799, 'weight': 1.166, 'catch_radius': -1.732, 'team_sp_off': -1.254, 'team_sp_overall': -1.449, 'recruit_rating': 0.0, 'prod_over_recruit': 0.0, 'was_returner': -1.439, 'ret_td': 0.0, 'col_qb_ypa': -0.431, 'final_spike': -0.415, 'dom_growth': -0.261}","[{'p': 'Cam Phillips', 'y': 2018, 'sim': 66.0, 'fant': 0.178}, {'p': 'Simmie Cobbs', 'y': 2018, 'sim': 64.0, 'fant': 0.178}, {'p': 'Nyqwan Murray', 'y': 2019, 'sim': 63.0, 'fant': None}, {'p': 'Dax Milne', 'y': 2021, 'sim': 63.0, 'fant': 0.393}, {'p': 'Johnny Johnson II', 'y': 2022, 'sim': 62.0, 'fant': None}, {'p': 'Aaron Fuller', 'y': 2020, 'sim': 62.0, 'fant': 0.178}]"
Roger Lewis,2016,historical,2,0.17689530685920576,0.5956678700361011,10.202842441186355,42.09867186331,0.7694412000184807,0.23765701914081938,0,0,0,0.56656346749226,0.4530201342281879,270.0,22.094455852156056,20.88158795345654,0.3765155889145496,0.83,0.221374339425364,1544.0,1.0,3.0,2.0,"{'best_dom': 0.76, 'final_dom': 0.685, 'dom_age20': -1.358, 'n_seasons_30': 1.514, 'best_yds': 1.69, 'career_yds': 0.736, 'final_ppa': 0.619, 'best_ppa': -0.333, 'best_usage': -0.14, 'nfl_entry_age': 0.005, 'breakout_age': -0.441, 'early_declare': -0.713, 'ras': -1.156, 'explosion_p': -1.142, 'speed_score': -0.659, 'weight': -0.059, 'catch_radius': -0.059, 'team_sp_off': 0.61, 'team_sp_overall': -0.396, 'recruit_rating': -0.167, 'prod_over_recruit': 0.935, 'was_returner': -1.439, 'ret_td': 0.0, 'col_qb_ypa': 0.428, 'final_spike': -0.106, 'dom_growth': -1.57}","[{'p': 'Nelson Spruce', 'y': 2016, 'sim': 65.0, 'fant': 0.178}, {'p': 'Ricky White', 'y': 2025, 'sim': 63.0, 'fant': None}, {'p': 'Efton Chism III', 'y': 2024, 'sim': 61.0, 'fant': None}, {'p': 'Cedrick Wilson', 'y': 2018, 'sim': 61.0, 'fant': 0.718}, {'p': 'Xavier Hutchinson', 'y': 2023, 'sim': 60.0, 'fant': None}, {'p': 'KeeSean Johnson', 'y': 2019, 'sim': 60.0, 'fant': 0.526}]"
Tre Turner,2022,historical,1,0.05054151624548736,0.10108303249097472,9.776056296806669,29.17209991254822,-0.7909869092867764,-0.26902487125323926,0,0,0,,,270.0,,,0.2354223852646161,0.829,0.0954361397232214,675.0,1.0,4.0,0.0,"{'best_dom': -0.751, 'final_dom': -0.308, 'dom_age20': 0.0, 'n_seasons_30': -0.902, 'best_yds': -0.75, 'career_yds': 0.339, 'final_ppa': 0.615, 'best_ppa': -0.258, 'best_usage': -0.239, 'nfl_entry_age': 0.0, 'breakout_age': 0.0, 'early_declare': 0.0, 'ras': -2.004, 'explosion_p': -1.697, 'speed_score': -1.013, 'weight': -1.283, 'catch_radius': -1.513, 'team_sp_off': -1.283, 'team_sp_overall': -0.833, 'recruit_rating': 0.625, 'prod_over_recruit': -1.067, 'was_returner': -1.439, 'ret_td': 0.0, 'col_qb_ypa': -0.431, 'final_spike': -0.163, 'dom_growth': -0.544}","[{'p': 'James Quick', 'y': 2017, 'sim': 86.0, 'fant': None}, {'p': 'Tayvion Robinson', 'y': 2024, 'sim': 74.0, 'fant': None}, {'p': 'Tavares Martin', 'y': 2018, 'sim': 68.0, 'fant': None}, {'p': 'Charleston Rambo', 'y': 2022, 'sim': 66.0, 'fant': 0.178}, {'p': 'Johnny Johnson II', 'y': 2022, 'sim': 66.0, 'fant': None}, {'p': 'Tony Brown', 'y': 2020, 'sim': 65.0, 'fant': None}]"
Isaiah Coulter,2020,historical,6,0.5631768953068592,0.5776173285198556,13.503315429935537,41.86737540880628,-0.5553405435496461,0.2163323214436611,0,0,0,0.1780185758513932,0.447986577181208,171.0,21.286789869952088,99.0,,0.805,0.5167514099855722,205.0,1.0,,0.0,"{'best_dom': 0.0, 'final_dom': 0.0, 'dom_age20': 0.0, 'n_seasons_30': -0.902, 'best_yds': -2.07, 'career_yds': -1.816, 'final_ppa': 0.524, 'best_ppa': 1.808, 'best_usage': 1.839, 'nfl_entry_age': -0.895, 'breakout_age': 2.214, 'early_declare': 1.399, 'ras': -0.3, 'explosion_p': 0.158, 'speed_score': 0.314, 'weight': -0.275, 'catch_radius': -0.178, 'team_sp_off': 0.0, 'team_sp_overall': 0.0, 'recruit_rating': 0.0, 'prod_over_recruit': 0.0, 'was_returner': -1.439, 'ret_td': 0.0, 'col_qb_ypa': -1.463, 'final_spike': -0.136, 'dom_growth': 0.0}","[{'p': 'Kendrick Bourne', 'y': 2017, 'sim': 70.0, 'fant': 0.802}, {'p': 'Dezmin Lewis', 'y': 2015, 'sim': 67.0, 'fant': 0.178}, {'p': 'Freddie Swain', 'y': 2020, 'sim': 59.0, 'fant': 0.539}, {'p': 'Montrell Washington', 'y': 2022, 'sim': 56.0, 'fant': 0.359}, {'p': 'Alex Wesley', 'y': 2019, 'sim': 55.0, 'fant': 0.178}, {'p': 'Stephen Guidry', 'y': 2020, 'sim': 52.0, 'fant': 0.178}]"
Travis Fulgham,2019,historical,5,0.4729241877256318,0.6028880866425993,12.103401942344078,42.15627646877774,-0.685865946744677,0.09789742786793468,0,0,0,0.8452012383900929,0.4446308724832215,184.0,23.301848049281315,21.089664613278572,0.3658390308264363,0.747,0.6155838870485977,1083.0,1.0,,1.0,"{'best_dom': 0.646, 'final_dom': 0.982, 'dom_age20': -1.225, 'n_seasons_30': 0.306, 'best_yds': 0.396, 'career_yds': 0.054, 'final_ppa': 0.303, 'best_ppa': -0.428, 'best_usage': -0.165, 'nfl_entry_age': 1.351, 'breakout_age': -0.434, 'early_declare': -0.713, 'ras': 0.763, 'explosion_p': 0.593, 'speed_score': -0.046, 'weight': 0.95, 'catch_radius': 1.153, 'team_sp_off': -1.552, 'team_sp_overall': -2.246, 'recruit_rating': 0.0, 'prod_over_recruit': 0.0, 'was_returner': -1.439, 'ret_td': 0.0, 'col_qb_ypa': -0.431, 'final_spike': 0.147, 'dom_growth': 1.581}","[{'p': 'David Sills', 'y': 2019, 'sim': 69.0, 'fant': 0.396}, {'p': 'Cedric Tillman', 'y': 2023, 'sim': 69.0, 'fant': None}, {'p': 'Austin Watkins', 'y': 2021, 'sim': 68.0, 'fant': 0.178}, {'p': ""J'Mon Moore"", 'y': 2018, 'sim': 68.0, 'fant': 0.178}, {'p': 'A.T. Perry', 'y': 2023, 'sim': 67.0, 'fant': None}, {'p': 'Tre Harris', 'y': 2025, 'sim': 65.0, 'fant': None}]"
Geronimo Allison,2016,historical,4,0.3104693140794224,0.18772563176895307,10.615802554442169,32.68043023071785,0.305158649870894,-0.057592295819821726,0,0,0,0.7585139318885449,0.4429530201342282,270.0,21.95208761122519,21.738535249828885,0.2447256932557343,0.236,0.3431619769472127,882.0,1.0,,0.0,"{'best_dom': -0.651, 'final_dom': -0.216, 'dom_age20': -1.358, 'n_seasons_30': -0.902, 'best_yds': -0.169, 'career_yds': -0.594, 'final_ppa': -1.643, 'best_ppa': -0.73, 'best_usage': 0.454, 'nfl_entry_age': -0.153, 'breakout_age': -0.412, 'early_declare': 1.399, 'ras': -0.753, 'explosion_p': -0.606, 'speed_score': -1.733, 'weight': -0.419, 'catch_radius': 0.584, 'team_sp_off': -1.88, 'team_sp_overall': -0.807, 'recruit_rating': 0.0, 'prod_over_recruit': 0.0, 'was_returner': -1.439, 'ret_td': 0.0, 'col_qb_ypa': -2.151, 'final_spike': -0.088, 'dom_growth': -0.816}","[{'p': 'Jakobi Meyers', 'y': 2019, 'sim': 64.0, 'fant': 0.91}, {'p': 'Rodney Adams', 'y': 2017, 'sim': 60.0, 'fant': 0.178}, {'p': 'DaMarkus Lodge', 'y': 2019, 'sim': 59.0, 'fant': 0.178}, {'p': 'Emmanuel Henderson Jr.', 'y': 2026, 'sim': 59.0, 'fant': None}, {'p': 'Quartney Davis', 'y': 2020, 'sim': 59.0, 'fant': 0.178}, {'p': 'Jordan Hudson', 'y': 2026, 'sim': 59.0, 'fant': None}]"
Collin Johnson,2020,historical,6,0.5487364620938628,0.4657039711191336,12.954911529807305,38.843333013435924,-0.19414524929442983,-0.7249512803482635,0,0,0,0.5510835913312694,0.4412751677852349,165.0,22.272416153319643,21.05954825462012,0.2615772739839646,0.581,,988.0,1.0,4.0,0.0,"{'best_dom': -0.471, 'final_dom': -1.439, 'dom_age20': -0.018, 'n_seasons_30': -0.902, 'best_yds': 0.129, 'career_yds': 0.724, 'final_ppa': -0.329, 'best_ppa': -0.437, 'best_usage': -0.017, 'nfl_entry_age': 0.204, 'breakout_age': -0.435, 'early_declare': -0.713, 'ras': 1.001, 'explosion_p': 0.0, 'speed_score': 0.0, 'weight': 1.454, 'catch_radius': 0.302, 'team_sp_off': -0.001, 'team_sp_overall': -0.07, 'recruit_rating': 0.547, 'prod_over_recruit': -0.807, 'was_returner': -1.439, 'ret_td': 0.0, 'col_qb_ypa': -0.345, 'final_spike': -0.358, 'dom_growth': -1.26}","[{'p': 'Jalen Hurd', 'y': 2019, 'sim': 72.0, 'fant': 0.178}, {'p': 'Jaleel Scott', 'y': 2018, 'sim': 65.0, 'fant': 0.178}, {'p': 'Bug Howard', 'y': 2017, 'sim': 64.0, 'fant': 0.178}, {'p': 'Mike Williams', 'y': 2017, 'sim': 64.0, 'fant': 0.901}, {'p': 'T.J. Vasher', 'y': 2021, 'sim': 64.0, 'fant': 0.178}, {'p': 'Justyn Ross', 'y': 2022, 'sim': 62.0, 'fant': 0.406}]"
DeRunnya Wilson,2016,historical,1,0.01444043321299639,0.09025270758122744,9.59551340390469,28.76652229812513,-0.6034598361757776,-0.33152684837908575,0,0,0,,,270.0,,,0.2627609101191263,0.689,0.0345432744409127,918.0,1.0,3.0,0.0,"{'best_dom': -0.458, 'final_dom': -0.038, 'dom_age20': 0.0, 'n_seasons_30': -0.902, 'best_yds': -0.068, 'career_yds': -0.055, 'final_ppa': 0.082, 'best_ppa': -0.294, 'best_usage': -0.511, 'nfl_entry_age': 0.0, 'breakout_age': 0.0, 'early_declare': 0.0, 'ras': -1.083, 'explosion_p': -1.965, 'speed_score': -1.893, 'weight': 1.598, 'catch_radius': 0.418, 'team_sp_off': 0.73, 'team_sp_overall': 0.255, 'recruit_rating': -0.702, 'prod_over_recruit': 0.111, 'was_returner': -1.439, 'ret_td': 0.0, 'col_qb_ypa': -0.174, 'final_spike': -0.125, 'dom_growth': -0.237}","[{'p': 'Simmie Cobbs', 'y': 2018, 'sim': 73.0, 'fant': 0.178}, {'p': 'Jhamon Ausbon', 'y': 2021, 'sim': 64.0, 'fant': None}, {'p': 'Kelvin Harmon', 'y': 2019, 'sim': 64.0, 'fant': 0.604}, {'p': 'Cayleb Jones', 'y': 2016, 'sim': 63.0, 'fant': 0.178}, {'p': 'Sage Surratt', 'y': 2021, 'sim': 62.0, 'fant': 0.178}, {'p': 'Alonzo Russell', 'y': 2016, 'sim': 62.0, 'fant': 0.178}]"
Jhamon Ausbon,2021,historical,2,0.10830324909747292,0.18411552346570398,10.05750665450576,32.32957922709389,0.37913793993884487,-0.5739047016152704,0,0,0,,,270.0,,,0.2561200237670826,0.706,0.1811977737902217,872.0,1.0,4.0,0.0,"{'best_dom': -0.529, 'final_dom': -0.104, 'dom_age20': 0.0, 'n_seasons_30': -0.902, 'best_yds': -0.197, 'career_yds': -0.215, 'final_ppa': 0.147, 'best_ppa': -0.606, 'best_usage': -0.437, 'nfl_entry_age': 0.0, 'breakout_age': 0.0, 'early_declare': 0.0, 'ras': -0.277, 'explosion_p': -1.319, 'speed_score': -1.179, 'weight': 1.094, 'catch_radius': 0.521, 'team_sp_off': -0.195, 'team_sp_overall': 0.246, 'recruit_rating': 1.234, 'prod_over_recruit': -1.331, 'was_returner': -1.439, 'ret_td': 0.0, 'col_qb_ypa': -1.119, 'final_spike': -0.072, 'dom_growth': -0.428}","[{'p': 'Cayleb Jones', 'y': 2016, 'sim': 72.0, 'fant': 0.178}, {'p': 'Keon Hatcher', 'y': 2017, 'sim': 70.0, 'fant': 0.178}, {'p': 'Kenny Lawler', 'y': 2016, 'sim': 68.0, 'fant': 0.178}, {'p': 'Kyren Lacy', 'y': 2024, 'sim': 65.0, 'fant': None}, {'p': 'Darrell Stewart', 'y': 2020, 'sim': 64.0, 'fant': None}, {'p': 'Jakobi Meyers', 'y': 2019, 'sim': 62.0, 'fant': 0.91}]"
James Quick,2017,historical,1,0.039711191335740074,0.07942238267148015,9.711053179473137,28.357680450826784,-0.6925319170789965,-0.3176911445423798,0,0,0,,,270.0,,,0.1955503706645485,0.791,0.0807083369379476,769.0,1.0,4.0,0.0,"{'best_dom': -1.178, 'final_dom': -0.703, 'dom_age20': 0.0, 'n_seasons_30': -0.902, 'best_yds': -0.486, 'career_yds': 0.04, 'final_ppa': 0.471, 'best_ppa': 0.702, 'best_usage': -0.833, 'nfl_entry_age': 0.0, 'breakout_age': 0.0, 'early_declare': 0.0, 'ras': -2.005, 'explosion_p': -1.762, 'speed_score': -1.66, 'weight': -1.139, 'catch_radius': -1.481, 'team_sp_off': 0.819, 'team_sp_overall': 0.923, 'recruit_rating': 1.369, 'prod_over_recruit': -1.858, 'was_returner': 0.693, 'ret_td': -0.418, 'col_qb_ypa': 0.428, 'final_spike': -0.16, 'dom_growth': 0.268}","[{'p': 'Tre Turner', 'y': 2022, 'sim': 86.0, 'fant': None}, {'p': 'Tayvion Robinson', 'y': 2024, 'sim': 76.0, 'fant': None}, {'p': 'Tavares Martin', 'y': 2018, 'sim': 70.0, 'fant': None}, {'p': 'Johnny Johnson II', 'y': 2022, 'sim': 68.0, 'fant': None}, {'p': 'Nyqwan Murray', 'y': 2019, 'sim': 68.0, 'fant': None}, {'p': 'Aaron Fuller', 'y': 2020, 'sim': 67.0, 'fant': 0.178}]"
Joe Reed,2020,historical,6,0.5667870036101083,0.33935018050541516,13.72939095061444,36.5233940910537,-0.710243824521759,-0.49334769632149916,0,0,0,0.1780185758513932,0.4261744966442953,151.0,21.99041752224504,20.77754962354552,0.2427555565867013,0.277,0.7301392264823336,679.0,0.0,3.0,0.0,"{'best_dom': -0.672, 'final_dom': -0.236, 'dom_age20': -0.743, 'n_seasons_30': -0.902, 'best_yds': -0.739, 'career_yds': -0.612, 'final_ppa': -1.487, 'best_ppa': 0.326, 'best_usage': 0.28, 'nfl_entry_age': -0.111, 'breakout_age': -0.445, 'early_declare': -0.713, 'ras': 1.231, 'explosion_p': 1.097, 'speed_score': 1.552, 'weight': 1.598, 'catch_radius': 0.267, 'team_sp_off': -0.732, 'team_sp_overall': -0.499, 'recruit_rating': -0.458, 'prod_over_recruit': -0.331, 'was_returner': 0.693, 'ret_td': 3.406, 'col_qb_ypa': -0.947, 'final_spike': -0.092, 'dom_growth': 0.613}","[{'p': 'Josh Palmer', 'y': 2021, 'sim': 62.0, 'fant': 0.833}, {'p': 'Josh Cameron', 'y': 2026, 'sim': 61.0, 'fant': None}, {'p': 'Deebo Samuel', 'y': 2019, 'sim': 60.0, 'fant': 0.975}, {'p': 'Michael Rector', 'y': 2017, 'sim': 60.0, 'fant': None}, {'p': 'Caleb Douglas', 'y': 2026, 'sim': 60.0, 'fant': None}, {'p': 'Jaylen Smith', 'y': 2019, 'sim': 59.0, 'fant': 0.178}]"
Isaiah McKoy,2021,historical,6,0.5595667870036101,0.5306859205776173,13.479035028108953,40.54358290270428,0.5436758992864037,0.46860520708044245,0,0,0,0.1780185758513932,0.4211409395973154,270.0,20.94182067077344,19.72621492128679,0.3543828659748289,0.651,0.0580831265912627,870.0,1.0,3.0,2.0,"{'best_dom': 0.523, 'final_dom': 0.869, 'dom_age20': 1.177, 'n_seasons_30': 1.514, 'best_yds': -0.203, 'career_yds': -0.286, 'final_ppa': -0.063, 'best_ppa': -0.728, 'best_usage': -0.066, 'nfl_entry_age': -1.279, 'breakout_age': -0.481, 'early_declare': 1.399, 'ras': -1.796, 'explosion_p': -1.861, 'speed_score': -1.627, 'weight': -0.131, 'catch_radius': -0.828, 'team_sp_off': -1.403, 'team_sp_overall': -1.912, 'recruit_rating': -1.192, 'prod_over_recruit': 1.545, 'was_returner': 0.693, 'ret_td': -0.418, 'col_qb_ypa': 0.17, 'final_spike': -0.37, 'dom_growth': 0.085}","[{'p': 'Pharoh Cooper', 'y': 2016, 'sim': 66.0, 'fant': 0.467}, {'p': 'Hunter Sharp', 'y': 2016, 'sim': 61.0, 'fant': 0.178}, {'p': 'Tajae Sharpe', 'y': 2016, 'sim': 61.0, 'fant': 0.641}, {'p': ""Lil'Jordan Humphrey"", 'y': 2019, 'sim': 60.0, 'fant': 0.628}, {'p': 'Cody White', 'y': 2020, 'sim': 58.0, 'fant': 0.178}, {'p': 'KC Concepcion', 'y': 2026, 'sim': 57.0, 'fant': None}]"
Isaiah McKenzie,2017,historical,6,0.555956678700361,0.516245487364621,13.14378166357687,40.177514614442586,0.9180658195107185,0.32150112988566376,0,0,0,0.6965944272445821,0.4194630872483221,172.0,21.73305954825462,21.51950718685832,0.344594930417495,0.679,0.4289137506499934,633.0,1.0,4.0,1.0,"{'best_dom': 0.418, 'final_dom': 0.772, 'dom_age20': -1.254, 'n_seasons_30': 0.306, 'best_yds': -0.868, 'career_yds': -1.349, 'final_ppa': 0.044, 'best_ppa': -0.36, 'best_usage': -0.784, 'nfl_entry_age': -0.397, 'breakout_age': -0.42, 'early_declare': 1.399, 'ras': -0.268, 'explosion_p': -0.229, 'speed_score': -0.825, 'weight': -2.076, 'catch_radius': -1.736, 'team_sp_off': -1.09, 'team_sp_overall': -0.242, 'recruit_rating': 0.091, 'prod_over_recruit': 0.329, 'was_returner': 0.693, 'ret_td': 4.171, 'col_qb_ypa': -1.377, 'final_spike': 1.002, 'dom_growth': 1.439}","[{'p': 'Shi Smith', 'y': 2021, 'sim': 65.0, 'fant': 0.489}, {'p': 'Kevin Coleman Jr.', 'y': 2026, 'sim': 59.0, 'fant': None}, {'p': 'Jeff Thomas', 'y': 2020, 'sim': 59.0, 'fant': None}, {'p': 'Zachariah Branch', 'y': 2026, 'sim': 58.0, 'fant': None}, {'p': 'Tyler Scott', 'y': 2023, 'sim': 57.0, 'fant': None}, {'p': 'Josh Downs', 'y': 2023, 'sim': 57.0, 'fant': None}]"
Drew Morgan,2017,historical,1,0.007220216606498195,0.04693140794223827,9.556102515660069,26.279142876079376,-0.9840275763036048,-0.4489117828956543,0,0,0,0.1780185758513932,0.4161073825503356,270.0,22.083504449007528,20.867898699520875,0.2822025428904558,0.476,0.028455755336457,843.0,1.0,2.0,0.0,"{'best_dom': -0.25, 'final_dom': -1.002, 'dom_age20': -0.804, 'n_seasons_30': -0.902, 'best_yds': -0.278, 'career_yds': -0.269, 'final_ppa': -0.729, 'best_ppa': -0.142, 'best_usage': -0.363, 'nfl_entry_age': -0.007, 'breakout_age': -0.442, 'early_declare': -0.713, 'ras': -1.313, 'explosion_p': -1.992, 'speed_score': -2.52, 'weight': -0.851, 'catch_radius': -1.215, 'team_sp_off': 1.684, 'team_sp_overall': 0.606, 'recruit_rating': -1.592, 'prod_over_recruit': 0.816, 'was_returner': 0.693, 'ret_td': -0.418, 'col_qb_ypa': 0.944, 'final_spike': -0.265, 'dom_growth': -0.471}","[{'p': 'Vinny Anthony II', 'y': 2026, 'sim': 70.0, 'fant': None}, {'p': 'Aaron Fuller', 'y': 2020, 'sim': 69.0, 'fant': 0.178}, {'p': 'Nyqwan Murray', 'y': 2019, 'sim': 67.0, 'fant': None}, {'p': 'Dax Milne', 'y': 2021, 'sim': 67.0, 'fant': 0.393}, {'p': 'Tony Brown', 'y': 2020, 'sim': 66.0, 'fant': None}, {'p': 'Tavares Martin', 'y': 2018, 'sim': 65.0, 'fant': None}]"
Mario Alford,2015,historical,4,0.33212996389891697,0.18050541516245489,10.7031260002504,31.629960724714664,-0.4460187058295172,-0.0686387303706327,0,0,0,0.1780185758513932,0.4144295302013422,238.0,22.85010266940452,22.63655030800821,0.3261950982771172,0.425,0.3260368963666418,945.0,1.0,2.0,1.0,"{'best_dom': 0.221, 'final_dom': 0.59, 'dom_age20': -1.358, 'n_seasons_30': 0.306, 'best_yds': 0.008, 'career_yds': -0.575, 'final_ppa': -0.923, 'best_ppa': -0.472, 'best_usage': -0.487, 'nfl_entry_age': 0.847, 'breakout_age': -0.382, 'early_declare': -0.713, 'ras': -0.568, 'explosion_p': -0.682, 'speed_score': -0.514, 'weight': -1.571, 'catch_radius': -1.105, 'team_sp_off': -0.597, 'team_sp_overall': -0.319, 'recruit_rating': -1.983, 'prod_over_recruit': 1.223, 'was_returner': 0.693, 'ret_td': 1.111, 'col_qb_ypa': -0.345, 'final_spike': -0.017, 'dom_growth': 0.181}","[{'p': 'Braxton Berrios', 'y': 2018, 'sim': 61.0, 'fant': 0.678}, {'p': 'Rico Bussey', 'y': 2021, 'sim': 59.0, 'fant': 0.178}, {'p': 'Marquez Stevenson', 'y': 2021, 'sim': 59.0, 'fant': 0.178}, {'p': 'Ryan Switzer', 'y': 2017, 'sim': 59.0, 'fant': 0.455}, {'p': 'Diontae Johnson', 'y': 2019, 'sim': 57.0, 'fant': 0.941}, {'p': 'Jalen Nailor', 'y': 2022, 'sim': 57.0, 'fant': 0.687}]"
Deon Cain,2018,historical,6,0.5415162454873647,0.41155234657039713,12.940520620913201,37.84646689391951,-0.15319379417052667,0.1534751686681628,0,0,0,0.38390092879256965,0.4043624161073825,185.0,21.39630390143737,21.182751540041068,0.2877839033702653,0.444,0.3723683292543053,734.0,1.0,5.0,0.0,"{'best_dom': -0.19, 'final_dom': 0.21, 'dom_age20': 0.006, 'n_seasons_30': -0.902, 'best_yds': -0.584, 'career_yds': 0.049, 'final_ppa': -0.851, 'best_ppa': -0.1, 'best_usage': -0.808, 'nfl_entry_age': -0.773, 'breakout_age': -0.431, 'early_declare': 1.399, 'ras': -0.016, 'explosion_p': -0.478, 'speed_score': 0.745, 'weight': 0.014, 'catch_radius': -0.258, 'team_sp_off': 0.178, 'team_sp_overall': 1.223, 'recruit_rating': 1.653, 'prod_over_recruit': -1.332, 'was_returner': -1.439, 'ret_td': 0.0, 'col_qb_ypa': -1.033, 'final_spike': -0.225, 'dom_growth': -0.03}","[{'p': 'Rakim Jarrett', 'y': 2023, 'sim': 63.0, 'fant': None}, {'p': 'Jadon Haselwood', 'y': 2023, 'sim': 62.0, 'fant': None}, {'p': 'George Pickens', 'y': 2022, 'sim': 62.0, 'fant': 0.87}, {'p': 'Quartney Davis', 'y': 2020, 'sim': 62.0, 'fant': 0.178}, {'p': 'DaMarkus Lodge', 'y': 2019, 'sim': 61.0, 'fant': 0.178}, {'p': 'Germie Bernard', 'y': 2026, 'sim': 60.0, 'fant': None}]"
Dax Milne,2021,historical,3,0.20216606498194944,0.26353790613718414,10.308893101877619,35.06675768580374,-1.0890233793630226,0.10657343493444284,0,0,0,0.3931888544891641,0.4043624161073825,258.0,21.527720739219717,21.31416837782341,0.270434008762322,0.732,0.0724346076458752,1189.0,1.0,2.0,0.0,"{'best_dom': -0.376, 'final_dom': 0.038, 'dom_age20': -0.657, 'n_seasons_30': -0.902, 'best_yds': 0.693, 'career_yds': -0.515, 'final_ppa': 0.246, 'best_ppa': -0.549, 'best_usage': 0.157, 'nfl_entry_age': -0.626, 'breakout_age': -0.427, 'early_declare': 1.399, 'ras': -1.536, 'explosion_p': -1.798, 'speed_score': 0.0, 'weight': 0.0, 'catch_radius': -2.266, 'team_sp_off': 0.581, 'team_sp_overall': 0.606, 'recruit_rating': -2.097, 'prod_over_recruit': 0.948, 'was_returner': 0.693, 'ret_td': -0.418, 'col_qb_ypa': 2.405, 'final_spike': 0.713, 'dom_growth': 0.612}","[{'p': 'Drew Morgan', 'y': 2017, 'sim': 66.0, 'fant': 0.178}, {'p': 'Josh Harper', 'y': 2015, 'sim': 62.0, 'fant': None}, {'p': 'Ezell Ruffin', 'y': 2015, 'sim': 61.0, 'fant': None}, {'p': 'Dazz Newsome', 'y': 2021, 'sim': 61.0, 'fant': 0.178}, {'p': ""Ka'Raun White"", 'y': 2018, 'sim': 61.0, 'fant': None}, {'p': 'Cam Phillips', 'y': 2018, 'sim': 60.0, 'fant': 0.178}]"
Donovan Peoples-Jones,2020,historical,7,0.6895306859205776,0.8375451263537906,16.913945780859873,49.439380343406306,1.261746747642336,0.1466706253482814,0,0,0,0.8080495356037152,0.3976510067114094,187.0,20.865160848733744,19.652292950034223,0.2718821682965109,0.525,0.9270784671040576,581.0,0.0,5.0,0.0,"{'best_dom': -0.36, 'final_dom': -0.786, 'dom_age20': 0.794, 'n_seasons_30': -0.902, 'best_yds': -1.014, 'career_yds': -0.806, 'final_ppa': -0.543, 'best_ppa': -0.573, 'best_usage': -1.056, 'nfl_entry_age': -1.364, 'breakout_age': -0.483, 'early_declare': 1.399, 'ras': 1.973, 'explosion_p': 1.964, 'speed_score': 0.785, 'weight': 0.734, 'catch_radius': 1.874, 'team_sp_off': 0.029, 'team_sp_overall': 0.846, 'recruit_rating': 1.684, 'prod_over_recruit': -1.5, 'was_returner': 0.693, 'ret_td': 1.111, 'col_qb_ypa': -0.088, 'final_spike': -0.302, 'dom_growth': -0.231}","[{'p': 'Terrace Marshall Jr.', 'y': 2021, 'sim': 70.0, 'fant': 0.542}, {'p': 'Quentin Johnston', 'y': 2023, 'sim': 65.0, 'fant': None}, {'p': 'Adonai Mitchell', 'y': 2024, 'sim': 62.0, 'fant': None}, {'p': 'Parris Campbell', 'y': 2019, 'sim': 62.0, 'fant': 0.663}, {'p': 'Jonathan Mingo', 'y': 2023, 'sim': 62.0, 'fant': None}, {'p': ""Ja'Kobi Lane"", 'y': 2026, 'sim': 61.0, 'fant': None}]"
Devin Duvernay,2020,historical,8,0.7148014440433214,0.7870036101083032,17.60941341264014,47.9209864245757,0.08801579908394169,0.2670794921514657,0,0,0,0.631578947368421,0.3959731543624161,92.0,22.302532511978097,22.088980150581797,0.324884505450678,0.887,0.6090580468478928,1386.0,1.0,4.0,1.0,"{'best_dom': 0.207, 'final_dom': 0.577, 'dom_age20': -0.253, 'n_seasons_30': 0.306, 'best_yds': 1.246, 'career_yds': 0.541, 'final_ppa': 0.836, 'best_ppa': -0.208, 'best_usage': 0.553, 'nfl_entry_age': 0.237, 'breakout_age': -0.4, 'early_declare': -0.713, 'ras': 0.202, 'explosion_p': 0.564, 'speed_score': 1.054, 'weight': -0.131, 'catch_radius': -0.751, 'team_sp_off': 0.506, 'team_sp_overall': -0.01, 'recruit_rating': 1.486, 'prod_over_recruit': -0.817, 'was_returner': 0.693, 'ret_td': -0.418, 'col_qb_ypa': -0.088, 'final_spike': 0.228, 'dom_growth': 0.257}","[{'p': 'Carlos Henderson', 'y': 2017, 'sim': 65.0, 'fant': 0.178}, {'p': 'Sterling Shepard', 'y': 2016, 'sim': 64.0, 'fant': 0.923}, {'p': 'Jordan Payton', 'y': 2016, 'sim': 62.0, 'fant': 0.178}, {'p': 'Corey Coleman', 'y': 2016, 'sim': 59.0, 'fant': 0.647}, {'p': 'Dillon Mitchell', 'y': 2019, 'sim': 58.0, 'fant': 0.178}, {'p': 'Jaylin Noel', 'y': 2025, 'sim': 58.0, 'fant': None}]"
Makai Polk,2022,historical,5,0.4043321299638989,0.3862815884476534,11.203049419480354,37.53595073459632,0.45280218045333587,-0.2258075008234596,0,0,0,0.1780185758513932,0.3942953020134228,270.0,20.410677618069816,20.197125256673512,0.2279656639152369,0.599,0.1561260768494461,1046.0,1.0,3.0,0.0,"{'best_dom': -0.83, 'final_dom': -0.382, 'dom_age20': 0.447, 'n_seasons_30': -0.902, 'best_yds': 0.292, 'career_yds': -0.544, 'final_ppa': -0.261, 'best_ppa': -0.488, 'best_usage': 0.33, 'nfl_entry_age': -1.871, 'breakout_age': -0.465, 'early_declare': 1.399, 'ras': -0.945, 'explosion_p': -1.43, 'speed_score': -1.133, 'weight': -0.491, 'catch_radius': 0.193, 'team_sp_off': -0.105, 'team_sp_overall': -0.139, 'recruit_rating': -0.684, 'prod_over_recruit': 0.007, 'was_returner': -1.439, 'ret_td': 0.0, 'col_qb_ypa': -1.119, 'final_spike': 0.527, 'dom_growth': -0.289}","[{'p': ""Lil'Jordan Humphrey"", 'y': 2019, 'sim': 61.0, 'fant': 0.628}, {'p': 'Jordan Lasley', 'y': 2018, 'sim': 61.0, 'fant': 0.178}, {'p': 'Kenny Lawler', 'y': 2016, 'sim': 60.0, 'fant': 0.178}, {'p': 'Jackson Meeks', 'y': 2024, 'sim': 60.0, 'fant': None}, {'p': 'Geronimo Allison', 'y': 2016, 'sim': 59.0, 'fant': 0.759}, {'p': 'Cody White', 'y': 2020, 'sim': 58.0, 'fant': 0.178}]"
Rico Bussey,2021,historical,2,0.15162454873646208,0.3212996389891697,10.166007772385859,36.199375396276594,-0.1094410011564316,-0.11805124676140515,0,0,0,0.1780185758513932,0.3909395973154362,270.0,22.85010266940452,20.635181382614647,0.3177355869414216,0.244,0.5443044768844226,1017.0,1.0,2.0,1.0,"{'best_dom': 0.131, 'final_dom': -1.605, 'dom_age20': 0.165, 'n_seasons_30': 0.306, 'best_yds': 0.21, 'career_yds': 0.264, 'final_ppa': -1.613, 'best_ppa': 0.632, 'best_usage': 0.33, 'nfl_entry_age': 0.847, 'breakout_age': -0.45, 'early_declare': -0.713, 'ras': 0.281, 'explosion_p': 0.279, 'speed_score': -0.818, 'weight': -1.139, 'catch_radius': 1.255, 'team_sp_off': -0.911, 'team_sp_overall': -0.858, 'recruit_rating': -1.533, 'prod_over_recruit': 1.218, 'was_returner': 0.693, 'ret_td': -0.418, 'col_qb_ypa': -0.088, 'final_spike': -0.442, 'dom_growth': -0.812}","[{'p': 'Rodney Adams', 'y': 2017, 'sim': 61.0, 'fant': 0.178}, {'p': 'Lewis Bond', 'y': 2026, 'sim': 59.0, 'fant': None}, {'p': 'Kalija Lipscomb', 'y': 2020, 'sim': 58.0, 'fant': 0.178}, {'p': ""Da'Ron Brown"", 'y': 2015, 'sim': 58.0, 'fant': 0.178}, {'p': 'Rannell Hall', 'y': 2015, 'sim': 58.0, 'fant': 0.178}, {'p': 'Dres Anderson', 'y': 2015, 'sim': 58.0, 'fant': 0.178}]"
Devante Davis,2015,historical,4,0.3249097472924188,0.5740072202166066,10.647317248994831,41.65168446352783,-1.4519734003429847,0.3393753833673214,0,0,0,,,270.0,,,0.466988727858293,0.399,0.406261005701337,1290.0,1.0,3.0,1.0,"{'best_dom': 1.729, 'final_dom': -0.518, 'dom_age20': 0.0, 'n_seasons_30': 0.306, 'best_yds': 0.977, 'career_yds': 0.906, 'final_ppa': -1.022, 'best_ppa': -0.201, 'best_usage': -0.091, 'nfl_entry_age': 0.0, 'breakout_age': 0.0, 'early_declare': 0.0, 'ras': 0.016, 'explosion_p': -0.328, 'speed_score': 0.302, 'weight': 1.31, 'catch_radius': 0.744, 'team_sp_off': -1.269, 'team_sp_overall': -1.903, 'recruit_rating': -1.135, 'prod_over_recruit': 1.874, 'was_returner': -1.439, 'ret_td': 0.0, 'col_qb_ypa': -1.291, 'final_spike': -0.388, 'dom_growth': 0.362}","[{'p': 'Korey Robertson', 'y': 2018, 'sim': 64.0, 'fant': None}, {'p': 'Antonio Gandy-Golden', 'y': 2020, 'sim': 62.0, 'fant': 0.362}, {'p': 'Fred Ross', 'y': 2017, 'sim': 60.0, 'fant': 0.178}, {'p': 'Gabriel Davis', 'y': 2020, 'sim': 59.0, 'fant': None}, {'p': 'Amba Etta-Tawo', 'y': 2017, 'sim': 58.0, 'fant': 0.178}, {'p': 'Zach Pascal', 'y': 2017, 'sim': 58.0, 'fant': 0.774}]"
Geremy Davis,2015,historical,5,0.4657039711191336,0.44404332129963897,12.004806686362418,38.367599677669034,-0.9279529136741735,-0.21881176571934705,0,0,0,0.1780185758513932,0.384228187919463,186.0,22.976043805612598,21.763175906913077,0.2868104982206405,0.508,0.573515991929385,1085.0,1.0,,0.0,"{'best_dom': -0.2, 'final_dom': -0.132, 'dom_age20': -1.235, 'n_seasons_30': -0.902, 'best_yds': 0.401, 'career_yds': 0.333, 'final_ppa': -0.607, 'best_ppa': 0.63, 'best_usage': 0.157, 'nfl_entry_age': 0.988, 'breakout_age': -0.411, 'early_declare': -0.713, 'ras': 0.823, 'explosion_p': 0.408, 'speed_score': 0.005, 'weight': 1.022, 'catch_radius': 0.775, 'team_sp_off': -2.894, 'team_sp_overall': -2.169, 'recruit_rating': 0.0, 'prod_over_recruit': 0.0, 'was_returner': -1.439, 'ret_td': 0.0, 'col_qb_ypa': -0.689, 'final_spike': -0.383, 'dom_growth': 0.68}","[{'p': 'Jamal Custis', 'y': 2019, 'sim': 70.0, 'fant': 0.178}, {'p': 'Jaleel Scott', 'y': 2018, 'sim': 69.0, 'fant': 0.178}, {'p': 'Marquez Valdes-Scantling', 'y': 2018, 'sim': 69.0, 'fant': 0.796}, {'p': 'Caleb Douglas', 'y': 2026, 'sim': 65.0, 'fant': None}, {'p': 'Cedric Tillman', 'y': 2023, 'sim': 64.0, 'fant': None}, {'p': 'Travis Fulgham', 'y': 2019, 'sim': 63.0, 'fant': 0.845}]"
Johnny Johnson II,2022,historical,1,0.04332129963898917,0.148014440433213,9.733140177420921,30.74265064250422,-0.9658386357993454,-0.30401723452682977,0,0,0,,,270.0,22.63655030800821,20.421629021218344,0.2156293222683264,0.881,0.2149477075118301,836.0,1.0,3.0,0.0,"{'best_dom': -0.963, 'final_dom': -1.894, 'dom_age20': 0.349, 'n_seasons_30': -0.902, 'best_yds': -0.298, 'career_yds': -0.089, 'final_ppa': 0.813, 'best_ppa': -0.175, 'best_usage': -0.685, 'nfl_entry_age': 0.609, 'breakout_age': -0.457, 'early_declare': -0.713, 'ras': -1.56, 'explosion_p': -1.171, 'speed_score': -1.118, 'weight': -0.347, 'catch_radius': -0.85, 'team_sp_off': 0.044, 'team_sp_overall': 0.589, 'recruit_rating': -1.023, 'prod_over_recruit': 0.044, 'was_returner': 0.693, 'ret_td': -0.418, 'col_qb_ypa': -0.088, 'final_spike': -0.415, 'dom_growth': -1.347}","[{'p': 'Reggie Roberson', 'y': 2022, 'sim': 74.0, 'fant': 0.178}, {'p': 'Nyqwan Murray', 'y': 2019, 'sim': 72.0, 'fant': None}, {'p': 'Tony Brown', 'y': 2020, 'sim': 72.0, 'fant': None}, {'p': 'Aaron Fuller', 'y': 2020, 'sim': 70.0, 'fant': 0.178}, {'p': 'James Quick', 'y': 2017, 'sim': 65.0, 'fant': None}, {'p': 'Josh Kelly', 'y': 2025, 'sim': 65.0, 'fant': None}]"
Dezmin Lewis,2015,historical,4,0.36823104693140796,0.3212996389891697,10.87730918124782,36.03194439592697,-0.6505972868780959,-0.858645889668328,0,0,0,0.1780185758513932,0.3758389261744966,234.0,22.072553045859,99.0,,0.814,,105.0,1.0,,0.0,"{'best_dom': 0.0, 'final_dom': 0.0, 'dom_age20': 0.0, 'n_seasons_30': -0.902, 'best_yds': -2.35, 'career_yds': -1.975, 'final_ppa': 0.558, 'best_ppa': -0.369, 'best_usage': -0.116, 'nfl_entry_age': -0.019, 'breakout_age': 2.214, 'early_declare': -0.713, 'ras': 0.0, 'explosion_p': 0.0, 'speed_score': 0.0, 'weight': 0.0, 'catch_radius': 0.0, 'team_sp_off': 0.0, 'team_sp_overall': 0.0, 'recruit_rating': 0.0, 'prod_over_recruit': 0.0, 'was_returner': -1.439, 'ret_td': 0.0, 'col_qb_ypa': -3.44, 'final_spike': -0.175, 'dom_growth': 0.0}","[{'p': 'Montrell Washington', 'y': 2022, 'sim': 74.0, 'fant': 0.359}, {'p': 'Kendrick Bourne', 'y': 2017, 'sim': 72.0, 'fant': 0.802}, {'p': 'Isaiah Coulter', 'y': 2020, 'sim': 68.0, 'fant': 0.178}, {'p': 'Tanner Conner', 'y': 2022, 'sim': 65.0, 'fant': 0.178}, {'p': 'Alex Wesley', 'y': 2019, 'sim': 65.0, 'fant': 0.178}, {'p': 'Casey Washington', 'y': 2024, 'sim': 62.0, 'fant': None}]"
Nyqwan Murray,2019,historical,1,0.07942238267148015,0.08664259927797834,9.922239281205453,28.735986760076603,-1.1707727267544623,-0.08429032829897491,0,0,0,,,270.0,,,0.2136230423176718,0.626,0.144691542691191,744.0,1.0,3.0,0.0,"{'best_dom': -0.984, 'final_dom': -0.766, 'dom_age20': 0.0, 'n_seasons_30': -0.902, 'best_yds': -0.556, 'career_yds': -0.164, 'final_ppa': -0.158, 'best_ppa': -0.554, 'best_usage': -0.437, 'nfl_entry_age': 0.0, 'breakout_age': 0.0, 'early_declare': 0.0, 'ras': -1.852, 'explosion_p': -1.48, 'speed_score': -1.559, 'weight': -0.635, 'catch_radius': -1.554, 'team_sp_off': -1.537, 'team_sp_overall': -0.918, 'recruit_rating': -0.458, 'prod_over_recruit': -0.51, 'was_returner': 0.693, 'ret_td': -0.418, 'col_qb_ypa': -1.119, 'final_spike': -0.16, 'dom_growth': 0.209}","[{'p': 'Aaron Fuller', 'y': 2020, 'sim': 81.0, 'fant': 0.178}, {'p': 'Johnny Johnson II', 'y': 2022, 'sim': 74.0, 'fant': None}, {'p': 'Reggie Roberson', 'y': 2022, 'sim': 73.0, 'fant': 0.178}, {'p': 'Junior Bergen', 'y': 2025, 'sim': 70.0, 'fant': None}, {'p': 'Vinny Anthony II', 'y': 2026, 'sim': 70.0, 'fant': None}, {'p': 'Tony Brown', 'y': 2020, 'sim': 69.0, 'fant': None}]"
T.J. Vasher,2021,historical,2,0.19494584837545126,0.30324909747292417,10.292354961451016,35.861197569251665,0.36335539348528434,-0.6870346938788873,0,0,0,0.1780185758513932,0.3724832214765101,270.0,22.34360027378508,20.128678986995208,0.2061289560699102,0.495,0.5226286289163553,687.0,0.0,4.0,0.0,"{'best_dom': -1.064, 'final_dom': -1.664, 'dom_age20': 0.274, 'n_seasons_30': -0.902, 'best_yds': -0.716, 'career_yds': -0.016, 'final_ppa': -0.657, 'best_ppa': -0.419, 'best_usage': -0.734, 'nfl_entry_age': 0.283, 'breakout_age': -0.467, 'early_declare': -0.713, 'ras': 1.559, 'explosion_p': 0.184, 'speed_score': 0.0, 'weight': 0.086, 'catch_radius': 2.113, 'team_sp_off': 0.133, 'team_sp_overall': -0.293, 'recruit_rating': 0.101, 'prod_over_recruit': -1.027, 'was_returner': -1.439, 'ret_td': 0.0, 'col_qb_ypa': -0.088, 'final_spike': -0.428, 'dom_growth': -0.452}","[{'p': 'Devon Williams', 'y': 2022, 'sim': 66.0, 'fant': None}, {'p': 'Donaven McCulley', 'y': 2026, 'sim': 66.0, 'fant': None}, {'p': 'Justyn Ross', 'y': 2022, 'sim': 65.0, 'fant': 0.406}, {'p': 'Collin Johnson', 'y': 2020, 'sim': 65.0, 'fant': 0.551}, {'p': 'Trevon Grimes', 'y': 2021, 'sim': 62.0, 'fant': None}, {'p': 'Bru McCoy', 'y': 2025, 'sim': 61.0, 'fant': None}]"
Samori Toure,2022,historical,3,0.22021660649819494,0.4729241877256318,10.3643801169903,39.11803390043149,1.3717305901616987,-0.6086764407169913,0,0,0,0.47678018575851394,0.3708053691275167,258.0,23.77549623545517,23.561943874058866,0.3190155949774342,0.898,,898.0,1.0,2.0,1.0,"{'best_dom': 0.144, 'final_dom': 0.519, 'dom_age20': 0.0, 'n_seasons_30': 0.306, 'best_yds': -0.124, 'career_yds': -1.231, 'final_ppa': 0.878, 'best_ppa': -0.183, 'best_usage': -0.289, 'nfl_entry_age': 1.878, 'breakout_age': -0.35, 'early_declare': -0.713, 'ras': 0.0, 'explosion_p': 0.0, 'speed_score': 0.0, 'weight': 0.0, 'catch_radius': 0.0, 'team_sp_off': -0.18, 'team_sp_overall': -0.156, 'recruit_rating': -1.983, 'prod_over_recruit': 1.388, 'was_returner': 0.693, 'ret_td': -0.418, 'col_qb_ypa': 1.03, 'final_spike': 9.726, 'dom_growth': 0.0}","[{'p': 'Colton Dowell', 'y': 2023, 'sim': 78.0, 'fant': None}, {'p': 'Byron Pringle', 'y': 2018, 'sim': 63.0, 'fant': 0.693}, {'p': 'Anthony Smith', 'y': 2026, 'sim': 58.0, 'fant': None}, {'p': 'Dontario Drummond', 'y': 2022, 'sim': 57.0, 'fant': 0.178}, {'p': 'David Sills', 'y': 2019, 'sim': 56.0, 'fant': 0.396}, {'p': 'Austin Watkins', 'y': 2021, 'sim': 55.0, 'fant': 0.178}]"
Victor Bolden,2017,historical,2,0.13357400722021662,0.06498194945848375,10.101822881660166,28.029626170152607,-0.5526035987974763,-0.2079034644953023,0,0,0,0.1780185758513932,0.3691275167785235,270.0,21.74674880219028,20.531143052703623,0.2707438449449973,0.275,0.1217768469345895,798.0,1.0,3.0,0.0,"{'best_dom': -0.372, 'final_dom': -0.591, 'dom_age20': 0.126, 'n_seasons_30': -0.902, 'best_yds': -0.405, 'career_yds': -0.154, 'final_ppa': -1.495, 'best_ppa': -1.556, 'best_usage': 0.478, 'nfl_entry_age': -0.382, 'breakout_age': -0.453, 'early_declare': -0.713, 'ras': -1.517, 'explosion_p': -1.581, 'speed_score': -1.581, 'weight': -1.715, 'catch_radius': -1.782, 'team_sp_off': -0.747, 'team_sp_overall': -0.764, 'recruit_rating': -0.833, 'prod_over_recruit': 0.276, 'was_returner': 0.693, 'ret_td': 2.641, 'col_qb_ypa': -1.033, 'final_spike': -0.324, 'dom_growth': 0.38}","[{'p': 'Whop Philyor', 'y': 2021, 'sim': 74.0, 'fant': 0.178}, {'p': 'Ryan Switzer', 'y': 2017, 'sim': 69.0, 'fant': 0.455}, {'p': 'Aaron Fuller', 'y': 2020, 'sim': 68.0, 'fant': 0.178}, {'p': 'Braxton Berrios', 'y': 2018, 'sim': 68.0, 'fant': 0.678}, {'p': 'Nyqwan Murray', 'y': 2019, 'sim': 68.0, 'fant': None}, {'p': 'Junior Bergen', 'y': 2025, 'sim': 66.0, 'fant': None}]"
Tavares Martin,2018,historical,1,0.010830324909747292,0.05415162454873646,9.583440014097086,26.81576986016992,-0.058607972728364766,-0.6359990161608373,0,0,0,,,270.0,,,0.2082743849167206,0.662,0.0386227210698309,831.0,1.0,3.0,0.0,"{'best_dom': -1.041, 'final_dom': -2.603, 'dom_age20': 0.0, 'n_seasons_30': -0.902, 'best_yds': -0.312, 'career_yds': -0.263, 'final_ppa': -0.021, 'best_ppa': -0.703, 'best_usage': -0.214, 'nfl_entry_age': 0.0, 'breakout_age': 0.0, 'early_declare': 0.0, 'ras': -2.026, 'explosion_p': -1.947, 'speed_score': -3.468, 'weight': -1.787, 'catch_radius': -0.729, 'team_sp_off': -0.657, 'team_sp_overall': -0.302, 'recruit_rating': -0.292, 'prod_over_recruit': -0.667, 'was_returner': 0.693, 'ret_td': -0.418, 'col_qb_ypa': -1.291, 'final_spike': -0.519, 'dom_growth': -1.41}","[{'p': 'Aaron Fuller', 'y': 2020, 'sim': 73.0, 'fant': 0.178}, {'p': 'James Quick', 'y': 2017, 'sim': 71.0, 'fant': None}, {'p': 'Tre Turner', 'y': 2022, 'sim': 70.0, 'fant': None}, {'p': 'Vinny Anthony II', 'y': 2026, 'sim': 68.0, 'fant': None}, {'p': 'Nyqwan Murray', 'y': 2019, 'sim': 68.0, 'fant': None}, {'p': 'Johnny Johnson II', 'y': 2022, 'sim': 67.0, 'fant': None}]"
Mecole Hardman,2019,historical,9,0.8375451263537906,0.6101083032490975,24.551192670125715,42.684347137254896,0.6670800588470907,0.2713483455692666,0,0,0,0.8297213622291022,0.360738255033557,56.0,20.80766598220397,99.0,0.1869854102778552,0.574,0.5593128349384332,532.0,0.0,5.0,0.0,"{'best_dom': -1.269, 'final_dom': -0.788, 'dom_age20': -0.075, 'n_seasons_30': -0.902, 'best_yds': -1.151, 'career_yds': -1.203, 'final_ppa': -0.356, 'best_ppa': -0.029, 'best_usage': -1.278, 'nfl_entry_age': -1.428, 'breakout_age': 2.214, 'early_declare': 1.399, 'ras': 0.158, 'explosion_p': 0.345, 'speed_score': 0.91, 'weight': -1.067, 'catch_radius': -1.215, 'team_sp_off': 1.58, 'team_sp_overall': 1.78, 'recruit_rating': 1.658, 'prod_over_recruit': -2.209, 'was_returner': 0.693, 'ret_td': 0.347, 'col_qb_ypa': 0.686, 'final_spike': -0.148, 'dom_growth': -1.04}","[{'p': 'Freddie Swain', 'y': 2020, 'sim': 65.0, 'fant': 0.539}, {'p': 'Zavion Thomas', 'y': 2026, 'sim': 62.0, 'fant': None}, {'p': 'Zachariah Branch', 'y': 2026, 'sim': 59.0, 'fant': None}, {'p': 'Isaiah Bond', 'y': 2025, 'sim': 59.0, 'fant': None}, {'p': 'Henry Ruggs', 'y': 2020, 'sim': 58.0, 'fant': 0.814}, {'p': 'Jalin Marshall', 'y': 2016, 'sim': 58.0, 'fant': 0.681}]"
Ben Skowronek,2021,historical,3,0.2527075812274368,0.3212996389891697,10.493609505810628,36.195758167746156,-0.437259062393224,-0.7235579495440841,0,0,0,0.5201238390092879,0.3590604026845637,249.0,23.515400410677618,20.301163586584533,0.2529798761609907,0.948,,644.0,1.0,3.0,0.0,"{'best_dom': -0.563, 'final_dom': -0.226, 'dom_age20': 0.645, 'n_seasons_30': -0.902, 'best_yds': -0.837, 'career_yds': -0.162, 'final_ppa': 1.069, 'best_ppa': 0.513, 'best_usage': -1.13, 'nfl_entry_age': 1.589, 'breakout_age': -0.461, 'early_declare': -0.713, 'ras': 1.855, 'explosion_p': 0.0, 'speed_score': 0.0, 'weight': 1.31, 'catch_radius': 0.863, 'team_sp_off': -0.97, 'team_sp_overall': -0.079, 'recruit_rating': -0.539, 'prod_over_recruit': -0.15, 'was_returner': -1.439, 'ret_td': 0.0, 'col_qb_ypa': -1.377, 'final_spike': -0.323, 'dom_growth': 0.641}","[{'p': 'Josh Cameron', 'y': 2026, 'sim': 66.0, 'fant': None}, {'p': 'Mack Hollins', 'y': 2017, 'sim': 64.0, 'fant': 0.638}, {'p': 'Kyren Lacy', 'y': 2024, 'sim': 60.0, 'fant': None}, {'p': 'Bug Howard', 'y': 2017, 'sim': 59.0, 'fant': 0.178}, {'p': 'Lawrence Cager', 'y': 2020, 'sim': 59.0, 'fant': 0.601}, {'p': 'Chris Moore', 'y': 2016, 'sim': 59.0, 'fant': 0.613}]"
Rodney Adams,2017,historical,6,0.5270758122743683,0.26714801444043323,12.783982790024282,35.08882016427944,-0.37852985600154915,0.1848637963337242,0,0,0,0.1780185758513932,0.3573825503355705,170.0,22.297056810403834,21.08145106091718,0.3351431691337054,0.401,0.3898577781994789,822.0,1.0,3.0,1.0,"{'best_dom': 0.317, 'final_dom': -0.375, 'dom_age20': -0.097, 'n_seasons_30': 0.306, 'best_yds': -0.337, 'career_yds': -0.017, 'final_ppa': -1.015, 'best_ppa': -0.157, 'best_usage': -0.066, 'nfl_entry_age': 0.231, 'breakout_age': -0.435, 'early_declare': -0.713, 'ras': -0.307, 'explosion_p': -0.401, 'speed_score': -0.096, 'weight': -0.923, 'catch_radius': -0.896, 'team_sp_off': -0.776, 'team_sp_overall': -0.73, 'recruit_rating': -0.049, 'prod_over_recruit': 0.337, 'was_returner': 0.693, 'ret_td': 0.347, 'col_qb_ypa': 0.084, 'final_spike': -0.229, 'dom_growth': 0.583}","[{'p': 'Reggie Virgil', 'y': 2026, 'sim': 70.0, 'fant': None}, {'p': 'Dres Anderson', 'y': 2015, 'sim': 68.0, 'fant': 0.178}, {'p': 'Dante Pettis', 'y': 2018, 'sim': 66.0, 'fant': 0.675}, {'p': 'Kalija Lipscomb', 'y': 2020, 'sim': 63.0, 'fant': 0.178}, {'p': 'Lewis Bond', 'y': 2026, 'sim': 61.0, 'fant': None}, {'p': 'Cyrus Allen', 'y': 2026, 'sim': 60.0, 'fant': None}]"
Henry Ruggs,2020,historical,10,0.9819494584837545,0.776173285198556,52.00484076787662,47.62961258722827,1.0648761638785218,0.2813693748113979,0,0,1,0.8142414860681114,0.3557046979865771,12.0,20.93634496919918,99.0,0.1819411057692307,0.997,0.9381288191469668,746.0,0.0,4.0,0.0,"{'best_dom': -1.323, 'final_dom': -1.102, 'dom_age20': 0.082, 'n_seasons_30': -0.902, 'best_yds': -0.551, 'career_yds': -0.323, 'final_ppa': 1.255, 'best_ppa': 0.196, 'best_usage': -1.179, 'nfl_entry_age': -1.285, 'breakout_age': 2.214, 'early_declare': 1.399, 'ras': 1.295, 'explosion_p': 2.013, 'speed_score': 1.65, 'weight': -0.995, 'catch_radius': 0.353, 'team_sp_off': 1.848, 'team_sp_overall': 1.737, 'recruit_rating': 1.221, 'prod_over_recruit': -1.858, 'was_returner': 0.693, 'ret_td': -0.418, 'col_qb_ypa': 2.663, 'final_spike': -0.227, 'dom_growth': -1.194}","[{'p': 'Matthew Golden', 'y': 2025, 'sim': 60.0, 'fant': None}, {'p': 'Freddie Swain', 'y': 2020, 'sim': 59.0, 'fant': 0.539}, {'p': 'Ladd McConkey', 'y': 2024, 'sim': 58.0, 'fant': None}, {'p': 'Mecole Hardman', 'y': 2019, 'sim': 58.0, 'fant': 0.83}, {'p': 'Kadarius Toney', 'y': 2021, 'sim': 57.0, 'fant': 0.672}, {'p': 'Parris Campbell', 'y': 2019, 'sim': 56.0, 'fant': 0.663}]"
Darren Carrington,2018,historical,3,0.23104693140794225,0.4296028880866426,10.426161501841833,38.021123306935564,1.2699948530314278,-0.07320918724452292,0,0,0,,,270.0,,,0.3178079374871478,0.783,0.2885267220521464,980.0,1.0,4.0,1.0,"{'best_dom': 0.131, 'final_dom': 0.507, 'dom_age20': 0.0, 'n_seasons_30': 0.306, 'best_yds': 0.106, 'career_yds': 1.037, 'final_ppa': 0.44, 'best_ppa': -0.437, 'best_usage': -0.313, 'nfl_entry_age': 0.0, 'breakout_age': 0.0, 'early_declare': 0.0, 'ras': -0.31, 'explosion_p': -0.847, 'speed_score': -2.415, 'weight': -0.203, 'catch_radius': 1.323, 'team_sp_off': -0.702, 'team_sp_overall': -0.01, 'recruit_rating': 0.528, 'prod_over_recruit': -0.244, 'was_returner': 0.693, 'ret_td': -0.418, 'col_qb_ypa': -0.431, 'final_spike': -0.112, 'dom_growth': 0.354}","[{'p': 'Trishton Jackson', 'y': 2020, 'sim': 63.0, 'fant': 0.178}, {'p': 'Xavier Hutchinson', 'y': 2023, 'sim': 62.0, 'fant': None}, {'p': 'Jordan Payton', 'y': 2016, 'sim': 61.0, 'fant': 0.178}, {'p': 'Trey Quinn', 'y': 2018, 'sim': 61.0, 'fant': 0.523}, {'p': 'Dres Anderson', 'y': 2015, 'sim': 60.0, 'fant': 0.178}, {'p': 'Kobe Hudson', 'y': 2025, 'sim': 60.0, 'fant': None}]"
Braxton Berrios,2018,historical,5,0.4259927797833935,0.19133574007220217,11.52585878038548,32.945897109237684,-0.41338779977144613,-0.3475880915022448,0,0,0,0.6780185758513931,0.348993288590604,210.0,22.239561943874055,22.026009582477755,0.2796290859267958,0.619,0.3124485237825473,670.0,1.0,3.0,0.0,"{'best_dom': -0.277, 'final_dom': 0.129, 'dom_age20': -0.517, 'n_seasons_30': -0.902, 'best_yds': -0.764, 'career_yds': -0.955, 'final_ppa': -0.185, 'best_ppa': -0.798, 'best_usage': -0.586, 'nfl_entry_age': 0.167, 'breakout_age': -0.403, 'early_declare': -0.713, 'ras': -0.68, 'explosion_p': -0.741, 'speed_score': -0.38, 'weight': -1.283, 'catch_radius': -1.329, 'team_sp_off': -0.001, 'team_sp_overall': 0.452, 'recruit_rating': -0.073, 'prod_over_recruit': -0.259, 'was_returner': 0.693, 'ret_td': 0.347, 'col_qb_ypa': -0.603, 'final_spike': 0.332, 'dom_growth': 0.161}","[{'p': 'Junior Bergen', 'y': 2025, 'sim': 74.0, 'fant': None}, {'p': 'Junior Bergen', 'y': 2024, 'sim': 66.0, 'fant': None}, {'p': 'Ryan Switzer', 'y': 2017, 'sim': 65.0, 'fant': 0.455}, {'p': 'Ryan Davis', 'y': 2019, 'sim': 65.0, 'fant': 0.178}, {'p': 'Vinny Anthony II', 'y': 2026, 'sim': 64.0, 'fant': None}, {'p': 'Jaylin Lane', 'y': 2025, 'sim': 63.0, 'fant': None}]"
Jester Weah,2018,historical,2,0.1588447653429603,0.45126353790613716,10.171411437573283,38.47879839810648,-0.7659176072707508,0.175398587260022,0,0,0,0.1780185758513932,0.3473154362416107,270.0,22.899383983572896,21.68651608487337,0.3295082779815604,0.611,0.8310308452657694,870.0,1.0,3.0,2.0,"{'best_dom': 0.257, 'final_dom': 0.334, 'dom_age20': -1.358, 'n_seasons_30': 1.514, 'best_yds': -0.203, 'career_yds': -0.491, 'final_ppa': -0.215, 'best_ppa': 0.497, 'best_usage': -0.685, 'nfl_entry_age': 0.902, 'breakout_age': -0.414, 'early_declare': -0.713, 'ras': 0.757, 'explosion_p': 1.542, 'speed_score': 1.261, 'weight': 0.662, 'catch_radius': 0.583, 'team_sp_off': 1.147, 'team_sp_overall': 0.084, 'recruit_rating': -1.09, 'prod_over_recruit': 1.091, 'was_returner': -1.439, 'ret_td': 0.0, 'col_qb_ypa': 0.944, 'final_spike': -0.288, 'dom_growth': 1.184}","[{'p': 'Travis Fulgham', 'y': 2019, 'sim': 63.0, 'fant': 0.845}, {'p': 'Zach Pascal', 'y': 2017, 'sim': 62.0, 'fant': 0.774}, {'p': 'Will Sheppard', 'y': 2025, 'sim': 62.0, 'fant': None}, {'p': 'Andrei Iosivas', 'y': 2023, 'sim': 62.0, 'fant': None}, {'p': 'Jehu Chesson', 'y': 2017, 'sim': 62.0, 'fant': 0.178}, {'p': 'Cedric Tillman', 'y': 2023, 'sim': 62.0, 'fant': None}]"
Tanner Conner,2022,historical,1,0.061371841155234655,0.16606498194945848,9.837660599017,31.03213573740539,-0.6675580017883032,-1.0548570027495938,0,0,0,0.1780185758513932,0.3456375838926174,270.0,23.786447638603697,99.0,,0.713,,105.0,1.0,,0.0,"{'best_dom': 0.0, 'final_dom': 0.0, 'dom_age20': 0.0, 'n_seasons_30': -0.902, 'best_yds': -2.35, 'career_yds': -2.136, 'final_ppa': 0.173, 'best_ppa': -0.591, 'best_usage': 0.132, 'nfl_entry_age': 1.891, 'breakout_age': 2.214, 'early_declare': -0.713, 'ras': 0.0, 'explosion_p': 0.0, 'speed_score': 0.0, 'weight': 0.0, 'catch_radius': 0.0, 'team_sp_off': 0.0, 'team_sp_overall': 0.0, 'recruit_rating': 0.0, 'prod_over_recruit': 0.0, 'was_returner': -1.439, 'ret_td': 0.0, 'col_qb_ypa': -1.721, 'final_spike': 0.958, 'dom_growth': 0.0}","[{'p': 'Montrell Washington', 'y': 2022, 'sim': 73.0, 'fant': 0.359}, {'p': 'Alex Wesley', 'y': 2019, 'sim': 71.0, 'fant': 0.178}, {'p': 'Dezmin Lewis', 'y': 2015, 'sim': 68.0, 'fant': 0.178}, {'p': 'Braylon Sanders', 'y': 2022, 'sim': 62.0, 'fant': 0.178}, {'p': 'Casey Washington', 'y': 2024, 'sim': 60.0, 'fant': None}, {'p': 'Braxton Miller', 'y': 2016, 'sim': 60.0, 'fant': 0.492}]"
Dai'Jean Dixon,2022,historical,2,0.15162454873646208,0.3212996389891697,10.164196599016998,36.28308779111321,-0.10334480412171926,-0.24127339694333405,0,0,0,0.1780185758513932,0.3439597315436241,270.0,23.211498973305957,99.0,,1.348,0.3926870515743559,305.0,1.0,,0.0,"{'best_dom': 0.0, 'final_dom': 0.0, 'dom_age20': 0.0, 'n_seasons_30': -0.902, 'best_yds': -1.789, 'career_yds': -1.576, 'final_ppa': 2.592, 'best_ppa': 0.808, 'best_usage': 1.691, 'nfl_entry_age': 1.25, 'breakout_age': 2.214, 'early_declare': -0.713, 'ras': -0.512, 'explosion_p': -0.388, 'speed_score': -0.898, 'weight': 0.23, 'catch_radius': 0.442, 'team_sp_off': 0.0, 'team_sp_overall': 0.0, 'recruit_rating': 0.0, 'prod_over_recruit': 0.0, 'was_returner': -1.439, 'ret_td': 0.0, 'col_qb_ypa': 0.084, 'final_spike': 0.07, 'dom_growth': 0.0}","[{'p': 'Cooper Kupp', 'y': 2017, 'sim': 67.0, 'fant': 0.991}, {'p': 'Jaray Jenkins', 'y': 2023, 'sim': 67.0, 'fant': None}, {'p': 'Emmanuel Butler', 'y': 2019, 'sim': 66.0, 'fant': 0.178}, {'p': 'Traeshon Holden', 'y': 2025, 'sim': 62.0, 'fant': None}, {'p': 'Casey Washington', 'y': 2024, 'sim': 60.0, 'fant': None}, {'p': 'Keith Mumphery', 'y': 2015, 'sim': 60.0, 'fant': 0.458}]"
Simi Fehoko,2021,historical,5,0.48736462093862815,0.4296028880866426,12.272718200111598,38.023554854806044,-0.6499302612015229,0.1314389452005322,0,0,0,0.4520123839009288,0.3389261744966443,179.0,23.156741957563312,21.94113620807666,0.3834630028141036,0.72,0.535420381744931,584.0,1.0,4.0,1.0,"{'best_dom': 0.834, 'final_dom': 1.157, 'dom_age20': -1.358, 'n_seasons_30': 0.306, 'best_yds': -1.005, 'career_yds': -0.967, 'final_ppa': 0.2, 'best_ppa': 0.114, 'best_usage': 0.528, 'nfl_entry_age': 1.189, 'breakout_age': -0.405, 'early_declare': -0.713, 'ras': 0.936, 'explosion_p': 0.24, 'speed_score': 1.776, 'weight': 1.454, 'catch_radius': 0.443, 'team_sp_off': -0.791, 'team_sp_overall': -0.901, 'recruit_rating': 0.695, 'prod_over_recruit': 0.315, 'was_returner': -1.439, 'ret_td': 0.0, 'col_qb_ypa': -0.345, 'final_spike': -0.219, 'dom_growth': 1.853}","[{'p': 'Amara Darboh', 'y': 2017, 'sim': 63.0, 'fant': 0.381}, {'p': 'Erik Ezukanma', 'y': 2022, 'sim': 60.0, 'fant': 0.178}, {'p': 'Travis Fulgham', 'y': 2019, 'sim': 59.0, 'fant': 0.845}, {'p': 'David Sills', 'y': 2019, 'sim': 59.0, 'fant': 0.396}, {'p': 'Luke McCaffrey', 'y': 2024, 'sim': 57.0, 'fant': None}, {'p': 'Cornelius Johnson', 'y': 2024, 'sim': 56.0, 'fant': None}]"
Shi Smith,2021,historical,5,0.4548736462093863,0.3862815884476534,11.86039383683347,37.564288971947,0.11911940393127488,0.06856681690702437,0,0,0,0.4891640866873065,0.337248322147651,204.0,22.184804928131417,21.971252566735117,0.4174757281553398,0.396,0.463865206960673,673.0,1.0,4.0,1.0,"{'best_dom': 1.198, 'final_dom': 1.493, 'dom_age20': -0.114, 'n_seasons_30': 0.306, 'best_yds': -0.756, 'career_yds': 0.224, 'final_ppa': -1.034, 'best_ppa': -0.148, 'best_usage': 0.726, 'nfl_entry_age': 0.106, 'breakout_age': -0.404, 'early_declare': -0.713, 'ras': 0.049, 'explosion_p': -0.075, 'speed_score': -0.454, 'weight': -1.139, 'catch_radius': -0.149, 'team_sp_off': 0.163, 'team_sp_overall': 0.238, 'recruit_rating': 0.395, 'prod_over_recruit': 0.671, 'was_returner': 0.693, 'ret_td': -0.418, 'col_qb_ypa': -0.002, 'final_spike': -0.252, 'dom_growth': 0.869}","[{'p': 'Bo Melton', 'y': 2022, 'sim': 65.0, 'fant': 0.684}, {'p': 'Lynn Bowden', 'y': 2020, 'sim': 63.0, 'fant': 0.536}, {'p': 'Isaiah McKenzie', 'y': 2017, 'sim': 62.0, 'fant': 0.697}, {'p': 'Trishton Jackson', 'y': 2020, 'sim': 60.0, 'fant': 0.178}, {'p': 'Kevin Coleman Jr.', 'y': 2026, 'sim': 59.0, 'fant': None}, {'p': 'Jalen Nailor', 'y': 2022, 'sim': 58.0, 'fant': 0.687}]"
Noah Brown,2017,historical,5,0.4584837545126354,0.6173285198555957,11.866359229165994,42.88680039035652,1.7211058099075465,-0.40698424191823335,0,0,0,0.5851393188854489,0.3355704697986577,239.0,20.98836413415469,20.774811772758383,0.206891544270185,0.748,0.6961165048543689,402.0,0.0,4.0,0.0,"{'best_dom': -1.056, 'final_dom': -0.591, 'dom_age20': -1.349, 'n_seasons_30': -0.902, 'best_yds': -1.516, 'career_yds': -1.823, 'final_ppa': 0.307, 'best_ppa': -0.514, 'best_usage': -1.699, 'nfl_entry_age': -1.227, 'breakout_age': -0.445, 'early_declare': 1.399, 'ras': 0.08, 'explosion_p': 0.948, 'speed_score': 0.502, 'weight': 1.454, 'catch_radius': -0.065, 'team_sp_off': 0.044, 'team_sp_overall': 0.88, 'recruit_rating': 0.537, 'prod_over_recruit': -1.266, 'was_returner': 0.693, 'ret_td': -0.418, 'col_qb_ypa': -1.291, 'final_spike': 12.733, 'dom_growth': 0.422}","[{'p': 'Beaux Collins', 'y': 2025, 'sim': 60.0, 'fant': None}, {'p': 'Trevon Grimes', 'y': 2021, 'sim': 59.0, 'fant': None}, {'p': 'Kendrick Law', 'y': 2026, 'sim': 58.0, 'fant': None}, {'p': 'Tyrie Cleveland', 'y': 2020, 'sim': 57.0, 'fant': 0.412}, {'p': 'Devon Williams', 'y': 2022, 'sim': 56.0, 'fant': None}, {'p': 'Marquez Callaway', 'y': 2020, 'sim': 56.0, 'fant': 0.666}]"
DaVaris Daniels,2015,historical,3,0.2779783393501805,0.5090252707581228,10.53978481118278,39.763830004814956,-0.7904079255788273,-0.10605761391520896,0,0,0,,,270.0,,,0.2527568372002244,0.931,0.4274528353663358,745.0,0.0,4.0,0.0,"{'best_dom': -0.565, 'final_dom': -0.137, 'dom_age20': 0.0, 'n_seasons_30': -0.902, 'best_yds': -0.553, 'career_yds': -0.876, 'final_ppa': 1.004, 'best_ppa': -0.111, 'best_usage': -1.551, 'nfl_entry_age': 0.0, 'breakout_age': 0.0, 'early_declare': 0.0, 'ras': -0.534, 'explosion_p': -0.235, 'speed_score': -1.092, 'weight': -0.059, 'catch_radius': -0.272, 'team_sp_off': -0.016, 'team_sp_overall': 0.092, 'recruit_rating': 1.067, 'prod_over_recruit': -1.252, 'was_returner': -1.439, 'ret_td': 0.0, 'col_qb_ypa': -3.612, 'final_spike': -0.074, 'dom_growth': 0.119}","[{'p': 'Keon Hatcher', 'y': 2017, 'sim': 70.0, 'fant': 0.178}, {'p': 'Puka Nacua', 'y': 2023, 'sim': 64.0, 'fant': None}, {'p': 'Javon McKinley', 'y': 2021, 'sim': 63.0, 'fant': 0.178}, {'p': 'Jordan Hudson', 'y': 2026, 'sim': 63.0, 'fant': None}, {'p': 'Malik Heath', 'y': 2023, 'sim': 63.0, 'fant': None}, {'p': 'Riley Ridley', 'y': 2019, 'sim': 63.0, 'fant': 0.178}]"
Trevor Davis,2016,historical,6,0.5306859205776173,0.34296028880866425,12.796869562015441,36.54844698645478,0.20929334171279143,-0.21116888015133695,0,0,0,0.4458204334365325,0.3271812080536913,163.0,22.494182067077343,99.0,0.1349363197189284,0.807,0.6388028587614453,672.0,0.0,2.0,0.0,"{'best_dom': -1.826, 'final_dom': -1.585, 'dom_age20': -0.29, 'n_seasons_30': -0.902, 'best_yds': -0.758, 'career_yds': -0.374, 'final_ppa': 0.531, 'best_ppa': -0.384, 'best_usage': -1.6, 'nfl_entry_age': 0.451, 'breakout_age': 2.214, 'early_declare': -0.713, 'ras': 1.004, 'explosion_p': 0.695, 'speed_score': 0.041, 'weight': -0.995, 'catch_radius': 0.604, 'team_sp_off': 0.894, 'team_sp_overall': -0.002, 'recruit_rating': -1.632, 'prod_over_recruit': -0.307, 'was_returner': 0.693, 'ret_td': 1.111, 'col_qb_ypa': 0.6, 'final_spike': -0.026, 'dom_growth': -1.168}","[{'p': 'Kolby Listenbee', 'y': 2016, 'sim': 66.0, 'fant': 0.178}, {'p': 'Braxton Miller', 'y': 2016, 'sim': 62.0, 'fant': 0.492}, {'p': 'Casey Washington', 'y': 2024, 'sim': 62.0, 'fant': None}, {'p': 'Ladd McConkey', 'y': 2024, 'sim': 60.0, 'fant': None}, {'p': 'Jalen Brooks', 'y': 2023, 'sim': 59.0, 'fant': None}, {'p': 'Malik Benson', 'y': 2026, 'sim': 59.0, 'fant': None}]"
ArDarius Stewart,2017,historical,8,0.7364620938628159,0.36823104693140796,18.962726665829962,36.99051059970533,-0.6552983616384762,-0.3248886642278982,0,0,0,0.37770897832817335,0.3255033557046979,79.0,23.066392881587955,22.85284052019165,0.2908150821911126,0.687,0.4962205037901938,864.0,1.0,4.0,0.0,"{'best_dom': -0.158, 'final_dom': 0.24, 'dom_age20': -1.358, 'n_seasons_30': -0.902, 'best_yds': -0.219, 'career_yds': -0.326, 'final_ppa': 0.074, 'best_ppa': -0.648, 'best_usage': -0.536, 'nfl_entry_age': 1.088, 'breakout_age': -0.374, 'early_declare': -0.713, 'ras': -0.102, 'explosion_p': 0.068, 'speed_score': 0.248, 'weight': 0.158, 'catch_radius': -0.312, 'team_sp_off': 0.7, 'team_sp_overall': 1.677, 'recruit_rating': 1.197, 'prod_over_recruit': -0.916, 'was_returner': 0.693, 'ret_td': -0.418, 'col_qb_ypa': -0.775, 'final_spike': -0.159, 'dom_growth': 0.955}","[{'p': 'Cornell Powell', 'y': 2021, 'sim': 64.0, 'fant': 0.178}, {'p': 'Germie Bernard', 'y': 2026, 'sim': 63.0, 'fant': None}, {'p': 'Javon McKinley', 'y': 2021, 'sim': 61.0, 'fant': 0.178}, {'p': 'Omar Cooper Jr.', 'y': 2026, 'sim': 61.0, 'fant': None}, {'p': 'CJ Williams', 'y': 2026, 'sim': 60.0, 'fant': None}, {'p': 'Jordan Watkins', 'y': 2025, 'sim': 60.0, 'fant': None}]"
Robby Anderson,2016,historical,3,0.2924187725631769,0.5415162454873647,10.584229413032958,40.89633360631387,0.7583553209497472,0.2910436527259295,0,0,0,,,270.0,,,0.3295424621461488,0.353,0.7183809281951534,939.0,1.0,3.0,2.0,"{'best_dom': 0.257, 'final_dom': 0.623, 'dom_age20': 0.0, 'n_seasons_30': 1.514, 'best_yds': -0.009, 'career_yds': -0.307, 'final_ppa': -1.198, 'best_ppa': -1.384, 'best_usage': 0.033, 'nfl_entry_age': 0.0, 'breakout_age': 0.0, 'early_declare': 0.0, 'ras': 0.145, 'explosion_p': 1.046, 'speed_score': 0.591, 'weight': -1.067, 'catch_radius': -0.585, 'team_sp_off': -1.328, 'team_sp_overall': -0.524, 'recruit_rating': -1.343, 'prod_over_recruit': 1.128, 'was_returner': 0.693, 'ret_td': -0.418, 'col_qb_ypa': -1.119, 'final_spike': -0.173, 'dom_growth': -1.226}","[{'p': 'Stanley Morgan Jr.', 'y': 2019, 'sim': 63.0, 'fant': None}, {'p': 'Jalen Walthall', 'y': 2026, 'sim': 60.0, 'fant': None}, {'p': 'Reggie Virgil', 'y': 2026, 'sim': 60.0, 'fant': None}, {'p': 'Tamorrion Terry', 'y': 2021, 'sim': 59.0, 'fant': None}, {'p': 'Steven Sims', 'y': 2019, 'sim': 58.0, 'fant': 0.622}, {'p': 'Rodney Adams', 'y': 2017, 'sim': 58.0, 'fant': 0.178}]"
Cody Core,2016,historical,5,0.48736462093862815,0.2924187725631769,12.248876637569639,35.61252254039602,-0.7324184400240922,-0.27948307081156176,0,0,0,0.5882352941176471,0.3221476510067114,199.0,21.70841889117043,20.49555099247091,0.2063885647607934,0.728,0.343774296263015,644.0,0.0,3.0,0.0,"{'best_dom': -1.061, 'final_dom': -1.34, 'dom_age20': 0.276, 'n_seasons_30': -0.902, 'best_yds': -0.837, 'career_yds': -0.805, 'final_ppa': 0.231, 'best_ppa': 1.566, 'best_usage': -1.402, 'nfl_entry_age': -0.425, 'breakout_age': -0.455, 'early_declare': -0.713, 'ras': 0.384, 'explosion_p': -0.603, 'speed_score': 0.503, 'weight': 0.23, 'catch_radius': 0.504, 'team_sp_off': 1.162, 'team_sp_overall': 1.274, 'recruit_rating': -1.371, 'prod_over_recruit': 0.035, 'was_returner': -1.439, 'ret_td': 0.0, 'col_qb_ypa': 0.514, 'final_spike': -0.183, 'dom_growth': -0.186}","[{'p': 'Kyren Lacy', 'y': 2024, 'sim': 69.0, 'fant': None}, {'p': 'Mekale McKay', 'y': 2016, 'sim': 67.0, 'fant': 0.178}, {'p': 'Jakobi Meyers', 'y': 2019, 'sim': 67.0, 'fant': 0.91}, {'p': 'Josh Palmer', 'y': 2021, 'sim': 65.0, 'fant': 0.833}, {'p': 'Darrell Stewart', 'y': 2020, 'sim': 65.0, 'fant': None}, {'p': 'Malik Knowles', 'y': 2023, 'sim': 63.0, 'fant': None}]"
Emanuel Hall,2019,historical,4,0.36462093862815886,0.7509025270758123,10.860030693486447,46.994557366276375,0.07897312996948422,-0.11031490118321362,0,0,0,0.1780185758513932,0.3187919463087248,270.0,21.61533196440794,21.40177960301164,0.2211296412838262,1.129,0.950738736626881,828.0,1.0,3.0,0.0,"{'best_dom': -0.904, 'final_dom': -0.45, 'dom_age20': 0.168, 'n_seasons_30': -0.902, 'best_yds': -0.32, 'career_yds': 0.022, 'final_ppa': 1.758, 'best_ppa': 0.326, 'best_usage': -1.006, 'nfl_entry_age': -0.528, 'breakout_age': -0.424, 'early_declare': -0.713, 'ras': 2.162, 'explosion_p': 2.069, 'speed_score': 1.113, 'weight': -0.059, 'catch_radius': 1.639, 'team_sp_off': 0.894, 'team_sp_overall': 0.743, 'recruit_rating': -0.59, 'prod_over_recruit': -0.288, 'was_returner': -1.439, 'ret_td': 0.0, 'col_qb_ypa': -0.174, 'final_spike': -0.225, 'dom_growth': 0.417}","[{'p': 'Sam Brown Jr.', 'y': 2025, 'sim': 70.0, 'fant': None}, {'p': 'Kevin Austin', 'y': 2022, 'sim': 68.0, 'fant': 0.461}, {'p': 'D.J. Chark', 'y': 2018, 'sim': 66.0, 'fant': 0.879}, {'p': 'Gary Jennings', 'y': 2019, 'sim': 64.0, 'fant': 0.178}, {'p': ""Ja'Lynn Polk"", 'y': 2024, 'sim': 61.0, 'fant': None}, {'p': 'Chris Moore', 'y': 2016, 'sim': 61.0, 'fant': 0.613}]"
Jaylen Waddle,2021,historical,10,0.9711191335740073,0.592057761732852,51.10886141694561,42.05747558513509,0.04318769200960482,-0.2525275191283787,0,0,1,0.9566563467492261,0.3104026845637584,6.0,22.102669404517453,99.0,0.1544787449392712,1.368,0.4204081632653061,848.0,0.0,4.0,0.0,"{'best_dom': -1.617, 'final_dom': -1.539, 'dom_age20': -0.135, 'n_seasons_30': -0.902, 'best_yds': -0.264, 'career_yds': 0.002, 'final_ppa': 2.668, 'best_ppa': 0.852, 'best_usage': -0.511, 'nfl_entry_age': 0.014, 'breakout_age': 2.214, 'early_declare': -0.713, 'ras': -1.898, 'explosion_p': -0.266, 'speed_score': 0.0, 'weight': -1.571, 'catch_radius': -1.771, 'team_sp_off': 2.325, 'team_sp_overall': 2.071, 'recruit_rating': 1.466, 'prod_over_recruit': -2.179, 'was_returner': 0.693, 'ret_td': 1.876, 'col_qb_ypa': 2.577, 'final_spike': -0.319, 'dom_growth': -1.592}","[{'p': 'Isaiah Bond', 'y': 2025, 'sim': 64.0, 'fant': None}, {'p': 'Ladd McConkey', 'y': 2024, 'sim': 60.0, 'fant': None}, {'p': 'John Metchie', 'y': 2022, 'sim': 58.0, 'fant': 0.502}, {'p': 'Tre Tucker', 'y': 2023, 'sim': 58.0, 'fant': None}, {'p': 'Anthony Gould', 'y': 2024, 'sim': 55.0, 'fant': None}, {'p': 'Danny Gray', 'y': 2022, 'sim': 54.0, 'fant': 0.356}]"
Josh Harper,2015,historical,1,0.036101083032490974,0.15162454873646208,9.710726440483704,30.777401296392938,-0.9222705583715527,-0.0730959766394194,0,0,0,,,270.0,,,0.3151277139208174,0.551,0.0632965616165788,1097.0,1.0,,1.0,"{'best_dom': 0.103, 'final_dom': 0.48, 'dom_age20': 0.0, 'n_seasons_30': 0.306, 'best_yds': 0.435, 'career_yds': 1.082, 'final_ppa': -0.444, 'best_ppa': -0.175, 'best_usage': 0.033, 'nfl_entry_age': 0.0, 'breakout_age': 0.0, 'early_declare': 0.0, 'ras': -2.155, 'explosion_p': -1.838, 'speed_score': -1.734, 'weight': -0.779, 'catch_radius': -1.439, 'team_sp_off': -1.611, 'team_sp_overall': -1.629, 'recruit_rating': 0.0, 'prod_over_recruit': 0.0, 'was_returner': -1.439, 'ret_td': 0.0, 'col_qb_ypa': -1.807, 'final_spike': -0.204, 'dom_growth': -0.038}","[{'p': 'Cam Phillips', 'y': 2018, 'sim': 82.0, 'fant': 0.178}, {'p': 'Gabe Marks', 'y': 2017, 'sim': 68.0, 'fant': None}, {'p': 'Noel Thomas', 'y': 2017, 'sim': 65.0, 'fant': 0.178}, {'p': 'Josh Johnson', 'y': 2022, 'sim': 64.0, 'fant': None}, {'p': 'Aaron Fuller', 'y': 2020, 'sim': 64.0, 'fant': 0.178}, {'p': 'Artavis Scott', 'y': 2017, 'sim': 62.0, 'fant': 0.178}]"
John Metchie,2022,historical,9,0.8664259927797834,0.6173285198555957,27.745674828055236,43.08320537931209,-0.6288472438662436,-0.1914444529659081,0,0,0,0.5015479876160991,0.296979865771812,44.0,21.45653661875428,99.0,0.1958900059136605,0.624,,1142.0,0.0,4.0,0.0,"{'best_dom': -1.174, 'final_dom': -0.7, 'dom_age20': -0.014, 'n_seasons_30': -0.902, 'best_yds': 0.561, 'career_yds': 0.097, 'final_ppa': -0.166, 'best_ppa': -0.247, 'best_usage': 0.28, 'nfl_entry_age': -0.705, 'breakout_age': 2.214, 'early_declare': 1.399, 'ras': -1.503, 'explosion_p': 0.0, 'speed_score': 0.0, 'weight': -1.067, 'catch_radius': -1.149, 'team_sp_off': 0.834, 'team_sp_overall': 1.189, 'recruit_rating': 0.318, 'prod_over_recruit': -1.185, 'was_returner': 0.693, 'ret_td': -0.418, 'col_qb_ypa': 0.6, 'final_spike': -0.156, 'dom_growth': 0.322}","[{'p': 'Tre Tucker', 'y': 2023, 'sim': 57.0, 'fant': None}, {'p': 'Isaiah Bond', 'y': 2025, 'sim': 56.0, 'fant': None}, {'p': 'Freddie Swain', 'y': 2020, 'sim': 55.0, 'fant': 0.539}, {'p': 'K.J. Hill', 'y': 2020, 'sim': 55.0, 'fant': 0.427}, {'p': 'Tre Nixon', 'y': 2021, 'sim': 55.0, 'fant': 0.178}, {'p': 'Harrison Wallace', 'y': 2026, 'sim': 55.0, 'fant': None}]"
Van Jefferson,2020,historical,9,0.8086642599277978,0.23104693140794225,22.967488419323693,34.18057623224822,0.18199357561972992,-0.8156563868564137,0,0,0,0.7151702786377709,0.296979865771812,57.0,23.43326488706365,99.0,0.1965809794757163,0.843,,657.0,1.0,4.0,0.0,"{'best_dom': -1.166, 'final_dom': -0.907, 'dom_age20': -0.349, 'n_seasons_30': -0.902, 'best_yds': -0.801, 'career_yds': 0.186, 'final_ppa': 0.669, 'best_ppa': -0.305, 'best_usage': -0.957, 'nfl_entry_age': 1.497, 'breakout_age': 2.214, 'early_declare': -0.713, 'ras': 0.258, 'explosion_p': 0.0, 'speed_score': 0.0, 'weight': -0.131, 'catch_radius': 0.308, 'team_sp_off': 0.372, 'team_sp_overall': 1.017, 'recruit_rating': 1.021, 'prod_over_recruit': -1.609, 'was_returner': 0.693, 'ret_td': -0.418, 'col_qb_ypa': 0.084, 'final_spike': -0.167, 'dom_growth': -0.857}","[{'p': 'Antoine Green', 'y': 2023, 'sim': 69.0, 'fant': None}, {'p': 'Charone Peake', 'y': 2016, 'sim': 68.0, 'fant': 0.464}, {'p': 'Casey Washington', 'y': 2024, 'sim': 67.0, 'fant': None}, {'p': 'Braxton Miller', 'y': 2016, 'sim': 65.0, 'fant': 0.492}, {'p': 'Jordan Whittington', 'y': 2024, 'sim': 65.0, 'fant': None}, {'p': 'Malik Benson', 'y': 2026, 'sim': 63.0, 'fant': None}]"
Kevin Austin,2022,historical,4,0.33574007220216606,0.7256317689530686,10.759752482456129,46.64243393000095,1.0193444576330788,0.2702957520612285,0,0,0,0.4613003095975232,0.2953020134228188,270.0,21.75770020533881,21.544147843942504,0.2375816993464052,1.079,0.8380495176328427,888.0,1.0,4.0,0.0,"{'best_dom': -0.728, 'final_dom': -0.287, 'dom_age20': -1.256, 'n_seasons_30': -0.902, 'best_yds': -0.152, 'career_yds': -1.155, 'final_ppa': 1.567, 'best_ppa': 0.215, 'best_usage': -0.907, 'nfl_entry_age': -0.37, 'breakout_age': -0.419, 'early_declare': 1.399, 'ras': 1.495, 'explosion_p': 1.572, 'speed_score': 0.631, 'weight': -0.131, 'catch_radius': 0.766, 'team_sp_off': 0.133, 'team_sp_overall': 0.452, 'recruit_rating': 1.158, 'prod_over_recruit': -1.432, 'was_returner': 0.693, 'ret_td': -0.418, 'col_qb_ypa': -0.002, 'final_spike': 2.539, 'dom_growth': 0.576}","[{'p': 'Darius Slayton', 'y': 2019, 'sim': 67.0, 'fant': 0.851}, {'p': 'Emanuel Hall', 'y': 2019, 'sim': 66.0, 'fant': 0.178}, {'p': ""Ja'Kobi Lane"", 'y': 2026, 'sim': 65.0, 'fant': None}, {'p': 'Michael Jefferson', 'y': 2023, 'sim': 61.0, 'fant': None}, {'p': 'Sam Brown Jr.', 'y': 2025, 'sim': 61.0, 'fant': None}, {'p': 'Nico Collins', 'y': 2021, 'sim': 60.0, 'fant': 0.954}]"
Chris Moore,2016,historical,7,0.6606498194945848,0.5270758122743683,15.973971900945845,40.35317282459259,-0.5249244312007085,0.13054895245235393,0,0,0,0.6130030959752322,0.2936241610738255,107.0,22.54346338124572,20.331279945242983,0.2424219117593832,0.836,0.6904143306440585,870.0,0.0,3.0,0.0,"{'best_dom': -0.676, 'final_dom': -0.524, 'dom_age20': 0.561, 'n_seasons_30': -0.902, 'best_yds': -0.203, 'career_yds': 0.349, 'final_ppa': 0.642, 'best_ppa': -0.32, 'best_usage': -1.179, 'nfl_entry_age': 0.506, 'breakout_age': -0.46, 'early_declare': -0.713, 'ras': 1.177, 'explosion_p': 0.923, 'speed_score': -0.033, 'weight': 0.302, 'catch_radius': 0.743, 'team_sp_off': -0.135, 'team_sp_overall': -0.584, 'recruit_rating': -0.689, 'prod_over_recruit': -0.166, 'was_returner': 0.693, 'ret_td': -0.418, 'col_qb_ypa': 0.514, 'final_spike': -0.142, 'dom_growth': 0.016}","[{'p': 'Chimere Dike', 'y': 2025, 'sim': 72.0, 'fant': None}, {'p': ""De'Zhaun Stribling"", 'y': 2026, 'sim': 69.0, 'fant': None}, {'p': 'Sam Brown Jr.', 'y': 2025, 'sim': 68.0, 'fant': None}, {'p': 'Tim Jones', 'y': 2021, 'sim': 66.0, 'fant': 0.375}, {'p': ""Ja'Lynn Polk"", 'y': 2024, 'sim': 65.0, 'fant': None}, {'p': 'DeVante Parker', 'y': 2015, 'sim': 63.0, 'fant': 0.895}]"
Korey Robertson,2018,historical,4,0.3176895306859206,0.6642599277978339,10.629048163696085,44.508704036954796,-1.1450554919068934,0.13507840917364514,0,0,0,,,270.0,,,0.4271867991028516,0.794,0.4333448680990241,1106.0,1.0,3.0,1.0,"{'best_dom': 1.302, 'final_dom': 1.589, 'dom_age20': 0.0, 'n_seasons_30': 0.306, 'best_yds': 0.46, 'career_yds': -0.292, 'final_ppa': 0.482, 'best_ppa': 0.502, 'best_usage': -0.066, 'nfl_entry_age': 0.0, 'breakout_age': 0.0, 'early_declare': 0.0, 'ras': -0.604, 'explosion_p': -0.209, 'speed_score': -0.008, 'weight': 0.734, 'catch_radius': -0.227, 'team_sp_off': -1.552, 'team_sp_overall': -1.329, 'recruit_rating': -1.291, 'prod_over_recruit': 1.95, 'was_returner': 0.693, 'ret_td': -0.418, 'col_qb_ypa': -0.947, 'final_spike': 0.226, 'dom_growth': 1.735}","[{'p': 'Gabriel Davis', 'y': 2020, 'sim': 64.0, 'fant': None}, {'p': 'Fred Ross', 'y': 2017, 'sim': 64.0, 'fant': 0.178}, {'p': 'Xavier Hutchinson', 'y': 2023, 'sim': 63.0, 'fant': None}, {'p': 'Quintez Cephus', 'y': 2020, 'sim': 62.0, 'fant': 0.762}, {'p': 'Lewis Bond', 'y': 2026, 'sim': 59.0, 'fant': None}, {'p': 'Devante Davis', 'y': 2015, 'sim': 59.0, 'fant': None}]"
Jalin Marshall,2016,historical,5,0.44765342960288806,0.631768953068592,11.737692294651865,43.65060036172195,0.935527202005635,0.14250490842619332,0,0,0,0.6811145510835913,0.2902684563758389,270.0,20.449007529089663,20.23545516769336,0.2287276235395005,,0.5327605019855611,499.0,0.0,5.0,0.0,"{'best_dom': -0.822, 'final_dom': -0.375, 'dom_age20': 0.453, 'n_seasons_30': -0.902, 'best_yds': -1.244, 'career_yds': -1.174, 'final_ppa': 0.0, 'best_ppa': 0.0, 'best_usage': 0.0, 'nfl_entry_age': -1.828, 'breakout_age': -0.463, 'early_declare': 1.399, 'ras': 0.122, 'explosion_p': 0.228, 'speed_score': -0.97, 'weight': -0.131, 'catch_radius': -0.024, 'team_sp_off': 1.535, 'team_sp_overall': 1.171, 'recruit_rating': 1.543, 'prod_over_recruit': -1.795, 'was_returner': 0.693, 'ret_td': 0.347, 'col_qb_ypa': 0.686, 'final_spike': -0.242, 'dom_growth': -0.513}","[{'p': 'Antonio Callaway', 'y': 2018, 'sim': 64.0, 'fant': 0.65}, {'p': 'Rakim Jarrett', 'y': 2023, 'sim': 63.0, 'fant': None}, {'p': 'Curtis Samuel', 'y': 2017, 'sim': 63.0, 'fant': 0.885}, {'p': 'Parker Washington', 'y': 2023, 'sim': 61.0, 'fant': None}, {'p': 'Anthony Schwartz', 'y': 2021, 'sim': 60.0, 'fant': 0.44}, {'p': 'Deon Cain', 'y': 2018, 'sim': 60.0, 'fant': 0.384}]"
Terry Godwin,2019,historical,4,0.37545126353790614,0.35018050541516244,10.904707310616715,36.722378198480065,0.46275800394969097,-0.22056518192234925,0,0,0,0.1780185758513932,0.2885906040268456,237.0,22.190280629705683,20.97741273100616,0.2454297022238974,1.152,0.3023945336373302,639.0,0.0,5.0,0.0,"{'best_dom': -0.643, 'final_dom': -1.618, 'dom_age20': -0.169, 'n_seasons_30': -0.902, 'best_yds': -0.851, 'career_yds': -0.24, 'final_ppa': 1.846, 'best_ppa': 0.376, 'best_usage': -1.155, 'nfl_entry_age': 0.112, 'breakout_age': -0.438, 'early_declare': -0.713, 'ras': -0.909, 'explosion_p': -0.786, 'speed_score': -1.354, 'weight': -1.283, 'catch_radius': -0.695, 'team_sp_off': 0.64, 'team_sp_overall': 1.249, 'recruit_rating': 1.609, 'prod_over_recruit': -1.699, 'was_returner': 0.693, 'ret_td': 0.347, 'col_qb_ypa': 0.686, 'final_spike': -0.352, 'dom_growth': -1.622}","[{'p': 'Riley Ridley', 'y': 2019, 'sim': 63.0, 'fant': 0.178}, {'p': 'Jacolby George', 'y': 2025, 'sim': 62.0, 'fant': None}, {'p': 'Julian Fleming', 'y': 2024, 'sim': 61.0, 'fant': None}, {'p': 'DaVaris Daniels', 'y': 2015, 'sim': 60.0, 'fant': None}, {'p': 'Rakim Jarrett', 'y': 2023, 'sim': 59.0, 'fant': None}, {'p': 'Tayvion Robinson', 'y': 2024, 'sim': 58.0, 'fant': None}]"
Velus Jones,2022,historical,8,0.776173285198556,0.3574007220216607,20.14614554663679,36.84730328933585,-1.5714180233788442,-0.46054024210696076,0,0,0,0.42105263157894735,0.2785234899328859,71.0,24.643394934976044,24.42984257357974,0.2267966922365486,0.832,0.5116548109740272,807.0,0.0,3.0,0.0,"{'best_dom': -0.843, 'final_dom': -0.394, 'dom_age20': -1.315, 'n_seasons_30': -0.902, 'best_yds': -0.379, 'career_yds': -0.647, 'final_ppa': 0.627, 'best_ppa': -0.329, 'best_usage': -0.957, 'nfl_entry_age': 2.845, 'breakout_age': -0.321, 'early_declare': -0.713, 'ras': 0.086, 'explosion_p': 0.136, 'speed_score': 2.216, 'weight': 0.158, 'catch_radius': -0.677, 'team_sp_off': 0.61, 'team_sp_overall': 0.461, 'recruit_rating': -0.211, 'prod_over_recruit': -0.623, 'was_returner': 0.693, 'ret_td': 1.111, 'col_qb_ypa': 1.374, 'final_spike': 0.33, 'dom_growth': 0.548}","[{'p': 'Jordan Watkins', 'y': 2025, 'sim': 61.0, 'fant': None}, {'p': 'Johnnie Dixon', 'y': 2019, 'sim': 60.0, 'fant': 0.178}, {'p': 'Malik Benson', 'y': 2026, 'sim': 60.0, 'fant': None}, {'p': 'Antwane Wells Jr.', 'y': 2025, 'sim': 59.0, 'fant': None}, {'p': 'Tejhaun Palmer', 'y': 2024, 'sim': 59.0, 'fant': None}, {'p': 'Anthony Smith', 'y': 2026, 'sim': 59.0, 'fant': None}]"
Braxton Miller,2016,historical,8,0.7256317689530686,0.09386281588447654,18.103461589092316,28.960656313760396,0.6621338879339989,-0.5217435791222496,0,0,0,0.49226006191950467,0.2785234899328859,85.0,23.08555783709788,99.0,0.1483974702540465,,0.4759688970624486,341.0,0.0,,0.0,"{'best_dom': -1.682, 'final_dom': -1.17, 'dom_age20': -1.358, 'n_seasons_30': -0.902, 'best_yds': -1.688, 'career_yds': -1.904, 'final_ppa': 0.0, 'best_ppa': 0.0, 'best_usage': 0.0, 'nfl_entry_age': 1.11, 'breakout_age': 2.214, 'early_declare': -0.713, 'ras': 0.402, 'explosion_p': -0.022, 'speed_score': -0.012, 'weight': -0.059, 'catch_radius': -0.292, 'team_sp_off': 0.894, 'team_sp_overall': 1.488, 'recruit_rating': 0.0, 'prod_over_recruit': 0.0, 'was_returner': -1.439, 'ret_td': 0.0, 'col_qb_ypa': 0.084, 'final_spike': -0.229, 'dom_growth': -1.241}","[{'p': 'Jalen Brooks', 'y': 2023, 'sim': 72.0, 'fant': None}, {'p': 'Casey Washington', 'y': 2024, 'sim': 67.0, 'fant': None}, {'p': 'Van Jefferson', 'y': 2020, 'sim': 67.0, 'fant': 0.715}, {'p': 'Braylon Sanders', 'y': 2022, 'sim': 65.0, 'fant': 0.178}, {'p': 'Montrell Washington', 'y': 2022, 'sim': 65.0, 'fant': 0.359}, {'p': 'Malik Benson', 'y': 2026, 'sim': 63.0, 'fant': None}]"
Danny Gray,2022,historical,7,0.6714801444043321,0.555956678700361,16.10695649215078,41.26399102057323,-0.6556063555177599,-0.34709759359907466,0,0,0,0.3560371517027864,0.2785234899328859,105.0,22.75427789185489,22.54072553045859,0.2252641994021304,1.138,0.6023660688123191,803.0,1.0,3.0,0.0,"{'best_dom': -0.859, 'final_dom': -0.409, 'dom_age20': -1.358, 'n_seasons_30': -0.902, 'best_yds': -0.391, 'career_yds': -0.858, 'final_ppa': 1.792, 'best_ppa': 0.345, 'best_usage': -0.635, 'nfl_entry_age': 0.741, 'breakout_age': -0.385, 'early_declare': -0.713, 'ras': 0.045, 'explosion_p': 0.535, 'speed_score': 0.848, 'weight': -1.139, 'catch_radius': -0.246, 'team_sp_off': 0.208, 'team_sp_overall': -0.276, 'recruit_rating': -0.182, 'prod_over_recruit': -0.55, 'was_returner': 0.693, 'ret_td': -0.418, 'col_qb_ypa': -0.174, 'final_spike': 0.006, 'dom_growth': -0.692}","[{'p': 'Jordan Watkins', 'y': 2025, 'sim': 76.0, 'fant': None}, {'p': 'Ladd McConkey', 'y': 2024, 'sim': 61.0, 'fant': None}, {'p': 'Ricky Pearsall', 'y': 2024, 'sim': 61.0, 'fant': None}, {'p': 'Jaylin Lane', 'y': 2025, 'sim': 61.0, 'fant': None}, {'p': 'Tim Jones', 'y': 2021, 'sim': 60.0, 'fant': 0.375}, {'p': 'Tejhaun Palmer', 'y': 2024, 'sim': 60.0, 'fant': None}]"
Jalen Hurd,2019,historical,8,0.7870036101083032,0.33212996389891697,20.854264064513178,36.43749648930803,0.17912393632133577,-0.6115101873459403,0,0,0,0.1780185758513932,0.2785234899328859,67.0,22.94045174537988,22.72689938398357,0.2156124919109364,,0.5204773718594508,946.0,1.0,4.0,0.0,"{'best_dom': -0.963, 'final_dom': -0.504, 'dom_age20': -0.601, 'n_seasons_30': -0.902, 'best_yds': 0.011, 'career_yds': -0.643, 'final_ppa': 0.0, 'best_ppa': 0.0, 'best_usage': 0.0, 'nfl_entry_age': 0.948, 'breakout_age': -0.379, 'early_declare': -0.713, 'ras': 0.907, 'explosion_p': 0.174, 'speed_score': -0.069, 'weight': 1.742, 'catch_radius': 1.256, 'team_sp_off': -0.329, 'team_sp_overall': -0.867, 'recruit_rating': 1.489, 'prod_over_recruit': -1.855, 'was_returner': 0.693, 'ret_td': -0.418, 'col_qb_ypa': -0.345, 'final_spike': 0.745, 'dom_growth': -0.156}","[{'p': 'Collin Johnson', 'y': 2020, 'sim': 72.0, 'fant': 0.551}, {'p': 'Jaleel Scott', 'y': 2018, 'sim': 67.0, 'fant': 0.178}, {'p': 'Johnny Wilson', 'y': 2024, 'sim': 62.0, 'fant': None}, {'p': 'Trevon Grimes', 'y': 2021, 'sim': 62.0, 'fant': None}, {'p': 'Bug Howard', 'y': 2017, 'sim': 61.0, 'fant': 0.178}, {'p': 'Elijah Higgins', 'y': 2023, 'sim': 60.0, 'fant': None}]"
Terry McLaurin,2019,historical,8,0.7545126353790613,0.6534296028880866,19.33475625959189,44.08610844015904,-0.783086422688118,0.08643135456851611,0,0,0,0.9256965944272446,0.2785234899328859,76.0,23.29637234770705,99.0,0.1796819085487077,1.725,0.7871294340243961,701.0,0.0,4.0,0.0,"{'best_dom': -1.347, 'final_dom': -0.86, 'dom_age20': -1.358, 'n_seasons_30': -0.902, 'best_yds': -0.677, 'career_yds': -0.858, 'final_ppa': 4.028, 'best_ppa': 1.639, 'best_usage': -1.872, 'nfl_entry_age': 1.345, 'breakout_age': 2.214, 'early_declare': -0.713, 'ras': 1.105, 'explosion_p': 1.348, 'speed_score': 1.989, 'weight': 0.446, 'catch_radius': -0.234, 'team_sp_off': 1.356, 'team_sp_overall': 1.026, 'recruit_rating': 0.315, 'prod_over_recruit': -1.305, 'was_returner': 0.693, 'ret_td': -0.418, 'col_qb_ypa': 0.6, 'final_spike': -0.048, 'dom_growth': -0.265}","[{'p': 'Isaac TeSlaa', 'y': 2025, 'sim': 61.0, 'fant': None}, {'p': 'KeAndre Lambert-Smith', 'y': 2025, 'sim': 59.0, 'fant': None}, {'p': 'Tejhaun Palmer', 'y': 2024, 'sim': 57.0, 'fant': None}, {'p': 'Ladd McConkey', 'y': 2024, 'sim': 57.0, 'fant': None}, {'p': 'Jacob Copeland', 'y': 2023, 'sim': 56.0, 'fant': None}, {'p': ""Dont'e Thornton"", 'y': 2025, 'sim': 56.0, 'fant': None}]"
Stacy Coley,2017,historical,7,0.6353790613718412,0.5234657039711191,15.565692302528543,40.34643590818872,0.06315205462667747,-0.12569954187090543,0,0,0,0.1780185758513932,0.2768456375838926,219.0,22.639288158795345,19.42505133470226,0.2724466891133558,0.555,0.4329023609990967,754.0,0.0,4.0,0.0,"{'best_dom': -0.354, 'final_dom': 0.058, 'dom_age20': 0.444, 'n_seasons_30': -0.902, 'best_yds': -0.528, 'career_yds': 0.259, 'final_ppa': -0.428, 'best_ppa': -0.144, 'best_usage': -0.338, 'nfl_entry_age': 0.612, 'breakout_age': -0.491, 'early_declare': -0.713, 'ras': -0.409, 'explosion_p': -0.211, 'speed_score': 0.145, 'weight': -0.491, 'catch_radius': 0.085, 'team_sp_off': -0.18, 'team_sp_overall': 0.555, 'recruit_rating': 1.354, 'prod_over_recruit': -1.18, 'was_returner': 0.693, 'ret_td': 1.111, 'col_qb_ypa': 0.17, 'final_spike': -0.203, 'dom_growth': -0.878}","[{'p': 'Dane Key', 'y': 2026, 'sim': 69.0, 'fant': None}, {'p': 'Dominic Lovett', 'y': 2025, 'sim': 65.0, 'fant': None}, {'p': 'Kevin Coleman Jr.', 'y': 2026, 'sim': 62.0, 'fant': None}, {'p': 'Rakim Jarrett', 'y': 2023, 'sim': 61.0, 'fant': None}, {'p': 'Jordan Hudson', 'y': 2026, 'sim': 61.0, 'fant': None}, {'p': 'DaVaris Daniels', 'y': 2015, 'sim': 60.0, 'fant': None}]"
Quartney Davis,2020,historical,4,0.33935018050541516,0.23826714801444043,10.763346324434075,34.290514779773424,0.38192769569006035,-0.6104022056135673,0,0,0,0.1780185758513932,0.2701342281879195,270.0,21.73579739904175,20.522929500342237,0.2293129770992366,0.318,0.4299036940087124,616.0,0.0,4.0,0.0,"{'best_dom': -0.816, 'final_dom': -0.742, 'dom_age20': -1.358, 'n_seasons_30': -0.902, 'best_yds': -0.916, 'career_yds': -0.915, 'final_ppa': -1.331, 'best_ppa': -0.968, 'best_usage': 0.132, 'nfl_entry_age': -0.394, 'breakout_age': -0.454, 'early_declare': 1.399, 'ras': -0.109, 'explosion_p': -0.224, 'speed_score': -0.387, 'weight': -0.059, 'catch_radius': -0.022, 'team_sp_off': -0.195, 'team_sp_overall': 0.246, 'recruit_rating': 0.867, 'prod_over_recruit': -1.314, 'was_returner': 0.693, 'ret_td': -0.418, 'col_qb_ypa': -1.119, 'final_spike': -0.213, 'dom_growth': -1.546}","[{'p': 'Jordan Hudson', 'y': 2026, 'sim': 68.0, 'fant': None}, {'p': 'Dane Key', 'y': 2026, 'sim': 66.0, 'fant': None}, {'p': 'DaMarkus Lodge', 'y': 2019, 'sim': 65.0, 'fant': 0.178}, {'p': 'Stacy Coley', 'y': 2017, 'sim': 62.0, 'fant': 0.178}, {'p': 'Germie Bernard', 'y': 2026, 'sim': 61.0, 'fant': None}, {'p': 'Darrell Stewart', 'y': 2020, 'sim': 60.0, 'fant': None}]"
DaMarkus Lodge,2019,historical,4,0.3212996389891697,0.20216606498194944,10.646363995873166,33.292365900733984,-1.3067460730224982,-0.2471704528097536,0,0,0,0.1780185758513932,0.2634228187919463,270.0,21.639972621492127,20.42710472279261,0.2135562040091347,0.414,0.2791776549263217,867.0,0.0,4.0,0.0,"{'best_dom': -0.985, 'final_dom': -0.717, 'dom_age20': 0.333, 'n_seasons_30': -0.902, 'best_yds': -0.211, 'career_yds': -0.249, 'final_ppa': -0.965, 'best_ppa': 4.803, 'best_usage': 0.256, 'nfl_entry_age': -0.501, 'breakout_age': -0.457, 'early_declare': -0.713, 'ras': -0.6, 'explosion_p': -0.888, 'speed_score': -0.427, 'weight': 0.014, 'catch_radius': 0.426, 'team_sp_off': 1.013, 'team_sp_overall': -0.199, 'recruit_rating': 1.509, 'prod_over_recruit': -1.839, 'was_returner': -1.439, 'ret_td': 0.0, 'col_qb_ypa': 0.944, 'final_spike': -0.157, 'dom_growth': 0.202}","[{'p': 'Kenny Lawler', 'y': 2016, 'sim': 68.0, 'fant': 0.178}, {'p': 'Jordan Hudson', 'y': 2026, 'sim': 68.0, 'fant': None}, {'p': 'Dane Key', 'y': 2026, 'sim': 67.0, 'fant': None}, {'p': 'Quartney Davis', 'y': 2020, 'sim': 66.0, 'fant': 0.178}, {'p': 'Puka Nacua', 'y': 2023, 'sim': 62.0, 'fant': None}, {'p': 'Germie Bernard', 'y': 2026, 'sim': 60.0, 'fant': None}]"
K.J. Osborn,2020,historical,5,0.49458483754512633,0.3898916967509025,12.34255441713217,37.60001164332127,-1.7995003471165674,-0.011524296978396202,0,0,0,0.804953560371517,0.2583892617449664,176.0,22.55989048596852,21.347022587268995,0.266318124207858,0.458,0.63393611786298,892.0,1.0,2.0,0.0,"{'best_dom': -0.42, 'final_dom': -0.886, 'dom_age20': -0.139, 'n_seasons_30': -0.902, 'best_yds': -0.141, 'career_yds': 0.046, 'final_ppa': -0.798, 'best_ppa': -0.869, 'best_usage': -0.338, 'nfl_entry_age': 0.524, 'breakout_age': -0.426, 'early_declare': -0.713, 'ras': 0.065, 'explosion_p': 0.674, 'speed_score': 0.456, 'weight': 0.302, 'catch_radius': -0.378, 'team_sp_off': -0.597, 'team_sp_overall': -1.132, 'recruit_rating': -1.682, 'prod_over_recruit': 0.756, 'was_returner': 0.693, 'ret_td': -0.418, 'col_qb_ypa': -0.431, 'final_spike': -0.344, 'dom_growth': -0.354}","[{'p': 'Rannell Hall', 'y': 2015, 'sim': 71.0, 'fant': 0.178}, {'p': 'Jonathan Adams', 'y': 2021, 'sim': 65.0, 'fant': None}, {'p': 'Cody Thompson', 'y': 2019, 'sim': 64.0, 'fant': 0.178}, {'p': 'Davon Grayson', 'y': 2018, 'sim': 63.0, 'fant': 0.178}, {'p': 'Deebo Samuel', 'y': 2019, 'sim': 59.0, 'fant': 0.975}, {'p': 'Geremy Davis', 'y': 2015, 'sim': 59.0, 'fant': 0.178}]"
DeAndre Smelter,2015,historical,6,0.592057761732852,0.6353790613718412,14.303981579615623,43.71724805121336,0.13972976444010746,0.01542297400561789,0,0,0,0.1780185758513932,0.2567114093959731,132.0,23.08008213552361,21.867214236824093,0.3788213047589032,1.21,0.7029126213592233,715.0,1.0,,1.0,"{'best_dom': 0.785, 'final_dom': 1.111, 'dom_age20': -1.358, 'n_seasons_30': 0.306, 'best_yds': -0.638, 'career_yds': -1.077, 'final_ppa': 2.066, 'best_ppa': 0.504, 'best_usage': -0.883, 'nfl_entry_age': 1.104, 'breakout_age': -0.408, 'early_declare': -0.713, 'ras': 1.458, 'explosion_p': 0.978, 'speed_score': 0.506, 'weight': 1.742, 'catch_radius': 1.662, 'team_sp_off': 1.311, 'team_sp_overall': -0.079, 'recruit_rating': 0.0, 'prod_over_recruit': 0.0, 'was_returner': 0.693, 'ret_td': -0.418, 'col_qb_ypa': 0.858, 'final_spike': 0.09, 'dom_growth': -0.466}","[{'p': 'Bub Means', 'y': 2024, 'sim': 78.0, 'fant': None}, {'p': 'CJ Johnson', 'y': 2023, 'sim': 63.0, 'fant': None}, {'p': 'Austin Watkins', 'y': 2021, 'sim': 62.0, 'fant': 0.178}, {'p': 'Xavier Legette', 'y': 2024, 'sim': 62.0, 'fant': None}, {'p': 'Tre Harris', 'y': 2025, 'sim': 62.0, 'fant': None}, {'p': 'Mack Hollins', 'y': 2017, 'sim': 61.0, 'fant': 0.638}]"
Kendrick Bourne,2017,historical,4,0.34657039711191334,0.2563176895306859,10.78522681495129,34.80226527641721,0.5804607538719861,-0.37750912378285284,0,0,0,0.8018575851393189,0.2550335570469799,270.0,21.412731006160165,99.0,,0.681,0.3486741065905372,114.0,0.0,,0.0,"{'best_dom': 0.0, 'final_dom': 0.0, 'dom_age20': 0.0, 'n_seasons_30': -0.902, 'best_yds': -2.325, 'career_yds': -1.981, 'final_ppa': 0.052, 'best_ppa': -0.662, 'best_usage': 0.8, 'nfl_entry_age': -0.754, 'breakout_age': 2.214, 'early_declare': -0.713, 'ras': -0.438, 'explosion_p': -0.582, 'speed_score': -1.489, 'weight': 0.086, 'catch_radius': -0.182, 'team_sp_off': 0.0, 'team_sp_overall': 0.0, 'recruit_rating': 0.0, 'prod_over_recruit': 0.0, 'was_returner': 0.693, 'ret_td': -0.418, 'col_qb_ypa': 1.804, 'final_spike': -0.299, 'dom_growth': 0.0}","[{'p': 'Dezmin Lewis', 'y': 2015, 'sim': 72.0, 'fant': 0.178}, {'p': 'Isaiah Coulter', 'y': 2020, 'sim': 71.0, 'fant': 0.178}, {'p': 'Montrell Washington', 'y': 2022, 'sim': 66.0, 'fant': 0.359}, {'p': 'Aaron Parker', 'y': 2020, 'sim': 58.0, 'fant': 0.178}, {'p': 'Chris Lacy', 'y': 2018, 'sim': 57.0, 'fant': 0.178}, {'p': 'Cade Johnson', 'y': 2021, 'sim': 56.0, 'fant': 0.178}]"
Jamari Staples,2017,historical,3,0.26353790613718414,0.36101083032490977,10.522057516493273,36.95281522745414,0.12674026115038278,-0.6279211589955643,0,0,0,,,270.0,,,0.1940917071577313,0.489,0.5946689847824813,638.0,1.0,2.0,0.0,"{'best_dom': -1.193, 'final_dom': -1.523, 'dom_age20': 0.0, 'n_seasons_30': -0.902, 'best_yds': -0.854, 'career_yds': -0.11, 'final_ppa': -0.68, 'best_ppa': 0.017, 'best_usage': -0.734, 'nfl_entry_age': 0.0, 'breakout_age': 0.0, 'early_declare': 0.0, 'ras': 0.819, 'explosion_p': 0.501, 'speed_score': -0.427, 'weight': -0.491, 'catch_radius': 1.146, 'team_sp_off': -0.284, 'team_sp_overall': 0.092, 'recruit_rating': -1.562, 'prod_over_recruit': 0.069, 'was_returner': 0.693, 'ret_td': -0.418, 'col_qb_ypa': -0.689, 'final_spike': -0.24, 'dom_growth': -1.9}","[{'p': 'Kendrick Rogers', 'y': 2020, 'sim': 64.0, 'fant': 0.178}, {'p': 'Michael Rector', 'y': 2017, 'sim': 62.0, 'fant': None}, {'p': 'Caleb Douglas', 'y': 2026, 'sim': 62.0, 'fant': None}, {'p': 'Rannell Hall', 'y': 2015, 'sim': 60.0, 'fant': 0.178}, {'p': 'Cody Core', 'y': 2016, 'sim': 60.0, 'fant': 0.588}, {'p': 'Jakobi Meyers', 'y': 2019, 'sim': 59.0, 'fant': 0.91}]"
Austin Watkins,2021,historical,2,0.16606498194945848,0.6534296028880866,10.179786424470148,44.25137768251565,-0.02496437886575005,-0.05657771615343685,0,0,0,0.1780185758513932,0.2483221476510067,270.0,22.874743326488705,21.659137577002053,0.3477544367982614,1.003,0.7029572022983951,1092.0,1.0,,1.0,"{'best_dom': 0.452, 'final_dom': -0.719, 'dom_age20': -1.358, 'n_seasons_30': 0.306, 'best_yds': 0.421, 'career_yds': -0.479, 'final_ppa': 1.278, 'best_ppa': 0.826, 'best_usage': -0.685, 'nfl_entry_age': 0.875, 'breakout_age': -0.415, 'early_declare': -0.713, 'ras': 0.604, 'explosion_p': 0.978, 'speed_score': -0.161, 'weight': 0.518, 'catch_radius': 0.384, 'team_sp_off': -2.536, 'team_sp_overall': -1.158, 'recruit_rating': 0.0, 'prod_over_recruit': 0.0, 'was_returner': 0.693, 'ret_td': -0.418, 'col_qb_ypa': 0.686, 'final_spike': -0.414, 'dom_growth': 0.208}","[{'p': 'Tre Harris', 'y': 2025, 'sim': 68.0, 'fant': None}, {'p': 'Travis Fulgham', 'y': 2019, 'sim': 68.0, 'fant': 0.845}, {'p': 'Gabriel Davis', 'y': 2020, 'sim': 64.0, 'fant': None}, {'p': 'Tim Jones', 'y': 2021, 'sim': 64.0, 'fant': 0.375}, {'p': 'Andrei Iosivas', 'y': 2023, 'sim': 63.0, 'fant': None}, {'p': 'Jerome Lane', 'y': 2017, 'sim': 61.0, 'fant': None}]"
Da'Ron Brown,2015,historical,4,0.3574007220216607,0.40794223826714804,10.851659234713134,37.80718617505181,-0.49399349557896677,0.15503738358108374,0,0,0,0.1780185758513932,0.2432885906040268,233.0,23.279945242984255,22.067077344284737,0.3559237439079289,0.507,0.4781232005998078,1065.0,1.0,,1.0,"{'best_dom': 0.539, 'final_dom': 0.884, 'dom_age20': -0.694, 'n_seasons_30': 0.306, 'best_yds': 0.345, 'career_yds': 0.337, 'final_ppa': -0.611, 'best_ppa': -0.283, 'best_usage': 0.033, 'nfl_entry_age': 1.326, 'breakout_age': -0.401, 'early_declare': -0.713, 'ras': 0.351, 'explosion_p': -0.012, 'speed_score': -0.18, 'weight': 0.23, 'catch_radius': 0.741, 'team_sp_off': -0.821, 'team_sp_overall': -1.09, 'recruit_rating': 0.0, 'prod_over_recruit': 0.0, 'was_returner': 0.693, 'ret_td': -0.418, 'col_qb_ypa': -0.947, 'final_spike': -0.105, 'dom_growth': 0.958}","[{'p': 'Anthony Smith', 'y': 2026, 'sim': 70.0, 'fant': None}, {'p': 'Cyrus Allen', 'y': 2026, 'sim': 65.0, 'fant': None}, {'p': 'Lewis Bond', 'y': 2026, 'sim': 64.0, 'fant': None}, {'p': 'David Sills', 'y': 2019, 'sim': 64.0, 'fant': 0.396}, {'p': 'Travis Fulgham', 'y': 2019, 'sim': 63.0, 'fant': 0.845}, {'p': 'Kalija Lipscomb', 'y': 2020, 'sim': 63.0, 'fant': 0.178}]"
Mack Hollins,2017,historical,7,0.6209386281588448,0.5054151624548736,15.113044957236466,39.71228500120693,-0.25607488264406075,-0.18246931255529814,0,0,0,0.6377708978328174,0.2416107382550335,118.0,23.29363449691992,21.078713210130047,0.2303928022822032,1.08,0.7786407766990291,745.0,1.0,,0.0,"{'best_dom': -0.804, 'final_dom': -1.577, 'dom_age20': -1.358, 'n_seasons_30': -0.902, 'best_yds': -0.553, 'career_yds': -0.379, 'final_ppa': 1.571, 'best_ppa': 0.253, 'best_usage': -1.501, 'nfl_entry_age': 1.341, 'breakout_age': -0.435, 'early_declare': -0.713, 'ras': 1.166, 'explosion_p': 1.311, 'speed_score': 0.752, 'weight': 1.382, 'catch_radius': 1.794, 'team_sp_off': 1.192, 'team_sp_overall': 0.675, 'recruit_rating': 0.0, 'prod_over_recruit': 0.0, 'was_returner': -1.439, 'ret_td': 0.0, 'col_qb_ypa': 0.342, 'final_spike': -0.403, 'dom_growth': -2.175}","[{'p': 'Colbie Young', 'y': 2026, 'sim': 66.0, 'fant': None}, {'p': 'Ben Skowronek', 'y': 2021, 'sim': 64.0, 'fant': 0.52}, {'p': ""De'Zhaun Stribling"", 'y': 2026, 'sim': 64.0, 'fant': None}, {'p': 'Chris Moore', 'y': 2016, 'sim': 63.0, 'fant': 0.613}, {'p': 'Michael Wilson', 'y': 2023, 'sim': 63.0, 'fant': None}, {'p': 'Bub Means', 'y': 2024, 'sim': 63.0, 'fant': None}]"
Gabe Marks,2017,historical,1,0.06859205776173286,0.17328519855595667,9.852075495454251,31.521195604856544,-0.855041061773299,-0.3328773995106366,0,0,0,,,270.0,,,0.3006203521750857,0.446,0.1099720374954302,1192.0,1.0,4.0,1.0,"{'best_dom': -0.053, 'final_dom': -0.095, 'dom_age20': 0.0, 'n_seasons_30': 0.306, 'best_yds': 0.702, 'career_yds': 1.674, 'final_ppa': -0.843, 'best_ppa': -0.307, 'best_usage': 0.553, 'nfl_entry_age': 0.0, 'breakout_age': 0.0, 'early_declare': 0.0, 'ras': -1.761, 'explosion_p': -1.633, 'speed_score': -1.181, 'weight': -0.923, 'catch_radius': -2.042, 'team_sp_off': 0.074, 'team_sp_overall': -0.679, 'recruit_rating': 0.71, 'prod_over_recruit': -0.536, 'was_returner': 0.693, 'ret_td': -0.418, 'col_qb_ypa': -0.947, 'final_spike': -0.303, 'dom_growth': -0.085}","[{'p': 'Artavis Scott', 'y': 2017, 'sim': 75.0, 'fant': 0.178}, {'p': 'Josh Harper', 'y': 2015, 'sim': 68.0, 'fant': None}, {'p': 'Aaron Burbridge', 'y': 2016, 'sim': 67.0, 'fant': 0.389}, {'p': 'Bralon Addison', 'y': 2016, 'sim': 66.0, 'fant': 0.178}, {'p': 'Cam Phillips', 'y': 2018, 'sim': 66.0, 'fant': 0.178}, {'p': 'Charleston Rambo', 'y': 2022, 'sim': 65.0, 'fant': 0.178}]"
Bug Howard,2017,historical,3,0.2563176895306859,0.5342960288808665,10.497446038422138,40.6604365858069,0.05134353251543722,-0.1839319415964161,0,0,0,0.1780185758513932,0.2348993288590604,270.0,22.094455852156056,21.880903490759756,0.2418350389224175,0.707,0.530828661288117,827.0,0.0,3.0,0.0,"{'best_dom': -0.682, 'final_dom': -0.245, 'dom_age20': -0.487, 'n_seasons_30': -0.902, 'best_yds': -0.323, 'career_yds': 0.059, 'final_ppa': 0.151, 'best_ppa': 0.171, 'best_usage': -0.462, 'nfl_entry_age': 0.005, 'breakout_age': -0.407, 'early_declare': -0.713, 'ras': 1.012, 'explosion_p': 0.22, 'speed_score': 0.255, 'weight': 1.382, 'catch_radius': 1.899, 'team_sp_off': 0.476, 'team_sp_overall': 0.324, 'recruit_rating': -0.166, 'prod_over_recruit': -0.588, 'was_returner': 0.693, 'ret_td': -0.418, 'col_qb_ypa': 0.17, 'final_spike': -0.023, 'dom_growth': -0.175}","[{'p': 'Kyren Lacy', 'y': 2024, 'sim': 68.0, 'fant': None}, {'p': 'Jaleel Scott', 'y': 2018, 'sim': 67.0, 'fant': 0.178}, {'p': 'Geremy Davis', 'y': 2015, 'sim': 63.0, 'fant': 0.178}, {'p': 'Jaylen Smith', 'y': 2019, 'sim': 63.0, 'fant': 0.178}, {'p': 'Jamal Custis', 'y': 2019, 'sim': 62.0, 'fant': 0.178}, {'p': 'Trevon Grimes', 'y': 2021, 'sim': 61.0, 'fant': None}]"
Jakobi Meyers,2019,historical,3,0.23465703971119134,0.2996389891696751,10.463275386863337,35.79324792233478,0.18484835433988792,-0.24191838370801813,0,0,0,0.9102167182662538,0.2332214765100671,270.0,22.143737166324435,20.930869267624917,0.2487087116725885,0.594,0.3538843788575187,951.0,0.0,,0.0,"{'best_dom': -0.608, 'final_dom': -0.665, 'dom_age20': -1.173, 'n_seasons_30': -0.902, 'best_yds': 0.025, 'career_yds': -0.185, 'final_ppa': -0.28, 'best_ppa': -0.785, 'best_usage': 0.206, 'nfl_entry_age': 0.06, 'breakout_age': -0.44, 'early_declare': -0.713, 'ras': 0.177, 'explosion_p': -0.559, 'speed_score': -1.079, 'weight': 0.086, 'catch_radius': 0.568, 'team_sp_off': -0.031, 'team_sp_overall': -0.233, 'recruit_rating': 0.0, 'prod_over_recruit': 0.0, 'was_returner': -1.439, 'ret_td': 0.0, 'col_qb_ypa': -0.088, 'final_spike': -0.137, 'dom_growth': 0.182}","[{'p': ""Ka'Raun White"", 'y': 2018, 'sim': 73.0, 'fant': None}, {'p': 'Kyren Lacy', 'y': 2024, 'sim': 71.0, 'fant': None}, {'p': 'Darrell Stewart', 'y': 2020, 'sim': 66.0, 'fant': None}, {'p': 'Cody Core', 'y': 2016, 'sim': 65.0, 'fant': 0.588}, {'p': 'Jaylen Smith', 'y': 2019, 'sim': 61.0, 'fant': 0.178}, {'p': 'Geronimo Allison', 'y': 2016, 'sim': 60.0, 'fant': 0.759}]"
Whop Philyor,2021,historical,1,0.02888086642599278,0.021660649819494584,9.659869886535848,25.098525529523535,-1.273400883882181,-0.37903191640122935,0,0,0,0.1780185758513932,0.2315436241610738,270.0,22.42299794661191,21.20739219712525,0.2316151530568981,0.154,0.1495908413960415,1002.0,1.0,3.0,0.0,"{'best_dom': -0.791, 'final_dom': -0.492, 'dom_age20': -0.467, 'n_seasons_30': -0.902, 'best_yds': 0.168, 'career_yds': 0.08, 'final_ppa': -1.956, 'best_ppa': -0.525, 'best_usage': 0.825, 'nfl_entry_age': 0.371, 'breakout_age': -0.43, 'early_declare': -0.713, 'ras': -2.026, 'explosion_p': -1.458, 'speed_score': -1.599, 'weight': -1.283, 'catch_radius': -1.649, 'team_sp_off': 0.044, 'team_sp_overall': 0.058, 'recruit_rating': -0.937, 'prod_over_recruit': 0.125, 'was_returner': 0.693, 'ret_td': -0.418, 'col_qb_ypa': -0.002, 'final_spike': -0.379, 'dom_growth': -0.398}","[{'p': 'Victor Bolden', 'y': 2017, 'sim': 74.0, 'fant': 0.178}, {'p': 'Aaron Fuller', 'y': 2020, 'sim': 73.0, 'fant': 0.178}, {'p': 'Nyqwan Murray', 'y': 2019, 'sim': 69.0, 'fant': None}, {'p': 'Vinny Anthony II', 'y': 2026, 'sim': 67.0, 'fant': None}, {'p': 'Kaelin Clay', 'y': 2015, 'sim': 65.0, 'fant': 0.402}, {'p': 'Bralon Addison', 'y': 2016, 'sim': 64.0, 'fant': 0.178}]"
Jovon Durante,2019,historical,1,0.08664259927797834,0.1588447653429603,9.941529768040397,30.973627279367648,0.6198288320311502,-0.27615572322270854,0,0,0,,,270.0,,,0.3339648069979148,0.52,0.1333555656639792,873.0,1.0,4.0,1.0,"{'best_dom': 0.304, 'final_dom': 0.667, 'dom_age20': 0.0, 'n_seasons_30': 0.306, 'best_yds': -0.194, 'career_yds': -0.477, 'final_ppa': -0.562, 'best_ppa': -1.016, 'best_usage': -0.116, 'nfl_entry_age': 0.0, 'breakout_age': 0.0, 'early_declare': 0.0, 'ras': -1.606, 'explosion_p': -1.53, 'speed_score': -2.588, 'weight': -3.012, 'catch_radius': -1.681, 'team_sp_off': -0.672, 'team_sp_overall': -1.107, 'recruit_rating': 0.692, 'prod_over_recruit': -0.14, 'was_returner': 0.693, 'ret_td': -0.418, 'col_qb_ypa': 0.084, 'final_spike': 0.16, 'dom_growth': 0.214}","[{'p': 'Jacolby George', 'y': 2025, 'sim': 67.0, 'fant': None}, {'p': 'Charleston Rambo', 'y': 2022, 'sim': 64.0, 'fant': 0.178}, {'p': 'Gabe Marks', 'y': 2017, 'sim': 62.0, 'fant': None}, {'p': 'Josh Johnson', 'y': 2022, 'sim': 62.0, 'fant': None}, {'p': 'Artavis Scott', 'y': 2017, 'sim': 62.0, 'fant': 0.178}, {'p': 'Tavares Martin', 'y': 2018, 'sim': 58.0, 'fant': None}]"
Brandon Smith,2021,historical,3,0.23826714801444043,0.21660649819494585,10.482839136081921,33.62561389545423,-0.18177995566304397,-0.6002429783628339,0,0,0,0.1780185758513932,0.2265100671140939,270.0,22.06160164271047,99.0,0.1557986978019288,0.404,0.6909951619099711,439.0,0.0,3.0,0.0,"{'best_dom': -1.603, 'final_dom': -1.182, 'dom_age20': -0.125, 'n_seasons_30': -0.902, 'best_yds': -1.413, 'career_yds': -0.778, 'final_ppa': -1.003, 'best_ppa': -0.45, 'best_usage': -1.353, 'nfl_entry_age': -0.031, 'breakout_age': 2.214, 'early_declare': -0.713, 'ras': 1.021, 'explosion_p': 0.925, 'speed_score': -0.449, 'weight': 1.166, 'catch_radius': 1.109, 'team_sp_off': -1.343, 'team_sp_overall': -2.366, 'recruit_rating': -0.603, 'prod_over_recruit': -0.692, 'was_returner': 0.693, 'ret_td': 1.876, 'col_qb_ypa': -1.463, 'final_spike': -0.211, 'dom_growth': -0.907}","[{'p': 'Dillon Bell', 'y': 2026, 'sim': 81.0, 'fant': None}, {'p': 'Joseph Ngata', 'y': 2023, 'sim': 73.0, 'fant': None}, {'p': 'Quincy Adeboyejo', 'y': 2017, 'sim': 67.0, 'fant': 0.178}, {'p': 'Racey McMath', 'y': 2021, 'sim': 64.0, 'fant': 0.365}, {'p': 'Kolby Listenbee', 'y': 2016, 'sim': 64.0, 'fant': 0.178}, {'p': 'Dezmon Patmon', 'y': 2020, 'sim': 63.0, 'fant': 0.415}]"
Dede Westbrook,2017,historical,7,0.6534296028880866,0.6570397111913358,15.771087189404927,44.375601048260854,-0.43640555929975733,0.39554474388807337,1,0,0,0.8544891640866873,0.2231543624161074,110.0,23.1129363449692,22.899383983572896,0.3815991108566424,1.12,0.3587213526187174,1524.0,1.0,3.0,1.0,"{'best_dom': 0.814, 'final_dom': 1.138, 'dom_age20': -1.358, 'n_seasons_30': 0.306, 'best_yds': 1.634, 'career_yds': 0.31, 'final_ppa': 1.724, 'best_ppa': 0.306, 'best_usage': -0.091, 'nfl_entry_age': 1.14, 'breakout_age': -0.373, 'early_declare': -0.713, 'ras': -1.131, 'explosion_p': -0.538, 'speed_score': -0.252, 'weight': -1.715, 'catch_radius': -1.284, 'team_sp_off': 1.997, 'team_sp_overall': 1.197, 'recruit_rating': -0.887, 'prod_over_recruit': 1.474, 'was_returner': 0.693, 'ret_td': 0.347, 'col_qb_ypa': 2.491, 'final_spike': 0.083, 'dom_growth': 0.669}","[{'p': 'Jamari Thrash', 'y': 2024, 'sim': 66.0, 'fant': None}, {'p': 'Ricky White', 'y': 2025, 'sim': 64.0, 'fant': None}, {'p': 'Diontae Johnson', 'y': 2019, 'sim': 59.0, 'fant': 0.941}, {'p': 'Travis Hunter', 'y': 2025, 'sim': 59.0, 'fant': None}, {'p': 'LaJohntay Wester', 'y': 2025, 'sim': 58.0, 'fant': None}, {'p': 'Charlie Jones', 'y': 2023, 'sim': 57.0, 'fant': None}]"
J.J. Nelson,2015,historical,8,0.7075812274368231,0.7364620938628159,17.4594321747286,46.8859528635233,0.0031087634975572875,0.34936857809849003,0,0,0,0.7089783281733746,0.2181208053691275,159.0,22.688569472963724,19.47433264887064,0.3746069984892409,,0.5434042070267188,846.0,1.0,,1.0,"{'best_dom': 0.74, 'final_dom': -0.245, 'dom_age20': 0.465, 'n_seasons_30': 0.306, 'best_yds': -0.27, 'career_yds': 0.317, 'final_ppa': 0.0, 'best_ppa': 0.0, 'best_usage': 0.0, 'nfl_entry_age': 0.667, 'breakout_age': -0.489, 'early_declare': -0.713, 'ras': -0.34, 'explosion_p': 0.275, 'speed_score': -0.569, 'weight': -3.3, 'catch_radius': -1.309, 'team_sp_off': -1.671, 'team_sp_overall': -2.82, 'recruit_rating': 0.0, 'prod_over_recruit': 0.0, 'was_returner': 0.693, 'ret_td': 4.171, 'col_qb_ypa': -0.26, 'final_spike': -0.296, 'dom_growth': -1.147}","[{'p': 'Tez Johnson', 'y': 2025, 'sim': 64.0, 'fant': None}, {'p': 'Devonte Ross', 'y': 2026, 'sim': 62.0, 'fant': None}, {'p': 'Phillip Dorsett', 'y': 2015, 'sim': 60.0, 'fant': 0.746}, {'p': 'Xavier Weaver', 'y': 2024, 'sim': 60.0, 'fant': None}, {'p': 'Jalen Nailor', 'y': 2022, 'sim': 59.0, 'fant': 0.687}, {'p': 'Marquez Stevenson', 'y': 2021, 'sim': 59.0, 'fant': 0.178}]"
Jaleel Scott,2018,historical,6,0.5848375451263538,0.47653429602888087,14.256861724085061,39.19616552773237,-0.1946990953438706,-0.3998962808440857,0,0,0,0.1780185758513932,0.197986577181208,132.0,22.855578370978783,22.64202600958248,0.2761636674374183,0.684,0.5212073178786077,1079.0,1.0,,0.0,"{'best_dom': -0.314, 'final_dom': 0.095, 'dom_age20': -1.358, 'n_seasons_30': -0.902, 'best_yds': 0.384, 'career_yds': -0.73, 'final_ppa': 0.063, 'best_ppa': -0.624, 'best_usage': 0.181, 'nfl_entry_age': 0.853, 'breakout_age': -0.382, 'early_declare': -0.713, 'ras': 0.419, 'explosion_p': 0.178, 'speed_score': 0.298, 'weight': 1.166, 'catch_radius': 1.459, 'team_sp_off': -1.611, 'team_sp_overall': -1.843, 'recruit_rating': 0.0, 'prod_over_recruit': 0.0, 'was_returner': -1.439, 'ret_td': 0.0, 'col_qb_ypa': -0.947, 'final_spike': 0.606, 'dom_growth': -0.317}","[{'p': 'Geremy Davis', 'y': 2015, 'sim': 70.0, 'fant': 0.178}, {'p': 'Jamal Custis', 'y': 2019, 'sim': 69.0, 'fant': 0.178}, {'p': 'Bug Howard', 'y': 2017, 'sim': 67.0, 'fant': 0.178}, {'p': 'Marquez Valdes-Scantling', 'y': 2018, 'sim': 65.0, 'fant': 0.796}, {'p': 'Jalen Hurd', 'y': 2019, 'sim': 64.0, 'fant': 0.178}, {'p': 'Collin Johnson', 'y': 2020, 'sim': 63.0, 'fant': 0.551}]"
Riley Ridley,2019,historical,6,0.5992779783393501,0.16967509025270758,14.470556027368803,31.11087732512374,0.1623499293416365,-0.411041005956661,0,0,0,0.1780185758513932,0.197986577181208,126.0,22.4476386036961,22.2340862422998,0.2224003345413995,0.885,0.2658876978933238,570.0,1.0,4.0,0.0,"{'best_dom': -0.89, 'final_dom': -0.437, 'dom_age20': -0.489, 'n_seasons_30': -0.902, 'best_yds': -1.045, 'career_yds': -1.116, 'final_ppa': 0.829, 'best_ppa': 0.337, 'best_usage': -1.303, 'nfl_entry_age': 0.399, 'breakout_age': -0.395, 'early_declare': -0.713, 'ras': -0.507, 'explosion_p': -0.946, 'speed_score': -1.098, 'weight': -0.563, 'catch_radius': 0.367, 'team_sp_off': 1.58, 'team_sp_overall': 1.78, 'recruit_rating': 0.422, 'prod_over_recruit': -1.067, 'was_returner': -1.439, 'ret_td': 0.0, 'col_qb_ypa': 0.686, 'final_spike': 0.185, 'dom_growth': -0.331}","[{'p': 'Jordan Hudson', 'y': 2026, 'sim': 67.0, 'fant': None}, {'p': 'DaVaris Daniels', 'y': 2015, 'sim': 65.0, 'fant': None}, {'p': 'Javon McKinley', 'y': 2021, 'sim': 63.0, 'fant': 0.178}, {'p': 'Keon Hatcher', 'y': 2017, 'sim': 59.0, 'fant': 0.178}, {'p': 'Kenny Lawler', 'y': 2016, 'sim': 59.0, 'fant': 0.178}, {'p': 'Terry Godwin', 'y': 2019, 'sim': 58.0, 'fant': 0.178}]"
Marquez Valdes-Scantling,2018,historical,6,0.5018050541516246,0.2888086642599278,12.388790124044984,35.53732755092015,-0.8681118818671223,0.15403742587037278,0,0,0,0.7956656346749226,0.197986577181208,174.0,23.227926078028748,23.014373716632445,0.2671375962504184,0.488,0.5234928758868514,879.0,1.0,3.0,0.0,"{'best_dom': -0.411, 'final_dom': 0.006, 'dom_age20': -0.81, 'n_seasons_30': -0.902, 'best_yds': -0.177, 'career_yds': -0.19, 'final_ppa': -0.684, 'best_ppa': -0.188, 'best_usage': -0.586, 'nfl_entry_age': 1.268, 'breakout_age': -0.369, 'early_declare': -0.713, 'ras': 1.136, 'explosion_p': 0.188, 'speed_score': 1.636, 'weight': 0.302, 'catch_radius': 0.653, 'team_sp_off': -0.553, 'team_sp_overall': -0.165, 'recruit_rating': -1.212, 'prod_over_recruit': 0.503, 'was_returner': 0.693, 'ret_td': -0.418, 'col_qb_ypa': -0.002, 'final_spike': 0.103, 'dom_growth': 0.526}","[{'p': 'Jamal Custis', 'y': 2019, 'sim': 72.0, 'fant': 0.178}, {'p': 'Geremy Davis', 'y': 2015, 'sim': 70.0, 'fant': 0.178}, {'p': 'Jaleel Scott', 'y': 2018, 'sim': 65.0, 'fant': 0.178}, {'p': 'Caleb Douglas', 'y': 2026, 'sim': 64.0, 'fant': None}, {'p': 'John Hightower', 'y': 2020, 'sim': 63.0, 'fant': 0.43}, {'p': 'Jehu Chesson', 'y': 2017, 'sim': 61.0, 'fant': 0.178}]"
Cornell Powell,2021,historical,5,0.4729241877256318,0.44765342960288806,12.122289526887492,38.41937447207387,0.38219216505762865,-0.2378328119461333,0,0,0,0.1780185758513932,0.197986577181208,181.0,23.173169062286107,22.9596167008898,0.2183551626787615,0.857,0.634238533373147,882.0,0.0,4.0,0.0,"{'best_dom': -0.933, 'final_dom': -0.477, 'dom_age20': -1.057, 'n_seasons_30': -0.902, 'best_yds': -0.169, 'career_yds': -0.903, 'final_ppa': 0.722, 'best_ppa': -0.274, 'best_usage': -0.808, 'nfl_entry_age': 1.207, 'breakout_age': -0.371, 'early_declare': -0.713, 'ras': 0.698, 'explosion_p': 0.675, 'speed_score': -0.138, 'weight': 0.158, 'catch_radius': 0.872, 'team_sp_off': 1.088, 'team_sp_overall': 1.197, 'recruit_rating': 0.74, 'prod_over_recruit': -1.323, 'was_returner': 0.693, 'ret_td': -0.418, 'col_qb_ypa': 1.03, 'final_spike': 1.62, 'dom_growth': 0.454}","[{'p': 'ArDarius Stewart', 'y': 2017, 'sim': 64.0, 'fant': 0.378}, {'p': 'Javon McKinley', 'y': 2021, 'sim': 63.0, 'fant': 0.178}, {'p': 'Tim Jones', 'y': 2021, 'sim': 59.0, 'fant': 0.375}, {'p': 'Germie Bernard', 'y': 2026, 'sim': 58.0, 'fant': None}, {'p': 'Omar Cooper Jr.', 'y': 2026, 'sim': 58.0, 'fant': None}, {'p': 'Jalen McMillan', 'y': 2024, 'sim': 58.0, 'fant': None}]"
Hunter Renfrow,2019,historical,6,0.5342960288808665,0.01444043321299639,12.901714894429094,22.05485683811705,-0.17992630375980245,-0.5565191859631594,0,0,0,0.8668730650154799,0.197986577181208,149.0,23.03080082135524,99.0,0.1795304108904708,0.407,0.1995241444041038,602.0,0.0,,0.0,"{'best_dom': -1.349, 'final_dom': -1.861, 'dom_age20': -0.347, 'n_seasons_30': -0.902, 'best_yds': -0.955, 'career_yds': 0.156, 'final_ppa': -0.992, 'best_ppa': -0.725, 'best_usage': -1.155, 'nfl_entry_age': 1.049, 'breakout_age': 2.214, 'early_declare': -0.713, 'ras': -1.335, 'explosion_p': -1.239, 'speed_score': -1.878, 'weight': -1.571, 'catch_radius': -1.851, 'team_sp_off': 0.178, 'team_sp_overall': 1.223, 'recruit_rating': 0.0, 'prod_over_recruit': 0.0, 'was_returner': 0.693, 'ret_td': -0.418, 'col_qb_ypa': -1.033, 'final_spike': -0.257, 'dom_growth': -1.639}","[{'p': 'DeAndrew White', 'y': 2015, 'sim': 72.0, 'fant': 0.178}, {'p': 'Chris Finke', 'y': 2020, 'sim': 70.0, 'fant': 0.178}, {'p': 'Kaelin Clay', 'y': 2015, 'sim': 69.0, 'fant': 0.402}, {'p': 'Braylon Sanders', 'y': 2022, 'sim': 67.0, 'fant': 0.178}, {'p': 'Harrison Wallace', 'y': 2026, 'sim': 66.0, 'fant': None}, {'p': 'Derius Davis', 'y': 2023, 'sim': 66.0, 'fant': None}]"
John Hightower,2020,historical,6,0.51985559566787,0.30324909747292417,12.59964715231541,35.84886160746232,0.09533152742006297,-0.12179039365803956,0,0,0,0.43034055727554177,0.197986577181208,168.0,23.586584531143053,23.37303216974675,0.25771675588111,0.421,0.5838989554525489,943.0,1.0,,0.0,"{'best_dom': -0.512, 'final_dom': -0.088, 'dom_age20': -1.358, 'n_seasons_30': -0.902, 'best_yds': 0.002, 'career_yds': -0.632, 'final_ppa': -0.939, 'best_ppa': -0.505, 'best_usage': -0.313, 'nfl_entry_age': 1.668, 'breakout_age': -0.357, 'early_declare': -0.713, 'ras': 0.646, 'explosion_p': 0.454, 'speed_score': 0.001, 'weight': -0.923, 'catch_radius': 0.716, 'team_sp_off': -0.359, 'team_sp_overall': -0.345, 'recruit_rating': 0.0, 'prod_over_recruit': 0.0, 'was_returner': 0.693, 'ret_td': 0.347, 'col_qb_ypa': 0.342, 'final_spike': 0.03, 'dom_growth': -0.474}","[{'p': 'Marquez Valdes-Scantling', 'y': 2018, 'sim': 63.0, 'fant': 0.796}, {'p': 'Anthony Smith', 'y': 2026, 'sim': 61.0, 'fant': None}, {'p': 'Jehu Chesson', 'y': 2017, 'sim': 58.0, 'fant': 0.178}, {'p': ""Da'Ron Brown"", 'y': 2015, 'sim': 57.0, 'fant': 0.178}, {'p': 'Geremy Davis', 'y': 2015, 'sim': 57.0, 'fant': 0.178}, {'p': 'Cyrus Allen', 'y': 2026, 'sim': 56.0, 'fant': None}]"
Ryan Switzer,2017,historical,6,0.5703971119133574,0.1444043321299639,13.863954519688932,30.585887485076686,0.17156514394030942,0.12659870488445427,0,0,0,0.4551083591331269,0.197986577181208,133.0,22.16016427104723,21.94661190965092,0.2458934662818158,0.535,0.1322186935761587,1112.0,1.0,3.0,0.0,"{'best_dom': -0.639, 'final_dom': -0.205, 'dom_age20': 0.017, 'n_seasons_30': -0.902, 'best_yds': 0.477, 'career_yds': 1.046, 'final_ppa': -0.504, 'best_ppa': -0.818, 'best_usage': 0.602, 'nfl_entry_age': 0.079, 'breakout_age': -0.405, 'early_declare': -0.713, 'ras': -0.964, 'explosion_p': -1.535, 'speed_score': -1.173, 'weight': -1.499, 'catch_radius': -1.905, 'team_sp_off': 0.476, 'team_sp_overall': 0.324, 'recruit_rating': -0.247, 'prod_over_recruit': -0.441, 'was_returner': 0.693, 'ret_td': 4.936, 'col_qb_ypa': 0.17, 'final_spike': -0.09, 'dom_growth': -0.068}","[{'p': 'Braxton Berrios', 'y': 2018, 'sim': 68.0, 'fant': 0.678}, {'p': 'Victor Bolden', 'y': 2017, 'sim': 66.0, 'fant': 0.178}, {'p': 'Demarcus Ayers', 'y': 2016, 'sim': 64.0, 'fant': 0.178}, {'p': 'Junior Bergen', 'y': 2025, 'sim': 62.0, 'fant': None}, {'p': 'Dazz Newsome', 'y': 2021, 'sim': 61.0, 'fant': 0.178}, {'p': 'Nyqwan Murray', 'y': 2019, 'sim': 61.0, 'fant': None}]"
Keith Mumphery,2015,historical,5,0.49097472924187724,0.22021660649819494,12.320730944806142,33.74454314837415,-0.834212254247794,-0.25179248531159504,0,0,0,0.4582043343653251,0.197986577181208,175.0,22.573579739904176,99.0,0.1667800453514739,1.064,0.386567067685819,515.0,1.0,,0.0,"{'best_dom': -1.486, 'final_dom': -1.353, 'dom_age20': -0.038, 'n_seasons_30': -0.902, 'best_yds': -1.199, 'career_yds': -0.746, 'final_ppa': 1.51, 'best_ppa': 0.182, 'best_usage': -1.798, 'nfl_entry_age': 0.539, 'breakout_age': 2.214, 'early_declare': -0.713, 'ras': -0.835, 'explosion_p': -0.415, 'speed_score': 0.339, 'weight': 0.95, 'catch_radius': -1.239, 'team_sp_off': -2.089, 'team_sp_overall': 0.024, 'recruit_rating': 0.0, 'prod_over_recruit': 0.0, 'was_returner': -1.439, 'ret_td': 0.0, 'col_qb_ypa': -2.065, 'final_spike': -0.24, 'dom_growth': -0.236}","[{'p': 'Casey Washington', 'y': 2024, 'sim': 68.0, 'fant': None}, {'p': 'Malik Benson', 'y': 2026, 'sim': 63.0, 'fant': None}, {'p': 'Jacob Copeland', 'y': 2023, 'sim': 61.0, 'fant': None}, {'p': 'Antoine Green', 'y': 2023, 'sim': 61.0, 'fant': None}, {'p': 'Traeshon Holden', 'y': 2025, 'sim': 60.0, 'fant': None}, {'p': 'Roc Taylor', 'y': 2025, 'sim': 60.0, 'fant': None}]"
Vince Mayle,2015,historical,7,0.6064981949458483,0.2527075812274368,14.76901762169251,34.750735185243684,-0.8631841657637405,-0.02120249655362854,0,0,0,0.1780185758513932,0.197986577181208,123.0,23.5564681724846,23.342915811088297,0.2293614794138171,0.517,0.3334983083894025,1483.0,1.0,,0.0,"{'best_dom': -0.816, 'final_dom': -0.368, 'dom_age20': -1.358, 'n_seasons_30': -0.902, 'best_yds': 1.519, 'career_yds': 0.029, 'final_ppa': -0.573, 'best_ppa': -0.371, 'best_usage': 0.849, 'nfl_entry_age': 1.634, 'breakout_age': -0.358, 'early_declare': -0.713, 'ras': -0.362, 'explosion_p': -0.649, 'speed_score': -0.435, 'weight': 1.598, 'catch_radius': -0.22, 'team_sp_off': -0.344, 'team_sp_overall': -1.184, 'recruit_rating': 0.0, 'prod_over_recruit': 0.0, 'was_returner': 0.693, 'ret_td': -0.418, 'col_qb_ypa': -0.689, 'final_spike': 0.291, 'dom_growth': -0.628}","[{'p': 'Geremy Davis', 'y': 2015, 'sim': 60.0, 'fant': 0.178}, {'p': 'Jaleel Scott', 'y': 2018, 'sim': 59.0, 'fant': 0.178}, {'p': 'Mitchell Tinsley', 'y': 2023, 'sim': 58.0, 'fant': None}, {'p': 'Kelvin Harmon', 'y': 2019, 'sim': 56.0, 'fant': 0.604}, {'p': 'Jamal Custis', 'y': 2019, 'sim': 55.0, 'fant': 0.178}, {'p': 'Roc Taylor', 'y': 2025, 'sim': 54.0, 'fant': None}]"
Aaron Fuller,2020,historical,1,0.08303249097472924,0.11552346570397112,9.93894151795721,30.052374590342726,-1.1304543197822556,-0.650276338148746,0,0,0,0.1780185758513932,0.1963087248322147,270.0,22.25325119780972,21.0403832991102,0.2373272255889042,0.567,0.1962271083737747,874.0,1.0,3.0,0.0,"{'best_dom': -0.73, 'final_dom': -0.303, 'dom_age20': -0.75, 'n_seasons_30': -0.902, 'best_yds': -0.191, 'career_yds': 0.062, 'final_ppa': -0.383, 'best_ppa': -0.913, 'best_usage': -0.289, 'nfl_entry_age': 0.182, 'breakout_age': -0.436, 'early_declare': -0.713, 'ras': -2.023, 'explosion_p': -1.253, 'speed_score': -1.481, 'weight': -0.995, 'catch_radius': -1.758, 'team_sp_off': -0.12, 'team_sp_overall': 0.666, 'recruit_rating': -0.892, 'prod_over_recruit': 0.066, 'was_returner': 0.693, 'ret_td': 0.347, 'col_qb_ypa': -0.002, 'final_spike': -0.287, 'dom_growth': 0.289}","[{'p': 'Nyqwan Murray', 'y': 2019, 'sim': 80.0, 'fant': None}, {'p': 'Vinny Anthony II', 'y': 2026, 'sim': 72.0, 'fant': None}, {'p': 'Johnny Johnson II', 'y': 2022, 'sim': 71.0, 'fant': None}, {'p': 'Tavares Martin', 'y': 2018, 'sim': 71.0, 'fant': None}, {'p': 'Tony Brown', 'y': 2020, 'sim': 71.0, 'fant': None}, {'p': 'Whop Philyor', 'y': 2021, 'sim': 70.0, 'fant': 0.178}]"
Jazz Ferguson,2019,historical,3,0.21299638989169675,0.30685920577617326,10.33940920614091,35.989239016942115,0.6215482034336341,-0.10335817769934494,0,0,0,0.1780185758513932,0.1912751677852349,270.0,21.968514715947983,99.0,0.0037264357737834,1.216,0.7152739832429621,129.0,1.0,4.0,0.0,"{'best_dom': -3.231, 'final_dom': -2.601, 'dom_age20': -1.329, 'n_seasons_30': -0.902, 'best_yds': -2.283, 'career_yds': -2.128, 'final_ppa': 2.089, 'best_ppa': 0.577, 'best_usage': 0.652, 'nfl_entry_age': -0.135, 'breakout_age': 2.214, 'early_declare': 1.399, 'ras': 0.802, 'explosion_p': 1.032, 'speed_score': 1.945, 'weight': 1.814, 'catch_radius': 1.35, 'team_sp_off': 0.0, 'team_sp_overall': 0.0, 'recruit_rating': 0.206, 'prod_over_recruit': -1.46, 'was_returner': -1.439, 'ret_td': 0.0, 'col_qb_ypa': -1.377, 'final_spike': 1.727, 'dom_growth': 0.0}","[{'p': 'Racey McMath', 'y': 2021, 'sim': 63.0, 'fant': 0.365}, {'p': 'Justin Shorter', 'y': 2023, 'sim': 62.0, 'fant': None}, {'p': 'Joseph Ngata', 'y': 2023, 'sim': 62.0, 'fant': None}, {'p': 'Isaac TeSlaa', 'y': 2025, 'sim': 59.0, 'fant': None}, {'p': 'Trevon Grimes', 'y': 2021, 'sim': 57.0, 'fant': None}, {'p': 'Juwan Johnson', 'y': 2020, 'sim': 56.0, 'fant': 0.771}]"
Deon Long,2015,historical,2,0.1371841155234657,0.10469314079422383,10.113645852804105,29.20418539754365,-1.4248732258988408,0.1693510936515623,0,0,0,0.1780185758513932,0.1895973154362416,270.0,23.550992470910334,20.33675564681725,0.4699128285193859,0.231,0.2981358330286853,809.0,1.0,,1.0,"{'best_dom': 1.76, 'final_dom': -1.124, 'dom_age20': 2.362, 'n_seasons_30': 0.306, 'best_yds': -0.374, 'career_yds': -0.143, 'final_ppa': -1.662, 'best_ppa': 0.731, 'best_usage': -0.412, 'nfl_entry_age': 1.628, 'breakout_age': -0.46, 'early_declare': -0.713, 'ras': -0.958, 'explosion_p': -0.804, 'speed_score': -0.587, 'weight': -0.707, 'catch_radius': -0.746, 'team_sp_off': -2.745, 'team_sp_overall': -3.428, 'recruit_rating': 0.0, 'prod_over_recruit': 0.0, 'was_returner': 0.693, 'ret_td': 0.347, 'col_qb_ypa': -1.635, 'final_spike': -0.315, 'dom_growth': -3.803}","[{'p': 'Travin Dural', 'y': 2017, 'sim': 65.0, 'fant': 0.178}, {'p': 'Noel Thomas', 'y': 2017, 'sim': 63.0, 'fant': 0.178}, {'p': 'Marquez Stevenson', 'y': 2021, 'sim': 60.0, 'fant': 0.178}, {'p': 'Rodney Adams', 'y': 2017, 'sim': 59.0, 'fant': 0.178}, {'p': 'James Proche', 'y': 2020, 'sim': 58.0, 'fant': 0.471}, {'p': 'Frank Darby', 'y': 2021, 'sim': 57.0, 'fant': 0.178}]"
Frank Darby,2021,historical,5,0.4368231046931408,0.01444043321299639,11.652854591334897,23.853579433065217,-1.6255700589842867,-0.31084347121422756,0,0,0,0.1780185758513932,0.1845637583892617,187.0,23.31553730321697,22.09993155373032,0.2856848458084934,0.238,0.2384353741496598,616.0,0.0,3.0,0.0,"{'best_dom': -0.213, 'final_dom': 0.189, 'dom_age20': -0.702, 'n_seasons_30': -0.902, 'best_yds': -0.916, 'career_yds': -0.782, 'final_ppa': -1.636, 'best_ppa': 1.436, 'best_usage': -0.907, 'nfl_entry_age': 1.366, 'breakout_age': -0.4, 'early_declare': -0.713, 'ras': -0.947, 'explosion_p': -1.067, 'speed_score': -1.007, 'weight': -0.059, 'catch_radius': -0.392, 'team_sp_off': -1.09, 'team_sp_overall': -0.499, 'recruit_rating': -0.783, 'prod_over_recruit': 0.444, 'was_returner': 0.693, 'ret_td': -0.418, 'col_qb_ypa': 0.428, 'final_spike': -0.503, 'dom_growth': 0.0}","[{'p': 'Rashawn Scott', 'y': 2016, 'sim': 68.0, 'fant': 0.178}, {'p': 'Emmanuel Henderson Jr.', 'y': 2026, 'sim': 67.0, 'fant': None}, {'p': 'Kaelin Clay', 'y': 2015, 'sim': 66.0, 'fant': 0.402}, {'p': 'Vinny Anthony II', 'y': 2026, 'sim': 65.0, 'fant': None}, {'p': 'Tony Brown', 'y': 2020, 'sim': 61.0, 'fant': None}, {'p': 'Trebor Pena', 'y': 2026, 'sim': 60.0, 'fant': None}]"
Freddie Swain,2020,historical,5,0.4693140794223827,0.5595667870036101,12.074776621457755,41.274418039058624,-0.09192766828219237,-0.25449631526507527,0,0,0,0.5386996904024768,0.1845637583892617,214.0,21.409993155373037,99.0,0.1721731380299155,0.781,0.6074965744536568,517.0,0.0,4.0,0.0,"{'best_dom': -1.428, 'final_dom': -0.934, 'dom_age20': -0.27, 'n_seasons_30': -0.902, 'best_yds': -1.194, 'career_yds': -1.144, 'final_ppa': 0.432, 'best_ppa': 1.469, 'best_usage': -1.056, 'nfl_entry_age': -0.757, 'breakout_age': 2.214, 'early_declare': -0.713, 'ras': -0.039, 'explosion_p': 0.557, 'speed_score': 0.27, 'weight': -0.203, 'catch_radius': -0.852, 'team_sp_off': 0.372, 'team_sp_overall': 1.017, 'recruit_rating': 0.869, 'prod_over_recruit': -1.685, 'was_returner': 0.693, 'ret_td': 0.347, 'col_qb_ypa': 0.084, 'final_spike': 0.041, 'dom_growth': -0.468}","[{'p': 'Kolby Listenbee', 'y': 2016, 'sim': 65.0, 'fant': 0.178}, {'p': 'Zavion Thomas', 'y': 2026, 'sim': 65.0, 'fant': None}, {'p': 'Mecole Hardman', 'y': 2019, 'sim': 60.0, 'fant': 0.83}, {'p': 'Isaiah Bond', 'y': 2025, 'sim': 60.0, 'fant': None}, {'p': 'Isaiah Coulter', 'y': 2020, 'sim': 58.0, 'fant': 0.178}, {'p': 'Racey McMath', 'y': 2021, 'sim': 58.0, 'fant': 0.365}]"
Ray-Ray McCloud,2018,historical,6,0.5126353790613718,0.06859205776173286,12.53394010731735,28.034205216130033,0.5504330118321541,-0.20819254892611355,0,0,0,0.5325077399380805,0.1795302013422818,187.0,21.21286789869952,99.0,0.1056932327070955,0.356,0.2133676771679545,503.0,0.0,4.0,0.0,"{'best_dom': -2.14, 'final_dom': -1.592, 'dom_age20': -0.809, 'n_seasons_30': -0.902, 'best_yds': -1.233, 'career_yds': -0.886, 'final_ppa': -1.186, 'best_ppa': -1.182, 'best_usage': -1.377, 'nfl_entry_age': -0.977, 'breakout_age': 2.214, 'early_declare': 1.399, 'ras': -1.299, 'explosion_p': -1.178, 'speed_score': -0.871, 'weight': -0.851, 'catch_radius': -1.378, 'team_sp_off': 0.178, 'team_sp_overall': 1.223, 'recruit_rating': 1.19, 'prod_over_recruit': -2.051, 'was_returner': 0.693, 'ret_td': 0.347, 'col_qb_ypa': -1.033, 'final_spike': -0.209, 'dom_growth': -0.734}","[{'p': 'Quadree Henderson', 'y': 2018, 'sim': 73.0, 'fant': 0.178}, {'p': 'Greg Ward', 'y': 2017, 'sim': 64.0, 'fant': 0.749}, {'p': 'Byron Marshall', 'y': 2016, 'sim': 63.0, 'fant': 0.389}, {'p': 'Hunter Renfrow', 'y': 2019, 'sim': 62.0, 'fant': 0.867}, {'p': 'K.J. Hill', 'y': 2020, 'sim': 61.0, 'fant': 0.427}, {'p': 'Kaelin Clay', 'y': 2015, 'sim': 58.0, 'fant': 0.402}]"
Reggie Roberson,2022,historical,1,0.0036101083032490976,0.021660649819494584,9.42235386550707,24.694386674473296,-1.400950042663764,-0.31483613148821055,0,0,0,0.1780185758513932,0.1778523489932885,270.0,23.21697467488022,20.00273785078713,0.2190150032615785,0.706,0.0422535211267605,803.0,0.0,3.0,0.0,"{'best_dom': -0.926, 'final_dom': -1.031, 'dom_age20': 0.376, 'n_seasons_30': -0.902, 'best_yds': -0.391, 'career_yds': 0.77, 'final_ppa': 0.147, 'best_ppa': 0.081, 'best_usage': 0.454, 'nfl_entry_age': 1.256, 'breakout_age': -0.471, 'early_declare': -0.713, 'ras': -1.397, 'explosion_p': -1.931, 'speed_score': 0.0, 'weight': -0.707, 'catch_radius': -0.569, 'team_sp_off': -0.105, 'team_sp_overall': -0.661, 'recruit_rating': -0.539, 'prod_over_recruit': -0.409, 'was_returner': 0.693, 'ret_td': 0.347, 'col_qb_ypa': -0.174, 'final_spike': -0.295, 'dom_growth': -0.067}","[{'p': 'Johnny Johnson II', 'y': 2022, 'sim': 76.0, 'fant': None}, {'p': 'Nyqwan Murray', 'y': 2019, 'sim': 74.0, 'fant': None}, {'p': 'Aaron Fuller', 'y': 2020, 'sim': 71.0, 'fant': 0.178}, {'p': 'Vinny Anthony II', 'y': 2026, 'sim': 68.0, 'fant': None}, {'p': 'Tony Brown', 'y': 2020, 'sim': 67.0, 'fant': None}, {'p': 'Ainias Smith', 'y': 2024, 'sim': 66.0, 'fant': None}]"
Kolby Listenbee,2016,historical,5,0.48375451263537905,0.4548736462093863,12.247361551601252,38.50649155541837,-0.47313670664912366,-0.5774102886643631,0,0,0,0.1780185758513932,0.174496644295302,192.0,21.932922655715263,99.0,0.1428512238653748,0.625,0.7125386623950826,753.0,0.0,3.0,0.0,"{'best_dom': -1.742, 'final_dom': -1.35, 'dom_age20': -1.282, 'n_seasons_30': -0.902, 'best_yds': -0.531, 'career_yds': -0.649, 'final_ppa': -0.162, 'best_ppa': -0.785, 'best_usage': -1.204, 'nfl_entry_age': -0.175, 'breakout_age': 2.214, 'early_declare': -0.713, 'ras': 0.37, 'explosion_p': 1.02, 'speed_score': 0.876, 'weight': -0.347, 'catch_radius': -1.044, 'team_sp_off': 0.596, 'team_sp_overall': 0.957, 'recruit_rating': -0.205, 'prod_over_recruit': -0.965, 'was_returner': 0.693, 'ret_td': -0.418, 'col_qb_ypa': -0.26, 'final_spike': -0.29, 'dom_growth': -0.266}","[{'p': 'Dillon Bell', 'y': 2026, 'sim': 65.0, 'fant': None}, {'p': 'Freddie Swain', 'y': 2020, 'sim': 65.0, 'fant': 0.539}, {'p': 'Casey Washington', 'y': 2024, 'sim': 63.0, 'fant': None}, {'p': 'Zavion Thomas', 'y': 2026, 'sim': 63.0, 'fant': None}, {'p': 'Trevor Davis', 'y': 2016, 'sim': 63.0, 'fant': 0.446}, {'p': 'Brandon Smith', 'y': 2021, 'sim': 61.0, 'fant': 0.178}]"
Tre Nixon,2021,historical,3,0.296028880866426,0.23465703971119134,10.590238713701154,34.21497241336622,-1.0773581117645965,-0.4832948042695258,0,0,0,0.1780185758513932,0.1728187919463087,242.0,22.93223819301848,99.0,0.1971981316416392,0.543,0.5276235312940983,830.0,0.0,4.0,0.0,"{'best_dom': -1.16, 'final_dom': -1.966, 'dom_age20': -1.339, 'n_seasons_30': -0.902, 'best_yds': -0.315, 'career_yds': -0.377, 'final_ppa': -0.474, 'best_ppa': 3.32, 'best_usage': -0.932, 'nfl_entry_age': 0.939, 'breakout_age': 2.214, 'early_declare': -0.713, 'ras': 0.019, 'explosion_p': 0.206, 'speed_score': -0.21, 'weight': -1.067, 'catch_radius': -0.51, 'team_sp_off': 0.297, 'team_sp_overall': 0.598, 'recruit_rating': 0.598, 'prod_over_recruit': -1.364, 'was_returner': -1.439, 'ret_td': 0.0, 'col_qb_ypa': 0.858, 'final_spike': -0.433, 'dom_growth': -0.712}","[{'p': 'Kearis Jackson', 'y': 2023, 'sim': 68.0, 'fant': None}, {'p': 'Antoine Green', 'y': 2023, 'sim': 66.0, 'fant': None}, {'p': 'Braylon Sanders', 'y': 2022, 'sim': 65.0, 'fant': 0.178}, {'p': 'Malik Benson', 'y': 2026, 'sim': 64.0, 'fant': None}, {'p': 'Arian Smith', 'y': 2025, 'sim': 63.0, 'fant': None}, {'p': 'Charone Peake', 'y': 2016, 'sim': 63.0, 'fant': 0.464}]"
Amba Etta-Tawo,2017,historical,2,0.18772563176895307,0.6895306859205776,10.241274505253406,45.18853971102845,-1.6792788052625154,0.34096985145182257,0,0,0,0.1780185758513932,0.1677852348993288,270.0,23.143052703627653,22.92950034223135,0.4817153971103702,0.838,0.490067031872232,1482.0,1.0,3.0,1.0,"{'best_dom': 1.886, 'final_dom': 2.129, 'dom_age20': -0.306, 'n_seasons_30': 0.306, 'best_yds': 1.516, 'career_yds': 0.486, 'final_ppa': 0.65, 'best_ppa': 0.643, 'best_usage': 0.33, 'nfl_entry_age': 1.174, 'breakout_age': -0.372, 'early_declare': -0.713, 'ras': -0.198, 'explosion_p': 0.041, 'speed_score': 0.465, 'weight': 0.446, 'catch_radius': -0.683, 'team_sp_off': -0.911, 'team_sp_overall': -1.27, 'recruit_rating': -0.983, 'prod_over_recruit': 1.91, 'was_returner': -1.439, 'ret_td': 0.0, 'col_qb_ypa': -0.603, 'final_spike': 0.354, 'dom_growth': 1.579}","[{'p': 'Omar Bayless', 'y': 2020, 'sim': 78.0, 'fant': 0.178}, {'p': 'Korey Robertson', 'y': 2018, 'sim': 64.0, 'fant': None}, {'p': 'Devante Davis', 'y': 2015, 'sim': 59.0, 'fant': None}, {'p': 'Travis Fulgham', 'y': 2019, 'sim': 58.0, 'fant': 0.845}, {'p': 'David Sills', 'y': 2019, 'sim': 58.0, 'fant': 0.396}, {'p': 'A.T. Perry', 'y': 2023, 'sim': 57.0, 'fant': None}]"
Alex Wesley,2019,historical,1,0.05776173285198556,0.21299638989169675,9.816010199016999,33.52435582275521,-1.0450931515806803,-0.11662277801051624,0,0,0,0.1780185758513932,0.1661073825503355,270.0,23.1813826146475,99.0,,0.772,0.6469198919825007,102.0,1.0,,0.0,"{'best_dom': 0.0, 'final_dom': 0.0, 'dom_age20': -1.358, 'n_seasons_30': -0.902, 'best_yds': -2.359, 'career_yds': -2.1, 'final_ppa': 0.398, 'best_ppa': -0.36, 'best_usage': -0.017, 'nfl_entry_age': 1.216, 'breakout_age': 2.214, 'early_declare': -0.713, 'ras': -0.203, 'explosion_p': 0.731, 'speed_score': -0.136, 'weight': -0.851, 'catch_radius': -0.46, 'team_sp_off': 0.0, 'team_sp_overall': 0.0, 'recruit_rating': 0.0, 'prod_over_recruit': 0.0, 'was_returner': -1.439, 'ret_td': 0.0, 'col_qb_ypa': -1.979, 'final_spike': -0.08, 'dom_growth': 0.0}","[{'p': 'Tanner Conner', 'y': 2022, 'sim': 70.0, 'fant': 0.178}, {'p': 'Dezmin Lewis', 'y': 2015, 'sim': 66.0, 'fant': 0.178}, {'p': 'Montrell Washington', 'y': 2022, 'sim': 65.0, 'fant': 0.359}, {'p': 'Braylon Sanders', 'y': 2022, 'sim': 60.0, 'fant': 0.178}, {'p': 'Cade Johnson', 'y': 2021, 'sim': 60.0, 'fant': 0.178}, {'p': 'Malik Benson', 'y': 2026, 'sim': 58.0, 'fant': None}]"
Isaiah Weston,2022,historical,1,0.0036101083032490976,0.032490974729241874,9.391915399016998,25.722391722755216,-2.122923748120724,-0.7032817117140059,0,0,0,0.1780185758513932,0.1644295302013423,270.0,24.186173853524984,99.0,,-0.059,0.9377191489203366,72.0,1.0,3.0,0.0,"{'best_dom': 0.0, 'final_dom': 0.0, 'dom_age20': 0.0, 'n_seasons_30': -0.902, 'best_yds': -2.443, 'career_yds': -2.145, 'final_ppa': -2.767, 'best_ppa': 0.515, 'best_usage': -1.303, 'nfl_entry_age': 2.336, 'breakout_age': 2.214, 'early_declare': -0.713, 'ras': 1.88, 'explosion_p': 2.011, 'speed_score': 1.544, 'weight': 0.878, 'catch_radius': 1.423, 'team_sp_off': 0.0, 'team_sp_overall': 0.0, 'recruit_rating': -1.415, 'prod_over_recruit': 0.0, 'was_returner': -1.439, 'ret_td': 0.0, 'col_qb_ypa': -1.205, 'final_spike': -0.48, 'dom_growth': 0.0}","[{'p': 'Keelan Doss', 'y': 2019, 'sim': 66.0, 'fant': 0.511}, {'p': 'Daurice Fountain', 'y': 2018, 'sim': 62.0, 'fant': 0.178}, {'p': 'Dylan Cantrell', 'y': 2018, 'sim': 57.0, 'fant': 0.178}, {'p': 'Brandon Smith', 'y': 2021, 'sim': 55.0, 'fant': 0.178}, {'p': 'Savion Williams', 'y': 2025, 'sim': 55.0, 'fant': None}, {'p': 'Tanner Conner', 'y': 2022, 'sim': 55.0, 'fant': 0.178}]"
Racey McMath,2021,historical,5,0.47653429602888087,0.30324909747292417,12.136708199033414,35.96565948995372,-0.47956912262441287,-0.4616719151911042,0,0,0,0.3653250773993808,0.1627516778523489,205.0,21.5523613963039,99.0,0.0526648710414626,0.749,0.6354054981762977,285.0,0.0,3.0,0.0,"{'best_dom': -2.707, 'final_dom': -2.117, 'dom_age20': -0.976, 'n_seasons_30': -0.902, 'best_yds': -1.845, 'career_yds': -1.695, 'final_ppa': 0.311, 'best_ppa': 0.929, 'best_usage': -1.674, 'nfl_entry_age': -0.599, 'breakout_age': 2.214, 'early_declare': 1.399, 'ras': 0.04, 'explosion_p': 0.68, 'speed_score': 1.707, 'weight': 0.662, 'catch_radius': -0.379, 'team_sp_off': 2.027, 'team_sp_overall': 1.797, 'recruit_rating': -0.404, 'prod_over_recruit': -1.03, 'was_returner': -1.439, 'ret_td': 0.0, 'col_qb_ypa': 2.234, 'final_spike': -0.323, 'dom_growth': -0.872}","[{'p': 'Joseph Ngata', 'y': 2023, 'sim': 72.0, 'fant': None}, {'p': 'Chris Lacy', 'y': 2018, 'sim': 70.0, 'fant': 0.178}, {'p': 'Brandon Smith', 'y': 2021, 'sim': 66.0, 'fant': 0.178}, {'p': 'Jalen Brooks', 'y': 2023, 'sim': 65.0, 'fant': None}, {'p': 'Dillon Bell', 'y': 2026, 'sim': 65.0, 'fant': None}, {'p': 'Kolby Listenbee', 'y': 2016, 'sim': 64.0, 'fant': 0.178}]"
K.J. Hill,2020,historical,4,0.30324909747292417,0.061371841155234655,10.609816225278248,27.300048479919504,-1.0079642584172261,-0.7769895225952764,0,0,0,0.42724458204334365,0.1610738255033557,220.0,22.2943189596167,99.0,0.190485884907709,0.596,0.1275914385992329,885.0,0.0,4.0,0.0,"{'best_dom': -1.232, 'final_dom': -0.753, 'dom_age20': -0.463, 'n_seasons_30': -0.902, 'best_yds': -0.16, 'career_yds': 0.385, 'final_ppa': -0.272, 'best_ppa': -0.025, 'best_usage': -0.982, 'nfl_entry_age': 0.228, 'breakout_age': 2.214, 'early_declare': -0.713, 'ras': -1.908, 'explosion_p': -1.555, 'speed_score': -1.167, 'weight': -0.419, 'catch_radius': -1.463, 'team_sp_off': 1.356, 'team_sp_overall': 1.026, 'recruit_rating': 0.718, 'prod_over_recruit': -1.509, 'was_returner': 0.693, 'ret_td': -0.418, 'col_qb_ypa': 0.6, 'final_spike': -0.312, 'dom_growth': -0.237}","[{'p': 'Harrison Wallace', 'y': 2026, 'sim': 67.0, 'fant': None}, {'p': 'Darreus Rogers', 'y': 2017, 'sim': 64.0, 'fant': 0.178}, {'p': 'Byron Marshall', 'y': 2016, 'sim': 63.0, 'fant': 0.389}, {'p': 'Steven Mitchell', 'y': 2018, 'sim': 62.0, 'fant': 0.178}, {'p': 'Hunter Renfrow', 'y': 2019, 'sim': 61.0, 'fant': 0.867}, {'p': 'Kaden Prather', 'y': 2025, 'sim': 61.0, 'fant': None}]"
Byron Pringle,2018,historical,2,0.16967509025270758,0.2851985559566787,10.182919857235014,35.4199716988149,0.39550013028995135,0.18643132821634553,0,0,0,0.6934984520123839,0.1593959731543624,270.0,24.123203285420946,22.910335386721425,0.3545810877021068,0.747,0.409211998760943,724.0,1.0,2.0,2.0,"{'best_dom': 0.525, 'final_dom': 0.803, 'dom_age20': -1.358, 'n_seasons_30': 1.514, 'best_yds': -0.612, 'career_yds': -0.738, 'final_ppa': 0.303, 'best_ppa': -0.516, 'best_usage': -0.734, 'nfl_entry_age': 2.266, 'breakout_age': -0.372, 'early_declare': -0.713, 'ras': -0.01, 'explosion_p': -0.315, 'speed_score': 0.493, 'weight': 0.086, 'catch_radius': -0.367, 'team_sp_off': -0.135, 'team_sp_overall': -0.105, 'recruit_rating': -1.622, 'prod_over_recruit': 1.555, 'was_returner': 0.693, 'ret_td': 1.111, 'col_qb_ypa': 0.944, 'final_spike': -0.185, 'dom_growth': -1.296}","[{'p': 'Samori Toure', 'y': 2022, 'sim': 65.0, 'fant': 0.477}, {'p': 'Colton Dowell', 'y': 2023, 'sim': 65.0, 'fant': None}, {'p': 'David Sills', 'y': 2019, 'sim': 60.0, 'fant': 0.396}, {'p': 'Dontario Drummond', 'y': 2022, 'sim': 60.0, 'fant': 0.178}, {'p': ""Da'Quan Felton"", 'y': 2025, 'sim': 58.0, 'fant': None}, {'p': 'Anthony Smith', 'y': 2026, 'sim': 58.0, 'fant': None}]"
Javon Wims,2018,historical,4,0.3862815884476534,0.19855595667870035,10.964941156416929,33.108501360198844,-0.9860031266434869,-0.48139259049449734,0,0,0,0.43343653250773995,0.1459731543624161,224.0,23.307323750855577,23.093771389459278,0.2822826360095489,0.911,0.3224343750901153,724.0,1.0,,0.0,"{'best_dom': -0.249, 'final_dom': 0.155, 'dom_age20': -1.358, 'n_seasons_30': -0.902, 'best_yds': -0.612, 'career_yds': -1.245, 'final_ppa': 0.928, 'best_ppa': -0.155, 'best_usage': -1.204, 'nfl_entry_age': 1.357, 'breakout_age': -0.366, 'early_declare': -0.713, 'ras': -0.731, 'explosion_p': -0.697, 'speed_score': 0.438, 'weight': 0.95, 'catch_radius': -0.193, 'team_sp_off': 0.64, 'team_sp_overall': 1.249, 'recruit_rating': 0.0, 'prod_over_recruit': 0.0, 'was_returner': -1.439, 'ret_td': 0.0, 'col_qb_ypa': 0.686, 'final_spike': 0.605, 'dom_growth': 0.483}","[{'p': 'Antwane Wells Jr.', 'y': 2025, 'sim': 66.0, 'fant': None}, {'p': 'Mekale McKay', 'y': 2016, 'sim': 61.0, 'fant': 0.178}, {'p': 'Kyren Lacy', 'y': 2024, 'sim': 61.0, 'fant': None}, {'p': 'Malik Heath', 'y': 2023, 'sim': 60.0, 'fant': None}, {'p': 'Stephen Guidry', 'y': 2020, 'sim': 59.0, 'fant': 0.178}, {'p': 'Jalen Wayne', 'y': 2023, 'sim': 59.0, 'fant': None}]"
Montrell Washington,2022,historical,6,0.51985559566787,0.11191335740072202,12.665284140361578,30.039924970464927,0.002578081874980806,-0.921233173126235,0,0,0,0.3591331269349845,0.1459731543624161,162.0,22.803559206023277,99.0,,0.541,,124.0,1.0,,0.0,"{'best_dom': 0.0, 'final_dom': 0.0, 'dom_age20': -1.358, 'n_seasons_30': -0.902, 'best_yds': -2.297, 'career_yds': -2.153, 'final_ppa': -0.482, 'best_ppa': -0.97, 'best_usage': 2.309, 'nfl_entry_age': 0.795, 'breakout_age': 2.214, 'early_declare': -0.713, 'ras': 0.0, 'explosion_p': 0.0, 'speed_score': 0.0, 'weight': 0.0, 'catch_radius': 0.0, 'team_sp_off': 0.0, 'team_sp_overall': 0.0, 'recruit_rating': 0.0, 'prod_over_recruit': 0.0, 'was_returner': 0.693, 'ret_td': -0.418, 'col_qb_ypa': -0.431, 'final_spike': -0.229, 'dom_growth': 0.0}","[{'p': 'Dezmin Lewis', 'y': 2015, 'sim': 75.0, 'fant': 0.178}, {'p': 'Tanner Conner', 'y': 2022, 'sim': 72.0, 'fant': 0.178}, {'p': 'Kendrick Bourne', 'y': 2017, 'sim': 66.0, 'fant': 0.802}, {'p': 'Braxton Miller', 'y': 2016, 'sim': 65.0, 'fant': 0.492}, {'p': 'Alex Wesley', 'y': 2019, 'sim': 65.0, 'fant': 0.178}, {'p': 'Braylon Sanders', 'y': 2022, 'sim': 62.0, 'fant': 0.178}]"
Marcell Ateman,2018,historical,4,0.37184115523465705,0.4223826714801444,10.886275460963548,37.95535459884491,-0.3814027098960397,-0.14514392903817286,0,0,0,0.5758513931888545,0.1459731543624161,228.0,23.29363449691992,23.08008213552361,0.2223599365326979,1.152,0.3435126245219816,1156.0,0.0,4.0,0.0,"{'best_dom': -0.89, 'final_dom': -0.438, 'dom_age20': -1.021, 'n_seasons_30': -0.902, 'best_yds': 0.6, 'career_yds': 0.539, 'final_ppa': 1.846, 'best_ppa': 0.376, 'best_usage': -0.932, 'nfl_entry_age': 1.341, 'breakout_age': -0.367, 'early_declare': -0.713, 'ras': 0.134, 'explosion_p': -0.605, 'speed_score': -0.365, 'weight': 1.022, 'catch_radius': 1.158, 'team_sp_off': 1.028, 'team_sp_overall': 0.598, 'recruit_rating': 0.258, 'prod_over_recruit': -0.982, 'was_returner': -1.439, 'ret_td': 0.0, 'col_qb_ypa': 1.546, 'final_spike': -0.078, 'dom_growth': 0.247}","[{'p': 'Malik Heath', 'y': 2023, 'sim': 72.0, 'fant': None}, {'p': 'Jalen Hurd', 'y': 2019, 'sim': 60.0, 'fant': 0.178}, {'p': 'Cayleb Jones', 'y': 2016, 'sim': 59.0, 'fant': 0.178}, {'p': 'Jaleel Scott', 'y': 2018, 'sim': 59.0, 'fant': 0.178}, {'p': 'Roc Taylor', 'y': 2025, 'sim': 59.0, 'fant': None}, {'p': 'Theo Wease', 'y': 2025, 'sim': 58.0, 'fant': None}]"
Kaelin Clay,2015,historical,5,0.4332129963898917,0.010830324909747292,11.602542443854546,20.692616802153594,-0.3265760614757022,-0.4089821578267665,0,0,0,0.4024767801857585,0.1459731543624161,184.0,22.99794661190965,22.784394250513348,0.2017509727626459,0.256,0.2024777420882205,523.0,1.0,,0.0,"{'best_dom': -1.111, 'final_dom': -0.642, 'dom_age20': -1.358, 'n_seasons_30': -0.902, 'best_yds': -1.177, 'career_yds': -1.694, 'final_ppa': -1.567, 'best_ppa': -1.598, 'best_usage': -1.031, 'nfl_entry_age': 1.012, 'breakout_age': -0.377, 'early_declare': -0.713, 'ras': -1.47, 'explosion_p': -1.226, 'speed_score': -0.427, 'weight': -0.491, 'catch_radius': -1.678, 'team_sp_off': -0.926, 'team_sp_overall': -0.285, 'recruit_rating': 0.0, 'prod_over_recruit': 0.0, 'was_returner': 0.693, 'ret_td': 2.641, 'col_qb_ypa': -1.119, 'final_spike': -0.229, 'dom_growth': -1.241}","[{'p': 'Frank Darby', 'y': 2021, 'sim': 69.0, 'fant': 0.178}, {'p': 'Hunter Renfrow', 'y': 2019, 'sim': 68.0, 'fant': 0.867}, {'p': 'Vinny Anthony II', 'y': 2026, 'sim': 64.0, 'fant': None}, {'p': 'Nyqwan Murray', 'y': 2019, 'sim': 64.0, 'fant': None}, {'p': 'Braxton Berrios', 'y': 2018, 'sim': 64.0, 'fant': 0.678}, {'p': 'Junior Bergen', 'y': 2025, 'sim': 64.0, 'fant': None}]"
Charone Peake,2016,historical,3,0.296028880866426,0.19494584837545126,10.589422083729076,33.093662716775015,-0.18731461951998005,-0.5212793850791481,0,0,0,0.46439628482972134,0.1459731543624161,241.0,23.208761122518823,99.0,0.153294567312404,0.564,0.5785184523693245,716.0,0.0,4.0,0.0,"{'best_dom': -1.63, 'final_dom': -1.121, 'dom_age20': -0.997, 'n_seasons_30': -0.902, 'best_yds': -0.635, 'career_yds': -0.948, 'final_ppa': -0.394, 'best_ppa': 0.063, 'best_usage': -1.377, 'nfl_entry_age': 1.247, 'breakout_age': 2.214, 'early_declare': -0.713, 'ras': 0.236, 'explosion_p': 0.43, 'speed_score': 0.932, 'weight': 0.518, 'catch_radius': 0.749, 'team_sp_off': 0.983, 'team_sp_overall': 1.017, 'recruit_rating': 1.457, 'prod_over_recruit': -2.202, 'was_returner': 0.693, 'ret_td': -0.418, 'col_qb_ypa': 0.17, 'final_spike': 0.71, 'dom_growth': -0.074}","[{'p': 'Van Jefferson', 'y': 2020, 'sim': 68.0, 'fant': 0.715}, {'p': 'Juwan Johnson', 'y': 2020, 'sim': 68.0, 'fant': 0.771}, {'p': 'Antoine Green', 'y': 2023, 'sim': 67.0, 'fant': None}, {'p': 'Jordan Whittington', 'y': 2024, 'sim': 67.0, 'fant': None}, {'p': 'Kaden Prather', 'y': 2025, 'sim': 65.0, 'fant': None}, {'p': 'Tre Nixon', 'y': 2021, 'sim': 65.0, 'fant': 0.178}]"
Dylan Cantrell,2018,historical,5,0.4548736462093863,0.24187725631768953,11.802337485514098,34.2907056835408,-1.0141945112468114,-0.3408438862194074,0,0,0,0.1780185758513932,0.1459731543624161,191.0,23.509924709103355,99.0,0.1940525587828492,0.516,0.7837536546137668,816.0,0.0,3.0,0.0,"{'best_dom': -1.194, 'final_dom': -0.718, 'dom_age20': -0.867, 'n_seasons_30': -0.902, 'best_yds': -0.354, 'career_yds': -0.143, 'final_ppa': -0.577, 'best_ppa': -0.946, 'best_usage': -0.214, 'nfl_entry_age': 1.582, 'breakout_age': 2.214, 'early_declare': -0.713, 'ras': 1.175, 'explosion_p': 1.333, 'speed_score': 0.407, 'weight': 1.742, 'catch_radius': 0.5, 'team_sp_off': -0.135, 'team_sp_overall': -0.627, 'recruit_rating': -0.229, 'prod_over_recruit': -0.871, 'was_returner': -1.439, 'ret_td': 0.0, 'col_qb_ypa': -0.174, 'final_spike': -0.167, 'dom_growth': 0.157}","[{'p': 'Savion Williams', 'y': 2025, 'sim': 73.0, 'fant': None}, {'p': 'Jamal Custis', 'y': 2019, 'sim': 63.0, 'fant': 0.178}, {'p': 'Brandon Smith', 'y': 2021, 'sim': 63.0, 'fant': 0.178}, {'p': 'Juwan Johnson', 'y': 2020, 'sim': 63.0, 'fant': 0.771}, {'p': 'Charone Peake', 'y': 2016, 'sim': 63.0, 'fant': 0.464}, {'p': 'Dezmon Patmon', 'y': 2020, 'sim': 61.0, 'fant': 0.415}]"
Omar Bayless,2020,historical,2,0.18411552346570398,0.7436823104693141,10.21938909868584,46.91794963587647,-1.3246656685395677,0.5066016101917303,0,0,0,0.1780185758513932,0.1375838926174496,270.0,23.04449007529089,22.830937713894592,0.4340347727801602,0.979,0.4535092199056568,1661.0,1.0,3.0,1.0,"{'best_dom': 1.376, 'final_dom': 1.657, 'dom_age20': -1.023, 'n_seasons_30': 0.306, 'best_yds': 2.018, 'career_yds': 0.903, 'final_ppa': 1.187, 'best_ppa': -0.005, 'best_usage': 0.478, 'nfl_entry_age': 1.064, 'breakout_age': -0.375, 'early_declare': -0.713, 'ras': -0.778, 'explosion_p': -0.12, 'speed_score': -0.559, 'weight': 0.734, 'catch_radius': -0.376, 'team_sp_off': -0.776, 'team_sp_overall': -1.287, 'recruit_rating': -1.226, 'prod_over_recruit': 2.021, 'was_returner': -1.439, 'ret_td': 0.0, 'col_qb_ypa': 1.116, 'final_spike': 0.345, 'dom_growth': 1.926}","[{'p': 'Amba Etta-Tawo', 'y': 2017, 'sim': 78.0, 'fant': 0.178}, {'p': 'Korey Robertson', 'y': 2018, 'sim': 62.0, 'fant': None}, {'p': 'Gabriel Davis', 'y': 2020, 'sim': 57.0, 'fant': None}, {'p': 'Carlos Henderson', 'y': 2017, 'sim': 57.0, 'fant': 0.178}, {'p': 'Jamari Thrash', 'y': 2024, 'sim': 56.0, 'fant': None}, {'p': 'Dede Westbrook', 'y': 2017, 'sim': 55.0, 'fant': 0.854}]"
Michael Rector,2017,historical,3,0.259927797833935,0.296028880866426,10.52058771970383,35.61482846345547,-0.9151401267349462,-0.37950220383657685,0,0,0,,,270.0,,,0.2109331084879145,0.384,0.7034413601349195,559.0,0.0,3.0,0.0,"{'best_dom': -1.013, 'final_dom': -0.765, 'dom_age20': 0.0, 'n_seasons_30': -0.902, 'best_yds': -1.076, 'career_yds': -0.363, 'final_ppa': -1.08, 'best_ppa': 2.333, 'best_usage': -1.056, 'nfl_entry_age': 0.0, 'breakout_age': 0.0, 'early_declare': 0.0, 'ras': 1.039, 'explosion_p': 0.98, 'speed_score': 0.33, 'weight': -0.635, 'catch_radius': 0.148, 'team_sp_off': 1.371, 'team_sp_overall': 0.915, 'recruit_rating': -1.009, 'prod_over_recruit': -0.13, 'was_returner': 0.693, 'ret_td': -0.418, 'col_qb_ypa': 1.03, 'final_spike': -0.331, 'dom_growth': -0.917}","[{'p': 'Kendrick Law', 'y': 2026, 'sim': 61.0, 'fant': None}, {'p': 'Jamari Staples', 'y': 2017, 'sim': 60.0, 'fant': None}, {'p': 'Rannell Hall', 'y': 2015, 'sim': 60.0, 'fant': 0.178}, {'p': 'Tyrie Cleveland', 'y': 2020, 'sim': 59.0, 'fant': 0.412}, {'p': 'Joe Reed', 'y': 2020, 'sim': 58.0, 'fant': 0.178}, {'p': 'Caleb Douglas', 'y': 2026, 'sim': 58.0, 'fant': None}]"
Tyre Brady,2019,historical,1,0.07581227436823104,0.148014440433213,9.903779930409819,30.674058838449664,1.1440575166124418,0.13149447917881582,0,0,0,,,270.0,,,0.3943139574180466,0.304,0.1127153582614503,1002.0,1.0,3.0,2.0,"{'best_dom': 0.951, 'final_dom': 1.264, 'dom_age20': 0.0, 'n_seasons_30': 1.514, 'best_yds': 0.168, 'career_yds': 0.068, 'final_ppa': -1.384, 'best_ppa': -0.847, 'best_usage': 0.577, 'nfl_entry_age': 0.0, 'breakout_age': 0.0, 'early_declare': 0.0, 'ras': -0.618, 'explosion_p': -1.621, 'speed_score': -1.757, 'weight': 0.662, 'catch_radius': 0.786, 'team_sp_off': -1.984, 'team_sp_overall': -0.953, 'recruit_rating': -0.536, 'prod_over_recruit': 1.246, 'was_returner': 0.693, 'ret_td': -0.418, 'col_qb_ypa': -0.603, 'final_spike': -0.21, 'dom_growth': 1.597}","[{'p': 'Nelson Spruce', 'y': 2016, 'sim': 62.0, 'fant': 0.178}, {'p': 'Sage Surratt', 'y': 2021, 'sim': 60.0, 'fant': 0.178}, {'p': 'Preston Williams', 'y': 2019, 'sim': 59.0, 'fant': 0.74}, {'p': 'Hunter Sharp', 'y': 2016, 'sim': 59.0, 'fant': 0.178}, {'p': 'Jamarius Way', 'y': 2019, 'sim': 58.0, 'fant': None}, {'p': 'Cody White', 'y': 2020, 'sim': 58.0, 'fant': 0.178}]"
Speedy Noil,2017,historical,3,0.24548736462093862,0.22382671480144403,10.486886405648129,33.93674159163833,-0.030711490440763878,-0.7367543245417094,0,0,0,,,270.0,,,0.1375097663186306,0.345,0.8633898164762965,583.0,0.0,5.0,0.0,"{'best_dom': -1.799, 'final_dom': -1.758, 'dom_age20': 0.0, 'n_seasons_30': -0.902, 'best_yds': -1.008, 'career_yds': -0.992, 'final_ppa': -1.228, 'best_ppa': -0.893, 'best_usage': -0.932, 'nfl_entry_age': 0.0, 'breakout_age': 0.0, 'early_declare': 0.0, 'ras': 0.662, 'explosion_p': 1.684, 'speed_score': 0.37, 'weight': -0.203, 'catch_radius': -0.389, 'team_sp_off': 1.237, 'team_sp_overall': 0.692, 'recruit_rating': 1.728, 'prod_over_recruit': -2.416, 'was_returner': 0.693, 'ret_td': -0.418, 'col_qb_ypa': 0.084, 'final_spike': -0.36, 'dom_growth': -1.633}","[{'p': 'Kendrick Law', 'y': 2026, 'sim': 67.0, 'fant': None}, {'p': 'Tyrie Cleveland', 'y': 2020, 'sim': 61.0, 'fant': 0.412}, {'p': 'Jadon Haselwood', 'y': 2023, 'sim': 59.0, 'fant': None}, {'p': 'Bru McCoy', 'y': 2025, 'sim': 59.0, 'fant': None}, {'p': 'Rakim Jarrett', 'y': 2023, 'sim': 58.0, 'fant': None}, {'p': 'Quartney Davis', 'y': 2020, 'sim': 57.0, 'fant': 0.178}]"
Alonzo Russell,2016,historical,1,0.02888086642599278,0.18411552346570398,9.646243093302896,31.73255523531184,-0.5133516909236181,-0.08982040330021945,0,0,0,0.1780185758513932,0.1308724832214765,270.0,23.255304585900067,20.043805612594117,0.3052631578947368,0.796,0.1774708816933036,960.0,0.0,3.0,1.0,"{'best_dom': -0.003, 'final_dom': -0.6, 'dom_age20': 0.85, 'n_seasons_30': 0.306, 'best_yds': 0.05, 'career_yds': 1.24, 'final_ppa': 0.49, 'best_ppa': -0.408, 'best_usage': -0.833, 'nfl_entry_age': 1.299, 'breakout_age': -0.47, 'early_declare': -0.713, 'ras': -0.599, 'explosion_p': -1.336, 'speed_score': -0.128, 'weight': 0.302, 'catch_radius': 0.586, 'team_sp_off': -0.776, 'team_sp_overall': -1.381, 'recruit_rating': -0.624, 'prod_over_recruit': 0.373, 'was_returner': 0.693, 'ret_td': -0.418, 'col_qb_ypa': -1.807, 'final_spike': -0.335, 'dom_growth': -1.831}","[{'p': 'Sage Surratt', 'y': 2021, 'sim': 73.0, 'fant': 0.178}, {'p': 'Xavier Hutchinson', 'y': 2023, 'sim': 62.0, 'fant': None}, {'p': 'Jauan Jennings', 'y': 2020, 'sim': 62.0, 'fant': 0.799}, {'p': 'CJ Daniels', 'y': 2026, 'sim': 61.0, 'fant': None}, {'p': 'Cayleb Jones', 'y': 2016, 'sim': 61.0, 'fant': 0.178}, {'p': 'David Sills', 'y': 2019, 'sim': 61.0, 'fant': 0.396}]"
Marquez North,2016,historical,5,0.4296028880866426,0.4259927797833935,11.529849290080957,37.9653986868452,0.5659467634904544,-0.16013467781463248,0,0,0,0.1780185758513932,0.1291946308724832,270.0,20.698151950718685,99.0,0.1669824827353882,0.121,0.6057423598456202,496.0,1.0,4.0,0.0,"{'best_dom': -1.483, 'final_dom': -2.527, 'dom_age20': -0.036, 'n_seasons_30': -0.902, 'best_yds': -1.253, 'career_yds': -1.291, 'final_ppa': -2.081, 'best_ppa': -0.214, 'best_usage': -1.08, 'nfl_entry_age': -1.55, 'breakout_age': 2.214, 'early_declare': 1.399, 'ras': 1.065, 'explosion_p': 0.55, 'speed_score': 1.387, 'weight': 1.526, 'catch_radius': 1.327, 'team_sp_off': -0.911, 'team_sp_overall': -0.601, 'recruit_rating': 1.151, 'prod_over_recruit': -1.847, 'was_returner': -1.439, 'ret_td': 0.0, 'col_qb_ypa': -1.635, 'final_spike': -0.491, 'dom_growth': -2.501}","[{'p': 'Brandon Smith', 'y': 2021, 'sim': 63.0, 'fant': 0.178}, {'p': 'Quincy Adeboyejo', 'y': 2017, 'sim': 63.0, 'fant': 0.178}, {'p': 'Dezmon Patmon', 'y': 2020, 'sim': 60.0, 'fant': 0.415}, {'p': 'Joseph Ngata', 'y': 2023, 'sim': 59.0, 'fant': None}, {'p': 'Dillon Bell', 'y': 2026, 'sim': 59.0, 'fant': None}, {'p': 'Adam Humphries', 'y': 2015, 'sim': 56.0, 'fant': 0.839}]"
Adam Humphries,2015,historical,4,0.36101083032490977,0.1552346570397112,10.857205572709756,30.94957331487543,-0.03369974056610825,-1.4555466407122966,0,0,0,0.8390092879256966,0.1258389261744966,270.0,21.522245037645447,99.0,0.0814146976964528,0.161,,483.0,0.0,3.0,0.0,"{'best_dom': -2.399, 'final_dom': -2.342, 'dom_age20': -0.714, 'n_seasons_30': -0.902, 'best_yds': -1.289, 'career_yds': -1.035, 'final_ppa': -1.929, 'best_ppa': -0.701, 'best_usage': -1.773, 'nfl_entry_age': -0.632, 'breakout_age': 2.214, 'early_declare': -0.713, 'ras': 0.0, 'explosion_p': 0.0, 'speed_score': 0.0, 'weight': 0.0, 'catch_radius': 0.0, 'team_sp_off': 1.058, 'team_sp_overall': 1.06, 'recruit_rating': -1.302, 'prod_over_recruit': -0.473, 'was_returner': 0.693, 'ret_td': 0.347, 'col_qb_ypa': 0.944, 'final_spike': -0.4, 'dom_growth': -1.132}","[{'p': 'Dillon Bell', 'y': 2026, 'sim': 72.0, 'fant': None}, {'p': 'Quincy Adeboyejo', 'y': 2017, 'sim': 69.0, 'fant': 0.178}, {'p': 'Chris Lacy', 'y': 2018, 'sim': 69.0, 'fant': 0.178}, {'p': 'Jalen Brooks', 'y': 2023, 'sim': 66.0, 'fant': None}, {'p': 'Brandon Smith', 'y': 2021, 'sim': 65.0, 'fant': 0.178}, {'p': 'Kolby Listenbee', 'y': 2016, 'sim': 62.0, 'fant': 0.178}]"
Dontario Drummond,2022,historical,2,0.15162454873646208,0.3574007220216607,10.166790390797871,36.7710665767422,-1.2889119414195407,-0.31641744264789223,0,0,0,0.1780185758513932,0.1241610738255033,270.0,24.36139630390144,24.147843942505133,0.3343328935268481,0.895,0.334520483976443,1028.0,1.0,2.0,1.0,"{'best_dom': 0.308, 'final_dom': 0.671, 'dom_age20': -1.358, 'n_seasons_30': 0.306, 'best_yds': 0.241, 'career_yds': -0.418, 'final_ppa': 0.867, 'best_ppa': -0.038, 'best_usage': -0.388, 'nfl_entry_age': 2.531, 'breakout_age': -0.33, 'early_declare': -0.713, 'ras': -0.69, 'explosion_p': -0.644, 'speed_score': -0.68, 'weight': 0.95, 'catch_radius': -0.578, 'team_sp_off': 0.223, 'team_sp_overall': 0.229, 'recruit_rating': -1.658, 'prod_over_recruit': 1.528, 'was_returner': 0.693, 'ret_td': -0.418, 'col_qb_ypa': 0.428, 'final_spike': 0.206, 'dom_growth': 1.136}","[{'p': 'Colton Dowell', 'y': 2023, 'sim': 67.0, 'fant': None}, {'p': 'Jalen Wayne', 'y': 2023, 'sim': 64.0, 'fant': None}, {'p': 'Byron Pringle', 'y': 2018, 'sim': 61.0, 'fant': 0.693}, {'p': 'Samori Toure', 'y': 2022, 'sim': 60.0, 'fant': 0.477}, {'p': 'Antwane Wells Jr.', 'y': 2025, 'sim': 59.0, 'fant': None}, {'p': 'David Sills', 'y': 2019, 'sim': 59.0, 'fant': 0.396}]"
Trishton Jackson,2020,historical,4,0.35018050541516244,0.5848375451263538,10.798239393384993,41.997010808576846,0.21824339822343197,0.07745755220266029,0,0,0,0.1780185758513932,0.1208053691275167,270.0,21.815195071868583,21.60164271047228,0.416303971325733,0.613,0.3824802257837361,1023.0,1.0,4.0,1.0,"{'best_dom': 1.186, 'final_dom': 1.482, 'dom_age20': -1.018, 'n_seasons_30': 0.306, 'best_yds': 0.227, 'career_yds': -0.822, 'final_ppa': -0.207, 'best_ppa': 1.101, 'best_usage': -0.14, 'nfl_entry_age': -0.306, 'breakout_age': -0.417, 'early_declare': -0.713, 'ras': 0.044, 'explosion_p': -0.433, 'speed_score': -0.227, 'weight': -0.347, 'catch_radius': 0.569, 'team_sp_off': -1.611, 'team_sp_overall': -1.295, 'recruit_rating': 0.446, 'prod_over_recruit': 0.65, 'was_returner': -1.439, 'ret_td': 0.0, 'col_qb_ypa': -1.033, 'final_spike': 1.598, 'dom_growth': 1.777}","[{'p': 'Trey Palmer', 'y': 2023, 'sim': 72.0, 'fant': None}, {'p': 'Fred Ross', 'y': 2017, 'sim': 69.0, 'fant': 0.178}, {'p': 'Dillon Mitchell', 'y': 2019, 'sim': 68.0, 'fant': 0.178}, {'p': 'Trey Quinn', 'y': 2018, 'sim': 66.0, 'fant': 0.523}, {'p': 'Jordan Payton', 'y': 2016, 'sim': 65.0, 'fant': 0.178}, {'p': 'Luke McCaffrey', 'y': 2024, 'sim': 64.0, 'fant': None}]"
Greg Ward,2017,historical,2,0.19494584837545126,0.018050541516245487,10.267059346367596,24.24373112223665,0.7988994483028777,-0.6962543469075502,0,0,0,0.7492260061919505,0.1191275167785234,270.0,21.475701574264203,99.0,0.0509986264246204,,0.1694504986460603,139.0,0.0,3.0,0.0,"{'best_dom': -2.725, 'final_dom': -2.646, 'dom_age20': -0.954, 'n_seasons_30': -0.902, 'best_yds': -2.255, 'career_yds': -2.033, 'final_ppa': 0.0, 'best_ppa': 0.0, 'best_usage': 0.0, 'nfl_entry_age': -0.684, 'breakout_age': 2.214, 'early_declare': 1.399, 'ras': -1.174, 'explosion_p': -1.371, 'speed_score': -1.779, 'weight': -1.427, 'catch_radius': -0.497, 'team_sp_off': -0.732, 'team_sp_overall': -0.576, 'recruit_rating': -0.711, 'prod_over_recruit': -0.752, 'was_returner': 0.693, 'ret_td': -0.418, 'col_qb_ypa': -0.517, 'final_spike': -0.538, 'dom_growth': -1.488}","[{'p': 'Quadree Henderson', 'y': 2018, 'sim': 70.0, 'fant': 0.178}, {'p': 'Ray-Ray McCloud', 'y': 2018, 'sim': 67.0, 'fant': 0.533}, {'p': 'Slade Bolden', 'y': 2022, 'sim': 65.0, 'fant': 0.178}, {'p': 'Jalen Brooks', 'y': 2023, 'sim': 63.0, 'fant': None}, {'p': 'Hunter Renfrow', 'y': 2019, 'sim': 62.0, 'fant': 0.867}, {'p': 'Austin Mack', 'y': 2020, 'sim': 62.0, 'fant': 0.449}]"
Trevon Grimes,2021,historical,3,0.2563176895306859,0.38267148014440433,10.498426274346784,37.38300078446538,-0.2028503911689998,-0.3886271268049631,0,0,0,,,270.0,,,0.1626510924594933,0.833,0.4877184512530569,589.0,0.0,4.0,0.0,"{'best_dom': -1.53, 'final_dom': -1.029, 'dom_age20': 0.0, 'n_seasons_30': -0.902, 'best_yds': -0.991, 'career_yds': -0.613, 'final_ppa': 0.631, 'best_ppa': -0.02, 'best_usage': -0.982, 'nfl_entry_age': 0.0, 'breakout_age': 0.0, 'early_declare': 0.0, 'ras': 0.429, 'explosion_p': 0.03, 'speed_score': 1.01, 'weight': 1.31, 'catch_radius': 0.463, 'team_sp_off': 1.192, 'team_sp_overall': 0.658, 'recruit_rating': 1.491, 'prod_over_recruit': -2.134, 'was_returner': -1.439, 'ret_td': 0.0, 'col_qb_ypa': 1.374, 'final_spike': -0.17, 'dom_growth': 0.052}","[{'p': 'Devon Williams', 'y': 2022, 'sim': 80.0, 'fant': None}, {'p': 'Lawrence Cager', 'y': 2020, 'sim': 67.0, 'fant': 0.601}, {'p': 'Brennan Eagles', 'y': 2021, 'sim': 65.0, 'fant': None}, {'p': 'Elijah Higgins', 'y': 2023, 'sim': 64.0, 'fant': None}, {'p': 'Jadon Haselwood', 'y': 2023, 'sim': 64.0, 'fant': None}, {'p': 'Bug Howard', 'y': 2017, 'sim': 63.0, 'fant': 0.178}]"
Davon Grayson,2018,historical,3,0.20577617328519857,0.4729241877256318,10.318518191071686,39.11248714473048,-1.632610737547241,-0.15903524268227212,0,0,0,0.1780185758513932,0.1157718120805369,270.0,22.324435318275157,22.11088295687885,0.2315051920556508,0.855,0.4558351495938181,886.0,0.0,2.0,0.0,"{'best_dom': -0.793, 'final_dom': -0.347, 'dom_age20': -0.267, 'n_seasons_30': -0.902, 'best_yds': -0.158, 'career_yds': -0.264, 'final_ppa': 0.714, 'best_ppa': -0.278, 'best_usage': -0.388, 'nfl_entry_age': 0.262, 'breakout_age': -0.4, 'early_declare': -0.713, 'ras': -0.497, 'explosion_p': -0.11, 'speed_score': -0.214, 'weight': -0.203, 'catch_radius': -0.434, 'team_sp_off': -1.209, 'team_sp_overall': -2.237, 'recruit_rating': -1.778, 'prod_over_recruit': 0.453, 'was_returner': 0.693, 'ret_td': -0.418, 'col_qb_ypa': -1.033, 'final_spike': 0.061, 'dom_growth': 0.002}","[{'p': ""Ka'Raun White"", 'y': 2018, 'sim': 63.0, 'fant': None}, {'p': 'K.J. Osborn', 'y': 2020, 'sim': 62.0, 'fant': 0.805}, {'p': 'Jordan Watkins', 'y': 2025, 'sim': 61.0, 'fant': None}, {'p': 'Mekale McKay', 'y': 2016, 'sim': 60.0, 'fant': 0.178}, {'p': 'Ronnie Bell', 'y': 2023, 'sim': 59.0, 'fant': None}, {'p': 'Jalen Wayne', 'y': 2023, 'sim': 58.0, 'fant': None}]"
Brennan Eagles,2021,historical,3,0.2563176895306859,0.296028880866426,10.49865363754494,35.74686596916172,-1.7243688977422194,-0.4188324013184506,0,0,0,,,270.0,,,0.1631464371177878,0.539,0.687458267868887,522.0,0.0,4.0,0.0,"{'best_dom': -1.524, 'final_dom': -1.037, 'dom_age20': 0.0, 'n_seasons_30': -0.902, 'best_yds': -1.18, 'career_yds': -1.116, 'final_ppa': -0.489, 'best_ppa': 5.772, 'best_usage': -1.204, 'nfl_entry_age': 0.0, 'breakout_age': 0.0, 'early_declare': 0.0, 'ras': 0.791, 'explosion_p': 0.909, 'speed_score': 0.756, 'weight': 1.67, 'catch_radius': 1.143, 'team_sp_off': 0.506, 'team_sp_overall': -0.01, 'recruit_rating': 1.317, 'prod_over_recruit': -2.031, 'was_returner': -1.439, 'ret_td': 0.0, 'col_qb_ypa': -0.088, 'final_spike': -0.259, 'dom_growth': 0.028}","[{'p': 'Elijah Higgins', 'y': 2023, 'sim': 68.0, 'fant': None}, {'p': 'Trevon Grimes', 'y': 2021, 'sim': 68.0, 'fant': None}, {'p': 'Cornelius Johnson', 'y': 2024, 'sim': 64.0, 'fant': None}, {'p': 'Tyrie Cleveland', 'y': 2020, 'sim': 63.0, 'fant': 0.412}, {'p': 'Jadon Haselwood', 'y': 2023, 'sim': 60.0, 'fant': None}, {'p': 'Devon Williams', 'y': 2022, 'sim': 59.0, 'fant': None}]"
Kendrick Rogers,2020,historical,3,0.2527075812274368,0.21660649819494585,10.493215071762837,33.61039972906233,-0.14493398092774684,-0.9521876613601881,0,0,0,0.1780185758513932,0.1073825503355704,270.0,,,0.1512977099236641,0.516,0.5340696048691594,351.0,0.0,3.0,0.0,"{'best_dom': -1.651, 'final_dom': -1.621, 'dom_age20': 0.0, 'n_seasons_30': -0.902, 'best_yds': -1.66, 'career_yds': -1.392, 'final_ppa': -0.577, 'best_ppa': -0.933, 'best_usage': -1.353, 'nfl_entry_age': 0.0, 'breakout_age': 0.0, 'early_declare': 0.0, 'ras': 0.319, 'explosion_p': 0.234, 'speed_score': 0.053, 'weight': 0.158, 'catch_radius': 0.765, 'team_sp_off': -0.195, 'team_sp_overall': 0.246, 'recruit_rating': -0.206, 'prod_over_recruit': -1.051, 'was_returner': -1.439, 'ret_td': 0.0, 'col_qb_ypa': -1.119, 'final_spike': -0.216, 'dom_growth': -0.532}","[{'p': 'Stephen Guidry', 'y': 2020, 'sim': 69.0, 'fant': 0.178}, {'p': 'Jamari Staples', 'y': 2017, 'sim': 65.0, 'fant': None}, {'p': 'Cody Core', 'y': 2016, 'sim': 64.0, 'fant': 0.588}, {'p': 'Darrell Stewart', 'y': 2020, 'sim': 64.0, 'fant': None}, {'p': 'Devon Williams', 'y': 2022, 'sim': 63.0, 'fant': None}, {'p': 'Caleb Douglas', 'y': 2026, 'sim': 61.0, 'fant': None}]"
Slade Bolden,2022,historical,1,0.0036101083032490976,0.0036101083032490976,9.29281272341347,16.576354256839274,-0.6566759998662286,-1.4741186001408346,0,0,0,0.1780185758513932,0.1073825503355704,270.0,22.93223819301848,99.0,0.0714628917800118,0.511,0.0998562340292332,408.0,0.0,3.0,0.0,"{'best_dom': -2.506, 'final_dom': -1.931, 'dom_age20': -1.358, 'n_seasons_30': -0.902, 'best_yds': -1.5, 'career_yds': -1.477, 'final_ppa': -0.596, 'best_ppa': 0.824, 'best_usage': -1.724, 'nfl_entry_age': 0.939, 'breakout_age': 2.214, 'early_declare': -0.713, 'ras': -2.035, 'explosion_p': -1.677, 'speed_score': -1.795, 'weight': -0.635, 'catch_radius': -1.201, 'team_sp_off': 0.834, 'team_sp_overall': 1.189, 'recruit_rating': -0.149, 'prod_over_recruit': -1.098, 'was_returner': 0.693, 'ret_td': -0.418, 'col_qb_ypa': 0.6, 'final_spike': -0.077, 'dom_growth': -0.694}","[{'p': 'Hunter Renfrow', 'y': 2019, 'sim': 68.0, 'fant': 0.867}, {'p': 'Chris Finke', 'y': 2020, 'sim': 68.0, 'fant': 0.178}, {'p': 'DeAndrew White', 'y': 2015, 'sim': 68.0, 'fant': 0.178}, {'p': 'Greg Ward', 'y': 2017, 'sim': 65.0, 'fant': 0.749}, {'p': 'Steven Mitchell', 'y': 2018, 'sim': 64.0, 'fant': 0.178}, {'p': 'K.J. Hill', 'y': 2020, 'sim': 64.0, 'fant': 0.427}]"
Devon Williams,2022,historical,3,0.2563176895306859,0.3574007220216607,10.520132011674821,36.93278998098475,0.20065712100949373,-0.6102750911954236,0,0,0,,,270.0,,,0.1898967075532601,0.834,0.4551129709370416,557.0,1.0,4.0,0.0,"{'best_dom': -1.238, 'final_dom': -0.759, 'dom_age20': 0.0, 'n_seasons_30': -0.902, 'best_yds': -1.081, 'career_yds': -1.214, 'final_ppa': 0.634, 'best_ppa': 0.978, 'best_usage': -1.179, 'nfl_entry_age': 0.0, 'breakout_age': 0.0, 'early_declare': 0.0, 'ras': 0.252, 'explosion_p': -0.113, 'speed_score': -0.916, 'weight': 0.59, 'catch_radius': 1.261, 'team_sp_off': -0.046, 'team_sp_overall': -0.165, 'recruit_rating': 1.466, 'prod_over_recruit': -2.018, 'was_returner': -1.439, 'ret_td': 0.0, 'col_qb_ypa': -0.431, 'final_spike': 0.052, 'dom_growth': -0.05}","[{'p': 'Trevon Grimes', 'y': 2021, 'sim': 80.0, 'fant': None}, {'p': 'Lawrence Cager', 'y': 2020, 'sim': 68.0, 'fant': 0.601}, {'p': 'Binjimen Victor', 'y': 2020, 'sim': 65.0, 'fant': None}, {'p': 'T.J. Vasher', 'y': 2021, 'sim': 64.0, 'fant': 0.178}, {'p': 'Kendrick Rogers', 'y': 2020, 'sim': 62.0, 'fant': 0.178}, {'p': 'Beaux Collins', 'y': 2025, 'sim': 61.0, 'fant': None}]"
Chris Lacy,2018,historical,3,0.2851985559566787,0.13357400722021662,10.563246211155516,30.338067844816763,-0.4803177401792793,-0.780732741357608,0,0,0,0.1780185758513932,0.0973154362416107,270.0,21.927446954141,99.0,0.1096076606583072,0.552,0.3681116751363474,489.0,0.0,3.0,0.0,"{'best_dom': -2.098, 'final_dom': -2.38, 'dom_age20': -1.029, 'n_seasons_30': -0.902, 'best_yds': -1.272, 'career_yds': -1.238, 'final_ppa': -0.44, 'best_ppa': 0.143, 'best_usage': -1.773, 'nfl_entry_age': -0.181, 'breakout_age': 2.214, 'early_declare': -0.713, 'ras': -0.423, 'explosion_p': -0.496, 'speed_score': 0.106, 'weight': 0.23, 'catch_radius': 0.185, 'team_sp_off': 1.058, 'team_sp_overall': 0.366, 'recruit_rating': -0.635, 'prod_over_recruit': -0.774, 'was_returner': 0.693, 'ret_td': -0.418, 'col_qb_ypa': 0.772, 'final_spike': -0.365, 'dom_growth': -1.091}","[{'p': 'Jalen Brooks', 'y': 2023, 'sim': 72.0, 'fant': None}, {'p': 'Racey McMath', 'y': 2021, 'sim': 68.0, 'fant': 0.365}, {'p': 'Kaden Prather', 'y': 2025, 'sim': 67.0, 'fant': None}, {'p': 'Joseph Ngata', 'y': 2023, 'sim': 67.0, 'fant': None}, {'p': 'Braylon Sanders', 'y': 2022, 'sim': 66.0, 'fant': 0.178}, {'p': 'Adam Humphries', 'y': 2015, 'sim': 66.0, 'fant': 0.839}]"
Johnny Holton,2016,historical,1,0.06498194945848375,0.05776173285198556,9.848956305987283,27.18767464254063,0.10515546634268613,-0.32368953862352756,0,0,0,0.4241486068111455,0.0956375838926174,270.0,24.36139630390144,99.0,0.1354695595138955,0.999,0.265975603970564,461.0,0.0,,0.0,"{'best_dom': -1.821, 'final_dom': -1.298, 'dom_age20': -1.358, 'n_seasons_30': -0.902, 'best_yds': -1.351, 'career_yds': -1.27, 'final_ppa': 1.263, 'best_ppa': 0.039, 'best_usage': -1.699, 'nfl_entry_age': 2.531, 'breakout_age': 2.214, 'early_declare': -0.713, 'ras': -0.547, 'explosion_p': -0.946, 'speed_score': -0.958, 'weight': -0.851, 'catch_radius': 0.196, 'team_sp_off': -0.135, 'team_sp_overall': -0.584, 'recruit_rating': 0.0, 'prod_over_recruit': 0.0, 'was_returner': 0.693, 'ret_td': -0.418, 'col_qb_ypa': 0.514, 'final_spike': -0.208, 'dom_growth': -1.165}","[{'p': 'Malik Benson', 'y': 2026, 'sim': 68.0, 'fant': None}, {'p': 'Steven Mitchell', 'y': 2018, 'sim': 67.0, 'fant': 0.178}, {'p': 'DeAndrew White', 'y': 2015, 'sim': 65.0, 'fant': 0.178}, {'p': 'Traeshon Holden', 'y': 2025, 'sim': 63.0, 'fant': None}, {'p': 'Braylon Sanders', 'y': 2022, 'sim': 63.0, 'fant': 0.178}, {'p': 'Casey Washington', 'y': 2024, 'sim': 61.0, 'fant': None}]"
Byron Marshall,2016,historical,1,0.09025270758122744,0.07581227436823104,9.943504458092278,28.26363841240828,0.21702138083885233,-0.18239996826335678,0,0,0,0.38854489164086686,0.0922818791946308,270.0,21.880903490759756,99.0,0.1751798979769963,0.424,0.1177258186195304,1003.0,1.0,,0.0,"{'best_dom': -1.396, 'final_dom': -2.16, 'dom_age20': -1.196, 'n_seasons_30': -0.902, 'best_yds': 0.171, 'career_yds': -0.809, 'final_ppa': -0.927, 'best_ppa': -1.122, 'best_usage': 2.136, 'nfl_entry_age': -0.233, 'breakout_age': 2.214, 'early_declare': -0.713, 'ras': -1.348, 'explosion_p': -1.599, 'speed_score': -0.569, 'weight': -0.059, 'catch_radius': -1.575, 'team_sp_off': 1.908, 'team_sp_overall': 1.077, 'recruit_rating': 0.0, 'prod_over_recruit': 0.0, 'was_returner': 0.693, 'ret_td': -0.418, 'col_qb_ypa': 1.546, 'final_spike': -0.49, 'dom_growth': -0.87}","[{'p': 'Harrison Wallace', 'y': 2026, 'sim': 64.0, 'fant': None}, {'p': 'K.J. Hill', 'y': 2020, 'sim': 63.0, 'fant': 0.427}, {'p': 'Hunter Renfrow', 'y': 2019, 'sim': 61.0, 'fant': 0.867}, {'p': 'Ray-Ray McCloud', 'y': 2018, 'sim': 60.0, 'fant': 0.533}, {'p': 'Kaelin Clay', 'y': 2015, 'sim': 59.0, 'fant': 0.402}, {'p': 'DeAndrew White', 'y': 2015, 'sim': 59.0, 'fant': 0.178}]"
Mekale McKay,2016,historical,2,0.19133574007220217,0.3176895306859206,10.242586791511119,36.01960739541269,-1.6248549554541898,-0.052683735003508196,0,0,0,0.1780185758513932,0.0922818791946308,270.0,22.409308692676248,21.196440793976727,0.2061276195302037,0.751,0.4588167935025781,725.0,0.0,3.0,0.0,"{'best_dom': -1.064, 'final_dom': -1.761, 'dom_age20': 0.118, 'n_seasons_30': -0.902, 'best_yds': -0.61, 'career_yds': 0.043, 'final_ppa': 0.318, 'best_ppa': 2.276, 'best_usage': -0.957, 'nfl_entry_age': 0.356, 'breakout_age': -0.431, 'early_declare': -0.713, 'ras': -0.296, 'explosion_p': -0.097, 'speed_score': -0.17, 'weight': 0.374, 'catch_radius': 0.118, 'team_sp_off': 0.148, 'team_sp_overall': -0.447, 'recruit_rating': -0.594, 'prod_over_recruit': -0.448, 'was_returner': -1.439, 'ret_td': 0.0, 'col_qb_ypa': 0.084, 'final_spike': -0.318, 'dom_growth': -1.23}","[{'p': 'Cody Core', 'y': 2016, 'sim': 68.0, 'fant': 0.588}, {'p': 'Stephen Guidry', 'y': 2020, 'sim': 66.0, 'fant': 0.178}, {'p': 'Kyren Lacy', 'y': 2024, 'sim': 63.0, 'fant': None}, {'p': 'Jamal Custis', 'y': 2019, 'sim': 62.0, 'fant': 0.178}, {'p': ""Ka'Raun White"", 'y': 2018, 'sim': 62.0, 'fant': None}, {'p': 'Jakobi Meyers', 'y': 2019, 'sim': 61.0, 'fant': 0.91}]"
Javon McKinley,2021,historical,2,0.1407942238267148,0.26714801444043323,10.12382477223738,35.25131123833003,-0.5734430425183076,-0.8451827871046065,0,0,0,0.1780185758513932,0.0906040268456375,270.0,22.729637234770703,22.5160848733744,0.2258336258336258,0.755,,717.0,1.0,4.0,0.0,"{'best_dom': -0.853, 'final_dom': -0.403, 'dom_age20': -1.358, 'n_seasons_30': -0.902, 'best_yds': -0.632, 'career_yds': -1.163, 'final_ppa': 0.333, 'best_ppa': 1.333, 'best_usage': -1.08, 'nfl_entry_age': 0.713, 'breakout_age': -0.386, 'early_declare': -0.713, 'ras': 0.0, 'explosion_p': 0.0, 'speed_score': 0.0, 'weight': 0.0, 'catch_radius': 0.0, 'team_sp_off': 0.446, 'team_sp_overall': 0.76, 'recruit_rating': 0.982, 'prod_over_recruit': -1.402, 'was_returner': -1.439, 'ret_td': 0.0, 'col_qb_ypa': -0.174, 'final_spike': 0.268, 'dom_growth': -0.183}","[{'p': 'Jordan Hudson', 'y': 2026, 'sim': 68.0, 'fant': None}, {'p': 'DaVaris Daniels', 'y': 2015, 'sim': 64.0, 'fant': None}, {'p': 'Cornell Powell', 'y': 2021, 'sim': 63.0, 'fant': 0.178}, {'p': 'ArDarius Stewart', 'y': 2017, 'sim': 62.0, 'fant': 0.378}, {'p': 'Riley Ridley', 'y': 2019, 'sim': 61.0, 'fant': 0.178}, {'p': 'Germie Bernard', 'y': 2026, 'sim': 60.0, 'fant': None}]"
Tony Brown,2020,historical,1,0.061371841155234655,0.11191335740072202,9.821491078305883,29.55497510256971,-1.3066588422554686,-0.6994752073959066,0,0,0,,,270.0,22.39835728952772,22.184804928131417,0.2625767825207993,0.701,0.1930935125314996,707.0,0.0,3.0,0.0,"{'best_dom': -0.46, 'final_dom': -0.04, 'dom_age20': -1.061, 'n_seasons_30': -0.902, 'best_yds': -0.66, 'career_yds': -0.666, 'final_ppa': 0.128, 'best_ppa': -0.618, 'best_usage': -0.784, 'nfl_entry_age': 0.344, 'breakout_age': -0.397, 'early_declare': -0.713, 'ras': -1.433, 'explosion_p': -1.267, 'speed_score': -1.482, 'weight': -0.275, 'catch_radius': -0.724, 'team_sp_off': -0.776, 'team_sp_overall': -1.389, 'recruit_rating': -0.151, 'prod_over_recruit': -0.365, 'was_returner': 0.693, 'ret_td': -0.418, 'col_qb_ypa': -1.119, 'final_spike': 0.105, 'dom_growth': 0.578}","[{'p': 'Johnny Johnson II', 'y': 2022, 'sim': 72.0, 'fant': None}, {'p': 'Aaron Fuller', 'y': 2020, 'sim': 69.0, 'fant': 0.178}, {'p': 'Vinny Anthony II', 'y': 2026, 'sim': 69.0, 'fant': None}, {'p': 'Nyqwan Murray', 'y': 2019, 'sim': 67.0, 'fant': None}, {'p': 'Emmanuel Henderson Jr.', 'y': 2026, 'sim': 65.0, 'fant': None}, {'p': 'Reggie Roberson', 'y': 2022, 'sim': 64.0, 'fant': 0.178}]"
Bralon Addison,2016,historical,2,0.148014440433213,0.17689530685920576,10.142630813789918,31.55318272352987,-0.4609788430271262,-0.08990389135582934,0,0,0,0.1780185758513932,0.087248322147651,270.0,22.220396988364133,20.0082135523614,0.2712292670601187,0.468,0.1873885476520705,890.0,1.0,4.0,0.0,"{'best_dom': -0.367, 'final_dom': 0.046, 'dom_age20': 0.438, 'n_seasons_30': -0.902, 'best_yds': -0.146, 'career_yds': -0.069, 'final_ppa': -0.76, 'best_ppa': 0.019, 'best_usage': -0.313, 'nfl_entry_age': 0.146, 'breakout_age': -0.471, 'early_declare': -0.713, 'ras': -1.314, 'explosion_p': -1.292, 'speed_score': -1.608, 'weight': -0.347, 'catch_radius': -1.608, 'team_sp_off': 1.714, 'team_sp_overall': 1.42, 'recruit_rating': 1.159, 'prod_over_recruit': -1.077, 'was_returner': 0.693, 'ret_td': 1.876, 'col_qb_ypa': 1.116, 'final_spike': -0.258, 'dom_growth': 0.265}","[{'p': 'Ryan Davis', 'y': 2019, 'sim': 71.0, 'fant': 0.178}, {'p': 'Dominic Lovett', 'y': 2025, 'sim': 71.0, 'fant': None}, {'p': 'Aaron Anderson', 'y': 2026, 'sim': 70.0, 'fant': None}, {'p': 'Artavis Scott', 'y': 2017, 'sim': 67.0, 'fant': 0.178}, {'p': 'Isaiah Williams', 'y': 2024, 'sim': 66.0, 'fant': None}, {'p': 'Nyqwan Murray', 'y': 2019, 'sim': 65.0, 'fant': None}]"
Cam Worthy,2015,historical,2,0.1299638989169675,0.22743682310469315,10.088805894359638,34.0838076670625,1.047806036671351,-0.8207720952020562,0,0,0,0.1780185758513932,0.0838926174496644,270.0,22.7378507871321,99.0,0.1695833472328785,0.743,0.3922330097087378,1016.0,0.0,,0.0,"{'best_dom': -1.456, 'final_dom': -0.96, 'dom_age20': -1.358, 'n_seasons_30': -0.902, 'best_yds': 0.207, 'career_yds': -0.789, 'final_ppa': 0.288, 'best_ppa': 0.394, 'best_usage': -0.487, 'nfl_entry_age': 0.722, 'breakout_age': 2.214, 'early_declare': -0.713, 'ras': 0.984, 'explosion_p': -0.39, 'speed_score': -0.338, 'weight': 0.662, 'catch_radius': 1.834, 'team_sp_off': -0.09, 'team_sp_overall': -0.31, 'recruit_rating': 0.0, 'prod_over_recruit': 0.0, 'was_returner': -1.439, 'ret_td': 0.0, 'col_qb_ypa': -0.431, 'final_spike': 0.497, 'dom_growth': -0.381}","[{'p': 'Joseph Ngata', 'y': 2023, 'sim': 62.0, 'fant': None}, {'p': 'Casey Washington', 'y': 2024, 'sim': 61.0, 'fant': None}, {'p': 'Charone Peake', 'y': 2016, 'sim': 61.0, 'fant': 0.464}, {'p': 'Jalen Brooks', 'y': 2023, 'sim': 60.0, 'fant': None}, {'p': 'Roc Taylor', 'y': 2025, 'sim': 58.0, 'fant': None}, {'p': 'Kaden Prather', 'y': 2025, 'sim': 57.0, 'fant': None}]"
Keon Hatcher,2017,historical,2,0.1624548736462094,0.2815884476534296,10.176946816104397,35.408224923866285,-0.6900255646420939,-0.17566652948295639,0,0,0,0.1780185758513932,0.0838926174496644,270.0,22.308008213552363,20.09308692676249,0.2969796045461622,0.844,0.2757281553398058,743.0,1.0,4.0,0.0,"{'best_dom': -0.092, 'final_dom': -0.045, 'dom_age20': 0.993, 'n_seasons_30': -0.902, 'best_yds': -0.559, 'career_yds': -0.151, 'final_ppa': 0.672, 'best_ppa': 0.193, 'best_usage': 0.206, 'nfl_entry_age': 0.243, 'breakout_age': -0.468, 'early_declare': -0.713, 'ras': -0.484, 'explosion_p': -0.903, 'speed_score': -0.735, 'weight': 0.734, 'catch_radius': 0.331, 'team_sp_off': 0.133, 'team_sp_overall': -0.362, 'recruit_rating': 0.256, 'prod_over_recruit': -0.245, 'was_returner': 0.693, 'ret_td': -0.418, 'col_qb_ypa': 0.342, 'final_spike': -0.13, 'dom_growth': 0.678}","[{'p': 'DaVaris Daniels', 'y': 2015, 'sim': 72.0, 'fant': None}, {'p': 'Jhamon Ausbon', 'y': 2021, 'sim': 69.0, 'fant': None}, {'p': 'Cayleb Jones', 'y': 2016, 'sim': 67.0, 'fant': 0.178}, {'p': ""Ka'Raun White"", 'y': 2018, 'sim': 64.0, 'fant': None}, {'p': 'Puka Nacua', 'y': 2023, 'sim': 63.0, 'fant': None}, {'p': 'Kenny Lawler', 'y': 2016, 'sim': 63.0, 'fant': 0.178}]"
Robert Foster,2018,historical,1,0.09386281588447654,0.0036101083032490976,9.954969852432848,16.18597638703879,0.16845891849045874,-1.0984404605269462,0,0,0,0.5975232198142415,0.0016778523489932,270.0,23.655030800821358,99.0,0.0624783200362889,0.077,0.3099732467853817,174.0,0.0,5.0,0.0,"{'best_dom': -2.602, 'final_dom': -2.144, 'dom_age20': -1.313, 'n_seasons_30': -0.902, 'best_yds': -2.157, 'career_yds': -1.86, 'final_ppa': -2.249, 'best_ppa': -0.523, 'best_usage': -1.773, 'nfl_entry_age': 1.744, 'breakout_age': 2.214, 'early_declare': -0.713, 'ras': -0.276, 'explosion_p': -0.752, 'speed_score': 0.607, 'weight': -0.419, 'catch_radius': -0.413, 'team_sp_off': 0.506, 'team_sp_overall': 1.831, 'recruit_rating': 1.637, 'prod_over_recruit': -2.421, 'was_returner': -1.439, 'ret_td': 0.0, 'col_qb_ypa': -0.002, 'final_spike': -0.08, 'dom_growth': -0.883}","[{'p': 'Chris Hilton', 'y': 2026, 'sim': 70.0, 'fant': None}, {'p': 'Kearis Jackson', 'y': 2023, 'sim': 65.0, 'fant': None}, {'p': 'Jordan Whittington', 'y': 2024, 'sim': 63.0, 'fant': None}, {'p': 'Charone Peake', 'y': 2016, 'sim': 59.0, 'fant': 0.464}, {'p': 'Austin Mack', 'y': 2020, 'sim': 59.0, 'fant': 0.449}, {'p': 'DeAndrew White', 'y': 2015, 'sim': 57.0, 'fant': 0.178}]"
Stephen Guidry,2020,historical,2,0.1407942238267148,0.20577617328519857,10.118631527629395,33.29715379736544,-0.31619430981324725,-0.2804309537921018,0,0,0,0.1780185758513932,0.0016778523489932,270.0,22.770704996577688,22.55715263518138,0.2145193674284296,0.69,0.5198715175937735,440.0,1.0,,0.0,"{'best_dom': -0.974, 'final_dom': -0.515, 'dom_age20': -1.358, 'n_seasons_30': -0.902, 'best_yds': -1.41, 'career_yds': -1.345, 'final_ppa': 0.086, 'best_ppa': -0.642, 'best_usage': -1.377, 'nfl_entry_age': 0.759, 'breakout_age': -0.384, 'early_declare': -0.713, 'ras': -0.263, 'explosion_p': 0.172, 'speed_score': 0.226, 'weight': -0.131, 'catch_radius': 0.405, 'team_sp_off': -0.105, 'team_sp_overall': 0.949, 'recruit_rating': 0.0, 'prod_over_recruit': 0.0, 'was_returner': -1.439, 'ret_td': 0.0, 'col_qb_ypa': -1.635, 'final_spike': -0.265, 'dom_growth': -0.825}","[{'p': 'Mekale McKay', 'y': 2016, 'sim': 68.0, 'fant': 0.178}, {'p': 'Kendrick Rogers', 'y': 2020, 'sim': 66.0, 'fant': 0.178}, {'p': 'Devon Williams', 'y': 2022, 'sim': 60.0, 'fant': None}, {'p': 'Cody Core', 'y': 2016, 'sim': 60.0, 'fant': 0.588}, {'p': 'Javon Wims', 'y': 2018, 'sim': 59.0, 'fant': 0.433}, {'p': 'Jamal Custis', 'y': 2019, 'sim': 59.0, 'fant': 0.178}]"
Darrell Stewart,2020,historical,3,0.22382671480144403,0.16606498194945848,10.387517880877567,30.99355250601347,0.03735460827351417,-0.8229355447364433,0,0,0,,,270.0,,,0.2271693718342145,0.463,0.2923613107214717,697.0,0.0,3.0,0.0,"{'best_dom': -0.839, 'final_dom': -0.39, 'dom_age20': 0.0, 'n_seasons_30': -0.902, 'best_yds': -0.688, 'career_yds': -0.41, 'final_ppa': -0.779, 'best_ppa': -1.142, 'best_usage': 0.33, 'nfl_entry_age': 0.0, 'breakout_age': 0.0, 'early_declare': 0.0, 'ras': 0.237, 'explosion_p': -0.83, 'speed_score': 0.0, 'weight': 1.022, 'catch_radius': 0.436, 'team_sp_off': -1.626, 'team_sp_overall': -0.422, 'recruit_rating': -0.445, 'prod_over_recruit': -0.444, 'was_returner': 0.693, 'ret_td': -0.418, 'col_qb_ypa': -0.947, 'final_spike': -0.113, 'dom_growth': 0.552}","[{'p': 'Jakobi Meyers', 'y': 2019, 'sim': 69.0, 'fant': 0.91}, {'p': 'Kyren Lacy', 'y': 2024, 'sim': 69.0, 'fant': None}, {'p': 'Cody Core', 'y': 2016, 'sim': 65.0, 'fant': 0.588}, {'p': 'Jhamon Ausbon', 'y': 2021, 'sim': 63.0, 'fant': None}, {'p': 'Quartney Davis', 'y': 2020, 'sim': 60.0, 'fant': 0.178}, {'p': 'Kendrick Rogers', 'y': 2020, 'sim': 60.0, 'fant': 0.178}]"
Steven Mitchell,2018,historical,1,0.04332129963898917,0.05054151624548736,9.712312907819095,26.761487337070328,-0.3028484586408245,-0.6897993443897461,0,0,0,0.1780185758513932,0.0016778523489932,270.0,23.668720054757017,99.0,0.1538461538461538,0.885,0.2202240256146216,644.0,0.0,4.0,0.0,"{'best_dom': -1.624, 'final_dom': -1.116, 'dom_age20': -1.071, 'n_seasons_30': -0.902, 'best_yds': -0.837, 'career_yds': -0.816, 'final_ppa': 0.829, 'best_ppa': -0.212, 'best_usage': -1.105, 'nfl_entry_age': 1.759, 'breakout_age': 2.214, 'early_declare': -0.713, 'ras': -1.127, 'explosion_p': -1.147, 'speed_score': -1.181, 'weight': -0.923, 'catch_radius': -1.383, 'team_sp_off': 0.476, 'team_sp_overall': 0.495, 'recruit_rating': 1.34, 'prod_over_recruit': -2.031, 'was_returner': 0.693, 'ret_td': -0.418, 'col_qb_ypa': 0.342, 'final_spike': 0.045, 'dom_growth': -0.29}","[{'p': 'Johnny Holton', 'y': 2016, 'sim': 67.0, 'fant': 0.424}, {'p': 'Malik Benson', 'y': 2026, 'sim': 66.0, 'fant': None}, {'p': 'Harrison Wallace', 'y': 2026, 'sim': 65.0, 'fant': None}, {'p': 'Jacob Copeland', 'y': 2023, 'sim': 65.0, 'fant': None}, {'p': 'DeAndrew White', 'y': 2015, 'sim': 65.0, 'fant': 0.178}, {'p': 'Kearis Jackson', 'y': 2023, 'sim': 64.0, 'fant': None}]"
Tim Jones,2021,historical,2,0.1407942238267148,0.6028880866425993,10.139601544037484,42.20915289186189,-0.691160041787898,-0.08074310184528402,0,0,0,0.3746130030959752,0.0016778523489932,270.0,22.633812457221083,22.420260095824776,0.2802492506704527,0.976,0.7156796535105222,902.0,0.0,3.0,0.0,"{'best_dom': -0.271, 'final_dom': 0.135, 'dom_age20': -0.435, 'n_seasons_30': -0.902, 'best_yds': -0.113, 'career_yds': 0.016, 'final_ppa': 1.175, 'best_ppa': -0.012, 'best_usage': -0.017, 'nfl_entry_age': 0.606, 'breakout_age': -0.389, 'early_declare': -0.713, 'ras': 0.792, 'explosion_p': 1.034, 'speed_score': 0.392, 'weight': 0.086, 'catch_radius': 0.382, 'team_sp_off': -1.746, 'team_sp_overall': -1.449, 'recruit_rating': -0.643, 'prod_over_recruit': 0.285, 'was_returner': 0.693, 'ret_td': -0.418, 'col_qb_ypa': 0.342, 'final_spike': -0.368, 'dom_growth': 0.7}","[{'p': 'Sam Brown Jr.', 'y': 2025, 'sim': 68.0, 'fant': None}, {'p': 'Chris Moore', 'y': 2016, 'sim': 65.0, 'fant': 0.613}, {'p': 'Chimere Dike', 'y': 2025, 'sim': 65.0, 'fant': None}, {'p': 'Austin Watkins', 'y': 2021, 'sim': 64.0, 'fant': 0.178}, {'p': 'Michael Jefferson', 'y': 2023, 'sim': 62.0, 'fant': None}, {'p': 'Jordan Watkins', 'y': 2025, 'sim': 62.0, 'fant': None}]"
Quincy Adeboyejo,2017,historical,4,0.35379061371841153,0.27075812274368233,10.835385663897267,35.375970721208986,0.1842857763500462,-0.4477660780626889,0,0,0,0.1780185758513932,0.0016778523489932,270.0,21.60438056125941,99.0,0.1694093311882326,0.243,0.521438478303943,604.0,0.0,3.0,0.0,"{'best_dom': -1.457, 'final_dom': -1.858, 'dom_age20': -0.017, 'n_seasons_30': -0.902, 'best_yds': -0.949, 'career_yds': -0.624, 'final_ppa': -1.617, 'best_ppa': -0.644, 'best_usage': -1.254, 'nfl_entry_age': -0.541, 'breakout_age': 2.214, 'early_declare': -0.713, 'ras': 0.865, 'explosion_p': 0.179, 'speed_score': 0.561, 'weight': -0.347, 'catch_radius': 0.155, 'team_sp_off': 1.162, 'team_sp_overall': 1.274, 'recruit_rating': -0.265, 'prod_over_recruit': -0.951, 'was_returner': -1.439, 'ret_td': 0.0, 'col_qb_ypa': 0.514, 'final_spike': -0.302, 'dom_growth': -0.869}","[{'p': 'Dillon Bell', 'y': 2026, 'sim': 68.0, 'fant': None}, {'p': 'Brandon Smith', 'y': 2021, 'sim': 66.0, 'fant': 0.178}, {'p': 'Adam Humphries', 'y': 2015, 'sim': 66.0, 'fant': 0.839}, {'p': 'Chris Lacy', 'y': 2018, 'sim': 64.0, 'fant': 0.178}, {'p': 'Kolby Listenbee', 'y': 2016, 'sim': 63.0, 'fant': 0.178}, {'p': 'Joseph Ngata', 'y': 2023, 'sim': 60.0, 'fant': None}]"
Jeff Thomas,2020,historical,3,0.27075812274368233,0.26353790613718414,10.528394767074523,35.022675815786755,-0.08101508548943626,-0.34716660525157805,0,0,0,,,270.0,,,0.2078983533042409,0.527,0.4725715364773011,563.0,1.0,4.0,0.0,"{'best_dom': -1.045, 'final_dom': -1.509, 'dom_age20': 0.0, 'n_seasons_30': -0.902, 'best_yds': -1.064, 'career_yds': -0.783, 'final_ppa': -0.535, 'best_ppa': -0.386, 'best_usage': -1.08, 'nfl_entry_age': 0.0, 'breakout_age': 0.0, 'early_declare': 0.0, 'ras': -0.762, 'explosion_p': -0.036, 'speed_score': -1.261, 'weight': -2.292, 'catch_radius': -1.518, 'team_sp_off': -0.896, 'team_sp_overall': 0.049, 'recruit_rating': 1.492, 'prod_over_recruit': -1.896, 'was_returner': 0.693, 'ret_td': 0.347, 'col_qb_ypa': -2.151, 'final_spike': -0.326, 'dom_growth': -1.111}","[{'p': 'Kevin Coleman Jr.', 'y': 2026, 'sim': 69.0, 'fant': None}, {'p': 'Lideatrick Griffin', 'y': 2024, 'sim': 68.0, 'fant': None}, {'p': 'Dominic Lovett', 'y': 2025, 'sim': 67.0, 'fant': None}, {'p': 'Jimmy Horn', 'y': 2025, 'sim': 66.0, 'fant': None}, {'p': 'Ryan Davis', 'y': 2019, 'sim': 66.0, 'fant': 0.178}, {'p': 'Braxton Berrios', 'y': 2018, 'sim': 64.0, 'fant': 0.678}]"
Juwan Johnson,2020,historical,2,0.11191335740072202,0.1624548736462094,10.066843427250642,30.98624403250036,0.1149844372736685,-0.584328387100584,0,0,0,0.7708978328173375,0.0016778523489932,270.0,23.299110198494184,99.0,0.1217348350128433,0.511,0.5142008779445048,701.0,0.0,4.0,0.0,"{'best_dom': -1.968, 'final_dom': -1.434, 'dom_age20': -1.282, 'n_seasons_30': -0.902, 'best_yds': -0.677, 'career_yds': -0.468, 'final_ppa': -0.596, 'best_ppa': -0.73, 'best_usage': -0.685, 'nfl_entry_age': 1.348, 'breakout_age': 2.214, 'early_declare': -0.713, 'ras': 0.665, 'explosion_p': 0.147, 'speed_score': 0.706, 'weight': 2.031, 'catch_radius': 1.405, 'team_sp_off': 0.924, 'team_sp_overall': 1.189, 'recruit_rating': 0.877, 'prod_over_recruit': -1.829, 'was_returner': 0.693, 'ret_td': -0.418, 'col_qb_ypa': 0.17, 'final_spike': -0.328, 'dom_growth': -0.334}","[{'p': 'Charone Peake', 'y': 2016, 'sim': 72.0, 'fant': 0.464}, {'p': 'Justin Shorter', 'y': 2023, 'sim': 66.0, 'fant': None}, {'p': 'Joseph Ngata', 'y': 2023, 'sim': 66.0, 'fant': None}, {'p': 'Dylan Cantrell', 'y': 2018, 'sim': 64.0, 'fant': 0.178}, {'p': 'Jalen Hurd', 'y': 2019, 'sim': 63.0, 'fant': 0.178}, {'p': 'Cam Worthy', 'y': 2015, 'sim': 61.0, 'fant': 0.178}]"
Austin Mack,2020,historical,1,0.05415162454873646,0.021660649819494584,9.797528453071553,24.63132559612547,0.8540518773133602,-1.02455512784646,0,0,0,0.44891640866873067,0.0016778523489932,270.0,22.33538672142368,99.0,0.0802456568946796,0.829,0.1968883574214589,361.0,0.0,4.0,0.0,"{'best_dom': -2.412, 'final_dom': -1.844, 'dom_age20': -0.786, 'n_seasons_30': -0.902, 'best_yds': -1.632, 'career_yds': -1.089, 'final_ppa': 0.615, 'best_ppa': -0.322, 'best_usage': -1.427, 'nfl_entry_age': 0.274, 'breakout_age': 2.214, 'early_declare': -0.713, 'ras': -0.644, 'explosion_p': -1.25, 'speed_score': -0.487, 'weight': 0.446, 'catch_radius': 0.626, 'team_sp_off': 1.356, 'team_sp_overall': 1.994, 'recruit_rating': 1.236, 'prod_over_recruit': -2.118, 'was_returner': -1.439, 'ret_td': 0.0, 'col_qb_ypa': 0.858, 'final_spike': -0.213, 'dom_growth': -0.614}","[{'p': 'Jalen Brooks', 'y': 2023, 'sim': 68.0, 'fant': None}, {'p': 'Kaden Prather', 'y': 2025, 'sim': 68.0, 'fant': None}, {'p': 'Darreus Rogers', 'y': 2017, 'sim': 67.0, 'fant': 0.178}, {'p': 'Chris Lacy', 'y': 2018, 'sim': 65.0, 'fant': 0.178}, {'p': 'Traeshon Holden', 'y': 2025, 'sim': 62.0, 'fant': None}, {'p': 'Kearis Jackson', 'y': 2023, 'sim': 61.0, 'fant': None}]"
Binjimen Victor,2020,historical,3,0.2490974729241877,0.5018050541516246,10.488152769813414,39.68112280750446,1.1572915584592969,-0.4123609669682752,0,0,0,,,270.0,,,0.1402687296416938,1.196,0.4720589835824936,573.0,0.0,4.0,0.0,"{'best_dom': -1.769, 'final_dom': -1.25, 'dom_age20': 0.0, 'n_seasons_30': -0.902, 'best_yds': -1.036, 'career_yds': -0.755, 'final_ppa': 2.013, 'best_ppa': 0.473, 'best_usage': -1.674, 'nfl_entry_age': 0.0, 'breakout_age': 0.0, 'early_declare': 0.0, 'ras': 0.397, 'explosion_p': -0.039, 'speed_score': -1.069, 'weight': -0.275, 'catch_radius': 1.268, 'team_sp_off': 1.356, 'team_sp_overall': 1.994, 'recruit_rating': 1.068, 'prod_over_recruit': -1.894, 'was_returner': -1.439, 'ret_td': 0.0, 'col_qb_ypa': 0.858, 'final_spike': -0.045, 'dom_growth': -0.356}","[{'p': 'Devon Williams', 'y': 2022, 'sim': 67.0, 'fant': None}, {'p': 'Trevon Grimes', 'y': 2021, 'sim': 62.0, 'fant': None}, {'p': 'Beaux Collins', 'y': 2025, 'sim': 60.0, 'fant': None}, {'p': 'Julian Fleming', 'y': 2024, 'sim': 59.0, 'fant': None}, {'p': 'Michael Jefferson', 'y': 2023, 'sim': 59.0, 'fant': None}, {'p': 'Lawrence Cager', 'y': 2020, 'sim': 59.0, 'fant': 0.601}]"
Lawrence Cager,2020,historical,2,0.19855595667870035,0.3935018050541516,10.292945096637943,37.64441688617794,0.47524531690844857,-0.8524601150597475,0,0,0,0.6006191950464397,0.0016778523489932,270.0,22.36550308008213,21.15263518138261,0.2435566699616654,0.999,,476.0,0.0,4.0,0.0,"{'best_dom': -0.664, 'final_dom': -1.123, 'dom_age20': -0.603, 'n_seasons_30': -0.902, 'best_yds': -1.309, 'career_yds': -0.966, 'final_ppa': 1.263, 'best_ppa': 0.039, 'best_usage': -1.229, 'nfl_entry_age': 0.307, 'breakout_age': -0.432, 'early_declare': -0.713, 'ras': 1.469, 'explosion_p': 0.0, 'speed_score': 0.0, 'weight': 1.31, 'catch_radius': 0.856, 'team_sp_off': -0.165, 'team_sp_overall': 1.257, 'recruit_rating': 0.062, 'prod_over_recruit': -0.688, 'was_returner': -1.439, 'ret_td': 0.0, 'col_qb_ypa': -0.689, 'final_spike': -0.148, 'dom_growth': -0.306}","[{'p': 'Devon Williams', 'y': 2022, 'sim': 71.0, 'fant': None}, {'p': 'Trevon Grimes', 'y': 2021, 'sim': 70.0, 'fant': None}, {'p': 'T.J. Vasher', 'y': 2021, 'sim': 62.0, 'fant': 0.178}, {'p': 'Bug Howard', 'y': 2017, 'sim': 61.0, 'fant': 0.178}, {'p': 'Collin Johnson', 'y': 2020, 'sim': 61.0, 'fant': 0.551}, {'p': 'Binjimen Victor', 'y': 2020, 'sim': 60.0, 'fant': None}]"
Quadree Henderson,2018,historical,4,0.34296028880866425,0.02888086642599278,10.77343407324873,25.449489456061865,0.681026675051406,-0.31258628711210035,0,0,0,0.1780185758513932,0.0016778523489932,270.0,21.30321697467488,99.0,0.0674754634678298,0.261,0.2599605027297395,286.0,0.0,3.0,0.0,"{'best_dom': -2.549, 'final_dom': -2.286, 'dom_age20': -0.824, 'n_seasons_30': -0.902, 'best_yds': -1.842, 'career_yds': -1.752, 'final_ppa': -1.548, 'best_ppa': -1.142, 'best_usage': -0.14, 'nfl_entry_age': -0.876, 'breakout_age': 2.214, 'early_declare': 1.399, 'ras': -1.047, 'explosion_p': -0.972, 'speed_score': -0.496, 'weight': -0.707, 'catch_radius': -1.261, 'team_sp_off': 1.147, 'team_sp_overall': 0.084, 'recruit_rating': -0.437, 'prod_over_recruit': -0.994, 'was_returner': 0.693, 'ret_td': 4.936, 'col_qb_ypa': 0.944, 'final_spike': -0.333, 'dom_growth': -0.955}","[{'p': 'Ray-Ray McCloud', 'y': 2018, 'sim': 75.0, 'fant': 0.533}, {'p': 'Greg Ward', 'y': 2017, 'sim': 70.0, 'fant': 0.749}, {'p': 'Byron Marshall', 'y': 2016, 'sim': 62.0, 'fant': 0.389}, {'p': 'Hunter Renfrow', 'y': 2019, 'sim': 62.0, 'fant': 0.867}, {'p': 'Derius Davis', 'y': 2023, 'sim': 62.0, 'fant': None}, {'p': 'Kaelin Clay', 'y': 2015, 'sim': 61.0, 'fant': 0.402}]"
Travin Dural,2017,historical,1,0.02527075812274368,0.032490974729241874,9.638299064634147,25.596180778257043,-1.3579132745316753,0.09370721761559063,0,0,0,0.1780185758513932,0.0016778523489932,270.0,23.11841204654346,20.903490759753595,0.3848247514303171,0.298,0.1605478920680811,758.0,1.0,4.0,1.0,"{'best_dom': 0.849, 'final_dom': -1.618, 'dom_age20': -0.838, 'n_seasons_30': 0.306, 'best_yds': -0.517, 'career_yds': -0.323, 'final_ppa': -1.407, 'best_ppa': 2.077, 'best_usage': -0.536, 'nfl_entry_age': 1.146, 'breakout_age': -0.441, 'early_declare': -0.713, 'ras': -1.419, 'explosion_p': -1.41, 'speed_score': -0.608, 'weight': 0.014, 'catch_radius': -0.926, 'team_sp_off': -0.165, 'team_sp_overall': 0.803, 'recruit_rating': 0.057, 'prod_over_recruit': 0.792, 'was_returner': 0.693, 'ret_td': -0.418, 'col_qb_ypa': -0.947, 'final_spike': -0.416, 'dom_growth': -0.939}","[{'p': 'Deon Long', 'y': 2015, 'sim': 65.0, 'fant': 0.178}, {'p': 'Noel Thomas', 'y': 2017, 'sim': 62.0, 'fant': 0.178}, {'p': 'Artavis Scott', 'y': 2017, 'sim': 61.0, 'fant': 0.178}, {'p': 'Gabe Marks', 'y': 2017, 'sim': 60.0, 'fant': None}, {'p': 'Frank Darby', 'y': 2021, 'sim': 59.0, 'fant': 0.178}, {'p': 'Cam Phillips', 'y': 2018, 'sim': 59.0, 'fant': 0.178}]"
DeAndrew White,2015,historical,2,0.11913357400722022,0.04332129963898917,10.079509243242903,26.05251707884807,-0.2573511494458134,-0.4917330556818191,0,0,0,0.1780185758513932,0.0016778523489932,270.0,23.211498973305957,99.0,0.149329205366357,0.461,0.3746119807146159,534.0,0.0,,0.0,"{'best_dom': -1.672, 'final_dom': -1.379, 'dom_age20': -0.65, 'n_seasons_30': -0.902, 'best_yds': -1.146, 'career_yds': -0.808, 'final_ppa': -0.786, 'best_ppa': -0.155, 'best_usage': -0.734, 'nfl_entry_age': 1.25, 'breakout_age': 2.214, 'early_declare': -0.713, 'ras': -0.634, 'explosion_p': -0.468, 'speed_score': 0.131, 'weight': -0.635, 'catch_radius': -1.053, 'team_sp_off': 1.535, 'team_sp_overall': 1.882, 'recruit_rating': 0.0, 'prod_over_recruit': 0.0, 'was_returner': 0.693, 'ret_td': -0.418, 'col_qb_ypa': 0.772, 'final_spike': -0.245, 'dom_growth': -0.936}","[{'p': 'Braylon Sanders', 'y': 2022, 'sim': 85.0, 'fant': 0.178}, {'p': 'Chris Finke', 'y': 2020, 'sim': 74.0, 'fant': 0.178}, {'p': 'Jalen Brooks', 'y': 2023, 'sim': 72.0, 'fant': None}, {'p': 'Kearis Jackson', 'y': 2023, 'sim': 71.0, 'fant': None}, {'p': 'Hunter Renfrow', 'y': 2019, 'sim': 71.0, 'fant': 0.867}, {'p': 'Malik Benson', 'y': 2026, 'sim': 70.0, 'fant': None}]"
Chris Jones,2015,historical,4,0.3935018050541516,0.20938628158844766,11.095870655057556,33.467044480941496,-0.19945556467868353,-0.4588867692540406,0,0,0,,,270.0,20.49828884325804,23.28542094455852,0.2394652406417112,0.616,0.1444892656912348,536.0,0.0,2.0,0.0,"{'best_dom': -0.707, 'final_dom': -0.268, 'dom_age20': -1.358, 'n_seasons_30': -0.902, 'best_yds': -1.14, 'career_yds': -1.679, 'final_ppa': -0.196, 'best_ppa': -0.805, 'best_usage': -0.833, 'nfl_entry_age': -1.773, 'breakout_age': -0.36, 'early_declare': -0.713, 'ras': -1.629, 'explosion_p': -1.481, 'speed_score': -2.087, 'weight': -1.427, 'catch_radius': -0.966, 'team_sp_off': 0.0, 'team_sp_overall': 0.0, 'recruit_rating': -2.416, 'prod_over_recruit': 0.624, 'was_returner': 0.693, 'ret_td': -0.418, 'col_qb_ypa': 0.256, 'final_spike': -0.229, 'dom_growth': -1.241}","[{'p': 'Junior Bergen', 'y': 2024, 'sim': 66.0, 'fant': None}, {'p': 'Drew Morgan', 'y': 2017, 'sim': 60.0, 'fant': 0.178}, {'p': 'Junior Bergen', 'y': 2025, 'sim': 60.0, 'fant': None}, {'p': 'Braxton Berrios', 'y': 2018, 'sim': 60.0, 'fant': 0.678}, {'p': 'Nyqwan Murray', 'y': 2019, 'sim': 59.0, 'fant': None}, {'p': 'Victor Bolden', 'y': 2017, 'sim': 58.0, 'fant': 0.178}]"
Antwan Goodley,2015,historical,2,0.1552346570397112,0.51985559566787,10.171241293323117,40.22769694544007,-1.592842742379394,0.009127786769837179,0,0,0,0.1780185758513932,0.0016778523489932,270.0,23.32101300479124,22.10814510609172,0.3291375933406781,0.395,0.6794561171932193,1339.0,1.0,,1.0,"{'best_dom': 0.253, 'final_dom': -0.994, 'dom_age20': -1.336, 'n_seasons_30': 0.306, 'best_yds': 1.114, 'career_yds': 0.424, 'final_ppa': -1.038, 'best_ppa': 0.405, 'best_usage': -0.116, 'nfl_entry_age': 1.372, 'breakout_age': -0.4, 'early_declare': -0.713, 'ras': -0.305, 'explosion_p': 0.874, 'speed_score': 1.039, 'weight': 0.518, 'catch_radius': -1.076, 'team_sp_off': 0.849, 'team_sp_overall': 0.709, 'recruit_rating': 0.0, 'prod_over_recruit': 0.0, 'was_returner': 0.693, 'ret_td': -0.418, 'col_qb_ypa': 1.89, 'final_spike': -0.342, 'dom_growth': 0.08}","[{'p': ""Da'Ron Brown"", 'y': 2015, 'sim': 65.0, 'fant': 0.178}, {'p': 'Anthony Smith', 'y': 2026, 'sim': 61.0, 'fant': None}, {'p': 'Kalija Lipscomb', 'y': 2020, 'sim': 56.0, 'fant': 0.178}, {'p': 'Lewis Bond', 'y': 2026, 'sim': 55.0, 'fant': None}, {'p': 'James Proche', 'y': 2020, 'sim': 55.0, 'fant': 0.471}, {'p': 'Eric Rivers', 'y': 2026, 'sim': 54.0, 'fant': None}]"
Cayleb Jones,2016,historical,1,0.018050541516245487,0.1371841155234657,9.598592807597115,30.369133077670607,-0.32200316073210955,-0.06979805449384084,0,0,0,0.1780185758513932,0.0016778523489932,270.0,22.781656399726216,21.56878850102669,0.2843232376207333,0.758,0.1625737318036746,1019.0,1.0,4.0,0.0,"{'best_dom': -0.227, 'final_dom': -0.461, 'dom_age20': -1.318, 'n_seasons_30': -0.902, 'best_yds': 0.216, 'career_yds': -0.045, 'final_ppa': 0.345, 'best_ppa': -0.492, 'best_usage': -0.338, 'nfl_entry_age': 0.771, 'breakout_age': -0.418, 'early_declare': -0.713, 'ras': -0.58, 'explosion_p': -1.401, 'speed_score': -0.963, 'weight': 0.518, 'catch_radius': 0.249, 'team_sp_off': -0.284, 'team_sp_overall': -0.387, 'recruit_rating': 1.288, 'prod_over_recruit': -1.072, 'was_returner': 0.693, 'ret_td': 0.347, 'col_qb_ypa': -1.033, 'final_spike': -0.262, 'dom_growth': 0.496}","[{'p': 'Jhamon Ausbon', 'y': 2021, 'sim': 72.0, 'fant': None}, {'p': 'Keon Hatcher', 'y': 2017, 'sim': 69.0, 'fant': 0.178}, {'p': 'Malik Heath', 'y': 2023, 'sim': 63.0, 'fant': None}, {'p': 'Sage Surratt', 'y': 2021, 'sim': 63.0, 'fant': 0.178}, {'p': 'Kenny Lawler', 'y': 2016, 'sim': 62.0, 'fant': 0.178}, {'p': ""Ka'Raun White"", 'y': 2018, 'sim': 61.0, 'fant': None}]"
Rashawn Scott,2016,historical,1,0.032490974729241874,0.02527075812274368,9.708972562724068,25.29603381481072,-1.5393298149082715,-0.3970297616854507,0,0,0,0.1780185758513932,0.0016778523489932,270.0,23.923340177960306,23.709787816564,0.2352560547236088,0.53,0.2044853029410861,695.0,1.0,3.0,0.0,"{'best_dom': -0.752, 'final_dom': -0.31, 'dom_age20': -1.355, 'n_seasons_30': -0.902, 'best_yds': -0.694, 'career_yds': -0.862, 'final_ppa': -0.524, 'best_ppa': -0.435, 'best_usage': -0.511, 'nfl_entry_age': 2.043, 'breakout_age': -0.345, 'early_declare': -0.713, 'ras': -0.888, 'explosion_p': -1.217, 'speed_score': -0.491, 'weight': -0.203, 'catch_radius': -0.674, 'team_sp_off': -0.061, 'team_sp_overall': -0.096, 'recruit_rating': -0.919, 'prod_over_recruit': -0.025, 'was_returner': 0.693, 'ret_td': -0.418, 'col_qb_ypa': 0.084, 'final_spike': -0.123, 'dom_growth': 0.658}","[{'p': 'Frank Darby', 'y': 2021, 'sim': 68.0, 'fant': 0.178}, {'p': 'Antwane Wells Jr.', 'y': 2025, 'sim': 67.0, 'fant': None}, {'p': 'Tony Brown', 'y': 2020, 'sim': 65.0, 'fant': None}, {'p': 'Emmanuel Henderson Jr.', 'y': 2026, 'sim': 64.0, 'fant': None}, {'p': 'Trebor Pena', 'y': 2026, 'sim': 63.0, 'fant': None}, {'p': 'Braylon Sanders', 'y': 2022, 'sim': 63.0, 'fant': 0.178}]"
Darreus Rogers,2017,historical,1,0.0036101083032490976,0.007220216606498195,9.064477465446604,20.558637041309815,0.010035656322775754,-0.7545946121346828,0,0,0,0.1780185758513932,0.0016778523489932,270.0,23.329226557152637,99.0,0.1574610564312763,0.75,0.0154007261321046,696.0,0.0,4.0,0.0,"{'best_dom': -1.585, 'final_dom': -1.08, 'dom_age20': -1.038, 'n_seasons_30': -0.902, 'best_yds': -0.691, 'career_yds': -0.586, 'final_ppa': 0.314, 'best_ppa': 0.519, 'best_usage': -1.031, 'nfl_entry_age': 1.381, 'breakout_age': 2.214, 'early_declare': -0.713, 'ras': -1.356, 'explosion_p': -2.049, 'speed_score': -2.558, 'weight': 1.022, 'catch_radius': -0.123, 'team_sp_off': 0.581, 'team_sp_overall': 0.983, 'recruit_rating': 1.047, 'prod_over_recruit': -1.81, 'was_returner': 0.693, 'ret_td': -0.418, 'col_qb_ypa': 0.17, 'final_spike': 0.189, 'dom_growth': -0.295}","[{'p': 'Austin Mack', 'y': 2020, 'sim': 67.0, 'fant': 0.449}, {'p': 'K.J. Hill', 'y': 2020, 'sim': 66.0, 'fant': 0.427}, {'p': 'Steven Mitchell', 'y': 2018, 'sim': 65.0, 'fant': 0.178}, {'p': 'Kaden Prather', 'y': 2025, 'sim': 63.0, 'fant': None}, {'p': 'Traeshon Holden', 'y': 2025, 'sim': 62.0, 'fant': None}, {'p': 'Rashawn Scott', 'y': 2016, 'sim': 59.0, 'fant': 0.178}]"
Kermit Whitfield,2017,historical,1,0.09747292418772563,0.1263537906137184,9.964391247828601,30.191873065939195,-1.3712427300618713,-0.37697946051733183,0,0,0,0.1780185758513932,0.0016778523489932,270.0,23.23340177960301,22.01779603011636,0.2563636363636363,0.706,0.2848795965808722,798.0,0.0,4.0,0.0,"{'best_dom': -0.526, 'final_dom': -1.854, 'dom_age20': -1.251, 'n_seasons_30': -0.902, 'best_yds': -0.405, 'career_yds': -0.822, 'final_ppa': 0.147, 'best_ppa': -0.142, 'best_usage': -0.759, 'nfl_entry_age': 1.274, 'breakout_age': -0.403, 'early_declare': -0.713, 'ras': -1.54, 'explosion_p': -0.863, 'speed_score': -0.323, 'weight': -1.211, 'catch_radius': -2.258, 'team_sp_off': 0.402, 'team_sp_overall': 0.949, 'recruit_rating': 0.219, 'prod_over_recruit': -0.664, 'was_returner': 0.693, 'ret_td': 1.111, 'col_qb_ypa': -0.088, 'final_spike': -0.379, 'dom_growth': -0.709}","[{'p': 'Ryan Davis', 'y': 2019, 'sim': 71.0, 'fant': 0.178}, {'p': 'Lideatrick Griffin', 'y': 2024, 'sim': 70.0, 'fant': None}, {'p': 'Aaron Anderson', 'y': 2026, 'sim': 68.0, 'fant': None}, {'p': 'Isaiah Williams', 'y': 2024, 'sim': 67.0, 'fant': None}, {'p': 'Bralon Addison', 'y': 2016, 'sim': 65.0, 'fant': 0.178}, {'p': ""Jha'Quan Jackson"", 'y': 2024, 'sim': 64.0, 'fant': None}]"
Ka'Raun White,2018,historical,3,0.2743682310469314,0.4368231046931408,10.532146717609395,38.09747597092751,-0.7475320779114762,-0.06951806258024502,0,0,0,,,270.0,,,0.2870067281905133,0.732,0.3293097465979418,1004.0,0.0,,0.0,"{'best_dom': -0.198, 'final_dom': 0.202, 'dom_age20': 0.0, 'n_seasons_30': -0.902, 'best_yds': 0.174, 'career_yds': -0.155, 'final_ppa': 0.246, 'best_ppa': 0.162, 'best_usage': -0.388, 'nfl_entry_age': 0.0, 'breakout_age': 0.0, 'early_declare': 0.0, 'ras': -0.322, 'explosion_p': -0.667, 'speed_score': 0.063, 'weight': 0.302, 'catch_radius': 0.082, 'team_sp_off': -0.254, 'team_sp_overall': -0.559, 'recruit_rating': 0.0, 'prod_over_recruit': 0.0, 'was_returner': -1.439, 'ret_td': 0.0, 'col_qb_ypa': 0.686, 'final_spike': -0.014, 'dom_growth': 0.739}","[{'p': 'Jakobi Meyers', 'y': 2019, 'sim': 73.0, 'fant': 0.91}, {'p': 'Kelvin Harmon', 'y': 2019, 'sim': 70.0, 'fant': 0.604}, {'p': 'Kyren Lacy', 'y': 2024, 'sim': 69.0, 'fant': None}, {'p': 'Daesean Hamilton', 'y': 2018, 'sim': 62.0, 'fant': 0.653}, {'p': 'Keon Hatcher', 'y': 2017, 'sim': 61.0, 'fant': 0.178}, {'p': 'Xavier Hutchinson', 'y': 2023, 'sim': 61.0, 'fant': None}]"
Johnnie Dixon,2019,historical,2,0.1263537906137184,0.3285198555956679,10.0843688775829,36.416042841388055,-2.1091873386998596,-0.32812125915800633,0,0,0,0.1780185758513932,0.0016778523489932,270.0,24.292950034223136,99.0,0.1599166440155839,0.955,0.6129665649932884,669.0,0.0,4.0,0.0,"{'best_dom': -1.559, 'final_dom': -1.188, 'dom_age20': -1.358, 'n_seasons_30': -0.902, 'best_yds': -0.767, 'career_yds': -0.978, 'final_ppa': 1.095, 'best_ppa': 5.034, 'best_usage': -1.65, 'nfl_entry_age': 2.455, 'breakout_age': 2.214, 'early_declare': -0.713, 'ras': -0.132, 'explosion_p': 0.582, 'speed_score': 0.898, 'weight': -0.059, 'catch_radius': -0.419, 'team_sp_off': 1.356, 'team_sp_overall': 1.026, 'recruit_rating': 1.228, 'prod_over_recruit': -1.956, 'was_returner': 0.693, 'ret_td': -0.418, 'col_qb_ypa': 0.6, 'final_spike': -0.055, 'dom_growth': -0.104}","[{'p': 'Jacob Copeland', 'y': 2023, 'sim': 80.0, 'fant': None}, {'p': 'Antoine Green', 'y': 2023, 'sim': 64.0, 'fant': None}, {'p': 'Velus Jones', 'y': 2022, 'sim': 63.0, 'fant': 0.421}, {'p': 'Tre Nixon', 'y': 2021, 'sim': 61.0, 'fant': 0.178}, {'p': 'Steven Mitchell', 'y': 2018, 'sim': 60.0, 'fant': 0.178}, {'p': 'Malik Benson', 'y': 2026, 'sim': 59.0, 'fant': None}]"
Jamal Custis,2019,historical,2,0.1444043321299639,0.37545126353790614,10.14245572148926,37.07268597358077,-1.4768109174329163,-0.325782117178977,0,0,0,0.1780185758513932,0.0016778523489932,270.0,23.15400410677618,22.94045174537988,0.2664239292146269,0.568,0.563278515289611,906.0,1.0,3.0,0.0,"{'best_dom': -0.419, 'final_dom': -0.002, 'dom_age20': -1.135, 'n_seasons_30': -0.902, 'best_yds': -0.101, 'career_yds': -1.091, 'final_ppa': -0.379, 'best_ppa': 3.582, 'best_usage': -0.957, 'nfl_entry_age': 1.186, 'breakout_age': -0.371, 'early_declare': -0.713, 'ras': 0.518, 'explosion_p': 0.363, 'speed_score': 0.688, 'weight': 0.878, 'catch_radius': 1.621, 'team_sp_off': -0.478, 'team_sp_overall': -0.396, 'recruit_rating': -0.63, 'prod_over_recruit': 0.063, 'was_returner': -1.439, 'ret_td': 0.0, 'col_qb_ypa': -0.431, 'final_spike': 1.715, 'dom_growth': 0.886}","[{'p': 'Marquez Valdes-Scantling', 'y': 2018, 'sim': 73.0, 'fant': 0.796}, {'p': 'Geremy Davis', 'y': 2015, 'sim': 72.0, 'fant': 0.178}, {'p': 'Jaleel Scott', 'y': 2018, 'sim': 70.0, 'fant': 0.178}, {'p': 'Mekale McKay', 'y': 2016, 'sim': 64.0, 'fant': 0.178}, {'p': 'Bug Howard', 'y': 2017, 'sim': 64.0, 'fant': 0.178}, {'p': 'Jalen Wayne', 'y': 2023, 'sim': 62.0, 'fant': None}]"
Chris Finke,2020,historical,2,0.11552346570397112,0.10830324909747292,10.070182047975317,29.493830696069374,-0.4895379352434619,-0.849072233704098,0,0,0,0.1780185758513932,0.0016778523489932,270.0,23.66598220396988,99.0,0.1290085185088701,0.483,0.5008624562911449,571.0,0.0,,0.0,"{'best_dom': -1.89, 'final_dom': -1.415, 'dom_age20': -0.907, 'n_seasons_30': -0.902, 'best_yds': -1.042, 'career_yds': -0.858, 'final_ppa': -0.703, 'best_ppa': -0.298, 'best_usage': -1.056, 'nfl_entry_age': 1.756, 'breakout_age': 2.214, 'early_declare': -0.713, 'ras': -1.403, 'explosion_p': 0.088, 'speed_score': -1.518, 'weight': -1.283, 'catch_radius': -1.016, 'team_sp_off': -0.105, 'team_sp_overall': 0.735, 'recruit_rating': 0.0, 'prod_over_recruit': 0.0, 'was_returner': 0.693, 'ret_td': -0.418, 'col_qb_ypa': 0.17, 'final_spike': -0.289, 'dom_growth': -0.703}","[{'p': 'DeAndrew White', 'y': 2015, 'sim': 76.0, 'fant': 0.178}, {'p': 'Hunter Renfrow', 'y': 2019, 'sim': 71.0, 'fant': 0.867}, {'p': 'Braylon Sanders', 'y': 2022, 'sim': 69.0, 'fant': 0.178}, {'p': 'Malik Benson', 'y': 2026, 'sim': 68.0, 'fant': None}, {'p': 'Harrison Wallace', 'y': 2026, 'sim': 67.0, 'fant': None}, {'p': 'Kearis Jackson', 'y': 2023, 'sim': 67.0, 'fant': None}]"
Charleston Rambo,2022,historical,1,0.04332129963898917,0.18411552346570398,9.742103168948466,32.474904268985085,-0.19652739328509042,-0.25925584241141747,0,0,0,0.1780185758513932,0.0016778523489932,270.0,22.39561943874059,22.18206707734429,0.2687164850371908,0.676,0.1636139537176829,1172.0,1.0,4.0,0.0,"{'best_dom': -0.394, 'final_dom': 0.021, 'dom_age20': -0.102, 'n_seasons_30': -0.902, 'best_yds': 0.645, 'career_yds': 0.408, 'final_ppa': 0.033, 'best_ppa': 0.334, 'best_usage': 0.033, 'nfl_entry_age': 0.341, 'breakout_age': -0.397, 'early_declare': -0.713, 'ras': -1.329, 'explosion_p': -1.397, 'speed_score': -1.872, 'weight': -1.787, 'catch_radius': -0.031, 'team_sp_off': -0.076, 'team_sp_overall': -0.113, 'recruit_rating': 0.651, 'prod_over_recruit': -0.825, 'was_returner': 0.693, 'ret_td': -0.418, 'col_qb_ypa': 0.686, 'final_spike': -0.057, 'dom_growth': 0.726}","[{'p': 'James Quick', 'y': 2017, 'sim': 65.0, 'fant': None}, {'p': 'Tre Turner', 'y': 2022, 'sim': 64.0, 'fant': None}, {'p': 'Gabe Marks', 'y': 2017, 'sim': 63.0, 'fant': None}, {'p': 'Jordan Hudson', 'y': 2026, 'sim': 62.0, 'fant': None}, {'p': 'Tavares Martin', 'y': 2018, 'sim': 62.0, 'fant': None}, {'p': 'Jacolby George', 'y': 2025, 'sim': 61.0, 'fant': None}]"
Braylon Sanders,2022,historical,2,0.1299638989169675,0.061371841155234655,10.089944647875392,27.424229001214215,-0.7527659922560315,-0.5601102066720611,0,0,0,0.1780185758513932,0.0016778523489932,270.0,22.94592744695414,99.0,0.1720642917116469,0.511,0.3869460405521432,549.0,0.0,3.0,0.0,"{'best_dom': -1.429, 'final_dom': -0.935, 'dom_age20': -0.923, 'n_seasons_30': -0.902, 'best_yds': -1.104, 'career_yds': -0.625, 'final_ppa': -0.596, 'best_ppa': 1.022, 'best_usage': -1.575, 'nfl_entry_age': 0.954, 'breakout_age': 2.214, 'early_declare': -0.713, 'ras': -0.102, 'explosion_p': -0.413, 'speed_score': -0.2, 'weight': -0.563, 'catch_radius': 0.008, 'team_sp_off': 0.223, 'team_sp_overall': 0.229, 'recruit_rating': -0.252, 'prod_over_recruit': -0.938, 'was_returner': 0.693, 'ret_td': -0.418, 'col_qb_ypa': 0.428, 'final_spike': -0.092, 'dom_growth': -0.061}","[{'p': 'DeAndrew White', 'y': 2015, 'sim': 84.0, 'fant': 0.178}, {'p': 'Malik Benson', 'y': 2026, 'sim': 70.0, 'fant': None}, {'p': 'Jalen Brooks', 'y': 2023, 'sim': 70.0, 'fant': None}, {'p': 'Harrison Wallace', 'y': 2026, 'sim': 69.0, 'fant': None}, {'p': 'Kearis Jackson', 'y': 2023, 'sim': 69.0, 'fant': None}, {'p': 'Tre Nixon', 'y': 2021, 'sim': 67.0, 'fant': 0.178}]"
Jadon Haselwood,2023,prediction,3,0.2563176895306859,0.296028880866426,10.503229146429998,35.72489248659566,0.2406756403802191,-0.36669589021966326,0,0,0,,,270.0,,,0.1731148660612652,0.555,0.4787044039549362,702.0,0.0,5.0,0.0,"{'best_dom': -1.418, 'final_dom': -0.925, 'dom_age20': 0.0, 'n_seasons_30': -0.902, 'best_yds': -0.674, 'career_yds': -0.643, 'final_ppa': -0.428, 'best_ppa': -0.9, 'best_usage': -0.932, 'nfl_entry_age': 0.0, 'breakout_age': 0.0, 'early_declare': 0.0, 'ras': 0.1, 'explosion_p': -0.009, 'speed_score': -0.767, 'weight': 0.95, 'catch_radius': 0.783, 'team_sp_off': 0.446, 'team_sp_overall': -0.01, 'recruit_rating': 1.75, 'prod_over_recruit': -2.316, 'was_returner': -1.439, 'ret_td': 0.0, 'col_qb_ypa': 0.514, 'final_spike': -0.003, 'dom_growth': -0.218}","[{'p': 'Bru McCoy', 'y': 2025, 'sim': 67.0, 'fant': None}, {'p': 'Trevon Grimes', 'y': 2021, 'sim': 65.0, 'fant': None}, {'p': 'Deon Cain', 'y': 2018, 'sim': 63.0, 'fant': 0.384}, {'p': 'Quartney Davis', 'y': 2020, 'sim': 62.0, 'fant': 0.178}, {'p': 'Devon Williams', 'y': 2022, 'sim': 62.0, 'fant': None}, {'p': 'Germie Bernard', 'y': 2026, 'sim': 61.0, 'fant': None}]"
Matt Landers,2023,prediction,2,0.148014440433213,0.6137184115523465,10.158779727461951,42.845118301740314,-0.46893608812666654,0.12942205637690024,0,0,0,,,270.0,23.54551676933607,23.33196440793977,0.301988212379531,1.126,0.8146861753042528,901.0,1.0,3.0,1.0,"{'best_dom': -0.038, 'final_dom': 0.35, 'dom_age20': -1.073, 'n_seasons_30': 0.306, 'best_yds': -0.115, 'career_yds': -0.517, 'final_ppa': 1.746, 'best_ppa': 1.729, 'best_usage': -1.229, 'nfl_entry_age': 1.622, 'breakout_age': -0.358, 'early_declare': -0.713, 'ras': 1.57, 'explosion_p': 1.47, 'speed_score': 1.273, 'weight': -0.131, 'catch_radius': 0.998, 'team_sp_off': 0.446, 'team_sp_overall': -0.01, 'recruit_rating': -0.468, 'prod_over_recruit': 0.238, 'was_returner': 0.693, 'ret_td': -0.418, 'col_qb_ypa': 0.514, 'final_spike': -0.005, 'dom_growth': 0.909}","[{'p': 'Andrei Iosivas', 'y': 2023, 'sim': 68.0, 'fant': None}, {'p': 'Bryce Lance', 'y': 2026, 'sim': 64.0, 'fant': None}, {'p': 'Austin Watkins', 'y': 2021, 'sim': 62.0, 'fant': 0.178}, {'p': 'A.T. Perry', 'y': 2023, 'sim': 59.0, 'fant': None}, {'p': 'Tim Jones', 'y': 2021, 'sim': 59.0, 'fant': 0.375}, {'p': 'Mack Hollins', 'y': 2017, 'sim': 58.0, 'fant': 0.638}]"
Zay Flowers,2023,prediction,10,0.9458483754512635,0.7328519855595668,41.49808592071943,46.7052087326489,0.18439125860499195,0.31664977543251627,0,0,0,,,22.0,22.305270362765228,20.09308692676249,0.4673331727294627,0.785,0.5546164643896667,1077.0,1.0,3.0,3.0,"{'best_dom': 1.732, 'final_dom': 1.987, 'dom_age20': 1.321, 'n_seasons_30': 2.722, 'best_yds': 0.379, 'career_yds': 1.217, 'final_ppa': 0.448, 'best_ppa': -0.283, 'best_usage': 0.652, 'nfl_entry_age': 0.24, 'breakout_age': -0.468, 'early_declare': -0.713, 'ras': -0.503, 'explosion_p': 0.325, 'speed_score': -0.305, 'weight': -1.427, 'catch_radius': -1.351, 'team_sp_off': -2.223, 'team_sp_overall': -2.314, 'recruit_rating': -0.619, 'prod_over_recruit': 1.841, 'was_returner': 0.693, 'ret_td': -0.418, 'col_qb_ypa': -1.119, 'final_spike': -0.167, 'dom_growth': 1.329}","[{'p': 'Tyler Lockett', 'y': 2015, 'sim': 69.0, 'fant': 0.913}, {'p': 'Jahan Dotson', 'y': 2022, 'sim': 65.0, 'fant': 0.7}, {'p': 'Jayden Reed', 'y': 2023, 'sim': 62.0, 'fant': None}, {'p': 'Darnell Mooney', 'y': 2020, 'sim': 62.0, 'fant': 0.873}, {'p': 'Khalil Shakir', 'y': 2022, 'sim': 61.0, 'fant': 0.724}, {'p': 'KC Concepcion', 'y': 2026, 'sim': 61.0, 'fant': None}]"
Puka Nacua,2023,prediction,8,0.7075812274368231,0.6678700361010831,17.469988717052633,44.650877209234636,-0.5594602761548333,-0.1451215679535555,0,0,0,,,177.0,21.593429158110883,19.381245722108144,0.2326290080440969,0.78,0.3330140342749981,805.0,1.0,4.0,0.0,"{'best_dom': -0.781, 'final_dom': -0.912, 'dom_age20': 0.484, 'n_seasons_30': -0.902, 'best_yds': -0.385, 'career_yds': -0.285, 'final_ppa': 0.429, 'best_ppa': 0.037, 'best_usage': 0.652, 'nfl_entry_age': -0.553, 'breakout_age': -0.492, 'early_declare': -0.713, 'ras': -0.773, 'explosion_p': -0.651, 'speed_score': -0.204, 'weight': 0.59, 'catch_radius': -0.272, 'team_sp_off': 0.282, 'team_sp_overall': -0.276, 'recruit_rating': 0.838, 'prod_over_recruit': -1.244, 'was_returner': -1.439, 'ret_td': 0.0, 'col_qb_ypa': 0.428, 'final_spike': -0.295, 'dom_growth': -0.383}","[{'p': 'DaVaris Daniels', 'y': 2015, 'sim': 66.0, 'fant': None}, {'p': 'Keon Hatcher', 'y': 2017, 'sim': 64.0, 'fant': 0.178}, {'p': 'Germie Bernard', 'y': 2026, 'sim': 61.0, 'fant': None}, {'p': 'DaMarkus Lodge', 'y': 2019, 'sim': 61.0, 'fant': 0.178}, {'p': 'Stacy Coley', 'y': 2017, 'sim': 60.0, 'fant': 0.178}, {'p': 'Kenny Lawler', 'y': 2016, 'sim': 60.0, 'fant': 0.178}]"
Grant Dubose,2023,prediction,5,0.4007220216606498,0.7220216606498195,11.185466637960001,46.61611557240569,-0.171611343752604,0.19072658176632112,0,0,0,,,256.0,21.533196440793976,20.32032854209445,0.2883630403605818,1.091,0.4586120514115669,892.0,1.0,,0.0,"{'best_dom': -0.184, 'final_dom': 0.216, 'dom_age20': 0.682, 'n_seasons_30': -0.902, 'best_yds': -0.141, 'career_yds': -0.36, 'final_ppa': 1.613, 'best_ppa': 0.713, 'best_usage': -0.833, 'nfl_entry_age': -0.62, 'breakout_age': -0.461, 'early_declare': 1.399, 'ras': 0.128, 'explosion_p': -0.098, 'speed_score': -0.659, 'weight': -0.059, 'catch_radius': 0.347, 'team_sp_off': -1.149, 'team_sp_overall': -2.212, 'recruit_rating': 0.0, 'prod_over_recruit': 0.0, 'was_returner': 0.693, 'ret_td': -0.418, 'col_qb_ypa': -0.26, 'final_spike': -0.262, 'dom_growth': -0.993}","[{'p': 'Michael Jefferson', 'y': 2023, 'sim': 68.0, 'fant': None}, {'p': ""Ka'Raun White"", 'y': 2018, 'sim': 60.0, 'fant': None}, {'p': 'Malik Knowles', 'y': 2023, 'sim': 60.0, 'fant': None}, {'p': 'Daesean Hamilton', 'y': 2018, 'sim': 60.0, 'fant': 0.653}, {'p': 'Kyren Lacy', 'y': 2024, 'sim': 59.0, 'fant': None}, {'p': 'Jordan Lasley', 'y': 2018, 'sim': 59.0, 'fant': 0.178}]"
Tyler Scott,2023,prediction,7,0.6245487364620939,0.8700361010830325,15.269966403035596,50.769867327650715,0.5963980240558934,0.6495230228603003,1,0,0,,,133.0,21.22108145106092,21.00752908966461,0.3470177207895116,0.98,0.6931684885084897,899.0,1.0,3.0,1.0,"{'best_dom': 0.444, 'final_dom': 0.796, 'dom_age20': -0.149, 'n_seasons_30': 0.306, 'best_yds': -0.121, 'career_yds': -0.641, 'final_ppa': 1.19, 'best_ppa': -0.003, 'best_usage': -0.239, 'nfl_entry_age': -0.968, 'breakout_age': -0.437, 'early_declare': 1.399, 'ras': 0.103, 'explosion_p': 0.935, 'speed_score': -0.777, 'weight': -1.787, 'catch_radius': -0.765, 'team_sp_off': -1.149, 'team_sp_overall': 0.084, 'recruit_rating': -0.564, 'prod_over_recruit': 1.099, 'was_returner': 0.693, 'ret_td': -0.418, 'col_qb_ypa': -0.345, 'final_spike': -0.012, 'dom_growth': 1.531}","[{'p': 'Phillip Dorsett', 'y': 2015, 'sim': 68.0, 'fant': 0.746}, {'p': 'DeMario Douglas', 'y': 2023, 'sim': 68.0, 'fant': None}, {'p': 'Skyy Moore', 'y': 2022, 'sim': 62.0, 'fant': 0.498}, {'p': 'Tai Felton', 'y': 2025, 'sim': 62.0, 'fant': None}, {'p': 'Jalin Hyatt', 'y': 2023, 'sim': 60.0, 'fant': None}, {'p': 'Josh Downs', 'y': 2023, 'sim': 59.0, 'fant': None}]"
Tre Tucker,2023,prediction,7,0.6931407942238267,0.5270758122743683,17.10257669800306,40.360299927469946,-0.21041461615780557,-0.442567106946648,0,0,0,,,100.0,21.817932922655714,99.0,0.1746794410027373,0.764,0.5971353781496189,672.0,0.0,3.0,0.0,"{'best_dom': -1.401, 'final_dom': -0.91, 'dom_age20': -0.373, 'n_seasons_30': -0.902, 'best_yds': -0.758, 'career_yds': -0.656, 'final_ppa': 0.368, 'best_ppa': -0.479, 'best_usage': -0.808, 'nfl_entry_age': -0.303, 'breakout_age': 2.214, 'early_declare': -0.713, 'ras': -0.535, 'explosion_p': 0.512, 'speed_score': -0.113, 'weight': -1.427, 'catch_radius': -1.537, 'team_sp_off': -1.149, 'team_sp_overall': 0.084, 'recruit_rating': -0.721, 'prod_over_recruit': -0.286, 'was_returner': 0.693, 'ret_td': 1.111, 'col_qb_ypa': -0.345, 'final_spike': -0.057, 'dom_growth': 0.026}","[{'p': 'Anthony Gould', 'y': 2024, 'sim': 72.0, 'fant': None}, {'p': 'Kolby Listenbee', 'y': 2016, 'sim': 64.0, 'fant': 0.178}, {'p': 'Zavion Thomas', 'y': 2026, 'sim': 62.0, 'fant': None}, {'p': 'Ladd McConkey', 'y': 2024, 'sim': 62.0, 'fant': None}, {'p': 'Malik Benson', 'y': 2026, 'sim': 60.0, 'fant': None}, {'p': 'Freddie Swain', 'y': 2020, 'sim': 60.0, 'fant': 0.539}]"
Joseph Ngata,2023,prediction,3,0.2743682310469314,0.34296028880866425,10.535186734202064,36.58956618796876,0.3926395365626036,-0.6073113448011714,0,0,0,,,270.0,21.976728268309376,99.0,0.1297954393024815,0.666,0.5703982563899347,526.0,0.0,,0.0,"{'best_dom': -1.882, 'final_dom': -1.424, 'dom_age20': -0.842, 'n_seasons_30': -0.902, 'best_yds': -1.168, 'career_yds': -0.816, 'final_ppa': -0.006, 'best_ppa': -0.205, 'best_usage': -1.13, 'nfl_entry_age': -0.126, 'breakout_age': 2.214, 'early_declare': -0.713, 'ras': 0.495, 'explosion_p': 0.394, 'speed_score': 0.754, 'weight': 1.526, 'catch_radius': 1.314, 'team_sp_off': -0.061, 'team_sp_overall': 0.469, 'recruit_rating': 0.0, 'prod_over_recruit': 0.0, 'was_returner': 0.693, 'ret_td': -0.418, 'col_qb_ypa': -1.205, 'final_spike': -0.169, 'dom_growth': -0.777}","[{'p': 'Brandon Smith', 'y': 2021, 'sim': 73.0, 'fant': 0.178}, {'p': 'Racey McMath', 'y': 2021, 'sim': 70.0, 'fant': 0.365}, {'p': 'Chris Lacy', 'y': 2018, 'sim': 67.0, 'fant': 0.178}, {'p': 'Dezmon Patmon', 'y': 2020, 'sim': 65.0, 'fant': 0.415}, {'p': 'Dillon Bell', 'y': 2026, 'sim': 65.0, 'fant': None}, {'p': 'Cam Worthy', 'y': 2015, 'sim': 63.0, 'fant': 0.178}]"
CJ Johnson,2023,prediction,3,0.2851985559566787,0.6967509025270758,10.576684767944197,45.752265108521094,0.8271169725197436,-0.36486779563183475,0,0,0,,,270.0,,,0.3131053268765133,1.074,,1016.0,1.0,3.0,1.0,"{'best_dom': 0.081, 'final_dom': 0.46, 'dom_age20': 0.0, 'n_seasons_30': 0.306, 'best_yds': 0.207, 'career_yds': 0.979, 'final_ppa': 1.548, 'best_ppa': 0.204, 'best_usage': -0.289, 'nfl_entry_age': 0.0, 'breakout_age': 0.0, 'early_declare': 0.0, 'ras': 1.699, 'explosion_p': 0.0, 'speed_score': 0.0, 'weight': 1.598, 'catch_radius': 1.034, 'team_sp_off': -0.568, 'team_sp_overall': -0.944, 'recruit_rating': -0.648, 'prod_over_recruit': 0.753, 'was_returner': -1.439, 'ret_td': 0.0, 'col_qb_ypa': -0.26, 'final_spike': -0.194, 'dom_growth': -0.504}","[{'p': 'Jerome Lane', 'y': 2017, 'sim': 64.0, 'fant': None}, {'p': 'Austin Watkins', 'y': 2021, 'sim': 61.0, 'fant': 0.178}, {'p': 'DeAndre Smelter', 'y': 2015, 'sim': 61.0, 'fant': 0.178}, {'p': 'Elijah Sarratt', 'y': 2026, 'sim': 60.0, 'fant': None}, {'p': 'Chris Bell', 'y': 2026, 'sim': 60.0, 'fant': None}, {'p': 'Bub Means', 'y': 2024, 'sim': 59.0, 'fant': None}]"
Justin Shorter,2023,prediction,6,0.555956678700361,0.259927797833935,13.279693000302721,34.86917570766128,0.012292853295072405,-0.40839145165604623,0,0,0,,,150.0,22.70773442847365,99.0,0.1546964490263459,0.778,0.6796973705385341,577.0,0.0,5.0,0.0,"{'best_dom': -1.615, 'final_dom': -1.107, 'dom_age20': -0.867, 'n_seasons_30': -0.902, 'best_yds': -1.025, 'career_yds': -0.512, 'final_ppa': 0.421, 'best_ppa': -0.448, 'best_usage': -0.784, 'nfl_entry_age': 0.689, 'breakout_age': 2.214, 'early_declare': -0.713, 'ras': 1.135, 'explosion_p': 0.875, 'speed_score': 0.962, 'weight': 1.959, 'catch_radius': 1.635, 'team_sp_off': 0.64, 'team_sp_overall': -0.148, 'recruit_rating': 1.744, 'prod_over_recruit': -2.376, 'was_returner': 0.693, 'ret_td': -0.418, 'col_qb_ypa': -0.345, 'final_spike': -0.214, 'dom_growth': -0.018}","[{'p': 'Juwan Johnson', 'y': 2020, 'sim': 67.0, 'fant': 0.771}, {'p': 'Charone Peake', 'y': 2016, 'sim': 63.0, 'fant': 0.464}, {'p': 'Jalen Hurd', 'y': 2019, 'sim': 63.0, 'fant': 0.178}, {'p': 'Jordan Whittington', 'y': 2024, 'sim': 60.0, 'fant': None}, {'p': 'Trevon Grimes', 'y': 2021, 'sim': 58.0, 'fant': None}, {'p': 'Savion Williams', 'y': 2025, 'sim': 58.0, 'fant': None}]"
Kearis Jackson,2023,prediction,2,0.13357400722021662,0.11191335740072202,10.103835825682115,29.692894821223206,0.11848857018732784,-0.9798638955304759,0,0,0,,,270.0,23.06365503080082,99.0,0.1822847226631113,0.447,0.4925549831583118,514.0,1.0,4.0,0.0,"{'best_dom': -1.32, 'final_dom': -2.281, 'dom_age20': -1.258, 'n_seasons_30': -0.902, 'best_yds': -1.202, 'career_yds': -1.023, 'final_ppa': -0.84, 'best_ppa': -0.754, 'best_usage': -1.13, 'nfl_entry_age': 1.085, 'breakout_age': 2.214, 'early_declare': -0.713, 'ras': -0.367, 'explosion_p': 0.051, 'speed_score': -0.736, 'weight': -0.419, 'catch_radius': -0.712, 'team_sp_off': -0.672, 'team_sp_overall': 0.598, 'recruit_rating': 0.914, 'prod_over_recruit': -1.608, 'was_returner': 0.693, 'ret_td': -0.418, 'col_qb_ypa': 1.804, 'final_spike': -0.341, 'dom_growth': -1.052}","[{'p': 'DeAndrew White', 'y': 2015, 'sim': 71.0, 'fant': 0.178}, {'p': 'Braylon Sanders', 'y': 2022, 'sim': 70.0, 'fant': 0.178}, {'p': 'Tre Nixon', 'y': 2021, 'sim': 70.0, 'fant': 0.178}, {'p': 'Charone Peake', 'y': 2016, 'sim': 66.0, 'fant': 0.464}, {'p': 'Jalen Brooks', 'y': 2023, 'sim': 66.0, 'fant': None}, {'p': 'Jordan Whittington', 'y': 2024, 'sim': 65.0, 'fant': None}]"
Tank Dell,2023,prediction,8,0.779783393501805,0.6967509025270758,20.570662992044678,45.868183508403234,-0.1331784148236406,-0.4149642420092957,0,0,0,,,69.0,23.17590691307324,20.9637234770705,0.3837395884370407,1.057,,1398.0,1.0,,2.0,"{'best_dom': 0.837, 'final_dom': 1.16, 'dom_age20': -1.358, 'n_seasons_30': 1.514, 'best_yds': 1.28, 'career_yds': 1.331, 'final_ppa': 1.484, 'best_ppa': 0.273, 'best_usage': 0.503, 'nfl_entry_age': 1.21, 'breakout_age': -0.439, 'early_declare': -0.713, 'ras': 0.0, 'explosion_p': 0.0, 'speed_score': 0.0, 'weight': 0.0, 'catch_radius': 0.0, 'team_sp_off': 1.073, 'team_sp_overall': -0.653, 'recruit_rating': 0.0, 'prod_over_recruit': 0.0, 'was_returner': 0.693, 'ret_td': 0.347, 'col_qb_ypa': -0.002, 'final_spike': -0.213, 'dom_growth': 0.239}","[{'p': 'Tre Harris', 'y': 2025, 'sim': 63.0, 'fant': None}, {'p': 'Ricky White', 'y': 2025, 'sim': 61.0, 'fant': None}, {'p': 'Michael Thomas', 'y': 2016, 'sim': 60.0, 'fant': 0.994}, {'p': 'Rashee Rice', 'y': 2023, 'sim': 58.0, 'fant': None}, {'p': 'Xavier Hutchinson', 'y': 2023, 'sim': 58.0, 'fant': None}, {'p': 'Jalen Tolbert', 'y': 2022, 'sim': 58.0, 'fant': 0.69}]"
Xavier Hutchinson,2023,prediction,5,0.4223826714801444,0.47653429602888087,11.498003513168136,39.20947052092363,0.3783345206512714,0.12325031698223694,0,0,0,,,205.0,22.584531143052704,20.372347707049965,0.3443003401531527,0.727,0.3760935934609041,1171.0,1.0,,1.0,"{'best_dom': 0.415, 'final_dom': 0.769, 'dom_age20': 0.488, 'n_seasons_30': 0.306, 'best_yds': 0.643, 'career_yds': 1.071, 'final_ppa': 0.227, 'best_ppa': 0.077, 'best_usage': 0.8, 'nfl_entry_age': 0.551, 'breakout_age': -0.459, 'early_declare': -0.713, 'ras': -0.303, 'explosion_p': -0.461, 'speed_score': -0.19, 'weight': 0.086, 'catch_radius': 0.076, 'team_sp_off': -2.626, 'team_sp_overall': -0.584, 'recruit_rating': 0.0, 'prod_over_recruit': 0.0, 'was_returner': 0.693, 'ret_td': -0.418, 'col_qb_ypa': -1.291, 'final_spike': -0.173, 'dom_growth': -0.342}","[{'p': ""J'Mon Moore"", 'y': 2018, 'sim': 67.0, 'fant': 0.178}, {'p': 'Gabriel Davis', 'y': 2020, 'sim': 65.0, 'fant': None}, {'p': 'Chad Hansen', 'y': 2017, 'sim': 64.0, 'fant': 0.644}, {'p': 'Dres Anderson', 'y': 2015, 'sim': 64.0, 'fant': 0.178}, {'p': 'Lewis Bond', 'y': 2026, 'sim': 63.0, 'fant': None}, {'p': 'Nelson Spruce', 'y': 2016, 'sim': 62.0, 'fant': 0.178}]"
Malik Knowles,2023,prediction,6,0.5992779783393501,0.6534296028880866,14.745044777487813,44.29054363945633,-0.22155266454943917,-0.5891347801232805,0,0,0,,,270.0,22.37371663244353,19.159479808350444,0.2276974660583741,0.843,,725.0,1.0,3.0,0.0,"{'best_dom': -0.833, 'final_dom': -0.95, 'dom_age20': 0.295, 'n_seasons_30': -0.902, 'best_yds': -0.61, 'career_yds': -0.154, 'final_ppa': 0.669, 'best_ppa': -0.305, 'best_usage': -1.031, 'nfl_entry_age': 0.316, 'breakout_age': -0.5, 'early_declare': -0.713, 'ras': -0.242, 'explosion_p': 0.0, 'speed_score': 0.0, 'weight': -0.419, 'catch_radius': -0.086, 'team_sp_off': 0.163, 'team_sp_overall': 0.795, 'recruit_rating': -0.996, 'prod_over_recruit': 0.177, 'was_returner': 0.693, 'ret_td': 1.876, 'col_qb_ypa': -0.002, 'final_spike': -0.038, 'dom_growth': -0.742}","[{'p': 'Daesean Hamilton', 'y': 2018, 'sim': 66.0, 'fant': 0.653}, {'p': 'Cody Core', 'y': 2016, 'sim': 63.0, 'fant': 0.588}, {'p': 'Grant Dubose', 'y': 2023, 'sim': 60.0, 'fant': None}, {'p': 'Michael Jefferson', 'y': 2023, 'sim': 60.0, 'fant': None}, {'p': 'Kyren Lacy', 'y': 2024, 'sim': 59.0, 'fant': None}, {'p': 'DaVaris Daniels', 'y': 2015, 'sim': 59.0, 'fant': None}]"
DeMario Douglas,2023,prediction,5,0.44765342960288806,0.7653429602888087,11.753576511883068,47.36980006872726,-0.3167006573538585,0.19485646615503688,0,0,0,,,210.0,22.06433949349761,21.8507871321013,0.3192336970312103,1.051,0.711928808170335,993.0,1.0,,1.0,"{'best_dom': 0.147, 'final_dom': 0.521, 'dom_age20': -0.314, 'n_seasons_30': 0.306, 'best_yds': 0.143, 'career_yds': 0.225, 'final_ppa': 1.461, 'best_ppa': 0.154, 'best_usage': -0.462, 'nfl_entry_age': -0.028, 'breakout_age': -0.409, 'early_declare': -0.713, 'ras': -0.353, 'explosion_p': 1.017, 'speed_score': -0.664, 'weight': -1.643, 'catch_radius': -1.174, 'team_sp_off': -1.671, 'team_sp_overall': -1.167, 'recruit_rating': 0.0, 'prod_over_recruit': 0.0, 'was_returner': 0.693, 'ret_td': 1.111, 'col_qb_ypa': -1.119, 'final_spike': -0.105, 'dom_growth': 1.053}","[{'p': 'Tyler Scott', 'y': 2023, 'sim': 68.0, 'fant': None}, {'p': 'Phillip Dorsett', 'y': 2015, 'sim': 65.0, 'fant': 0.746}, {'p': 'Calvin Austin ', 'y': 2022, 'sim': 63.0, 'fant': 0.619}, {'p': 'Jaylin Noel', 'y': 2025, 'sim': 61.0, 'fant': None}, {'p': 'Jalen Nailor', 'y': 2022, 'sim': 59.0, 'fant': 0.687}, {'p': 'Brenen Thompson', 'y': 2026, 'sim': 58.0, 'fant': None}]"
Michael Jefferson,2023,prediction,3,0.2815884476534296,0.6750902527075813,10.557490409266743,45.00657600971386,0.25651393085557317,-0.04210730529776642,0,0,0,,,270.0,,,0.2712875519801018,1.049,0.6400973106321702,810.0,1.0,,0.0,"{'best_dom': -0.367, 'final_dom': 0.047, 'dom_age20': 0.0, 'n_seasons_30': -0.902, 'best_yds': -0.371, 'career_yds': -0.706, 'final_ppa': 1.453, 'best_ppa': 0.914, 'best_usage': -0.907, 'nfl_entry_age': 0.0, 'breakout_age': 0.0, 'early_declare': 0.0, 'ras': 0.59, 'explosion_p': 0.701, 'speed_score': -0.671, 'weight': -0.203, 'catch_radius': 1.292, 'team_sp_off': -2.029, 'team_sp_overall': -0.867, 'recruit_rating': 0.0, 'prod_over_recruit': 0.0, 'was_returner': -1.439, 'ret_td': 0.0, 'col_qb_ypa': -1.291, 'final_spike': -0.026, 'dom_growth': 0.0}","[{'p': 'Grant Dubose', 'y': 2023, 'sim': 69.0, 'fant': None}, {'p': 'Sam Brown Jr.', 'y': 2025, 'sim': 67.0, 'fant': None}, {'p': 'Tim Jones', 'y': 2021, 'sim': 63.0, 'fant': 0.375}, {'p': 'Chris Moore', 'y': 2016, 'sim': 61.0, 'fant': 0.613}, {'p': 'Malik Knowles', 'y': 2023, 'sim': 61.0, 'fant': None}, {'p': 'Bug Howard', 'y': 2017, 'sim': 59.0, 'fant': 0.178}]"
Kayshon Boutte,2023,prediction,8,0.703971119133574,0.5306859205776173,17.43887465829578,40.37385191955592,-0.02146595284735675,-0.06522614386446125,0,0,0,,,187.0,20.65434633812457,18.442162902121837,0.2175597037484885,0.413,0.2023186739484526,688.0,1.0,5.0,0.0,"{'best_dom': -0.942, 'final_dom': -1.502, 'dom_age20': 0.364, 'n_seasons_30': -0.902, 'best_yds': -0.713, 'career_yds': -0.301, 'final_ppa': -0.969, 'best_ppa': -0.192, 'best_usage': -0.116, 'nfl_entry_age': -1.599, 'breakout_age': -0.524, 'early_declare': 1.399, 'ras': -1.179, 'explosion_p': -1.226, 'speed_score': -0.334, 'weight': -0.491, 'catch_radius': -1.025, 'team_sp_off': -0.225, 'team_sp_overall': -0.524, 'recruit_rating': 1.63, 'prod_over_recruit': -1.925, 'was_returner': 0.693, 'ret_td': -0.418, 'col_qb_ypa': -0.947, 'final_spike': -0.294, 'dom_growth': -2.063}","[{'p': 'Antonio Callaway', 'y': 2018, 'sim': 65.0, 'fant': 0.65}, {'p': 'Travis Rudolph', 'y': 2017, 'sim': 65.0, 'fant': 0.443}, {'p': 'George Pickens', 'y': 2022, 'sim': 63.0, 'fant': 0.87}, {'p': 'Anthony Schwartz', 'y': 2021, 'sim': 63.0, 'fant': 0.44}, {'p': 'Deon Cain', 'y': 2018, 'sim': 62.0, 'fant': 0.384}, {'p': 'Rakim Jarrett', 'y': 2023, 'sim': 61.0, 'fant': None}]"
Jaray Jenkins,2023,prediction,1,0.0036101083032490976,0.11191335740072202,9.474087680237044,29.69813389004299,-0.38051041776216155,-0.7213909171400342,0,0,0,,,270.0,22.99247091033539,99.0,0.1840156844654595,1.496,0.140730792522123,502.0,0.0,3.0,0.0,"{'best_dom': -1.301, 'final_dom': -0.817, 'dom_age20': -1.314, 'n_seasons_30': -0.902, 'best_yds': -1.236, 'career_yds': -0.721, 'final_ppa': 3.156, 'best_ppa': 1.134, 'best_usage': -1.179, 'nfl_entry_age': 1.006, 'breakout_age': 2.214, 'early_declare': -0.713, 'ras': -0.547, 'explosion_p': -1.497, 'speed_score': -0.773, 'weight': 0.158, 'catch_radius': -0.031, 'team_sp_off': -1.09, 'team_sp_overall': -0.687, 'recruit_rating': -0.098, 'prod_over_recruit': -0.924, 'was_returner': -1.439, 'ret_td': 0.0, 'col_qb_ypa': -0.603, 'final_spike': -0.287, 'dom_growth': 0.202}","[{'p': 'Traeshon Holden', 'y': 2025, 'sim': 70.0, 'fant': None}, {'p': ""Dai'Jean Dixon"", 'y': 2022, 'sim': 69.0, 'fant': 0.178}, {'p': 'Keith Mumphery', 'y': 2015, 'sim': 64.0, 'fant': 0.458}, {'p': 'Johnny Holton', 'y': 2016, 'sim': 62.0, 'fant': 0.424}, {'p': 'Casey Washington', 'y': 2024, 'sim': 62.0, 'fant': None}, {'p': 'Cooper Kupp', 'y': 2017, 'sim': 60.0, 'fant': 0.991}]"
Jacob Copeland,2023,prediction,2,0.1299638989169675,0.36462093862815886,10.098761266309044,36.974238144596896,-1.307961837061152,-0.2825734469638463,0,0,0,,,270.0,23.45242984257358,99.0,0.1712290377544614,1.003,0.5852331743582159,642.0,1.0,4.0,0.0,"{'best_dom': -1.438, 'final_dom': -1.617, 'dom_age20': -0.842, 'n_seasons_30': -0.902, 'best_yds': -0.843, 'career_yds': -0.293, 'final_ppa': 1.278, 'best_ppa': 0.048, 'best_usage': -1.377, 'nfl_entry_age': 1.518, 'breakout_age': 2.214, 'early_declare': -0.713, 'ras': -0.297, 'explosion_p': 0.459, 'speed_score': 0.793, 'weight': -0.059, 'catch_radius': -1.382, 'team_sp_off': -0.046, 'team_sp_overall': -0.096, 'recruit_rating': 1.239, 'prod_over_recruit': -1.959, 'was_returner': 0.693, 'ret_td': -0.418, 'col_qb_ypa': -0.26, 'final_spike': -0.352, 'dom_growth': -0.43}","[{'p': 'Johnnie Dixon', 'y': 2019, 'sim': 78.0, 'fant': 0.178}, {'p': 'Antoine Green', 'y': 2023, 'sim': 72.0, 'fant': None}, {'p': 'Traeshon Holden', 'y': 2025, 'sim': 65.0, 'fant': None}, {'p': 'Casey Washington', 'y': 2024, 'sim': 64.0, 'fant': None}, {'p': 'Tre Nixon', 'y': 2021, 'sim': 64.0, 'fant': 0.178}, {'p': 'Malik Benson', 'y': 2026, 'sim': 63.0, 'fant': None}]"
Dontay Demus Jr.,2023,prediction,7,0.6064981949458483,0.7581227436823105,14.891023342661857,47.201749749476164,0.7185927328224188,0.16705492319162582,0,0,0,,,270.0,22.26420260095825,19.04996577686516,0.3650234741784037,0.833,0.4876988235469219,625.0,1.0,3.0,2.0,"{'best_dom': 0.637, 'final_dom': -2.062, 'dom_age20': 1.532, 'n_seasons_30': 1.514, 'best_yds': -0.89, 'career_yds': 0.013, 'final_ppa': 0.631, 'best_ppa': 0.451, 'best_usage': 0.355, 'nfl_entry_age': 0.194, 'breakout_age': -0.504, 'early_declare': -0.713, 'ras': 0.512, 'explosion_p': 0.03, 'speed_score': -0.103, 'weight': 0.734, 'catch_radius': 1.368, 'team_sp_off': -1.343, 'team_sp_overall': -1.578, 'recruit_rating': -0.499, 'prod_over_recruit': 1.108, 'was_returner': 0.693, 'ret_td': -0.418, 'col_qb_ypa': -1.721, 'final_spike': -0.415, 'dom_growth': -1.432}","[{'p': 'Will Sheppard', 'y': 2025, 'sim': 76.0, 'fant': None}, {'p': 'Denzel Boston', 'y': 2026, 'sim': 66.0, 'fant': None}, {'p': 'J.J. Arcega-Whiteside', 'y': 2019, 'sim': 62.0, 'fant': 0.474}, {'p': 'Zach Pascal', 'y': 2017, 'sim': 62.0, 'fant': 0.774}, {'p': 'Malachi Fields', 'y': 2026, 'sim': 58.0, 'fant': None}, {'p': 'Elijah Sarratt', 'y': 2026, 'sim': 58.0, 'fant': None}]"
Rakim Jarrett,2023,prediction,6,0.5631768953068592,0.6606498194945848,13.569911612213948,44.47684260421967,-0.03552807277497527,-0.13336949776992052,0,0,0,,,270.0,21.935660506502398,19.72347707049966,0.2097026604068857,0.666,0.5100289206343005,829.0,1.0,5.0,0.0,"{'best_dom': -1.026, 'final_dom': -1.242, 'dom_age20': 0.302, 'n_seasons_30': -0.902, 'best_yds': -0.318, 'career_yds': -0.512, 'final_ppa': -0.006, 'best_ppa': 0.581, 'best_usage': -0.685, 'nfl_entry_age': -0.172, 'breakout_age': -0.481, 'early_declare': 1.399, 'ras': 0.029, 'explosion_p': 0.128, 'speed_score': 0.074, 'weight': -0.707, 'catch_radius': -0.428, 'team_sp_off': -0.076, 'team_sp_overall': -0.507, 'recruit_rating': 1.591, 'prod_over_recruit': -1.972, 'was_returner': 0.693, 'ret_td': -0.418, 'col_qb_ypa': -0.088, 'final_spike': -0.357, 'dom_growth': -1.796}","[{'p': 'Emeka Egbuka', 'y': 2025, 'sim': 65.0, 'fant': None}, {'p': 'Stacy Coley', 'y': 2017, 'sim': 65.0, 'fant': 0.178}, {'p': 'Antonio Williams', 'y': 2026, 'sim': 64.0, 'fant': None}, {'p': 'Deon Cain', 'y': 2018, 'sim': 63.0, 'fant': 0.384}, {'p': 'Jalen McMillan', 'y': 2024, 'sim': 61.0, 'fant': None}, {'p': 'Zachariah Branch', 'y': 2026, 'sim': 61.0, 'fant': None}]"
Ronnie Bell,2023,prediction,3,0.22743682310469315,0.24548736462093862,10.411524288234542,34.3892449091461,-2.76380138372496,-0.034524937749253234,0,0,0,,,253.0,22.92676249144421,22.713210130047912,0.231368477554595,0.67,0.4429835601682215,889.0,1.0,3.0,0.0,"{'best_dom': -0.794, 'final_dom': -0.348, 'dom_age20': -0.293, 'n_seasons_30': -0.902, 'best_yds': -0.149, 'career_yds': 0.3, 'final_ppa': 0.01, 'best_ppa': 12.817, 'best_usage': -0.388, 'nfl_entry_age': 0.933, 'breakout_age': -0.379, 'early_declare': -0.713, 'ras': 0.226, 'explosion_p': -0.167, 'speed_score': -0.907, 'weight': -0.779, 'catch_radius': -0.07, 'team_sp_off': 0.402, 'team_sp_overall': 1.702, 'recruit_rating': -0.875, 'prod_over_recruit': 0.159, 'was_returner': 0.693, 'ret_td': -0.418, 'col_qb_ypa': 0.17, 'final_spike': -0.172, 'dom_growth': 0.08}","[{'p': 'Trebor Pena', 'y': 2026, 'sim': 65.0, 'fant': None}, {'p': 'Jordan Watkins', 'y': 2025, 'sim': 61.0, 'fant': None}, {'p': 'Emmanuel Henderson Jr.', 'y': 2026, 'sim': 61.0, 'fant': None}, {'p': 'Jaylin Lane', 'y': 2025, 'sim': 60.0, 'fant': None}, {'p': 'Davon Grayson', 'y': 2018, 'sim': 60.0, 'fant': 0.178}, {'p': 'Antwane Wells Jr.', 'y': 2025, 'sim': 59.0, 'fant': None}]"
Jayden Reed,2023,prediction,9,0.8844765342960289,0.6064981949458483,29.393233348928472,42.68289717116204,0.3144258693176372,0.2422506188925342,0,0,0,,,50.0,22.6776180698152,18.46406570841889,0.3407340026503155,0.624,0.3665629002866017,1026.0,1.0,3.0,2.0,"{'best_dom': 0.377, 'final_dom': -0.47, 'dom_age20': 1.231, 'n_seasons_30': 1.514, 'best_yds': 0.235, 'career_yds': 0.993, 'final_ppa': -0.166, 'best_ppa': -0.274, 'best_usage': -0.091, 'nfl_entry_age': 0.655, 'breakout_age': -0.524, 'early_declare': -0.713, 'ras': -1.065, 'explosion_p': -0.503, 'speed_score': -0.08, 'weight': -0.779, 'catch_radius': -1.423, 'team_sp_off': -0.15, 'team_sp_overall': -0.079, 'recruit_rating': -1.111, 'prod_over_recruit': 1.393, 'was_returner': 0.693, 'ret_td': 1.876, 'col_qb_ypa': 0.084, 'final_spike': -0.342, 'dom_growth': -2.114}","[{'p': 'James Proche', 'y': 2020, 'sim': 63.0, 'fant': 0.471}, {'p': 'Justin Hardy', 'y': 2015, 'sim': 63.0, 'fant': 0.625}, {'p': 'KC Concepcion', 'y': 2026, 'sim': 60.0, 'fant': None}, {'p': 'Nelson Spruce', 'y': 2016, 'sim': 60.0, 'fant': 0.178}, {'p': 'Diontae Johnson', 'y': 2019, 'sim': 59.0, 'fant': 0.941}, {'p': 'Chris Olave', 'y': 2022, 'sim': 59.0, 'fant': 0.892}]"
Malik Heath,2023,prediction,2,0.148014440433213,0.47653429602888087,10.143796562435982,39.30409246469186,-0.5039641100945876,-0.29782701447797383,0,0,0,,,270.0,22.75427789185489,22.54072553045859,0.2693451513207767,1.151,0.3842463937578313,971.0,1.0,4.0,0.0,"{'best_dom': -0.387, 'final_dom': 0.027, 'dom_age20': -1.358, 'n_seasons_30': -0.902, 'best_yds': 0.081, 'career_yds': -0.318, 'final_ppa': 1.842, 'best_ppa': 0.374, 'best_usage': -0.808, 'nfl_entry_age': 0.741, 'breakout_age': -0.385, 'early_declare': -0.713, 'ras': -0.28, 'explosion_p': -0.425, 'speed_score': -0.687, 'weight': 0.806, 'catch_radius': 0.069, 'team_sp_off': 0.521, 'team_sp_overall': 0.349, 'recruit_rating': 0.687, 'prod_over_recruit': -0.805, 'was_returner': -1.439, 'ret_td': 0.0, 'col_qb_ypa': -0.002, 'final_spike': 0.126, 'dom_growth': -0.158}","[{'p': 'Marcell Ateman', 'y': 2018, 'sim': 69.0, 'fant': 0.576}, {'p': 'DaVaris Daniels', 'y': 2015, 'sim': 65.0, 'fant': None}, {'p': 'Cayleb Jones', 'y': 2016, 'sim': 62.0, 'fant': 0.178}, {'p': 'Keon Hatcher', 'y': 2017, 'sim': 62.0, 'fant': 0.178}, {'p': 'Jack Bech', 'y': 2025, 'sim': 62.0, 'fant': None}, {'p': 'Javon Wims', 'y': 2018, 'sim': 59.0, 'fant': 0.433}]"
Jonathan Mingo,2023,prediction,9,0.8844765342960289,0.6534296028880866,29.660384200460516,44.33083857392842,-0.05354429602098981,-0.1559275260584732,0,0,0,,,39.0,21.700205338809035,21.48665297741273,0.2518659980173771,0.795,0.8795927669577335,862.0,0.0,4.0,0.0,"{'best_dom': -0.575, 'final_dom': -0.146, 'dom_age20': -0.409, 'n_seasons_30': -0.902, 'best_yds': -0.225, 'career_yds': -0.274, 'final_ppa': 0.486, 'best_ppa': -0.41, 'best_usage': -1.155, 'nfl_entry_age': -0.434, 'breakout_age': -0.421, 'early_declare': -0.713, 'ras': 1.777, 'explosion_p': 1.755, 'speed_score': 1.44, 'weight': 1.31, 'catch_radius': 1.41, 'team_sp_off': 0.521, 'team_sp_overall': 0.349, 'recruit_rating': 0.437, 'prod_over_recruit': -0.883, 'was_returner': 0.693, 'ret_td': -0.418, 'col_qb_ypa': -0.002, 'final_spike': 0.149, 'dom_growth': 0.129}","[{'p': 'Chris Conley', 'y': 2015, 'sim': 73.0, 'fant': 0.712}, {'p': 'Parris Campbell', 'y': 2019, 'sim': 68.0, 'fant': 0.663}, {'p': 'Nico Collins', 'y': 2021, 'sim': 67.0, 'fant': 0.954}, {'p': 'D.K. Metcalf', 'y': 2019, 'sim': 67.0, 'fant': 0.96}, {'p': 'Alec Pierce', 'y': 2022, 'sim': 66.0, 'fant': 0.728}, {'p': 'Adonai Mitchell', 'y': 2024, 'sim': 65.0, 'fant': None}]"
Trey Palmer,2023,prediction,6,0.5090252707581228,0.6173285198555957,12.529128125968695,43.14075908895814,0.19171099338382835,0.28386666146428474,0,0,0,,,191.0,21.749486652977414,21.53593429158111,0.4614983351831299,0.858,0.3234552948760524,1043.0,1.0,4.0,1.0,"{'best_dom': 1.67, 'final_dom': 1.929, 'dom_age20': -1.219, 'n_seasons_30': 0.306, 'best_yds': 0.283, 'career_yds': -0.57, 'final_ppa': 0.726, 'best_ppa': -0.272, 'best_usage': 0.231, 'nfl_entry_age': -0.379, 'breakout_age': -0.419, 'early_declare': -0.713, 'ras': -0.276, 'explosion_p': -0.693, 'speed_score': 1.224, 'weight': -0.707, 'catch_radius': -0.503, 'team_sp_off': -1.462, 'team_sp_overall': -1.141, 'recruit_rating': 0.992, 'prod_over_recruit': 0.488, 'was_returner': 0.693, 'ret_td': 1.111, 'col_qb_ypa': 0.514, 'final_spike': 0.374, 'dom_growth': 2.486}","[{'p': 'Trishton Jackson', 'y': 2020, 'sim': 74.0, 'fant': 0.178}, {'p': 'Daniel Jackson', 'y': 2025, 'sim': 63.0, 'fant': None}, {'p': 'Fred Ross', 'y': 2017, 'sim': 62.0, 'fant': 0.178}, {'p': 'Khalil Shakir', 'y': 2022, 'sim': 62.0, 'fant': 0.724}, {'p': 'Trey Quinn', 'y': 2018, 'sim': 61.0, 'fant': 0.523}, {'p': 'Dillon Mitchell', 'y': 2019, 'sim': 60.0, 'fant': 0.178}]"
Josh Downs,2023,prediction,8,0.7689530685920578,0.8736462093862816,19.902508611264498,50.976434193334896,0.7620848045575286,0.8021106004899812,1,0,0,,,79.0,21.388090349075977,20.175222450376456,0.3546584282143848,0.697,0.6029201561658438,1335.0,1.0,4.0,1.0,"{'best_dom': 0.526, 'final_dom': -0.03, 'dom_age20': 1.45, 'n_seasons_30': 0.306, 'best_yds': 1.103, 'career_yds': 0.559, 'final_ppa': 0.113, 'best_ppa': 0.608, 'best_usage': 0.924, 'nfl_entry_age': -0.782, 'breakout_age': -0.465, 'early_declare': 1.399, 'ras': 0.253, 'explosion_p': 0.537, 'speed_score': -1.459, 'weight': -2.22, 'catch_radius': -0.783, 'team_sp_off': 0.372, 'team_sp_overall': -0.49, 'recruit_rating': 1.096, 'prod_over_recruit': -0.182, 'was_returner': 0.693, 'ret_td': -0.418, 'col_qb_ypa': 0.514, 'final_spike': -0.297, 'dom_growth': 0.365}","[{'p': 'Elijah Moore', 'y': 2021, 'sim': 65.0, 'fant': 0.817}, {'p': 'John Ross', 'y': 2017, 'sim': 65.0, 'fant': 0.737}, {'p': 'Corey Coleman', 'y': 2016, 'sim': 63.0, 'fant': 0.647}, {'p': 'Rondale Moore', 'y': 2021, 'sim': 62.0, 'fant': 0.793}, {'p': 'Jalin Hyatt', 'y': 2023, 'sim': 62.0, 'fant': None}, {'p': 'KD Cannon', 'y': 2017, 'sim': 62.0, 'fant': 0.178}]"
Antoine Green,2023,prediction,4,0.3898916967509025,0.26353790613718414,11.070628400245505,35.063920226946905,-1.0693841580847872,-0.19509602826776729,0,0,0,,,219.0,23.129363449691997,99.0,0.1882116078866981,0.933,0.4428029108539354,798.0,0.0,4.0,0.0,"{'best_dom': -1.256, 'final_dom': -0.815, 'dom_age20': -0.924, 'n_seasons_30': -0.902, 'best_yds': -0.405, 'career_yds': -0.33, 'final_ppa': 1.011, 'best_ppa': -0.106, 'best_usage': -0.784, 'nfl_entry_age': 1.158, 'breakout_age': 2.214, 'early_declare': -0.713, 'ras': -0.216, 'explosion_p': -0.168, 'speed_score': 0.171, 'weight': -0.203, 'catch_radius': -0.433, 'team_sp_off': 0.953, 'team_sp_overall': -0.37, 'recruit_rating': 0.076, 'prod_over_recruit': -1.07, 'was_returner': 0.693, 'ret_td': -0.418, 'col_qb_ypa': 0.17, 'final_spike': -0.139, 'dom_growth': 0.183}","[{'p': 'Jacob Copeland', 'y': 2023, 'sim': 70.0, 'fant': None}, {'p': 'Traeshon Holden', 'y': 2025, 'sim': 70.0, 'fant': None}, {'p': 'Van Jefferson', 'y': 2020, 'sim': 69.0, 'fant': 0.715}, {'p': 'Kaden Prather', 'y': 2025, 'sim': 67.0, 'fant': None}, {'p': 'Casey Washington', 'y': 2024, 'sim': 66.0, 'fant': None}, {'p': 'Tre Nixon', 'y': 2021, 'sim': 66.0, 'fant': 0.178}]"
Jaxon Smith-Njigba,2023,prediction,10,0.9602888086642599,0.8483754512635379,48.107685022286404,49.788577479378475,0.12333302200192292,0.376428673935957,0,0,1,,,20.0,20.878850102669404,19.66598220396988,0.2599827913183957,-0.079,0.4734987828031527,1606.0,1.0,5.0,0.0,"{'best_dom': -0.488, 'final_dom': -2.583, 'dom_age20': 0.7, 'n_seasons_30': -0.902, 'best_yds': 1.864, 'career_yds': -0.344, 'final_ppa': -2.843, 'best_ppa': 0.317, 'best_usage': 0.008, 'nfl_entry_age': -1.349, 'breakout_age': -0.483, 'early_declare': 1.399, 'ras': -0.008, 'explosion_p': -0.032, 'speed_score': -0.466, 'weight': -0.419, 'catch_radius': -1.032, 'team_sp_off': 1.774, 'team_sp_overall': 1.471, 'recruit_rating': 1.57, 'prod_over_recruit': -1.552, 'was_returner': 0.693, 'ret_td': -0.418, 'col_qb_ypa': 1.632, 'final_spike': -0.518, 'dom_growth': -1.474}","[{'p': 'Jerry Jeudy', 'y': 2020, 'sim': 59.0, 'fant': 0.898}, {'p': 'KD Cannon', 'y': 2017, 'sim': 55.0, 'fant': 0.178}, {'p': 'George Pickens', 'y': 2022, 'sim': 54.0, 'fant': 0.87}, {'p': 'Dontayvion Wicks', 'y': 2023, 'sim': 53.0, 'fant': None}, {'p': 'Juju Smith-Schuster', 'y': 2017, 'sim': 53.0, 'fant': 0.969}, {'p': 'Amon-Ra St. Brown', 'y': 2021, 'sim': 53.0, 'fant': 0.985}]"
Marvin Mims,2023,prediction,9,0.8664259927797834,0.9783393501805054,27.48224033948279,56.998625194125545,-0.23628793042688678,0.47842236700458024,1,1,0,,,63.0,20.78850102669405,18.576317590691307,0.2747062772742531,0.758,0.7685895307117788,1083.0,1.0,4.0,0.0,"{'best_dom': -0.33, 'final_dom': 0.08, 'dom_age20': 0.526, 'n_seasons_30': -0.902, 'best_yds': 0.396, 'career_yds': 0.461, 'final_ppa': 0.345, 'best_ppa': 1.284, 'best_usage': -1.006, 'nfl_entry_age': -1.45, 'breakout_age': -0.52, 'early_declare': 1.399, 'ras': 0.466, 'explosion_p': 1.267, 'speed_score': 0.144, 'weight': -1.355, 'catch_radius': -0.372, 'team_sp_off': 0.819, 'team_sp_overall': 0.281, 'recruit_rating': 0.645, 'prod_over_recruit': -0.746, 'was_returner': 0.693, 'ret_td': -0.418, 'col_qb_ypa': 0.342, 'final_spike': -0.07, 'dom_growth': -0.945}","[{'p': 'Dyami Brown', 'y': 2021, 'sim': 71.0, 'fant': 0.517}, {'p': 'Curtis Samuel', 'y': 2017, 'sim': 71.0, 'fant': 0.885}, {'p': 'Antonio Williams', 'y': 2026, 'sim': 66.0, 'fant': None}, {'p': 'John Ross', 'y': 2017, 'sim': 63.0, 'fant': 0.737}, {'p': 'Matthew Golden', 'y': 2025, 'sim': 62.0, 'fant': None}, {'p': 'Jalin Hyatt', 'y': 2023, 'sim': 60.0, 'fant': None}]"
Mitchell Tinsley,2023,prediction,2,0.13357400722021662,0.2490974729241877,10.103193728915315,34.64702304191426,0.035568953621573085,-0.19153951226962984,0,0,0,,,270.0,23.29637234770705,21.084188911704317,0.2616767473118279,0.528,0.3249816978616963,1402.0,1.0,,0.0,"{'best_dom': -0.47, 'final_dom': -0.915, 'dom_age20': -1.358, 'n_seasons_30': -0.902, 'best_yds': 1.291, 'career_yds': 0.413, 'final_ppa': -0.531, 'best_ppa': -0.164, 'best_usage': -0.511, 'nfl_entry_age': 1.345, 'breakout_age': -0.435, 'early_declare': -0.713, 'ras': 0.099, 'explosion_p': -0.686, 'speed_score': -1.02, 'weight': -0.203, 'catch_radius': 0.512, 'team_sp_off': 0.774, 'team_sp_overall': 0.101, 'recruit_rating': 0.0, 'prod_over_recruit': 0.0, 'was_returner': 0.693, 'ret_td': -0.418, 'col_qb_ypa': 0.428, 'final_spike': -0.403, 'dom_growth': -1.949}","[{'p': 'Jakobi Meyers', 'y': 2019, 'sim': 61.0, 'fant': 0.91}, {'p': ""Ka'Raun White"", 'y': 2018, 'sim': 60.0, 'fant': None}, {'p': ""Da'Ron Brown"", 'y': 2015, 'sim': 59.0, 'fant': 0.178}, {'p': 'Antwane Wells Jr.', 'y': 2025, 'sim': 58.0, 'fant': None}, {'p': 'Xavier Hutchinson', 'y': 2023, 'sim': 57.0, 'fant': None}, {'p': 'Anthony Smith', 'y': 2026, 'sim': 57.0, 'fant': None}]"
Parker Washington,2023,prediction,8,0.7184115523465704,0.9169675090252708,17.85916116484909,52.59973194080591,-0.07796026080065388,-0.22901095938554022,0,0,0,,,185.0,20.78302532511978,18.570841889117045,0.2828674550760252,0.703,,820.0,1.0,4.0,0.0,"{'best_dom': -0.243, 'final_dom': -1.376, 'dom_age20': 0.881, 'n_seasons_30': -0.902, 'best_yds': -0.343, 'career_yds': -0.089, 'final_ppa': 0.135, 'best_ppa': -0.113, 'best_usage': -0.883, 'nfl_entry_age': -1.456, 'breakout_age': -0.52, 'early_declare': 1.399, 'ras': -0.589, 'explosion_p': 0.0, 'speed_score': 0.0, 'weight': 0.158, 'catch_radius': -0.828, 'team_sp_off': -1.09, 'team_sp_overall': 0.186, 'recruit_rating': 0.31, 'prod_over_recruit': -0.443, 'was_returner': 0.693, 'ret_td': -0.418, 'col_qb_ypa': -0.775, 'final_spike': -0.304, 'dom_growth': -2.497}","[{'p': 'Antonio Callaway', 'y': 2018, 'sim': 72.0, 'fant': 0.65}, {'p': 'Amari Rodgers', 'y': 2021, 'sim': 66.0, 'fant': 0.486}, {'p': 'Curtis Samuel', 'y': 2017, 'sim': 66.0, 'fant': 0.885}, {'p': 'Dyami Brown', 'y': 2021, 'sim': 60.0, 'fant': 0.517}, {'p': 'Puka Nacua', 'y': 2023, 'sim': 59.0, 'fant': None}, {'p': 'Antonio Williams', 'y': 2026, 'sim': 59.0, 'fant': None}]"
Andrei Iosivas,2023,prediction,5,0.4223826714801444,0.5848375451263538,11.4891857801537,42.003657277443466,0.3257056214641742,0.16937949121011575,0,0,0,,,206.0,23.21423682409309,23.000684462696785,0.3907047775346463,0.796,0.8252135094431591,943.0,1.0,,1.0,"{'best_dom': 0.912, 'final_dom': 1.228, 'dom_age20': -1.358, 'n_seasons_30': 0.306, 'best_yds': 0.002, 'career_yds': -1.212, 'final_ppa': 0.49, 'best_ppa': -0.408, 'best_usage': 0.528, 'nfl_entry_age': 1.253, 'breakout_age': -0.369, 'early_declare': -0.713, 'ras': 1.366, 'explosion_p': 1.516, 'speed_score': 0.917, 'weight': 0.23, 'catch_radius': 0.432, 'team_sp_off': 0.0, 'team_sp_overall': 0.0, 'recruit_rating': 0.0, 'prod_over_recruit': 0.0, 'was_returner': -1.439, 'ret_td': 0.0, 'col_qb_ypa': -0.345, 'final_spike': -0.229, 'dom_growth': -1.241}","[{'p': 'Austin Watkins', 'y': 2021, 'sim': 65.0, 'fant': 0.178}, {'p': 'Travis Fulgham', 'y': 2019, 'sim': 65.0, 'fant': 0.845}, {'p': 'Matt Landers', 'y': 2023, 'sim': 65.0, 'fant': None}, {'p': 'Cedric Tillman', 'y': 2023, 'sim': 64.0, 'fant': None}, {'p': 'Bryce Lance', 'y': 2026, 'sim': 63.0, 'fant': None}, {'p': 'A.T. Perry', 'y': 2023, 'sim': 63.0, 'fant': None}]"
Charlie Jones,2023,prediction,6,0.592057761732852,0.6389891696750902,14.373863217555309,43.7272256438323,-0.5648991194570572,0.2310426826910706,0,0,0,,,131.0,24.175222450376456,23.96167008898015,0.4065635991494942,0.785,0.4893735971073785,1361.0,1.0,2.0,1.0,"{'best_dom': 1.082, 'final_dom': 1.385, 'dom_age20': -0.439, 'n_seasons_30': 0.306, 'best_yds': 1.176, 'career_yds': 0.094, 'final_ppa': 0.448, 'best_ppa': 0.185, 'best_usage': 0.503, 'nfl_entry_age': 2.324, 'breakout_age': -0.337, 'early_declare': -0.713, 'ras': 0.107, 'explosion_p': 0.037, 'speed_score': -0.743, 'weight': -1.86, 'catch_radius': -0.621, 'team_sp_off': -0.553, 'team_sp_overall': -0.379, 'recruit_rating': -1.965, 'prod_over_recruit': 2.218, 'was_returner': 0.693, 'ret_td': 0.347, 'col_qb_ypa': -1.033, 'final_spike': 0.497, 'dom_growth': 1.107}","[{'p': 'Anthony Smith', 'y': 2026, 'sim': 61.0, 'fant': None}, {'p': 'Colton Dowell', 'y': 2023, 'sim': 60.0, 'fant': None}, {'p': 'Dede Westbrook', 'y': 2017, 'sim': 60.0, 'fant': 0.854}, {'p': 'Eric Rivers', 'y': 2026, 'sim': 59.0, 'fant': None}, {'p': 'Anthony Miller', 'y': 2018, 'sim': 57.0, 'fant': 0.752}, {'p': 'Devonte Ross', 'y': 2026, 'sim': 56.0, 'fant': None}]"
Rashee Rice,2023,prediction,9,0.8267148014440433,0.6967509025270758,23.52144847811679,45.71369478604457,-0.24738206565315152,0.21016081532083228,0,0,0,,,55.0,22.694045174537987,20.48186173853525,0.3097701756238341,0.921,0.7638674394959679,1355.0,1.0,3.0,1.0,"{'best_dom': 0.045, 'final_dom': 0.427, 'dom_age20': 0.353, 'n_seasons_30': 0.306, 'best_yds': 1.159, 'career_yds': 1.28, 'final_ppa': 0.966, 'best_ppa': -0.133, 'best_usage': 0.033, 'nfl_entry_age': 0.673, 'breakout_age': -0.455, 'early_declare': -0.713, 'ras': 1.096, 'explosion_p': 1.246, 'speed_score': 0.053, 'weight': 0.158, 'catch_radius': 0.966, 'team_sp_off': 0.998, 'team_sp_overall': -0.636, 'recruit_rating': -0.365, 'prod_over_recruit': 0.432, 'was_returner': 0.693, 'ret_td': -0.418, 'col_qb_ypa': -0.174, 'final_spike': 0.063, 'dom_growth': 0.743}","[{'p': 'Josh Doctson', 'y': 2016, 'sim': 71.0, 'fant': 0.731}, {'p': 'Tre Harris', 'y': 2025, 'sim': 69.0, 'fant': None}, {'p': 'Jaylin Noel', 'y': 2025, 'sim': 66.0, 'fant': None}, {'p': 'Michael Thomas', 'y': 2016, 'sim': 65.0, 'fant': 0.994}, {'p': 'Xavier Legette', 'y': 2024, 'sim': 65.0, 'fant': None}, {'p': 'Elijah Sarratt', 'y': 2026, 'sim': 63.0, 'fant': None}]"
Jalen Wayne,2023,prediction,2,0.1407942238267148,0.4368231046931408,10.141822401137642,38.29376520701754,-1.929511774827128,-0.4466639506686251,0,0,0,,,270.0,23.638603696098563,23.42505133470226,0.2850877192982456,0.747,0.5639257644805494,819.0,0.0,2.0,0.0,"{'best_dom': -0.219, 'final_dom': 0.183, 'dom_age20': -0.664, 'n_seasons_30': -0.902, 'best_yds': -0.346, 'career_yds': -0.017, 'final_ppa': 0.303, 'best_ppa': -0.516, 'best_usage': -0.808, 'nfl_entry_age': 1.726, 'breakout_age': -0.355, 'early_declare': -0.713, 'ras': -0.122, 'explosion_p': 0.366, 'speed_score': 0.692, 'weight': 1.022, 'catch_radius': 0.111, 'team_sp_off': -1.269, 'team_sp_overall': -0.113, 'recruit_rating': -1.957, 'prod_over_recruit': 1.056, 'was_returner': 0.693, 'ret_td': -0.418, 'col_qb_ypa': -0.26, 'final_spike': -0.14, 'dom_growth': 0.989}","[{'p': 'Jamal Custis', 'y': 2019, 'sim': 64.0, 'fant': 0.178}, {'p': 'Dontario Drummond', 'y': 2022, 'sim': 62.0, 'fant': 0.178}, {'p': 'Davon Grayson', 'y': 2018, 'sim': 62.0, 'fant': 0.178}, {'p': 'Javon Wims', 'y': 2018, 'sim': 62.0, 'fant': 0.433}, {'p': 'K.J. Osborn', 'y': 2020, 'sim': 61.0, 'fant': 0.805}, {'p': 'Antwane Wells Jr.', 'y': 2025, 'sim': 60.0, 'fant': None}]"
Jalen Brooks,2023,prediction,3,0.2563176895306859,0.11191335740072202,10.505691421034149,29.64047329370724,0.7793071093325139,-0.7769761316385795,0,0,0,,,244.0,22.652977412731005,99.0,0.0963174080317047,0.632,0.4566108625865224,504.0,0.0,,0.0,"{'best_dom': -2.24, 'final_dom': -1.685, 'dom_age20': -1.145, 'n_seasons_30': -0.902, 'best_yds': -1.23, 'career_yds': -1.393, 'final_ppa': -0.135, 'best_ppa': -0.77, 'best_usage': -1.105, 'nfl_entry_age': 0.628, 'breakout_age': 2.214, 'early_declare': -0.713, 'ras': -0.38, 'explosion_p': -0.107, 'speed_score': -1.705, 'weight': -0.131, 'catch_radius': 0.606, 'team_sp_off': 0.103, 'team_sp_overall': 0.049, 'recruit_rating': 0.0, 'prod_over_recruit': 0.0, 'was_returner': 0.693, 'ret_td': -0.418, 'col_qb_ypa': -0.517, 'final_spike': 0.301, 'dom_growth': -0.68}","[{'p': 'Braxton Miller', 'y': 2016, 'sim': 73.0, 'fant': 0.492}, {'p': 'Chris Lacy', 'y': 2018, 'sim': 72.0, 'fant': 0.178}, {'p': 'DeAndrew White', 'y': 2015, 'sim': 72.0, 'fant': 0.178}, {'p': 'Braylon Sanders', 'y': 2022, 'sim': 72.0, 'fant': 0.178}, {'p': 'Malik Benson', 'y': 2026, 'sim': 66.0, 'fant': None}, {'p': 'Casey Washington', 'y': 2024, 'sim': 66.0, 'fant': None}]"
Jason Brownlee,2023,prediction,2,0.18411552346570398,0.6064981949458483,10.235828036359717,42.660897399999996,1.5107446489476544,0.4907628238300535,0,0,0,,,270.0,23.920602327173167,21.70841889117043,0.4698494518082147,0.911,0.6610338870951088,891.0,1.0,,3.0,"{'best_dom': 1.759, 'final_dom': 0.975, 'dom_age20': -1.358, 'n_seasons_30': 2.722, 'best_yds': -0.144, 'career_yds': 0.152, 'final_ppa': 0.928, 'best_ppa': -0.155, 'best_usage': -0.784, 'nfl_entry_age': 2.04, 'breakout_age': -0.413, 'early_declare': -0.713, 'ras': 0.87, 'explosion_p': 0.793, 'speed_score': -0.984, 'weight': -0.275, 'catch_radius': 1.619, 'team_sp_off': -2.536, 'team_sp_overall': -1.338, 'recruit_rating': 0.0, 'prod_over_recruit': 0.0, 'was_returner': -1.439, 'ret_td': 0.0, 'col_qb_ypa': -1.377, 'final_spike': -0.114, 'dom_growth': -1.112}","[{'p': 'Ryan Flournoy', 'y': 2024, 'sim': 68.0, 'fant': None}, {'p': 'Will Sheppard', 'y': 2025, 'sim': 62.0, 'fant': None}, {'p': 'Bryce Lance', 'y': 2026, 'sim': 59.0, 'fant': None}, {'p': 'Stanley Morgan Jr.', 'y': 2019, 'sim': 58.0, 'fant': None}, {'p': 'Byron Pringle', 'y': 2018, 'sim': 57.0, 'fant': 0.693}, {'p': 'Andrew Armstrong', 'y': 2025, 'sim': 57.0, 'fant': None}]"
Elijah Higgins,2023,prediction,5,0.4620938628158845,0.5306859205776173,11.963751366901457,40.5380577487244,-1.0602181295697204,-0.413610537886539,0,0,0,,,197.0,22.17932922655715,20.966461327857637,0.2219486288142139,0.836,0.6919156641187859,704.0,1.0,4.0,0.0,"{'best_dom': -0.895, 'final_dom': -0.837, 'dom_age20': -0.955, 'n_seasons_30': -0.902, 'best_yds': -0.669, 'career_yds': -0.707, 'final_ppa': 0.642, 'best_ppa': -0.32, 'best_usage': -0.239, 'nfl_entry_age': 0.1, 'breakout_age': -0.439, 'early_declare': -0.713, 'ras': 0.453, 'explosion_p': 0.929, 'speed_score': 1.585, 'weight': 2.679, 'catch_radius': 0.923, 'team_sp_off': -1.447, 'team_sp_overall': -1.655, 'recruit_rating': 1.156, 'prod_over_recruit': -1.534, 'was_returner': -1.439, 'ret_td': 0.0, 'col_qb_ypa': -1.119, 'final_spike': -0.109, 'dom_growth': -0.181}","[{'p': 'Brennan Eagles', 'y': 2021, 'sim': 68.0, 'fant': None}, {'p': 'Trevon Grimes', 'y': 2021, 'sim': 66.0, 'fant': None}, {'p': 'Cornelius Johnson', 'y': 2024, 'sim': 61.0, 'fant': None}, {'p': 'Jalen Hurd', 'y': 2019, 'sim': 61.0, 'fant': 0.178}, {'p': 'Michael Wilson', 'y': 2023, 'sim': 61.0, 'fant': None}, {'p': 'Bug Howard', 'y': 2017, 'sim': 61.0, 'fant': 0.178}]"
Michael Wilson,2023,prediction,8,0.7906137184115524,0.6425992779783394,20.901334654045726,43.868125723327104,-0.4962419491211889,-0.023491158119470466,0,0,0,,,94.0,22.855578370978783,19.64134154688569,0.2465122072745391,0.962,0.6201391427622601,672.0,1.0,4.0,0.0,"{'best_dom': -0.632, 'final_dom': -0.641, 'dom_age20': 0.594, 'n_seasons_30': -0.902, 'best_yds': -0.758, 'career_yds': -0.406, 'final_ppa': 1.122, 'best_ppa': -0.042, 'best_usage': -0.041, 'nfl_entry_age': 0.853, 'breakout_age': -0.484, 'early_declare': -0.713, 'ras': 0.798, 'explosion_p': 0.613, 'speed_score': -0.146, 'weight': 0.806, 'catch_radius': 0.496, 'team_sp_off': -1.209, 'team_sp_overall': -1.441, 'recruit_rating': 0.354, 'prod_over_recruit': -0.846, 'was_returner': 0.693, 'ret_td': -0.418, 'col_qb_ypa': -0.088, 'final_spike': -0.341, 'dom_growth': 0.108}","[{'p': 'Cornelius Johnson', 'y': 2024, 'sim': 70.0, 'fant': None}, {'p': 'Beaux Collins', 'y': 2025, 'sim': 64.0, 'fant': None}, {'p': 'Chris Moore', 'y': 2016, 'sim': 64.0, 'fant': 0.613}, {'p': 'Erik Ezukanma', 'y': 2022, 'sim': 63.0, 'fant': 0.178}, {'p': 'Nico Collins', 'y': 2021, 'sim': 61.0, 'fant': 0.954}, {'p': 'Jack Bech', 'y': 2025, 'sim': 61.0, 'fant': None}]"
Derius Davis,2023,prediction,6,0.5992779783393501,0.018050541516245487,14.595395798826427,24.570437044962414,-0.5444014558233308,-0.6989730213495783,0,0,0,,,125.0,22.305270362765228,99.0,0.1433836582843205,0.312,0.2660194174757281,531.0,0.0,2.0,0.0,"{'best_dom': -1.736, 'final_dom': -1.219, 'dom_age20': -0.534, 'n_seasons_30': -0.902, 'best_yds': -1.154, 'career_yds': -0.556, 'final_ppa': -1.354, 'best_ppa': -0.388, 'best_usage': -1.254, 'nfl_entry_age': 0.24, 'breakout_age': 2.214, 'early_declare': -0.713, 'ras': -1.207, 'explosion_p': -0.946, 'speed_score': -0.752, 'weight': -2.652, 'catch_radius': -2.533, 'team_sp_off': 1.192, 'team_sp_overall': 1.043, 'recruit_rating': -1.887, 'prod_over_recruit': -0.006, 'was_returner': 0.693, 'ret_td': 4.171, 'col_qb_ypa': 0.514, 'final_spike': -0.221, 'dom_growth': -0.714}","[{'p': 'Hunter Renfrow', 'y': 2019, 'sim': 70.0, 'fant': 0.867}, {'p': 'Chris Finke', 'y': 2020, 'sim': 62.0, 'fant': 0.178}, {'p': 'Quadree Henderson', 'y': 2018, 'sim': 62.0, 'fant': 0.178}, {'p': 'Kaelin Clay', 'y': 2015, 'sim': 61.0, 'fant': 0.402}, {'p': 'Tre Tucker', 'y': 2023, 'sim': 60.0, 'fant': None}, {'p': 'DeAndrew White', 'y': 2015, 'sim': 60.0, 'fant': 0.178}]"
Quentin Johnston,2023,prediction,10,0.9602888086642599,0.924187725631769,47.77786551465687,53.665704996750776,1.2596207449708952,0.21097293175116896,0,0,1,,,21.0,21.319644079397676,19.107460643394933,0.2657171469900968,0.69,0.9443949410750216,1069.0,1.0,4.0,0.0,"{'best_dom': -0.426, 'final_dom': -0.391, 'dom_age20': 0.746, 'n_seasons_30': -0.902, 'best_yds': 0.356, 'career_yds': 0.197, 'final_ppa': 0.086, 'best_ppa': 0.044, 'best_usage': -0.313, 'nfl_entry_age': -0.858, 'breakout_age': -0.502, 'early_declare': 1.399, 'ras': 2.226, 'explosion_p': 2.041, 'speed_score': 0.0, 'weight': 0.446, 'catch_radius': 1.726, 'team_sp_off': 1.192, 'team_sp_overall': 1.043, 'recruit_rating': 1.276, 'prod_over_recruit': -1.255, 'was_returner': -1.439, 'ret_td': 0.0, 'col_qb_ypa': 0.514, 'final_spike': -0.007, 'dom_growth': -1.232}","[{'p': 'Adonai Mitchell', 'y': 2024, 'sim': 67.0, 'fant': None}, {'p': 'Parris Campbell', 'y': 2019, 'sim': 67.0, 'fant': 0.663}, {'p': ""Ja'Kobi Lane"", 'y': 2026, 'sim': 66.0, 'fant': None}, {'p': 'Nico Collins', 'y': 2021, 'sim': 66.0, 'fant': 0.954}, {'p': 'Jonathan Mingo', 'y': 2023, 'sim': 66.0, 'fant': None}, {'p': 'Donovan Peoples-Jones', 'y': 2020, 'sim': 63.0, 'fant': 0.808}]"
Jalin Hyatt,2023,prediction,8,0.7906137184115524,0.924187725631769,20.885084525214268,53.544712522016525,1.0106906965067373,0.5947877400045303,1,0,0,,,73.0,21.267624914442163,21.05407255304586,0.3468140450205486,0.99,0.8034149418005955,1267.0,1.0,4.0,1.0,"{'best_dom': 0.442, 'final_dom': 0.794, 'dom_age20': -0.259, 'n_seasons_30': 0.306, 'best_yds': 0.912, 'career_yds': -0.262, 'final_ppa': 1.228, 'best_ppa': 0.019, 'best_usage': -0.388, 'nfl_entry_age': -0.916, 'breakout_age': -0.436, 'early_declare': 1.399, 'ras': 0.654, 'explosion_p': 1.42, 'speed_score': 0.005, 'weight': -1.283, 'catch_radius': 0.256, 'team_sp_off': 1.788, 'team_sp_overall': 1.12, 'recruit_rating': 0.599, 'prod_over_recruit': 0.075, 'was_returner': -1.439, 'ret_td': 0.0, 'col_qb_ypa': 1.116, 'final_spike': 0.837, 'dom_growth': 0.44}","[{'p': 'John Ross', 'y': 2017, 'sim': 69.0, 'fant': 0.737}, {'p': 'Corey Coleman', 'y': 2016, 'sim': 66.0, 'fant': 0.647}, {'p': 'Tai Felton', 'y': 2025, 'sim': 63.0, 'fant': None}, {'p': 'Malik Nabers', 'y': 2024, 'sim': 62.0, 'fant': None}, {'p': 'Nelson Agholor', 'y': 2015, 'sim': 62.0, 'fant': 0.848}, {'p': 'Garrett Wilson', 'y': 2022, 'sim': 62.0, 'fant': 0.92}]"
Cedric Tillman,2023,prediction,8,0.7689530685920578,0.5306859205776173,19.724048072320855,40.48953249482486,-0.1460051875949535,0.0037207171402939276,0,0,0,,,74.0,22.702258726899384,21.489390828199863,0.3435476851096241,0.514,0.7026262056853372,1081.0,1.0,3.0,1.0,"{'best_dom': 0.407, 'final_dom': -1.761, 'dom_age20': -0.946, 'n_seasons_30': 0.306, 'best_yds': 0.39, 'career_yds': -0.431, 'final_ppa': -0.584, 'best_ppa': 1.26, 'best_usage': 0.107, 'nfl_entry_age': 0.683, 'breakout_age': -0.421, 'early_declare': -0.713, 'ras': 0.998, 'explosion_p': 0.976, 'speed_score': 0.235, 'weight': 0.806, 'catch_radius': 1.573, 'team_sp_off': 0.61, 'team_sp_overall': 0.461, 'recruit_rating': -1.028, 'prod_over_recruit': 1.366, 'was_returner': -1.439, 'ret_td': 0.0, 'col_qb_ypa': 1.374, 'final_spike': -0.411, 'dom_growth': -0.519}","[{'p': 'Kevin White', 'y': 2015, 'sim': 71.0, 'fant': 0.842}, {'p': 'Travis Fulgham', 'y': 2019, 'sim': 70.0, 'fant': 0.845}, {'p': 'Jehu Chesson', 'y': 2017, 'sim': 68.0, 'fant': 0.178}, {'p': ""J'Mon Moore"", 'y': 2018, 'sim': 67.0, 'fant': 0.178}, {'p': 'Malachi Fields', 'y': 2026, 'sim': 65.0, 'fant': None}, {'p': 'A.T. Perry', 'y': 2023, 'sim': 64.0, 'fant': None}]"
Jake Bobo,2023,prediction,2,0.1407942238267148,0.4187725631768953,10.129959251061585,37.9492655036441,-0.2781853323928556,-1.0062031137990732,0,0,0,,,270.0,24.410677618069816,24.197125256673512,0.2391985034462751,1.021,,817.0,1.0,3.0,0.0,"{'best_dom': -0.71, 'final_dom': -0.271, 'dom_age20': -1.024, 'n_seasons_30': -0.902, 'best_yds': -0.351, 'career_yds': 0.289, 'final_ppa': 1.347, 'best_ppa': 0.879, 'best_usage': -0.264, 'nfl_entry_age': 2.586, 'breakout_age': -0.329, 'early_declare': -0.713, 'ras': 1.864, 'explosion_p': 0.0, 'speed_score': 0.0, 'weight': 0.302, 'catch_radius': 2.206, 'team_sp_off': 1.55, 'team_sp_overall': 0.246, 'recruit_rating': -0.742, 'prod_over_recruit': 0.074, 'was_returner': 0.693, 'ret_td': -0.418, 'col_qb_ypa': 0.084, 'final_spike': -0.22, 'dom_growth': 0.351}","[{'p': 'Ben Skowronek', 'y': 2021, 'sim': 62.0, 'fant': 0.52}, {'p': 'Devaughn Vele', 'y': 2024, 'sim': 61.0, 'fant': None}, {'p': 'Matt Landers', 'y': 2023, 'sim': 59.0, 'fant': None}, {'p': 'Jamal Custis', 'y': 2019, 'sim': 58.0, 'fant': 0.178}, {'p': 'Cam Worthy', 'y': 2015, 'sim': 57.0, 'fant': 0.178}, {'p': 'Mack Hollins', 'y': 2017, 'sim': 57.0, 'fant': 0.638}]"
Jordan Addison,2023,prediction,10,0.9530685920577617,0.9675090252707581,45.65955937133198,55.37863296775244,0.8303956500731962,0.5684028270634366,0,1,1,,,23.0,20.928131416837783,18.715947980835043,0.3618246299539969,0.785,0.2743263092191614,1593.0,1.0,4.0,1.0,"{'best_dom': 0.603, 'final_dom': -0.795, 'dom_age20': 1.507, 'n_seasons_30': 0.306, 'best_yds': 1.827, 'career_yds': 1.307, 'final_ppa': 0.448, 'best_ppa': -0.197, 'best_usage': 0.206, 'nfl_entry_age': -1.294, 'breakout_age': -0.515, 'early_declare': 1.399, 'ras': -1.233, 'explosion_p': -0.909, 'speed_score': -1.434, 'weight': -2.076, 'catch_radius': -1.505, 'team_sp_off': 0.431, 'team_sp_overall': 0.469, 'recruit_rating': 0.32, 'prod_over_recruit': 0.365, 'was_returner': 0.693, 'ret_td': -0.418, 'col_qb_ypa': 0.428, 'final_spike': -0.363, 'dom_growth': -1.833}","[{'p': ""Wan'Dale Robinson"", 'y': 2022, 'sim': 69.0, 'fant': 0.824}, {'p': 'Jameson Williams', 'y': 2022, 'sim': 65.0, 'fant': 0.755}, {'p': 'Keke Coutee', 'y': 2018, 'sim': 65.0, 'fant': 0.82}, {'p': 'KD Cannon', 'y': 2017, 'sim': 64.0, 'fant': 0.178}, {'p': 'Jahan Dotson', 'y': 2022, 'sim': 62.0, 'fant': 0.7}, {'p': 'Josh Downs', 'y': 2023, 'sim': 61.0, 'fant': None}]"
Colton Dowell,2023,prediction,4,0.38267148014440433,0.5054151624548736,10.950444042002554,39.756756727582285,0.09926891485478545,-0.5961570676796065,0,0,0,,,228.0,23.704312114989733,23.49075975359343,0.3421171936982885,0.799,,1032.0,1.0,2.0,1.0,"{'best_dom': 0.392, 'final_dom': 0.748, 'dom_age20': 0.0, 'n_seasons_30': 0.306, 'best_yds': 0.252, 'career_yds': -0.922, 'final_ppa': 0.501, 'best_ppa': -0.402, 'best_usage': 0.899, 'nfl_entry_age': 1.799, 'breakout_age': -0.353, 'early_declare': -0.713, 'ras': 0.0, 'explosion_p': 0.0, 'speed_score': 0.0, 'weight': 0.0, 'catch_radius': 0.0, 'team_sp_off': 0.0, 'team_sp_overall': 0.0, 'recruit_rating': -1.695, 'prod_over_recruit': 1.614, 'was_returner': -1.439, 'ret_td': 0.0, 'col_qb_ypa': -0.431, 'final_spike': 2.478, 'dom_growth': 0.0}","[{'p': 'Samori Toure', 'y': 2022, 'sim': 77.0, 'fant': 0.477}, {'p': 'Anthony Smith', 'y': 2026, 'sim': 65.0, 'fant': None}, {'p': 'Dontario Drummond', 'y': 2022, 'sim': 63.0, 'fant': 0.178}, {'p': 'Byron Pringle', 'y': 2018, 'sim': 62.0, 'fant': 0.693}, {'p': ""Da'Ron Brown"", 'y': 2015, 'sim': 59.0, 'fant': 0.178}, {'p': 'David Sills', 'y': 2019, 'sim': 59.0, 'fant': 0.396}]"
Dontayvion Wicks,2023,prediction,6,0.5667870036101083,0.6028880866425993,13.748576701369966,42.18082609030183,-0.4744420067386023,0.15571502475222265,0,0,0,,,159.0,21.544147843942504,20.331279945242983,0.2727870064269727,0.117,0.654101958026476,1203.0,1.0,3.0,0.0,"{'best_dom': -0.351, 'final_dom': -0.262, 'dom_age20': 0.802, 'n_seasons_30': -0.902, 'best_yds': 0.732, 'career_yds': -0.348, 'final_ppa': -2.097, 'best_ppa': 0.156, 'best_usage': 0.181, 'nfl_entry_age': -0.608, 'breakout_age': -0.46, 'early_declare': 1.399, 'ras': 0.56, 'explosion_p': 0.763, 'speed_score': -0.85, 'weight': 0.302, 'catch_radius': 1.274, 'team_sp_off': 0.596, 'team_sp_overall': -0.422, 'recruit_rating': -0.252, 'prod_over_recruit': 0.013, 'was_returner': -1.439, 'ret_td': 0.0, 'col_qb_ypa': 0.6, 'final_spike': -0.42, 'dom_growth': 0.459}","[{'p': 'Jaylen Smith', 'y': 2019, 'sim': 66.0, 'fant': 0.178}, {'p': 'Rannell Hall', 'y': 2015, 'sim': 59.0, 'fant': 0.178}, {'p': 'Caleb Douglas', 'y': 2026, 'sim': 58.0, 'fant': None}, {'p': 'Jonathan Adams', 'y': 2021, 'sim': 57.0, 'fant': None}, {'p': 'Geremy Davis', 'y': 2015, 'sim': 57.0, 'fant': 0.178}, {'p': 'Jalen McMillan', 'y': 2024, 'sim': 57.0, 'fant': None}]"
A.T. Perry,2023,prediction,5,0.44765342960288806,0.6101083032490975,11.764125912287248,42.81512649718801,-1.0701357171007535,-0.12842265837174893,0,0,0,,,195.0,23.184120465434635,21.971252566735117,0.3425517081106205,0.689,0.6457760432218833,1293.0,1.0,3.0,1.0,"{'best_dom': 0.396, 'final_dom': -0.035, 'dom_age20': -1.165, 'n_seasons_30': 0.306, 'best_yds': 0.985, 'career_yds': 0.764, 'final_ppa': 0.082, 'best_ppa': 3.062, 'best_usage': -0.017, 'nfl_entry_age': 1.219, 'breakout_age': -0.404, 'early_declare': -0.713, 'ras': 0.823, 'explosion_p': 0.726, 'speed_score': 0.116, 'weight': -0.275, 'catch_radius': 0.747, 'team_sp_off': 0.402, 'team_sp_overall': -0.173, 'recruit_rating': -0.84, 'prod_over_recruit': 1.248, 'was_returner': -1.439, 'ret_td': 0.0, 'col_qb_ypa': 0.084, 'final_spike': -0.274, 'dom_growth': 0.688}","[{'p': 'Travis Fulgham', 'y': 2019, 'sim': 68.0, 'fant': 0.845}, {'p': 'Cedric Tillman', 'y': 2023, 'sim': 65.0, 'fant': None}, {'p': ""J'Mon Moore"", 'y': 2018, 'sim': 62.0, 'fant': 0.178}, {'p': 'David Sills', 'y': 2019, 'sim': 62.0, 'fant': 0.396}, {'p': 'Eric McAlister', 'y': 2026, 'sim': 62.0, 'fant': None}, {'p': 'Austin Watkins', 'y': 2021, 'sim': 61.0, 'fant': 0.178}]"
Jermaine Burton,2024,prediction,8,0.7328519855595668,0.6714801444043321,18.89085575103111,44.69663166629189,0.7399060400320705,-0.05388661437061307,0,0,0,,,80.0,22.510609171800137,22.297056810403834,0.303206627405675,1.209,0.7845693206860208,798.0,1.0,4.0,1.0,"{'best_dom': -0.025, 'final_dom': 0.362, 'dom_age20': -0.09, 'n_seasons_30': 0.306, 'best_yds': -0.405, 'career_yds': 0.436, 'final_ppa': 2.063, 'best_ppa': 1.044, 'best_usage': -1.105, 'nfl_entry_age': 0.469, 'breakout_age': -0.393, 'early_declare': -0.713, 'ras': 0.87, 'explosion_p': 1.337, 'speed_score': 0.201, 'weight': -0.419, 'catch_radius': 0.368, 'team_sp_off': 0.223, 'team_sp_overall': 0.94, 'recruit_rating': 1.231, 'prod_over_recruit': -0.826, 'was_returner': 0.693, 'ret_td': -0.418, 'col_qb_ypa': 1.546, 'final_spike': -0.176, 'dom_growth': -0.085}","[{'p': 'Roman Wilson', 'y': 2024, 'sim': 65.0, 'fant': None}, {'p': 'KeAndre Lambert-Smith', 'y': 2025, 'sim': 61.0, 'fant': None}, {'p': 'Marquez Callaway', 'y': 2020, 'sim': 59.0, 'fant': 0.666}, {'p': 'Elijhah Badger', 'y': 2025, 'sim': 59.0, 'fant': None}, {'p': 'Malcolm Mitchell', 'y': 2016, 'sim': 58.0, 'fant': 0.765}, {'p': 'Kevin Austin', 'y': 2022, 'sim': 58.0, 'fant': 0.461}]"
Tejhaun Palmer,2024,prediction,5,0.4548736462093863,0.6028880866425993,11.852285877171953,42.223328131762166,-1.5651794807030452,-0.6795317359856686,0,0,0,,,191.0,23.61943874058864,23.40588637919233,0.2828290111964758,1.356,,858.0,1.0,,0.0,"{'best_dom': -0.243, 'final_dom': 0.161, 'dom_age20': -1.358, 'n_seasons_30': -0.902, 'best_yds': -0.236, 'career_yds': -0.676, 'final_ppa': 2.623, 'best_ppa': 0.826, 'best_usage': -1.402, 'nfl_entry_age': 1.704, 'breakout_age': -0.356, 'early_declare': -0.713, 'ras': 0.0, 'explosion_p': 0.0, 'speed_score': 0.0, 'weight': 0.0, 'catch_radius': 0.0, 'team_sp_off': -1.254, 'team_sp_overall': -2.297, 'recruit_rating': 0.0, 'prod_over_recruit': 0.0, 'was_returner': -1.439, 'ret_td': 0.0, 'col_qb_ypa': -0.002, 'final_spike': 0.006, 'dom_growth': 0.937}","[{'p': 'Jordan Watkins', 'y': 2025, 'sim': 65.0, 'fant': None}, {'p': 'Danny Gray', 'y': 2022, 'sim': 64.0, 'fant': 0.356}, {'p': 'Roc Taylor', 'y': 2025, 'sim': 59.0, 'fant': None}, {'p': 'Tim Jones', 'y': 2021, 'sim': 59.0, 'fant': 0.375}, {'p': 'Casey Washington', 'y': 2024, 'sim': 58.0, 'fant': None}, {'p': 'Malik Heath', 'y': 2023, 'sim': 58.0, 'fant': None}]"
Jacob Cowing,2024,prediction,8,0.7328519855595668,0.6967509025270758,18.613218706932955,46.15621804703822,-0.4833548547855905,0.5369068636908948,1,0,0,,,135.0,22.90485968514716,18.691307323750856,0.4219179258241758,0.764,0.3513726371172016,1354.0,1.0,2.0,2.0,"{'best_dom': 1.246, 'final_dom': 0.184, 'dom_age20': 1.982, 'n_seasons_30': 1.514, 'best_yds': 1.156, 'career_yds': 2.831, 'final_ppa': 0.368, 'best_ppa': 1.009, 'best_usage': 0.305, 'nfl_entry_age': 0.908, 'breakout_age': -0.516, 'early_declare': -0.713, 'ras': -1.042, 'explosion_p': -0.57, 'speed_score': -0.755, 'weight': -2.436, 'catch_radius': -1.577, 'team_sp_off': -1.701, 'team_sp_overall': -1.398, 'recruit_rating': -1.957, 'prod_over_recruit': 2.282, 'was_returner': 0.693, 'ret_td': -0.418, 'col_qb_ypa': 0.686, 'final_spike': -0.342, 'dom_growth': -1.253}","[{'p': 'Tyler Lockett', 'y': 2015, 'sim': 66.0, 'fant': 0.913}, {'p': 'LaJohntay Wester', 'y': 2025, 'sim': 63.0, 'fant': None}, {'p': 'Darnell Mooney', 'y': 2020, 'sim': 63.0, 'fant': 0.873}, {'p': 'Justin Hardy', 'y': 2015, 'sim': 62.0, 'fant': 0.625}, {'p': 'Zay Flowers', 'y': 2023, 'sim': 62.0, 'fant': None}, {'p': 'Marquez Stevenson', 'y': 2021, 'sim': 62.0, 'fant': 0.178}]"
Javon Baker,2024,prediction,7,0.6714801444043321,0.9025270758122743,16.2881653761445,51.50730037878428,0.28647399051699096,0.07471239741537156,0,0,0,,,110.0,21.867214236824093,20.65434633812457,0.3151258422512881,1.472,0.4804579208956931,1139.0,1.0,4.0,1.0,"{'best_dom': 0.103, 'final_dom': 0.48, 'dom_age20': -1.197, 'n_seasons_30': 0.306, 'best_yds': 0.553, 'career_yds': 0.062, 'final_ppa': 3.064, 'best_ppa': 1.081, 'best_usage': -1.08, 'nfl_entry_age': -0.248, 'breakout_age': -0.449, 'early_declare': -0.713, 'ras': 0.044, 'explosion_p': -0.002, 'speed_score': -0.336, 'weight': 0.014, 'catch_radius': 0.729, 'team_sp_off': -0.747, 'team_sp_overall': -0.747, 'recruit_rating': 0.529, 'prod_over_recruit': -0.282, 'was_returner': -1.439, 'ret_td': 0.0, 'col_qb_ypa': 0.6, 'final_spike': -0.101, 'dom_growth': 1.294}","[{'p': 'Pat Bryant', 'y': 2025, 'sim': 66.0, 'fant': None}, {'p': 'Devin Smith', 'y': 2015, 'sim': 62.0, 'fant': 0.495}, {'p': 'Brenden Rice', 'y': 2024, 'sim': 62.0, 'fant': None}, {'p': 'KeAndre Lambert-Smith', 'y': 2025, 'sim': 61.0, 'fant': None}, {'p': 'Roman Wilson', 'y': 2024, 'sim': 59.0, 'fant': None}, {'p': 'Josh Malone', 'y': 2017, 'sim': 58.0, 'fant': 0.399}]"
Xavier Weaver,2024,prediction,2,0.15162454873646208,0.4584837545126354,10.167846835603935,38.655757196112596,0.11433517073286928,-0.1494946278767414,0,0,0,,,270.0,23.21971252566735,21.00752908966461,0.3217422606191504,0.723,0.5093760901051245,908.0,1.0,3.0,2.0,"{'best_dom': 0.174, 'final_dom': -0.685, 'dom_age20': -1.035, 'n_seasons_30': 1.514, 'best_yds': -0.096, 'career_yds': 0.743, 'final_ppa': 0.212, 'best_ppa': -0.516, 'best_usage': 0.107, 'nfl_entry_age': 1.259, 'breakout_age': -0.437, 'early_declare': -0.713, 'ras': -0.564, 'explosion_p': 0.126, 'speed_score': -1.651, 'weight': -2.364, 'catch_radius': -0.656, 'team_sp_off': -0.851, 'team_sp_overall': -1.458, 'recruit_rating': -1.057, 'prod_over_recruit': 1.196, 'was_returner': 0.693, 'ret_td': -0.418, 'col_qb_ypa': -0.603, 'final_spike': -0.15, 'dom_growth': 0.025}","[{'p': 'Jalen Nailor', 'y': 2022, 'sim': 63.0, 'fant': 0.687}, {'p': 'Dres Anderson', 'y': 2015, 'sim': 60.0, 'fant': 0.178}, {'p': 'J.J. Nelson', 'y': 2015, 'sim': 58.0, 'fant': 0.709}, {'p': 'Anthony Smith', 'y': 2026, 'sim': 57.0, 'fant': None}, {'p': 'Marquez Stevenson', 'y': 2021, 'sim': 56.0, 'fant': 0.178}, {'p': 'Devonte Ross', 'y': 2026, 'sim': 56.0, 'fant': None}]"
Efton Chism III,2024,prediction,2,0.1371841155234657,0.47653429602888087,10.115621047613313,39.40216236624916,-0.22873192647565907,0.3966779128100116,0,0,0,,,270.0,22.18206707734429,20.969199178644764,0.524442385225647,0.842,0.1933822072518327,1300.0,1.0,3.0,2.0,"{'best_dom': 2.344, 'final_dom': 2.552, 'dom_age20': 0.0, 'n_seasons_30': 1.514, 'best_yds': 1.005, 'career_yds': 0.895, 'final_ppa': 0.665, 'best_ppa': 2.619, 'best_usage': 0.602, 'nfl_entry_age': 0.103, 'breakout_age': -0.438, 'early_declare': -0.713, 'ras': -0.924, 'explosion_p': -1.266, 'speed_score': -2.173, 'weight': -0.635, 'catch_radius': -1.408, 'team_sp_off': 0.0, 'team_sp_overall': 0.0, 'recruit_rating': -1.47, 'prod_over_recruit': 2.461, 'was_returner': 0.693, 'ret_td': -0.418, 'col_qb_ypa': -0.088, 'final_spike': -0.073, 'dom_growth': 0.0}","[{'p': 'Keevan Lucas', 'y': 2017, 'sim': 73.0, 'fant': None}, {'p': 'Roger Lewis', 'y': 2016, 'sim': 64.0, 'fant': 0.567}, {'p': 'Ricky White', 'y': 2025, 'sim': 63.0, 'fant': None}, {'p': 'Tyler Lockett', 'y': 2015, 'sim': 63.0, 'fant': 0.913}, {'p': 'Marquez Stevenson', 'y': 2021, 'sim': 63.0, 'fant': 0.178}, {'p': 'James Proche', 'y': 2020, 'sim': 62.0, 'fant': 0.471}]"
Keon Coleman,2024,prediction,10,0.927797833935018,0.9169675090252708,38.11250150518776,52.62943188529076,0.2908397139687485,0.14581997347474707,0,0,0,,,33.0,20.62696783025325,19.41409993155373,0.3137856328392246,0.438,0.6316846990402889,798.0,1.0,4.0,1.0,"{'best_dom': 0.088, 'final_dom': 0.467, 'dom_age20': 1.126, 'n_seasons_30': 0.306, 'best_yds': -0.405, 'career_yds': -0.564, 'final_ppa': -0.874, 'best_ppa': -0.038, 'best_usage': -0.338, 'nfl_entry_age': -1.63, 'breakout_age': -0.491, 'early_declare': 1.399, 'ras': 0.71, 'explosion_p': 0.664, 'speed_score': -0.421, 'weight': 0.806, 'catch_radius': 0.959, 'team_sp_off': -0.508, 'team_sp_overall': -0.935, 'recruit_rating': 0.062, 'prod_over_recruit': 0.048, 'was_returner': 0.693, 'ret_td': -0.418, 'col_qb_ypa': -1.119, 'final_spike': -0.281, 'dom_growth': 1.085}","[{'p': 'Seth Williams', 'y': 2021, 'sim': 67.0, 'fant': 0.178}, {'p': 'Bryan Edwards', 'y': 2020, 'sim': 67.0, 'fant': 0.505}, {'p': 'Equanimeous St. Brown', 'y': 2018, 'sim': 66.0, 'fant': 0.508}, {'p': 'Drake London', 'y': 2022, 'sim': 63.0, 'fant': 0.904}, {'p': 'Jaelen Strong', 'y': 2015, 'sim': 62.0, 'fant': 0.56}, {'p': 'Devin Funchess', 'y': 2015, 'sim': 61.0, 'fant': 0.811}]"
Ricky Pearsall,2024,prediction,10,0.9061371841155235,0.5740072202166066,33.416195601891516,41.80105993570487,-1.075553212102079,0.031666877634179726,0,0,0,,,31.0,23.310061601642712,21.097878165639973,0.2812911725955204,0.998,0.8045841391390414,970.0,1.0,3.0,0.0,"{'best_dom': -0.26, 'final_dom': -0.093, 'dom_age20': -1.202, 'n_seasons_30': -0.902, 'best_yds': 0.078, 'career_yds': 0.492, 'final_ppa': 1.259, 'best_ppa': 0.824, 'best_usage': -0.536, 'nfl_entry_age': 1.36, 'breakout_age': -0.434, 'early_declare': -0.713, 'ras': 0.927, 'explosion_p': 1.425, 'speed_score': 0.199, 'weight': -0.923, 'catch_radius': 0.123, 'team_sp_off': -0.627, 'team_sp_overall': -0.456, 'recruit_rating': -0.666, 'prod_over_recruit': 0.453, 'was_returner': 0.693, 'ret_td': -0.418, 'col_qb_ypa': -0.088, 'final_spike': -0.09, 'dom_growth': 0.678}","[{'p': 'Chimere Dike', 'y': 2025, 'sim': 77.0, 'fant': None}, {'p': ""De'Zhaun Stribling"", 'y': 2026, 'sim': 67.0, 'fant': None}, {'p': 'Chris Moore', 'y': 2016, 'sim': 65.0, 'fant': 0.613}, {'p': 'Danny Gray', 'y': 2022, 'sim': 63.0, 'fant': 0.356}, {'p': 'Tim Jones', 'y': 2021, 'sim': 61.0, 'fant': 0.375}, {'p': 'Kadarius Toney', 'y': 2021, 'sim': 61.0, 'fant': 0.672}]"
Johnny Wilson,2024,prediction,5,0.4620938628158845,0.5054151624548736,12.003769647299848,39.73254705775183,0.10126161897064129,-0.13725751191166632,0,0,0,,,185.0,22.746064339493497,21.533196440793976,0.2169907256752359,0.902,0.798742710539706,897.0,1.0,4.0,0.0,"{'best_dom': -0.948, 'final_dom': -1.372, 'dom_age20': 0.0, 'n_seasons_30': -0.902, 'best_yds': -0.127, 'career_yds': -0.276, 'final_ppa': 0.893, 'best_ppa': -0.175, 'best_usage': -0.313, 'nfl_entry_age': 0.731, 'breakout_age': -0.419, 'early_declare': -0.713, 'ras': 1.862, 'explosion_p': 1.399, 'speed_score': 1.383, 'weight': 2.103, 'catch_radius': 2.019, 'team_sp_off': -0.076, 'team_sp_overall': 0.092, 'recruit_rating': 0.979, 'prod_over_recruit': -1.437, 'was_returner': -1.439, 'ret_td': 0.0, 'col_qb_ypa': 0.772, 'final_spike': -0.321, 'dom_growth': 0.0}","[{'p': 'Jalen Hurd', 'y': 2019, 'sim': 66.0, 'fant': 0.178}, {'p': 'Mack Hollins', 'y': 2017, 'sim': 64.0, 'fant': 0.638}, {'p': 'Collin Johnson', 'y': 2020, 'sim': 64.0, 'fant': 0.551}, {'p': 'Nico Collins', 'y': 2021, 'sim': 62.0, 'fant': 0.954}, {'p': 'Lawrence Cager', 'y': 2020, 'sim': 62.0, 'fant': 0.601}, {'p': 'Elijah Higgins', 'y': 2023, 'sim': 62.0, 'fant': None}]"
Ladd McConkey,2024,prediction,10,0.9025270758122743,0.6498194945848376,31.86339993558414,44.046135735216865,0.3892698127187181,-0.2671883293067674,0,0,0,,,34.0,22.138261464750173,99.0,0.1987720560971886,1.212,0.5778735287359851,762.0,0.0,3.0,0.0,"{'best_dom': -1.143, 'final_dom': -1.744, 'dom_age20': -0.382, 'n_seasons_30': -0.902, 'best_yds': -0.506, 'career_yds': -0.356, 'final_ppa': 2.074, 'best_ppa': 0.508, 'best_usage': -1.031, 'nfl_entry_age': 0.054, 'breakout_age': 2.214, 'early_declare': -0.713, 'ras': 0.245, 'explosion_p': 0.427, 'speed_score': 0.223, 'weight': -1.139, 'catch_radius': -1.306, 'team_sp_off': 0.282, 'team_sp_overall': 1.985, 'recruit_rating': -0.594, 'prod_over_recruit': -0.286, 'was_returner': 0.693, 'ret_td': -0.418, 'col_qb_ypa': 0.772, 'final_spike': -0.339, 'dom_growth': -1.507}","[{'p': 'Danny Gray', 'y': 2022, 'sim': 66.0, 'fant': 0.356}, {'p': 'Anthony Gould', 'y': 2024, 'sim': 62.0, 'fant': None}, {'p': 'Casey Washington', 'y': 2024, 'sim': 61.0, 'fant': None}, {'p': 'Tre Tucker', 'y': 2023, 'sim': 61.0, 'fant': None}, {'p': 'Arian Smith', 'y': 2025, 'sim': 60.0, 'fant': None}, {'p': 'Jordan Watkins', 'y': 2025, 'sim': 59.0, 'fant': None}]"
Jalen Coker,2024,prediction,3,0.2888086642599278,0.9133574007220217,10.58218192137538,52.115147666324425,1.093568657768159,0.7005147970109581,0,0,0,,,270.0,22.17111567419576,20.95824777549624,0.5328982898289829,1.43,0.7352100583156824,1035.0,1.0,,2.0,"{'best_dom': 2.434, 'final_dom': 2.636, 'dom_age20': 0.0, 'n_seasons_30': 1.514, 'best_yds': 0.261, 'career_yds': -0.001, 'final_ppa': 2.904, 'best_ppa': 0.989, 'best_usage': -0.066, 'nfl_entry_age': 0.091, 'breakout_age': -0.439, 'early_declare': -0.713, 'ras': 1.34, 'explosion_p': 1.12, 'speed_score': -0.305, 'weight': 0.446, 'catch_radius': 1.54, 'team_sp_off': 0.0, 'team_sp_overall': 0.0, 'recruit_rating': 0.0, 'prod_over_recruit': 0.0, 'was_returner': 0.693, 'ret_td': -0.418, 'col_qb_ypa': 0.428, 'final_spike': -0.19, 'dom_growth': 0.0}","[{'p': 'Elic Ayomanor', 'y': 2025, 'sim': 68.0, 'fant': None}, {'p': 'Tory Horton', 'y': 2025, 'sim': 64.0, 'fant': None}, {'p': 'Jalen Royals', 'y': 2025, 'sim': 61.0, 'fant': None}, {'p': 'Marvin Harrison Jr.', 'y': 2024, 'sim': 59.0, 'fant': None}, {'p': 'Pat Bryant', 'y': 2025, 'sim': 58.0, 'fant': None}, {'p': 'Tetairoa McMillan', 'y': 2025, 'sim': 58.0, 'fant': None}]"
Casey Washington,2024,prediction,5,0.4584837545126354,0.2888086642599278,11.92134680784542,35.60468940455551,-0.5871406319065086,-0.8944774005435868,0,0,0,,,187.0,22.822724161533195,99.0,0.1919392857629474,0.974,,670.0,0.0,3.0,0.0,"{'best_dom': -1.216, 'final_dom': -0.739, 'dom_age20': -1.015, 'n_seasons_30': -0.902, 'best_yds': -0.764, 'career_yds': -0.575, 'final_ppa': 1.168, 'best_ppa': -0.016, 'best_usage': -1.105, 'nfl_entry_age': 0.817, 'breakout_age': 2.214, 'early_declare': -0.713, 'ras': 0.0, 'explosion_p': 0.0, 'speed_score': 0.0, 'weight': 0.0, 'catch_radius': 0.0, 'team_sp_off': -2.044, 'team_sp_overall': -1.252, 'recruit_rating': -0.859, 'prod_over_recruit': -0.087, 'was_returner': -1.439, 'ret_td': 0.0, 'col_qb_ypa': -1.033, 'final_spike': 0.149, 'dom_growth': 0.088}","[{'p': 'Malik Benson', 'y': 2026, 'sim': 73.0, 'fant': None}, {'p': 'Antoine Green', 'y': 2023, 'sim': 66.0, 'fant': None}, {'p': 'Keith Mumphery', 'y': 2015, 'sim': 66.0, 'fant': 0.458}, {'p': 'Van Jefferson', 'y': 2020, 'sim': 66.0, 'fant': 0.715}, {'p': 'Braxton Miller', 'y': 2016, 'sim': 65.0, 'fant': 0.492}, {'p': 'Jalen Brooks', 'y': 2023, 'sim': 63.0, 'fant': None}]"
Isaiah Williams,2024,prediction,2,0.148014440433213,0.296028880866426,10.156445058626328,35.73760054038823,-0.4171165677995027,-0.043974866327732925,0,0,0,,,270.0,22.921286789869956,20.709103353867214,0.2969017879010531,0.555,0.4327282232460878,1055.0,1.0,4.0,0.0,"{'best_dom': -0.092, 'final_dom': 0.073, 'dom_age20': -1.343, 'n_seasons_30': -0.902, 'best_yds': 0.317, 'career_yds': 0.346, 'final_ppa': -0.428, 'best_ppa': -0.939, 'best_usage': 0.75, 'nfl_entry_age': 0.927, 'breakout_age': -0.447, 'early_declare': -0.713, 'ras': -0.702, 'explosion_p': -0.212, 'speed_score': -2.087, 'weight': -1.427, 'catch_radius': -0.996, 'team_sp_off': -2.044, 'team_sp_overall': -1.252, 'recruit_rating': 0.96, 'prod_over_recruit': -0.705, 'was_returner': 0.693, 'ret_td': -0.418, 'col_qb_ypa': -1.033, 'final_spike': -0.084, 'dom_growth': 0.959}","[{'p': 'Kevin Coleman Jr.', 'y': 2026, 'sim': 71.0, 'fant': None}, {'p': 'Dominic Lovett', 'y': 2025, 'sim': 71.0, 'fant': None}, {'p': 'Lideatrick Griffin', 'y': 2024, 'sim': 67.0, 'fant': None}, {'p': 'Ryan Davis', 'y': 2019, 'sim': 66.0, 'fant': 0.178}, {'p': 'Bralon Addison', 'y': 2016, 'sim': 64.0, 'fant': 0.178}, {'p': 'Kermit Whitfield', 'y': 2017, 'sim': 63.0, 'fant': 0.178}]"
Tayvion Robinson,2024,prediction,1,0.05054151624548736,0.11191335740072202,9.792875474245605,29.658075828557898,-0.806778158190044,-0.2408980112172598,0,0,0,,,270.0,,,0.2689515404940868,0.881,0.095886879297049,588.0,1.0,4.0,0.0,"{'best_dom': -0.392, 'final_dom': -0.854, 'dom_age20': 0.0, 'n_seasons_30': -0.902, 'best_yds': -0.994, 'career_yds': 0.686, 'final_ppa': 0.813, 'best_ppa': -0.155, 'best_usage': -0.709, 'nfl_entry_age': 0.0, 'breakout_age': 0.0, 'early_declare': 0.0, 'ras': -2.031, 'explosion_p': -1.695, 'speed_score': -2.616, 'weight': -0.779, 'catch_radius': -1.386, 'team_sp_off': 0.402, 'team_sp_overall': 0.135, 'recruit_rating': 0.143, 'prod_over_recruit': -0.455, 'was_returner': 0.693, 'ret_td': 0.347, 'col_qb_ypa': 0.686, 'final_spike': -0.247, 'dom_growth': -0.545}","[{'p': 'James Quick', 'y': 2017, 'sim': 76.0, 'fant': None}, {'p': 'Tre Turner', 'y': 2022, 'sim': 74.0, 'fant': None}, {'p': 'Nyqwan Murray', 'y': 2019, 'sim': 69.0, 'fant': None}, {'p': 'Ryan Davis', 'y': 2019, 'sim': 68.0, 'fant': 0.178}, {'p': 'Aaron Anderson', 'y': 2026, 'sim': 68.0, 'fant': None}, {'p': 'Johnny Johnson II', 'y': 2022, 'sim': 66.0, 'fant': None}]"
Jamari Thrash,2024,prediction,6,0.5523465703971119,0.516245487364621,13.113643115877416,40.182362825698995,-1.9982513374984294,0.3285782414081202,0,0,0,,,156.0,23.033538672142367,21.82067077344285,0.4227455550984963,1.095,0.3253202990481028,1110.0,1.0,3.0,1.0,"{'best_dom': 1.255, 'final_dom': 0.005, 'dom_age20': -0.642, 'n_seasons_30': 0.306, 'best_yds': 0.471, 'career_yds': 0.691, 'final_ppa': 1.628, 'best_ppa': 0.819, 'best_usage': -0.66, 'nfl_entry_age': 1.052, 'breakout_age': -0.41, 'early_declare': -0.713, 'ras': -1.187, 'explosion_p': -0.685, 'speed_score': -0.343, 'weight': -0.995, 'catch_radius': -1.432, 'team_sp_off': -0.24, 'team_sp_overall': -1.321, 'recruit_rating': -0.927, 'prod_over_recruit': 1.926, 'was_returner': -1.439, 'ret_td': 0.0, 'col_qb_ypa': -0.002, 'final_spike': -0.296, 'dom_growth': 0.891}","[{'p': 'Marquez Stevenson', 'y': 2021, 'sim': 64.0, 'fant': 0.178}, {'p': 'Dede Westbrook', 'y': 2017, 'sim': 64.0, 'fant': 0.854}, {'p': 'Diontae Johnson', 'y': 2019, 'sim': 58.0, 'fant': 0.941}, {'p': 'Korey Robertson', 'y': 2018, 'sim': 57.0, 'fant': None}, {'p': 'Travis Hunter', 'y': 2025, 'sim': 57.0, 'fant': None}, {'p': 'LaJohntay Wester', 'y': 2025, 'sim': 57.0, 'fant': None}]"
Kyren Lacy,2024,prediction,3,0.2815884476534296,0.3971119133574007,10.552858350261047,37.68806222442484,-0.1224214705866219,-0.5017145070171335,0,0,0,,,270.0,,,0.261195920159411,0.824,0.3397442909886503,866.0,1.0,3.0,0.0,"{'best_dom': -0.475, 'final_dom': -0.053, 'dom_age20': 0.0, 'n_seasons_30': -0.902, 'best_yds': -0.214, 'career_yds': 0.417, 'final_ppa': 0.596, 'best_ppa': 0.132, 'best_usage': -0.462, 'nfl_entry_age': 0.0, 'breakout_age': 0.0, 'early_declare': 0.0, 'ras': 0.29, 'explosion_p': -0.621, 'speed_score': -0.232, 'weight': 0.95, 'catch_radius': 0.948, 'team_sp_off': 0.223, 'team_sp_overall': 0.324, 'recruit_rating': -0.552, 'prod_over_recruit': 0.153, 'was_returner': -1.439, 'ret_td': 0.0, 'col_qb_ypa': -0.431, 'final_spike': -0.065, 'dom_growth': -0.58}","[{'p': 'Jakobi Meyers', 'y': 2019, 'sim': 72.0, 'fant': 0.91}, {'p': ""Ka'Raun White"", 'y': 2018, 'sim': 71.0, 'fant': None}, {'p': 'Kelvin Harmon', 'y': 2019, 'sim': 69.0, 'fant': 0.604}, {'p': 'Cody Core', 'y': 2016, 'sim': 67.0, 'fant': 0.588}, {'p': 'Darrell Stewart', 'y': 2020, 'sim': 67.0, 'fant': None}, {'p': 'Bug Howard', 'y': 2017, 'sim': 66.0, 'fant': 0.178}]"
Malik Nabers,2024,prediction,10,1.0,1.0,56.92528506627761,63.990172360368824,1.2293471858301095,0.6805679318167566,0,1,1,,,6.0,20.42984257357974,19.21697467488022,0.3371031623244013,0.961,0.8702799320193003,1569.0,1.0,4.0,1.0,"{'best_dom': 0.338, 'final_dom': 0.698, 'dom_age20': 1.311, 'n_seasons_30': 0.306, 'best_yds': 1.76, 'career_yds': 1.156, 'final_ppa': 1.118, 'best_ppa': 0.288, 'best_usage': 0.652, 'nfl_entry_age': -1.849, 'breakout_age': -0.498, 'early_declare': 1.399, 'ras': 1.337, 'explosion_p': 1.714, 'speed_score': 0.84, 'weight': -0.131, 'catch_radius': 0.603, 'team_sp_off': 1.386, 'team_sp_overall': 0.598, 'recruit_rating': 0.364, 'prod_over_recruit': 0.148, 'was_returner': 0.693, 'ret_td': -0.418, 'col_qb_ypa': 3.007, 'final_spike': -0.068, 'dom_growth': 0.47}","[{'p': ""Ja'Marr Chase"", 'y': 2021, 'sim': 82.0, 'fant': 1.0}, {'p': 'Justin Jefferson', 'y': 2020, 'sim': 72.0, 'fant': 0.997}, {'p': 'Jalin Hyatt', 'y': 2023, 'sim': 67.0, 'fant': None}, {'p': 'Rome Odunze', 'y': 2024, 'sim': 65.0, 'fant': None}, {'p': 'Corey Coleman', 'y': 2016, 'sim': 64.0, 'fant': 0.647}, {'p': 'Chris Godwin', 'y': 2017, 'sim': 64.0, 'fant': 0.981}]"
Brian Thomas,2024,prediction,10,0.9422382671480144,0.9675090252707581,41.14538238276551,55.22244253701651,1.4003182419525295,0.6155421452136848,0,1,0,,,23.0,21.232032854209447,21.018480492813143,0.3267193720733543,1.29,0.83653418430137,1177.0,0.0,4.0,1.0,"{'best_dom': 0.227, 'final_dom': 0.595, 'dom_age20': -0.107, 'n_seasons_30': 0.306, 'best_yds': 0.659, 'career_yds': -0.102, 'final_ppa': 2.371, 'best_ppa': 0.68, 'best_usage': -0.586, 'nfl_entry_age': -0.956, 'breakout_age': -0.437, 'early_declare': 1.399, 'ras': 2.068, 'explosion_p': 1.566, 'speed_score': 2.29, 'weight': 0.518, 'catch_radius': 1.496, 'team_sp_off': 1.386, 'team_sp_overall': 0.598, 'recruit_rating': 1.156, 'prod_over_recruit': -0.468, 'was_returner': -1.439, 'ret_td': 0.0, 'col_qb_ypa': 3.007, 'final_spike': 0.414, 'dom_growth': 0.709}","[{'p': 'Jayden Higgins', 'y': 2025, 'sim': 66.0, 'fant': None}, {'p': 'Rome Odunze', 'y': 2024, 'sim': 66.0, 'fant': None}, {'p': 'Tetairoa McMillan', 'y': 2025, 'sim': 65.0, 'fant': None}, {'p': 'Adonai Mitchell', 'y': 2024, 'sim': 65.0, 'fant': None}, {'p': 'Marvin Harrison Jr.', 'y': 2024, 'sim': 62.0, 'fant': None}, {'p': 'Kevin Austin', 'y': 2022, 'sim': 61.0, 'fant': 0.461}]"
Cornelius Johnson,2024,prediction,5,0.4584837545126354,0.4693140794223827,11.888740820854377,38.998537257890355,-1.1605740183950792,-0.0176081860448846,0,0,0,,,253.0,23.08829568788501,19.87679671457905,0.2512205947625388,0.732,0.789526897864301,627.0,1.0,4.0,0.0,"{'best_dom': -0.581, 'final_dom': -1.5, 'dom_age20': 0.631, 'n_seasons_30': -0.902, 'best_yds': -0.885, 'career_yds': 0.055, 'final_ppa': 0.246, 'best_ppa': -0.009, 'best_usage': -0.858, 'nfl_entry_age': 1.113, 'breakout_age': -0.476, 'early_declare': -0.713, 'ras': 0.668, 'explosion_p': 1.359, 'speed_score': 1.209, 'weight': 0.734, 'catch_radius': 0.116, 'team_sp_off': 0.178, 'team_sp_overall': 0.966, 'recruit_rating': 0.659, 'prod_over_recruit': -0.99, 'was_returner': -1.439, 'ret_td': 0.0, 'col_qb_ypa': -0.26, 'final_spike': -0.24, 'dom_growth': -0.548}","[{'p': 'Michael Wilson', 'y': 2023, 'sim': 71.0, 'fant': None}, {'p': 'J. Michael Sturdivant', 'y': 2026, 'sim': 67.0, 'fant': None}, {'p': 'Tyrie Cleveland', 'y': 2020, 'sim': 65.0, 'fant': 0.412}, {'p': 'Beaux Collins', 'y': 2025, 'sim': 62.0, 'fant': None}, {'p': 'Brennan Eagles', 'y': 2021, 'sim': 61.0, 'fant': None}, {'p': 'Colbie Young', 'y': 2026, 'sim': 61.0, 'fant': None}]"
Roman Wilson,2024,prediction,8,0.7256317689530686,0.779783393501805,18.381439391187456,47.844835588712144,0.21975053771900538,0.03565359652371039,0,0,0,,,84.0,22.535249828884325,22.321697467488026,0.3730889235569423,1.418,0.5922330097087378,789.0,1.0,4.0,1.0,"{'best_dom': 0.723, 'final_dom': 1.054, 'dom_age20': -0.273, 'n_seasons_30': 0.306, 'best_yds': -0.43, 'career_yds': -0.333, 'final_ppa': 2.859, 'best_ppa': 0.962, 'best_usage': -1.377, 'nfl_entry_age': 0.496, 'breakout_age': -0.392, 'early_declare': -0.713, 'ras': 0.242, 'explosion_p': 0.49, 'speed_score': 0.163, 'weight': -1.211, 'catch_radius': -1.159, 'team_sp_off': 0.193, 'team_sp_overall': 1.643, 'recruit_rating': 0.128, 'prod_over_recruit': 0.647, 'was_returner': 0.693, 'ret_td': -0.418, 'col_qb_ypa': 0.686, 'final_spike': 0.032, 'dom_growth': 0.998}","[{'p': 'KeAndre Lambert-Smith', 'y': 2025, 'sim': 69.0, 'fant': None}, {'p': 'Jermaine Burton', 'y': 2024, 'sim': 67.0, 'fant': None}, {'p': 'Devin Smith', 'y': 2015, 'sim': 60.0, 'fant': 0.495}, {'p': 'Javon Baker', 'y': 2024, 'sim': 60.0, 'fant': None}, {'p': 'Konata Mumpfield', 'y': 2025, 'sim': 57.0, 'fant': None}, {'p': 'Daniel Jackson', 'y': 2025, 'sim': 57.0, 'fant': None}]"
Lideatrick Griffin,2024,prediction,2,0.148014440433213,0.19855595667870035,10.150574745679105,33.227772988684855,-1.0890573241788593,-0.2995908637653539,0,0,0,,,270.0,22.937713894592743,22.72416153319644,0.2841124350748548,0.55,0.4683738119889005,658.0,1.0,4.0,0.0,"{'best_dom': -0.229, 'final_dom': 0.174, 'dom_age20': -1.051, 'n_seasons_30': -0.902, 'best_yds': -0.798, 'career_yds': -0.583, 'final_ppa': -0.447, 'best_ppa': -0.342, 'best_usage': -0.412, 'nfl_entry_age': 0.945, 'breakout_age': -0.379, 'early_declare': -0.713, 'ras': -0.77, 'explosion_p': -0.055, 'speed_score': -0.457, 'weight': -1.499, 'catch_radius': -1.176, 'team_sp_off': -1.582, 'team_sp_overall': -0.995, 'recruit_rating': 0.286, 'prod_over_recruit': -0.414, 'was_returner': 0.693, 'ret_td': 1.111, 'col_qb_ypa': -1.119, 'final_spike': -0.137, 'dom_growth': 0.743}","[{'p': 'Ryan Davis', 'y': 2019, 'sim': 70.0, 'fant': 0.178}, {'p': 'Kevin Coleman Jr.', 'y': 2026, 'sim': 68.0, 'fant': None}, {'p': 'Isaiah Williams', 'y': 2024, 'sim': 68.0, 'fant': None}, {'p': 'Kermit Whitfield', 'y': 2017, 'sim': 67.0, 'fant': 0.178}, {'p': 'Jeff Thomas', 'y': 2020, 'sim': 66.0, 'fant': None}, {'p': 'Dominic Lovett', 'y': 2025, 'sim': 65.0, 'fant': None}]"
Junior Bergen,2024,prediction,5,0.4043321299638989,0.4259927797833935,11.19534900834547,37.99329967191536,-0.08799391209385529,-0.14467316440401035,0,0,0,,,270.0,21.190965092402465,20.97741273100616,0.2714626391096979,0.584,0.3401562402617276,626.0,0.0,,0.0,"{'best_dom': -0.365, 'final_dom': -0.969, 'dom_age20': -0.337, 'n_seasons_30': -0.902, 'best_yds': -0.888, 'career_yds': -0.732, 'final_ppa': -0.318, 'best_ppa': -0.287, 'best_usage': -0.957, 'nfl_entry_age': -1.001, 'breakout_age': -0.438, 'early_declare': -0.713, 'ras': -1.15, 'explosion_p': -0.619, 'speed_score': -1.436, 'weight': -1.283, 'catch_radius': -1.172, 'team_sp_off': 0.0, 'team_sp_overall': 0.0, 'recruit_rating': 0.0, 'prod_over_recruit': 0.0, 'was_returner': 0.693, 'ret_td': 2.641, 'col_qb_ypa': -0.603, 'final_spike': -0.269, 'dom_growth': -0.92}","[{'p': 'Junior Bergen', 'y': 2025, 'sim': 75.0, 'fant': None}, {'p': 'Braxton Berrios', 'y': 2018, 'sim': 66.0, 'fant': 0.678}, {'p': 'Dazz Newsome', 'y': 2021, 'sim': 62.0, 'fant': 0.178}, {'p': 'Vinny Anthony II', 'y': 2026, 'sim': 61.0, 'fant': None}, {'p': 'Dominic Lovett', 'y': 2025, 'sim': 60.0, 'fant': None}, {'p': 'Ihmir Smith-Marsette', 'y': 2021, 'sim': 60.0, 'fant': 0.554}]"
Devontez Walker,2024,prediction,7,0.6425992779783394,0.5740072202166066,15.638596197530587,41.78791465626284,-1.3432950071537706,0.19952777863085255,0,0,0,,,113.0,22.535249828884325,21.322381930184804,0.5018795279537067,0.595,0.9072665302959692,921.0,1.0,3.0,1.0,"{'best_dom': 2.102, 'final_dom': -0.415, 'dom_age20': -1.026, 'n_seasons_30': 0.306, 'best_yds': -0.059, 'career_yds': -0.291, 'final_ppa': -0.276, 'best_ppa': 1.077, 'best_usage': 0.008, 'nfl_entry_age': 0.496, 'breakout_age': -0.426, 'early_declare': -0.713, 'ras': 1.226, 'explosion_p': 1.877, 'speed_score': 0.957, 'weight': -0.635, 'catch_radius': 0.907, 'team_sp_off': -1.447, 'team_sp_overall': -2.16, 'recruit_rating': -1.351, 'prod_over_recruit': 2.429, 'was_returner': -1.439, 'ret_td': 0.0, 'col_qb_ypa': -0.26, 'final_spike': -0.3, 'dom_growth': 0.237}","[{'p': 'Skyler Bell', 'y': 2026, 'sim': 62.0, 'fant': None}, {'p': 'Kenny Bell', 'y': 2015, 'sim': 59.0, 'fant': 0.178}, {'p': 'Andrei Iosivas', 'y': 2023, 'sim': 59.0, 'fant': None}, {'p': 'Tai Felton', 'y': 2025, 'sim': 58.0, 'fant': None}, {'p': 'Ty Fryfogle', 'y': 2022, 'sim': 58.0, 'fant': None}, {'p': 'Sammie Coates', 'y': 2015, 'sim': 57.0, 'fant': 0.573}]"
Marvin Harrison Jr.,2024,prediction,10,0.9747292418772563,0.9458483754512635,51.78933352587282,54.28484130253519,1.7193741902545983,0.46464502925415063,0,0,1,,,4.0,21.39082819986311,20.177960301163587,0.4423296828957206,1.258,,1263.0,1.0,4.0,2.0,"{'best_dom': 1.465, 'final_dom': 1.739, 'dom_age20': 1.251, 'n_seasons_30': 1.514, 'best_yds': 0.901, 'career_yds': 0.708, 'final_ppa': 2.249, 'best_ppa': 1.006, 'best_usage': 0.28, 'nfl_entry_age': -0.779, 'breakout_age': -0.465, 'early_declare': 1.399, 'ras': 1.12, 'explosion_p': 0.0, 'speed_score': 0.0, 'weight': 0.518, 'catch_radius': 0.808, 'team_sp_off': 1.46, 'team_sp_overall': 1.625, 'recruit_rating': 1.129, 'prod_over_recruit': 0.389, 'was_returner': -1.439, 'ret_td': 0.0, 'col_qb_ypa': 1.116, 'final_spike': -0.241, 'dom_growth': 1.958}","[{'p': 'Tetairoa McMillan', 'y': 2025, 'sim': 68.0, 'fant': None}, {'p': 'Treylon Burks', 'y': 2022, 'sim': 64.0, 'fant': 0.557}, {'p': 'Leonte Carroo', 'y': 2016, 'sim': 63.0, 'fant': 0.437}, {'p': 'Brian Thomas', 'y': 2024, 'sim': 61.0, 'fant': None}, {'p': 'Isaiah Hodgins', 'y': 2020, 'sim': 61.0, 'fant': 0.743}, {'p': 'CeeDee Lamb', 'y': 2020, 'sim': 61.0, 'fant': 0.988}]"
Troy Franklin,2024,prediction,8,0.7906137184115524,0.9927797833935018,20.978932701357785,62.338776648714955,0.6673052546616156,0.6234466937607344,1,1,0,,,102.0,20.90075290896646,19.68788501026694,0.2852289773228624,1.26,0.5800249485819214,1383.0,1.0,4.0,0.0,"{'best_dom': -0.217, 'final_dom': 0.185, 'dom_age20': 0.782, 'n_seasons_30': -0.902, 'best_yds': 1.238, 'career_yds': 0.559, 'final_ppa': 2.257, 'best_ppa': 0.614, 'best_usage': -0.264, 'nfl_entry_age': -1.325, 'breakout_age': -0.482, 'early_declare': 1.399, 'ras': -0.09, 'explosion_p': 0.437, 'speed_score': -0.559, 'weight': -1.86, 'catch_radius': 0.119, 'team_sp_off': 1.446, 'team_sp_overall': 1.206, 'recruit_rating': 1.494, 'prod_over_recruit': -1.204, 'was_returner': -1.439, 'ret_td': 0.0, 'col_qb_ypa': 1.202, 'final_spike': -0.065, 'dom_growth': 0.388}","[{'p': 'Jameson Williams', 'y': 2022, 'sim': 67.0, 'fant': 0.755}, {'p': 'Dyami Brown', 'y': 2021, 'sim': 66.0, 'fant': 0.517}, {'p': 'CeeDee Lamb', 'y': 2020, 'sim': 63.0, 'fant': 0.988}, {'p': 'Jalin Hyatt', 'y': 2023, 'sim': 62.0, 'fant': None}, {'p': 'Jerry Jeudy', 'y': 2020, 'sim': 58.0, 'fant': 0.898}, {'p': 'Marvin Mims', 'y': 2023, 'sim': 58.0, 'fant': None}]"
Anthony Gould,2024,prediction,6,0.5631768953068592,0.4368231046931408,13.672270677382294,38.1720550181879,-0.22095620985496423,-0.26587534450538264,0,0,0,,,142.0,22.7378507871321,99.0,0.1818378951426368,0.973,0.6867125080580571,718.0,0.0,3.0,0.0,"{'best_dom': -1.324, 'final_dom': -1.129, 'dom_age20': -1.358, 'n_seasons_30': -0.902, 'best_yds': -0.629, 'career_yds': -0.732, 'final_ppa': 1.164, 'best_ppa': 0.784, 'best_usage': -1.13, 'nfl_entry_age': 0.722, 'breakout_age': 2.214, 'early_declare': -0.713, 'ras': 0.203, 'explosion_p': 0.906, 'speed_score': -0.49, 'weight': -2.004, 'catch_radius': -1.203, 'team_sp_off': -0.314, 'team_sp_overall': 0.041, 'recruit_rating': -0.804, 'prod_over_recruit': -0.178, 'was_returner': 0.693, 'ret_td': 1.111, 'col_qb_ypa': 0.17, 'final_spike': -0.059, 'dom_growth': -0.486}","[{'p': 'Tre Tucker', 'y': 2023, 'sim': 73.0, 'fant': None}, {'p': 'Ladd McConkey', 'y': 2024, 'sim': 65.0, 'fant': None}, {'p': 'Arian Smith', 'y': 2025, 'sim': 64.0, 'fant': None}, {'p': 'Danny Gray', 'y': 2022, 'sim': 61.0, 'fant': 0.356}, {'p': 'Malik Benson', 'y': 2026, 'sim': 61.0, 'fant': None}, {'p': 'Jordan Watkins', 'y': 2025, 'sim': 59.0, 'fant': None}]"
Julian Fleming,2024,prediction,2,0.16967509025270758,0.18411552346570398,10.188399042569698,32.30292308697237,0.6763645640771709,-0.7361084935123487,0,0,0,,,270.0,,,0.140149561629706,1.094,0.2421636615811373,533.0,0.0,5.0,0.0,"{'best_dom': -1.771, 'final_dom': -2.234, 'dom_age20': 0.0, 'n_seasons_30': -0.902, 'best_yds': -1.149, 'career_yds': -0.985, 'final_ppa': 1.625, 'best_ppa': 0.248, 'best_usage': -1.278, 'nfl_entry_age': 0.0, 'breakout_age': 0.0, 'early_declare': 0.0, 'ras': -0.665, 'explosion_p': -1.051, 'speed_score': -1.351, 'weight': 0.302, 'catch_radius': 0.042, 'team_sp_off': 1.46, 'team_sp_overall': 1.625, 'recruit_rating': 1.772, 'prod_over_recruit': -2.449, 'was_returner': 0.693, 'ret_td': -0.418, 'col_qb_ypa': 1.116, 'final_spike': -0.428, 'dom_growth': -1.054}","[{'p': 'Riley Ridley', 'y': 2019, 'sim': 63.0, 'fant': 0.178}, {'p': 'Terry Godwin', 'y': 2019, 'sim': 63.0, 'fant': 0.178}, {'p': 'Binjimen Victor', 'y': 2020, 'sim': 63.0, 'fant': None}, {'p': 'Jadon Haselwood', 'y': 2023, 'sim': 61.0, 'fant': None}, {'p': 'Devon Williams', 'y': 2022, 'sim': 60.0, 'fant': None}, {'p': 'DaVaris Daniels', 'y': 2015, 'sim': 60.0, 'fant': None}]"
Bub Means,2024,prediction,6,0.5126353790613718,0.555956678700361,12.552963965258442,41.268226814152136,-0.44862717268815105,-0.03143409331852605,0,0,0,,,170.0,22.973305954825463,22.75975359342916,0.3155523783587509,1.079,0.760135663728092,721.0,1.0,3.0,1.0,"{'best_dom': 0.107, 'final_dom': 0.485, 'dom_age20': -1.358, 'n_seasons_30': 0.306, 'best_yds': -0.621, 'career_yds': -0.512, 'final_ppa': 1.567, 'best_ppa': 0.215, 'best_usage': -0.982, 'nfl_entry_age': 0.985, 'breakout_age': -0.378, 'early_declare': -0.713, 'ras': 1.313, 'explosion_p': 1.229, 'speed_score': 2.177, 'weight': 1.814, 'catch_radius': 1.526, 'team_sp_off': -2.387, 'team_sp_overall': -1.663, 'recruit_rating': -1.026, 'prod_over_recruit': 1.087, 'was_returner': 0.693, 'ret_td': -0.418, 'col_qb_ypa': -1.549, 'final_spike': -0.028, 'dom_growth': 0.391}","[{'p': 'DeAndre Smelter', 'y': 2015, 'sim': 77.0, 'fant': 0.178}, {'p': 'Xavier Legette', 'y': 2024, 'sim': 63.0, 'fant': None}, {'p': 'Austin Watkins', 'y': 2021, 'sim': 62.0, 'fant': 0.178}, {'p': 'Mack Hollins', 'y': 2017, 'sim': 61.0, 'fant': 0.638}, {'p': 'CJ Johnson', 'y': 2023, 'sim': 61.0, 'fant': None}, {'p': 'Travis Fulgham', 'y': 2019, 'sim': 60.0, 'fant': 0.845}]"
Luke McCaffrey,2024,prediction,7,0.6823104693140795,0.555956678700361,16.618930519413613,41.2637380780962,0.5121421011297218,0.27047021009752237,0,0,0,,,100.0,22.748802190280628,21.53593429158111,0.3752652923995041,0.752,0.5047772999532097,992.0,1.0,4.0,1.0,"{'best_dom': 0.747, 'final_dom': 1.076, 'dom_age20': -1.34, 'n_seasons_30': 0.306, 'best_yds': 0.14, 'career_yds': -0.306, 'final_ppa': 0.322, 'best_ppa': -0.247, 'best_usage': 4.289, 'nfl_entry_age': 0.734, 'breakout_age': -0.419, 'early_declare': -0.713, 'ras': 0.606, 'explosion_p': 0.105, 'speed_score': 0.214, 'weight': -0.275, 'catch_radius': -0.091, 'team_sp_off': -1.388, 'team_sp_overall': -1.912, 'recruit_rating': 0.295, 'prod_over_recruit': 0.538, 'was_returner': 0.693, 'ret_td': -0.418, 'col_qb_ypa': 0.256, 'final_spike': -0.118, 'dom_growth': 1.774}","[{'p': 'Jordan Payton', 'y': 2016, 'sim': 72.0, 'fant': 0.178}, {'p': 'Trishton Jackson', 'y': 2020, 'sim': 64.0, 'fant': 0.178}, {'p': 'Malcolm Mitchell', 'y': 2016, 'sim': 63.0, 'fant': 0.765}, {'p': 'Amara Darboh', 'y': 2017, 'sim': 60.0, 'fant': 0.381}, {'p': 'Dillon Mitchell', 'y': 2019, 'sim': 60.0, 'fant': 0.178}, {'p': ""J'Mon Moore"", 'y': 2018, 'sim': 59.0, 'fant': 0.178}]"
Ryan Flournoy,2024,prediction,5,0.40794223826714804,0.6389891696750902,11.240088275874104,43.783746364102704,0.49366761429486195,0.4126196900764563,1,0,0,,,216.0,24.18069815195072,22.9678302532512,0.3848835182710741,0.969,0.8513812881914696,984.0,1.0,,2.0,"{'best_dom': 0.85, 'final_dom': 1.171, 'dom_age20': -1.358, 'n_seasons_30': 1.514, 'best_yds': 0.118, 'career_yds': -0.2, 'final_ppa': 1.149, 'best_ppa': -0.027, 'best_usage': 0.33, 'nfl_entry_age': 2.33, 'breakout_age': -0.371, 'early_declare': -0.713, 'ras': 0.91, 'explosion_p': 1.631, 'speed_score': 0.641, 'weight': 0.014, 'catch_radius': 0.907, 'team_sp_off': 0.0, 'team_sp_overall': 0.0, 'recruit_rating': 0.0, 'prod_over_recruit': 0.0, 'was_returner': 0.693, 'ret_td': -0.418, 'col_qb_ypa': -0.345, 'final_spike': -0.273, 'dom_growth': -0.985}","[{'p': 'Bryce Lance', 'y': 2026, 'sim': 67.0, 'fant': None}, {'p': 'Andrei Iosivas', 'y': 2023, 'sim': 65.0, 'fant': None}, {'p': 'Jason Brownlee', 'y': 2023, 'sim': 65.0, 'fant': None}, {'p': 'Austin Watkins', 'y': 2021, 'sim': 61.0, 'fant': 0.178}, {'p': 'Malcolm Mitchell', 'y': 2016, 'sim': 60.0, 'fant': 0.765}, {'p': 'Jester Weah', 'y': 2018, 'sim': 60.0, 'fant': 0.178}]"
Xavier Legette,2024,prediction,10,0.9061371841155235,0.6895306859205776,32.80319559520759,45.48683481618705,-0.11568743337685092,0.20942070451632772,0,0,0,,,32.0,22.921286789869956,22.70773442847365,0.3547661870503596,0.988,0.8706925324485052,1255.0,1.0,3.0,1.0,"{'best_dom': 0.527, 'final_dom': 0.873, 'dom_age20': -0.91, 'n_seasons_30': 0.306, 'best_yds': 0.878, 'career_yds': -0.367, 'final_ppa': 1.221, 'best_ppa': 0.015, 'best_usage': 0.181, 'nfl_entry_age': 0.927, 'breakout_age': -0.379, 'early_declare': -0.713, 'ras': 1.297, 'explosion_p': 1.716, 'speed_score': 2.301, 'weight': 1.382, 'catch_radius': 0.148, 'team_sp_off': -1.06, 'team_sp_overall': -0.67, 'recruit_rating': -0.275, 'prod_over_recruit': 0.872, 'was_returner': 0.693, 'ret_td': 0.347, 'col_qb_ypa': -0.174, 'final_spike': 1.705, 'dom_growth': 1.169}","[{'p': 'Rashee Rice', 'y': 2023, 'sim': 68.0, 'fant': None}, {'p': 'Michael Thomas', 'y': 2016, 'sim': 64.0, 'fant': 0.994}, {'p': 'Bub Means', 'y': 2024, 'sim': 64.0, 'fant': None}, {'p': 'Tre Harris', 'y': 2025, 'sim': 63.0, 'fant': None}, {'p': 'Austin Watkins', 'y': 2021, 'sim': 63.0, 'fant': 0.178}, {'p': 'Travis Fulgham', 'y': 2019, 'sim': 62.0, 'fant': 0.845}]"
Jackson Meeks,2024,prediction,5,0.4187725631768953,0.6714801444043321,11.45246439691476,44.75952640530332,-0.3565096792628934,-0.9763847156069515,0,0,0,,,270.0,20.774811772758383,21.56331279945243,0.2090742326036443,0.964,0.3244897959183673,1021.0,1.0,3.0,0.0,"{'best_dom': -1.033, 'final_dom': -0.569, 'dom_age20': -1.3, 'n_seasons_30': -0.902, 'best_yds': 0.221, 'career_yds': -0.97, 'final_ppa': 1.129, 'best_ppa': 3.349, 'best_usage': -0.635, 'nfl_entry_age': -1.465, 'breakout_age': -0.418, 'early_declare': -0.713, 'ras': -0.247, 'explosion_p': -0.688, 'speed_score': 0.0, 'weight': 0.0, 'catch_radius': -0.78, 'team_sp_off': 0.074, 'team_sp_overall': -0.567, 'recruit_rating': -0.281, 'prod_over_recruit': -0.589, 'was_returner': -1.439, 'ret_td': 0.0, 'col_qb_ypa': -0.088, 'final_spike': 4.137, 'dom_growth': 0.402}","[{'p': 'Grant Dubose', 'y': 2023, 'sim': 59.0, 'fant': None}, {'p': 'Kyren Lacy', 'y': 2024, 'sim': 58.0, 'fant': None}, {'p': ""Ka'Raun White"", 'y': 2018, 'sim': 57.0, 'fant': None}, {'p': 'Cody Core', 'y': 2016, 'sim': 57.0, 'fant': 0.588}, {'p': 'Makai Polk', 'y': 2022, 'sim': 57.0, 'fant': 0.178}, {'p': 'Jordan Lasley', 'y': 2018, 'sim': 57.0, 'fant': 0.178}]"
Ainias Smith,2024,prediction,7,0.6931407942238267,0.3212996389891697,17.149638599851556,36.27251536133004,-1.0088145847463823,-0.3056915979445418,0,0,0,,,152.0,22.587268993839835,19.37577002053388,0.2595727232584057,0.857,0.1611650485436893,795.0,1.0,3.0,0.0,"{'best_dom': -0.492, 'final_dom': -1.108, 'dom_age20': 0.697, 'n_seasons_30': -0.902, 'best_yds': -0.413, 'career_yds': 0.386, 'final_ppa': 0.722, 'best_ppa': 1.055, 'best_usage': 1.146, 'nfl_entry_age': 0.554, 'breakout_age': -0.493, 'early_declare': -0.713, 'ras': -1.473, 'explosion_p': -1.407, 'speed_score': -1.13, 'weight': -0.851, 'catch_radius': -2.419, 'team_sp_off': -0.12, 'team_sp_overall': 0.298, 'recruit_rating': -0.33, 'prod_over_recruit': -0.079, 'was_returner': 0.693, 'ret_td': 1.111, 'col_qb_ypa': -0.517, 'final_spike': -0.062, 'dom_growth': -0.87}","[{'p': 'Dazz Newsome', 'y': 2021, 'sim': 70.0, 'fant': 0.178}, {'p': 'Nyqwan Murray', 'y': 2019, 'sim': 66.0, 'fant': None}, {'p': 'Johnny Johnson II', 'y': 2022, 'sim': 66.0, 'fant': None}, {'p': ""Jha'Quan Jackson"", 'y': 2024, 'sim': 65.0, 'fant': None}, {'p': 'Junior Bergen', 'y': 2025, 'sim': 65.0, 'fant': None}, {'p': 'Reggie Roberson', 'y': 2022, 'sim': 64.0, 'fant': 0.178}]"
Adonai Mitchell,2024,prediction,9,0.8447653429602888,0.7942238267148014,25.361204178065563,48.188607339542365,0.5986569588895148,0.09034319597280584,0,0,0,,,52.0,21.232032854209447,21.018480492813143,0.3243983197430195,0.812,0.9456749279774812,845.0,0.0,4.0,1.0,"{'best_dom': 0.202, 'final_dom': 0.572, 'dom_age20': -0.506, 'n_seasons_30': 0.306, 'best_yds': -0.273, 'career_yds': -0.68, 'final_ppa': 0.551, 'best_ppa': -0.331, 'best_usage': -0.957, 'nfl_entry_age': -0.956, 'breakout_age': -0.437, 'early_declare': 1.399, 'ras': 1.708, 'explosion_p': 2.046, 'speed_score': 1.921, 'weight': 0.23, 'catch_radius': 0.626, 'team_sp_off': 0.596, 'team_sp_overall': 0.949, 'recruit_rating': 0.055, 'prod_over_recruit': 0.21, 'was_returner': -1.439, 'ret_td': 0.0, 'col_qb_ypa': 0.514, 'final_spike': 0.063, 'dom_growth': 0.511}","[{'p': ""Ja'Kobi Lane"", 'y': 2026, 'sim': 65.0, 'fant': None}, {'p': 'Terrace Marshall Jr.', 'y': 2021, 'sim': 65.0, 'fant': 0.542}, {'p': 'Ricardo Louis', 'y': 2016, 'sim': 65.0, 'fant': 0.591}, {'p': 'Jonathan Mingo', 'y': 2023, 'sim': 64.0, 'fant': None}, {'p': 'Quentin Johnston', 'y': 2023, 'sim': 64.0, 'fant': None}, {'p': 'Erik Ezukanma', 'y': 2022, 'sim': 63.0, 'fant': 0.178}]"
Jordan Whittington,2024,prediction,5,0.4007220216606498,0.16606498194945848,11.184093925456057,31.103419703600867,-0.12037471952433665,-1.085937196356206,0,0,0,,,213.0,23.249828884325805,99.0,0.1266150993684454,0.679,,652.0,0.0,5.0,0.0,"{'best_dom': -1.916, 'final_dom': -1.823, 'dom_age20': -1.067, 'n_seasons_30': -0.902, 'best_yds': -0.815, 'career_yds': -0.276, 'final_ppa': 0.044, 'best_ppa': 0.215, 'best_usage': -0.808, 'nfl_entry_age': 1.293, 'breakout_age': 2.214, 'early_declare': -0.713, 'ras': 0.138, 'explosion_p': 0.0, 'speed_score': 0.0, 'weight': 0.23, 'catch_radius': -0.093, 'team_sp_off': 0.417, 'team_sp_overall': 0.94, 'recruit_rating': 1.539, 'prod_over_recruit': -2.307, 'was_returner': 0.693, 'ret_td': -0.418, 'col_qb_ypa': -0.861, 'final_spike': -0.296, 'dom_growth': -0.593}","[{'p': 'Charone Peake', 'y': 2016, 'sim': 70.0, 'fant': 0.464}, {'p': 'Van Jefferson', 'y': 2020, 'sim': 69.0, 'fant': 0.715}, {'p': 'Kearis Jackson', 'y': 2023, 'sim': 67.0, 'fant': None}, {'p': 'Antoine Green', 'y': 2023, 'sim': 64.0, 'fant': None}, {'p': 'Tre Nixon', 'y': 2021, 'sim': 63.0, 'fant': 0.178}, {'p': 'Jacob Copeland', 'y': 2023, 'sim': 62.0, 'fant': None}]"
Xavier Worthy,2024,prediction,10,0.9458483754512635,0.9783393501805054,41.52340419702501,57.043552605086354,2.2424955572793874,0.6264517851797513,0,1,0,,,28.0,20.68172484599589,18.469541409993155,0.3882274204856906,0.566,0.875352810343336,1014.0,1.0,4.0,2.0,"{'best_dom': 0.885, 'final_dom': -0.409, 'dom_age20': 1.716, 'n_seasons_30': 1.514, 'best_yds': 0.202, 'career_yds': 0.871, 'final_ppa': -0.386, 'best_ppa': -0.142, 'best_usage': 0.157, 'nfl_entry_age': -1.569, 'breakout_age': -0.523, 'early_declare': 1.399, 'ras': 0.753, 'explosion_p': 1.737, 'speed_score': 0.762, 'weight': -2.652, 'catch_radius': -0.551, 'team_sp_off': 0.596, 'team_sp_overall': 0.949, 'recruit_rating': 1.338, 'prod_over_recruit': -0.041, 'was_returner': 0.693, 'ret_td': 0.347, 'col_qb_ypa': 0.514, 'final_spike': -0.219, 'dom_growth': -2.559}","[{'p': 'Rashod Bateman', 'y': 2021, 'sim': 64.0, 'fant': 0.836}, {'p': 'Elijah Moore', 'y': 2021, 'sim': 63.0, 'fant': 0.817}, {'p': 'John Ross', 'y': 2017, 'sim': 63.0, 'fant': 0.737}, {'p': 'Tyquan Thornton', 'y': 2022, 'sim': 62.0, 'fant': 0.48}, {'p': 'Rondale Moore', 'y': 2021, 'sim': 61.0, 'fant': 0.793}, {'p': 'Josh Downs', 'y': 2023, 'sim': 61.0, 'fant': None}]"
Jha'Quan Jackson,2024,prediction,5,0.4620938628158845,0.10469314079422383,11.950618914388375,29.384969286228355,-2.3731785362709474,-0.18845751251486062,0,0,0,,,182.0,23.630390143737166,20.418891170431213,0.2907593429065822,0.76,0.2822252981597397,554.0,0.0,3.0,0.0,"{'best_dom': -0.158, 'final_dom': -1.125, 'dom_age20': 0.944, 'n_seasons_30': -0.902, 'best_yds': -1.09, 'career_yds': -0.292, 'final_ppa': 0.352, 'best_ppa': 2.146, 'best_usage': -1.204, 'nfl_entry_age': 1.717, 'breakout_age': -0.457, 'early_declare': -0.713, 'ras': -1.403, 'explosion_p': -0.874, 'speed_score': 0.041, 'weight': -0.995, 'catch_radius': -1.917, 'team_sp_off': -0.493, 'team_sp_overall': 0.024, 'recruit_rating': -0.684, 'prod_over_recruit': 0.625, 'was_returner': 0.693, 'ret_td': 0.347, 'col_qb_ypa': 0.6, 'final_spike': -0.29, 'dom_growth': -0.264}","[{'p': 'Ainias Smith', 'y': 2024, 'sim': 67.0, 'fant': None}, {'p': 'Reggie Roberson', 'y': 2022, 'sim': 65.0, 'fant': 0.178}, {'p': 'Kermit Whitfield', 'y': 2017, 'sim': 64.0, 'fant': 0.178}, {'p': 'Braxton Berrios', 'y': 2018, 'sim': 61.0, 'fant': 0.678}, {'p': 'Junior Bergen', 'y': 2025, 'sim': 61.0, 'fant': None}, {'p': 'Nyqwan Murray', 'y': 2019, 'sim': 61.0, 'fant': None}]"
Brenden Rice,2024,prediction,7,0.6606498194945848,0.9638989169675091,16.027711799988,55.011283871290615,-0.03476493476220949,0.03001211342372942,0,1,0,,,225.0,21.790554414784395,18.57905544147844,0.2535227535227535,1.501,0.5042966537086597,791.0,0.0,4.0,0.0,"{'best_dom': -0.557, 'final_dom': -0.129, 'dom_age20': 0.581, 'n_seasons_30': -0.902, 'best_yds': -0.424, 'career_yds': -0.202, 'final_ppa': 3.175, 'best_ppa': 1.145, 'best_usage': -1.155, 'nfl_entry_age': -0.333, 'breakout_age': -0.52, 'early_declare': -0.713, 'ras': 0.362, 'explosion_p': 0.103, 'speed_score': 0.365, 'weight': 0.446, 'catch_radius': 1.142, 'team_sp_off': 1.192, 'team_sp_overall': -0.233, 'recruit_rating': 0.161, 'prod_over_recruit': -0.626, 'was_returner': 0.693, 'ret_td': 0.347, 'col_qb_ypa': 1.03, 'final_spike': -0.141, 'dom_growth': -0.94}","[{'p': 'Javon Baker', 'y': 2024, 'sim': 64.0, 'fant': None}, {'p': ""Dont'e Thornton"", 'y': 2025, 'sim': 62.0, 'fant': None}, {'p': 'Grant Dubose', 'y': 2023, 'sim': 61.0, 'fant': None}, {'p': 'Michael Wilson', 'y': 2023, 'sim': 59.0, 'fant': None}, {'p': 'Devin Smith', 'y': 2015, 'sim': 58.0, 'fant': 0.495}, {'p': 'Marquez Callaway', 'y': 2020, 'sim': 57.0, 'fant': 0.666}]"
Tahj Washington,2024,prediction,7,0.6137184115523465,0.6967509025270758,14.957223738768663,45.802064996747966,-1.584621266342556,0.0728073644211213,0,0,0,,,241.0,22.628336755646817,19.416837782340863,0.2307692307692307,1.368,0.2946202410952074,1062.0,1.0,3.0,0.0,"{'best_dom': -0.8, 'final_dom': -0.354, 'dom_age20': 0.278, 'n_seasons_30': -0.902, 'best_yds': 0.337, 'career_yds': 1.41, 'final_ppa': 2.668, 'best_ppa': 0.852, 'best_usage': -0.759, 'nfl_entry_age': 0.6, 'breakout_age': -0.491, 'early_declare': -0.713, 'ras': -1.374, 'explosion_p': -0.82, 'speed_score': -2.1, 'weight': -2.004, 'catch_radius': -1.896, 'team_sp_off': 1.192, 'team_sp_overall': -0.233, 'recruit_rating': -0.986, 'prod_over_recruit': 0.281, 'was_returner': 0.693, 'ret_td': -0.418, 'col_qb_ypa': 1.03, 'final_spike': -0.124, 'dom_growth': 0.594}","[{'p': 'Ainias Smith', 'y': 2024, 'sim': 61.0, 'fant': None}, {'p': 'Konata Mumpfield', 'y': 2025, 'sim': 61.0, 'fant': None}, {'p': 'Tez Johnson', 'y': 2025, 'sim': 59.0, 'fant': None}, {'p': 'Marquise Brown', 'y': 2019, 'sim': 59.0, 'fant': 0.907}, {'p': 'Dazz Newsome', 'y': 2021, 'sim': 59.0, 'fant': 0.178}, {'p': 'LaJohntay Wester', 'y': 2025, 'sim': 57.0, 'fant': None}]"
Devaughn Vele,2024,prediction,4,0.33574007220216606,0.38267148014440433,10.75638965517813,37.37802992745825,-1.1009564065142918,-0.2611771122340131,0,0,0,,,235.0,26.05338809034908,25.83983572895277,0.2375231910946196,0.851,0.6435660193244535,695.0,1.0,,0.0,"{'best_dom': -0.728, 'final_dom': -0.288, 'dom_age20': -1.358, 'n_seasons_30': -0.902, 'best_yds': -0.694, 'career_yds': -0.354, 'final_ppa': 0.699, 'best_ppa': 0.121, 'best_usage': -1.056, 'nfl_entry_age': 4.416, 'breakout_age': -0.273, 'early_declare': -0.713, 'ras': 0.887, 'explosion_p': 0.716, 'speed_score': 0.392, 'weight': 0.086, 'catch_radius': 1.491, 'team_sp_off': 0.297, 'team_sp_overall': 0.606, 'recruit_rating': 0.0, 'prod_over_recruit': 0.0, 'was_returner': 0.693, 'ret_td': -0.418, 'col_qb_ypa': -0.26, 'final_spike': -0.272, 'dom_growth': 0.634}","[{'p': 'Jake Bobo', 'y': 2023, 'sim': 65.0, 'fant': None}, {'p': 'Velus Jones', 'y': 2022, 'sim': 62.0, 'fant': 0.421}, {'p': 'Chase Roberts', 'y': 2026, 'sim': 62.0, 'fant': None}, {'p': 'Dylan Cantrell', 'y': 2018, 'sim': 56.0, 'fant': 0.178}, {'p': 'Matt Landers', 'y': 2023, 'sim': 54.0, 'fant': None}, {'p': 'Jalen Wayne', 'y': 2023, 'sim': 54.0, 'fant': None}]"
Malik Washington,2024,prediction,5,0.47653429602888087,0.6895306859205776,12.152918931583622,45.6603652,-0.9489394683807983,0.3356481931810414,0,0,0,,,184.0,23.19780971937029,20.985626283367555,0.473719181675118,0.774,0.7068466741270555,1426.0,1.0,3.0,1.0,"{'best_dom': 1.801, 'final_dom': 2.05, 'dom_age20': -1.241, 'n_seasons_30': 0.306, 'best_yds': 1.359, 'career_yds': 0.913, 'final_ppa': 0.406, 'best_ppa': -0.322, 'best_usage': 1.047, 'nfl_entry_age': 1.235, 'breakout_age': -0.438, 'early_declare': -0.713, 'ras': 0.247, 'explosion_p': 0.995, 'speed_score': -0.271, 'weight': -0.779, 'catch_radius': -0.571, 'team_sp_off': -2.133, 'team_sp_overall': -1.963, 'recruit_rating': -0.383, 'prod_over_recruit': 1.61, 'was_returner': 0.693, 'ret_td': -0.418, 'col_qb_ypa': -0.174, 'final_spike': 0.084, 'dom_growth': 2.469}","[{'p': 'Eric Rivers', 'y': 2026, 'sim': 65.0, 'fant': None}, {'p': 'Carlos Henderson', 'y': 2017, 'sim': 63.0, 'fant': 0.178}, {'p': 'Skyler Bell', 'y': 2026, 'sim': 62.0, 'fant': None}, {'p': 'Andy Isabella', 'y': 2019, 'sim': 62.0, 'fant': 0.545}, {'p': 'Jaylin Noel', 'y': 2025, 'sim': 61.0, 'fant': None}, {'p': 'Tyler Lockett', 'y': 2015, 'sim': 58.0, 'fant': 0.913}]"
Jalen McMillan,2024,prediction,8,0.7148014440433214,0.6101083032490975,17.75559372037068,42.82059210878988,0.29971371258394375,-0.005486330554094632,0,0,0,,,92.0,22.067077344284737,20.854209445585216,0.2548334460162263,0.607,0.6660103943122442,1098.0,1.0,4.0,0.0,"{'best_dom': -0.543, 'final_dom': -1.451, 'dom_age20': 0.123, 'n_seasons_30': -0.902, 'best_yds': 0.438, 'career_yds': 0.168, 'final_ppa': -0.23, 'best_ppa': -0.648, 'best_usage': 0.429, 'nfl_entry_age': -0.025, 'breakout_age': -0.442, 'early_declare': -0.713, 'ras': 0.893, 'explosion_p': 0.815, 'speed_score': 0.061, 'weight': -0.347, 'catch_radius': 0.865, 'team_sp_off': 0.879, 'team_sp_overall': 0.306, 'recruit_rating': 1.32, 'prod_over_recruit': -1.378, 'was_returner': 0.693, 'ret_td': -0.418, 'col_qb_ypa': 0.17, 'final_spike': -0.375, 'dom_growth': -0.342}","[{'p': 'Antonio Williams', 'y': 2026, 'sim': 67.0, 'fant': None}, {'p': 'Omar Cooper Jr.', 'y': 2026, 'sim': 65.0, 'fant': None}, {'p': 'Germie Bernard', 'y': 2026, 'sim': 63.0, 'fant': None}, {'p': 'Jordan Payton', 'y': 2016, 'sim': 61.0, 'fant': 0.178}, {'p': 'Emeka Egbuka', 'y': 2025, 'sim': 61.0, 'fant': None}, {'p': 'Darius Slayton', 'y': 2019, 'sim': 59.0, 'fant': 0.851}]"
Rome Odunze,2024,prediction,10,0.9927797833935018,0.9927797833935018,56.051148243589786,61.19134473873227,0.6797441139597291,0.12148162875972249,0,1,1,,,9.0,21.579739904175224,19.367556468172484,0.3301214967583848,1.016,0.7599602236628277,1640.0,1.0,4.0,1.0,"{'best_dom': 0.263, 'final_dom': 0.629, 'dom_age20': 0.451, 'n_seasons_30': 0.306, 'best_yds': 1.959, 'career_yds': 1.466, 'final_ppa': 1.328, 'best_ppa': 0.077, 'best_usage': 0.132, 'nfl_entry_age': -0.568, 'breakout_age': -0.493, 'early_declare': -0.713, 'ras': 1.517, 'explosion_p': 1.229, 'speed_score': 1.101, 'weight': 0.734, 'catch_radius': 0.918, 'team_sp_off': 0.745, 'team_sp_overall': 0.366, 'recruit_rating': 0.466, 'prod_over_recruit': -0.002, 'was_returner': 0.693, 'ret_td': 0.347, 'col_qb_ypa': 0.514, 'final_spike': -0.1, 'dom_growth': 1.107}","[{'p': ""Ja'Marr Chase"", 'y': 2021, 'sim': 65.0, 'fant': 1.0}, {'p': 'Brian Thomas', 'y': 2024, 'sim': 64.0, 'fant': None}, {'p': 'Jayden Higgins', 'y': 2025, 'sim': 64.0, 'fant': None}, {'p': 'Justin Jefferson', 'y': 2020, 'sim': 64.0, 'fant': 0.997}, {'p': 'Michael Pittman Jr.', 'y': 2020, 'sim': 63.0, 'fant': 0.935}, {'p': 'Malik Nabers', 'y': 2024, 'sim': 63.0, 'fant': None}]"
Ja'Lynn Polk,2024,prediction,9,0.8916967509025271,0.779783393501805,30.588246945170297,47.70605481004055,-0.439446234382101,-0.08212113376331574,0,0,0,,,37.0,21.724845995893222,21.51129363449692,0.2308361835724131,0.968,0.6901675424716585,1159.0,0.0,3.0,0.0,"{'best_dom': -0.8, 'final_dom': -0.354, 'dom_age20': -0.524, 'n_seasons_30': -0.902, 'best_yds': 0.609, 'career_yds': 0.269, 'final_ppa': 1.145, 'best_ppa': 2.452, 'best_usage': -0.437, 'nfl_entry_age': -0.406, 'breakout_age': -0.42, 'early_declare': -0.713, 'ras': 0.875, 'explosion_p': 0.921, 'speed_score': -0.096, 'weight': 0.086, 'catch_radius': 0.687, 'team_sp_off': 0.745, 'team_sp_overall': 0.366, 'recruit_rating': -0.065, 'prod_over_recruit': -0.57, 'was_returner': -1.439, 'ret_td': 0.0, 'col_qb_ypa': 0.514, 'final_spike': -0.03, 'dom_growth': -0.227}","[{'p': 'Gary Jennings', 'y': 2019, 'sim': 72.0, 'fant': 0.178}, {'p': 'Kadarius Toney', 'y': 2021, 'sim': 66.0, 'fant': 0.672}, {'p': 'Chris Moore', 'y': 2016, 'sim': 66.0, 'fant': 0.613}, {'p': 'Alec Pierce', 'y': 2022, 'sim': 62.0, 'fant': 0.728}, {'p': 'Sam Brown Jr.', 'y': 2025, 'sim': 61.0, 'fant': None}, {'p': 'DeVante Parker', 'y': 2015, 'sim': 61.0, 'fant': 0.895}]"
Malachi Corley,2024,prediction,9,0.8050541516245487,0.6642599277978339,21.87213974049761,44.52620780438392,-1.1314028561134537,-0.3061174204700261,0,0,0,,,65.0,21.782340862423,20.56947296372348,0.2729620180239496,0.787,0.4233009708737864,1293.0,1.0,,0.0,"{'best_dom': -0.349, 'final_dom': 0.063, 'dom_age20': -0.468, 'n_seasons_30': -0.902, 'best_yds': 0.985, 'career_yds': 1.191, 'final_ppa': 0.455, 'best_ppa': -0.014, 'best_usage': 0.28, 'nfl_entry_age': -0.342, 'breakout_age': -0.452, 'early_declare': -0.713, 'ras': -0.315, 'explosion_p': -0.253, 'speed_score': -0.263, 'weight': 0.374, 'catch_radius': -0.694, 'team_sp_off': -0.597, 'team_sp_overall': -0.893, 'recruit_rating': 0.0, 'prod_over_recruit': 0.0, 'was_returner': -1.439, 'ret_td': 0.0, 'col_qb_ypa': -0.26, 'final_spike': -0.3, 'dom_growth': 0.833}","[{'p': 'Jordan Lasley', 'y': 2018, 'sim': 63.0, 'fant': 0.178}, {'p': ""Ka'Raun White"", 'y': 2018, 'sim': 61.0, 'fant': None}, {'p': 'Amari Rodgers', 'y': 2021, 'sim': 60.0, 'fant': 0.486}, {'p': 'Jaylin Lane', 'y': 2025, 'sim': 60.0, 'fant': None}, {'p': 'Daesean Hamilton', 'y': 2018, 'sim': 57.0, 'fant': 0.653}, {'p': 'Kelvin Harmon', 'y': 2019, 'sim': 57.0, 'fant': 0.604}]"
Tetairoa McMillan,2025,prediction,10,0.9927797833935018,0.9963898916967509,55.97895501397869,62.88352179917865,1.3525642833510978,0.7224529296570993,0,1,1,,,8.0,21.744010951403148,19.52908966461328,0.4439028944911297,1.36,0.8640776699029126,1402.0,1.0,4.0,2.0,"{'best_dom': 1.481, 'final_dom': 1.755, 'dom_age20': 0.587, 'n_seasons_30': 1.514, 'best_yds': 1.291, 'career_yds': 1.639, 'final_ppa': 2.638, 'best_ppa': 0.927, 'best_usage': 0.33, 'nfl_entry_age': -0.385, 'breakout_age': -0.487, 'early_declare': 1.399, 'ras': 1.657, 'explosion_p': 1.687, 'speed_score': 1.168, 'weight': 1.238, 'catch_radius': 1.235, 'team_sp_off': 0.297, 'team_sp_overall': 0.169, 'recruit_rating': 1.447, 'prod_over_recruit': 0.118, 'was_returner': 0.693, 'ret_td': -0.418, 'col_qb_ypa': 0.342, 'final_spike': -0.246, 'dom_growth': 0.361}","[{'p': 'Marvin Harrison Jr.', 'y': 2024, 'sim': 71.0, 'fant': None}, {'p': 'Brian Thomas', 'y': 2024, 'sim': 68.0, 'fant': None}, {'p': 'Rome Odunze', 'y': 2024, 'sim': 65.0, 'fant': None}, {'p': 'Jayden Higgins', 'y': 2025, 'sim': 65.0, 'fant': None}, {'p': 'Elic Ayomanor', 'y': 2025, 'sim': 62.0, 'fant': None}, {'p': ""N'Keal Harry"", 'y': 2019, 'sim': 62.0, 'fant': 0.607}]"
Andrew Armstrong,2025,prediction,2,0.19494584837545126,0.6967509025270758,10.268706066872635,46.0754169,0.03587893517401286,0.5505566011978533,0,0,0,,,270.0,24.16974674880219,21.95482546201232,0.5414791479147915,1.069,0.6045787438454118,1140.0,1.0,,1.0,"{'best_dom': 2.526, 'final_dom': -0.748, 'dom_age20': -1.358, 'n_seasons_30': 0.306, 'best_yds': 0.556, 'career_yds': 0.956, 'final_ppa': 1.529, 'best_ppa': 0.665, 'best_usage': 0.058, 'nfl_entry_age': 2.318, 'breakout_age': -0.405, 'early_declare': -0.713, 'ras': 0.895, 'explosion_p': 0.545, 'speed_score': -0.054, 'weight': 0.014, 'catch_radius': 1.251, 'team_sp_off': -0.583, 'team_sp_overall': -0.096, 'recruit_rating': 0.0, 'prod_over_recruit': 0.0, 'was_returner': -1.439, 'ret_td': 0.0, 'col_qb_ypa': 0.084, 'final_spike': -0.16, 'dom_growth': -4.075}","[{'p': 'Andrei Iosivas', 'y': 2023, 'sim': 61.0, 'fant': None}, {'p': 'David Sills', 'y': 2019, 'sim': 59.0, 'fant': 0.396}, {'p': 'Travis Fulgham', 'y': 2019, 'sim': 58.0, 'fant': 0.845}, {'p': 'Amba Etta-Tawo', 'y': 2017, 'sim': 58.0, 'fant': 0.178}, {'p': 'Ryan Flournoy', 'y': 2024, 'sim': 58.0, 'fant': None}, {'p': 'Austin Watkins', 'y': 2021, 'sim': 57.0, 'fant': 0.178}]"
Isaac TeSlaa,2025,prediction,8,0.776173285198556,0.5090252707581228,20.289659541987206,39.977193551505174,0.6545325002918518,-0.21131604286702305,0,0,0,,,70.0,22.863791923340177,99.0,0.1701019193051274,1.418,0.878945517766795,545.0,0.0,,0.0,"{'best_dom': -1.45, 'final_dom': -0.955, 'dom_age20': -1.358, 'n_seasons_30': -0.902, 'best_yds': -1.115, 'career_yds': -1.266, 'final_ppa': 2.859, 'best_ppa': 0.962, 'best_usage': -1.377, 'nfl_entry_age': 0.863, 'breakout_age': 2.214, 'early_declare': -0.713, 'ras': 1.98, 'explosion_p': 1.752, 'speed_score': 1.432, 'weight': 0.878, 'catch_radius': 1.261, 'team_sp_off': -0.583, 'team_sp_overall': -0.096, 'recruit_rating': 0.0, 'prod_over_recruit': 0.0, 'was_returner': -1.439, 'ret_td': 0.0, 'col_qb_ypa': 0.084, 'final_spike': -0.065, 'dom_growth': -0.864}","[{'p': 'Savion Williams', 'y': 2025, 'sim': 63.0, 'fant': None}, {'p': 'Terry McLaurin', 'y': 2019, 'sim': 61.0, 'fant': 0.926}, {'p': 'Mack Hollins', 'y': 2017, 'sim': 61.0, 'fant': 0.638}, {'p': ""Dont'e Thornton"", 'y': 2025, 'sim': 58.0, 'fant': None}, {'p': 'Emanuel Hall', 'y': 2019, 'sim': 57.0, 'fant': 0.178}, {'p': 'Matt Landers', 'y': 2023, 'sim': 57.0, 'fant': None}]"
KeAndre Lambert-Smith,2025,prediction,6,0.5523465703971119,0.740072202166065,13.011217891115635,46.914795479898025,-0.2068787618182838,0.07896307245463229,0,0,0,,,158.0,23.211498973305957,22.99794661190965,0.3030265819972166,1.501,0.561984016907734,981.0,1.0,4.0,1.0,"{'best_dom': -0.027, 'final_dom': 0.361, 'dom_age20': -0.292, 'n_seasons_30': 0.306, 'best_yds': 0.109, 'career_yds': 0.803, 'final_ppa': 3.175, 'best_ppa': 1.145, 'best_usage': -1.056, 'nfl_entry_age': 1.25, 'breakout_age': -0.37, 'early_declare': -0.713, 'ras': 0.26, 'explosion_p': 0.357, 'speed_score': 0.668, 'weight': -0.851, 'catch_radius': -0.161, 'team_sp_off': -1.104, 'team_sp_overall': -0.225, 'recruit_rating': 0.503, 'prod_over_recruit': -0.389, 'was_returner': -1.439, 'ret_td': 0.0, 'col_qb_ypa': 0.342, 'final_spike': -0.093, 'dom_growth': 0.977}","[{'p': 'Roman Wilson', 'y': 2024, 'sim': 69.0, 'fant': None}, {'p': 'Jermaine Burton', 'y': 2024, 'sim': 64.0, 'fant': None}, {'p': 'Javon Baker', 'y': 2024, 'sim': 63.0, 'fant': None}, {'p': 'Devin Smith', 'y': 2015, 'sim': 62.0, 'fant': 0.495}, {'p': ""Ja'Corey Brooks"", 'y': 2025, 'sim': 61.0, 'fant': None}, {'p': 'Tejhaun Palmer', 'y': 2024, 'sim': 57.0, 'fant': None}]"
Kobe Hudson,2025,prediction,3,0.2851985559566787,0.5306859205776173,10.572295025102008,40.57674394556561,0.053577732453588545,-0.057548741477497445,0,0,0,,,270.0,,,0.303541616980682,1.002,0.3444584287974728,900.0,1.0,4.0,2.0,"{'best_dom': -0.021, 'final_dom': 0.366, 'dom_age20': 0.0, 'n_seasons_30': 1.514, 'best_yds': -0.118, 'career_yds': 1.108, 'final_ppa': 1.274, 'best_ppa': 1.044, 'best_usage': -1.08, 'nfl_entry_age': 0.0, 'breakout_age': 0.0, 'early_declare': 0.0, 'ras': -1.0, 'explosion_p': -0.6, 'speed_score': -1.063, 'weight': -0.635, 'catch_radius': -0.911, 'team_sp_off': -0.747, 'team_sp_overall': -0.747, 'recruit_rating': 1.008, 'prod_over_recruit': -0.673, 'was_returner': -1.439, 'ret_td': 0.0, 'col_qb_ypa': 0.6, 'final_spike': -0.272, 'dom_growth': 1.096}","[{'p': 'Elijhah Badger', 'y': 2025, 'sim': 62.0, 'fant': None}, {'p': 'Darren Carrington', 'y': 2018, 'sim': 62.0, 'fant': None}, {'p': 'Shelton Gibson', 'y': 2017, 'sim': 61.0, 'fant': 0.178}, {'p': 'Jacolby George', 'y': 2025, 'sim': 59.0, 'fant': None}, {'p': 'Daniel Jackson', 'y': 2025, 'sim': 58.0, 'fant': None}, {'p': 'Trey Palmer', 'y': 2023, 'sim': 55.0, 'fant': None}]"
Jimmy Horn,2025,prediction,5,0.4296028880866426,0.4584837545126354,11.558351577790283,38.630318971064355,-0.9326126699832488,-0.10405713525096992,0,0,0,,,208.0,22.305270362765228,20.09034907597536,0.2023398128149748,0.78,0.5802746204457443,567.0,0.0,3.0,0.0,"{'best_dom': -1.105, 'final_dom': -1.977, 'dom_age20': 0.244, 'n_seasons_30': -0.902, 'best_yds': -1.053, 'career_yds': -0.034, 'final_ppa': 0.429, 'best_ppa': -0.443, 'best_usage': -0.709, 'nfl_entry_age': 0.24, 'breakout_age': -0.468, 'early_declare': -0.713, 'ras': -0.954, 'explosion_p': 0.438, 'speed_score': -1.123, 'weight': -2.004, 'catch_radius': -1.308, 'team_sp_off': -0.851, 'team_sp_overall': -1.458, 'recruit_rating': -0.432, 'prod_over_recruit': -0.459, 'was_returner': 0.693, 'ret_td': 0.347, 'col_qb_ypa': -0.603, 'final_spike': -0.295, 'dom_growth': -2.089}","[{'p': 'Jeff Thomas', 'y': 2020, 'sim': 66.0, 'fant': None}, {'p': 'Braxton Berrios', 'y': 2018, 'sim': 65.0, 'fant': 0.678}, {'p': 'Junior Bergen', 'y': 2025, 'sim': 63.0, 'fant': None}, {'p': 'Jaylin Lane', 'y': 2025, 'sim': 62.0, 'fant': None}, {'p': 'Kevin Coleman Jr.', 'y': 2026, 'sim': 61.0, 'fant': None}, {'p': 'Ryan Davis', 'y': 2019, 'sim': 60.0, 'fant': 0.178}]"
Tory Horton,2025,prediction,6,0.5992779783393501,0.9133574007220217,14.664746995638193,52.49777518418895,-0.338972114870706,0.5828051381764352,1,0,0,,,166.0,22.091718001368925,19.87679671457905,0.572850487081745,1.015,0.7342110917934793,1136.0,1.0,3.0,2.0,"{'best_dom': 2.862, 'final_dom': -1.748, 'dom_age20': 3.178, 'n_seasons_30': 1.514, 'best_yds': 0.544, 'career_yds': 1.835, 'final_ppa': 1.324, 'best_ppa': 0.326, 'best_usage': 0.008, 'nfl_entry_age': 0.002, 'breakout_age': -0.476, 'early_declare': -0.713, 'ras': 0.358, 'explosion_p': 1.115, 'speed_score': 0.607, 'weight': -0.419, 'catch_radius': -0.163, 'team_sp_off': -1.999, 'team_sp_overall': -1.801, 'recruit_rating': -1.298, 'prod_over_recruit': 2.446, 'was_returner': 0.693, 'ret_td': 1.876, 'col_qb_ypa': -0.689, 'final_spike': -0.439, 'dom_growth': -1.767}","[{'p': 'Elic Ayomanor', 'y': 2025, 'sim': 66.0, 'fant': None}, {'p': 'Tyler Johnson', 'y': 2020, 'sim': 63.0, 'fant': 0.57}, {'p': 'Jalen Coker', 'y': 2024, 'sim': 62.0, 'fant': None}, {'p': 'Khalil Shakir', 'y': 2022, 'sim': 61.0, 'fant': 0.724}, {'p': 'Josh Reynolds', 'y': 2017, 'sim': 61.0, 'fant': 0.789}, {'p': 'Tai Felton', 'y': 2025, 'sim': 58.0, 'fant': None}]"
Travis Hunter,2025,prediction,10,0.9711191335740073,0.851985559566787,51.570849169215975,50.274910194618215,-0.7323696934359346,-0.19209254285125515,0,0,1,,,2.0,21.626283367556468,21.412731006160165,0.3548555812706756,1.035,,1258.0,1.0,,1.0,"{'best_dom': 0.528, 'final_dom': 0.874, 'dom_age20': 0.132, 'n_seasons_30': 0.306, 'best_yds': 0.887, 'career_yds': 0.198, 'final_ppa': 1.4, 'best_ppa': 0.176, 'best_usage': 0.132, 'nfl_entry_age': -0.516, 'breakout_age': -0.423, 'early_declare': 1.399, 'ras': -1.413, 'explosion_p': 0.0, 'speed_score': 0.0, 'weight': -0.995, 'catch_radius': -0.852, 'team_sp_off': -0.299, 'team_sp_overall': -0.345, 'recruit_rating': 0.0, 'prod_over_recruit': 0.0, 'was_returner': -1.439, 'ret_td': 0.0, 'col_qb_ypa': 0.428, 'final_spike': -0.008, 'dom_growth': 0.967}","[{'p': 'Makai Lemon', 'y': 2026, 'sim': 61.0, 'fant': None}, {'p': 'Quintez Cephus', 'y': 2020, 'sim': 59.0, 'fant': 0.762}, {'p': 'Skyy Moore', 'y': 2022, 'sim': 57.0, 'fant': 0.498}, {'p': 'Keke Coutee', 'y': 2018, 'sim': 57.0, 'fant': 0.82}, {'p': 'Carlos Henderson', 'y': 2017, 'sim': 56.0, 'fant': 0.178}, {'p': 'Konata Mumpfield', 'y': 2025, 'sim': 56.0, 'fant': None}]"
Will Sheppard,2025,prediction,6,0.5631768953068592,0.6895306859205776,13.629830982605847,45.44862398692386,0.28452137147742135,0.15746765350935302,0,0,0,,,270.0,22.888432580424368,19.67419575633128,0.3771433193141378,0.803,0.6080552199000755,776.0,1.0,3.0,2.0,"{'best_dom': 0.767, 'final_dom': -1.093, 'dom_age20': 0.865, 'n_seasons_30': 1.514, 'best_yds': -0.466, 'career_yds': 0.794, 'final_ppa': 0.516, 'best_ppa': 0.024, 'best_usage': -0.165, 'nfl_entry_age': 0.89, 'breakout_age': -0.483, 'early_declare': -0.713, 'ras': 0.551, 'explosion_p': 0.56, 'speed_score': -0.636, 'weight': 0.23, 'catch_radius': 1.634, 'team_sp_off': -0.806, 'team_sp_overall': -1.441, 'recruit_rating': -0.45, 'prod_over_recruit': 1.267, 'was_returner': 0.693, 'ret_td': -0.418, 'col_qb_ypa': -1.549, 'final_spike': -0.288, 'dom_growth': -0.04}","[{'p': 'Dontay Demus Jr.', 'y': 2023, 'sim': 75.0, 'fant': None}, {'p': 'Zach Pascal', 'y': 2017, 'sim': 63.0, 'fant': 0.774}, {'p': 'Tre Harris', 'y': 2025, 'sim': 63.0, 'fant': None}, {'p': 'Denzel Boston', 'y': 2026, 'sim': 62.0, 'fant': None}, {'p': ""J'Mon Moore"", 'y': 2018, 'sim': 61.0, 'fant': 0.178}, {'p': 'Travis Fulgham', 'y': 2019, 'sim': 61.0, 'fant': 0.845}]"
LaJohntay Wester,2025,prediction,7,0.631768953068592,0.6245487364620939,15.547862231789864,43.57752372114506,-0.7344471334501131,0.30251968715226335,0,0,0,,,203.0,22.76249144421629,19.548254620123203,0.4363577156347946,1.088,0.1799962512011505,1168.0,1.0,,1.0,"{'best_dom': 1.401, 'final_dom': -0.186, 'dom_age20': 0.366, 'n_seasons_30': 0.306, 'best_yds': 0.634, 'career_yds': 1.882, 'final_ppa': 1.602, 'best_ppa': 0.235, 'best_usage': 1.839, 'nfl_entry_age': 0.75, 'breakout_age': -0.487, 'early_declare': -0.713, 'ras': -1.792, 'explosion_p': -1.324, 'speed_score': -1.736, 'weight': -2.796, 'catch_radius': -2.157, 'team_sp_off': -2.312, 'team_sp_overall': -1.843, 'recruit_rating': 0.0, 'prod_over_recruit': 0.0, 'was_returner': 0.693, 'ret_td': 1.111, 'col_qb_ypa': -1.635, 'final_spike': -0.289, 'dom_growth': -0.098}","[{'p': 'Marquez Stevenson', 'y': 2021, 'sim': 67.0, 'fant': 0.178}, {'p': 'Jamari Thrash', 'y': 2024, 'sim': 63.0, 'fant': None}, {'p': 'Dede Westbrook', 'y': 2017, 'sim': 62.0, 'fant': 0.854}, {'p': 'Diontae Johnson', 'y': 2019, 'sim': 62.0, 'fant': 0.941}, {'p': 'Jacob Cowing', 'y': 2024, 'sim': 61.0, 'fant': None}, {'p': 'Devonte Ross', 'y': 2026, 'sim': 61.0, 'fant': None}]"
Elijhah Badger,2025,prediction,3,0.2924187725631769,0.6895306859205776,10.587964378250252,45.5454238127734,0.4191904905793079,-0.12322495955042863,0,0,0,,,270.0,,,0.3376796412687911,0.909,0.6167968978922076,866.0,1.0,4.0,2.0,"{'best_dom': 0.344, 'final_dom': -0.179, 'dom_age20': 0.0, 'n_seasons_30': 1.514, 'best_yds': -0.214, 'career_yds': 0.516, 'final_ppa': 0.92, 'best_ppa': -0.159, 'best_usage': 0.478, 'nfl_entry_age': 0.0, 'breakout_age': 0.0, 'early_declare': 0.0, 'ras': 0.357, 'explosion_p': 0.598, 'speed_score': 0.631, 'weight': -0.131, 'catch_radius': -0.201, 'team_sp_off': -0.717, 'team_sp_overall': -1.389, 'recruit_rating': 0.773, 'prod_over_recruit': -0.142, 'was_returner': 0.693, 'ret_td': -0.418, 'col_qb_ypa': -0.431, 'final_spike': -0.249, 'dom_growth': 0.67}","[{'p': 'Marquez Callaway', 'y': 2020, 'sim': 62.0, 'fant': 0.666}, {'p': 'Jordan Payton', 'y': 2016, 'sim': 61.0, 'fant': 0.178}, {'p': 'Erik Ezukanma', 'y': 2022, 'sim': 61.0, 'fant': 0.178}, {'p': 'Kobe Hudson', 'y': 2025, 'sim': 61.0, 'fant': None}, {'p': 'Luke McCaffrey', 'y': 2024, 'sim': 61.0, 'fant': None}, {'p': 'Daniel Jackson', 'y': 2025, 'sim': 61.0, 'fant': None}]"
Chimere Dike,2025,prediction,7,0.6714801444043321,0.48014440433212996,16.3080217254614,39.43322727800358,-0.6288053523896898,-0.05500818594868413,0,0,0,,,103.0,23.04996577686516,20.83504449007529,0.2869994022713688,0.888,0.8377131024705794,783.0,1.0,3.0,0.0,"{'best_dom': -0.198, 'final_dom': -0.768, 'dom_age20': -0.372, 'n_seasons_30': -0.902, 'best_yds': -0.447, 'career_yds': 0.303, 'final_ppa': 0.84, 'best_ppa': 0.592, 'best_usage': -0.883, 'nfl_entry_age': 1.07, 'breakout_age': -0.443, 'early_declare': -0.713, 'ras': 1.151, 'explosion_p': 1.571, 'speed_score': 1.362, 'weight': -0.419, 'catch_radius': 0.208, 'team_sp_off': -0.538, 'team_sp_overall': 0.144, 'recruit_rating': -0.203, 'prod_over_recruit': 0.071, 'was_returner': 0.693, 'ret_td': -0.418, 'col_qb_ypa': 1.546, 'final_spike': -0.188, 'dom_growth': -0.72}","[{'p': 'Ricky Pearsall', 'y': 2024, 'sim': 76.0, 'fant': None}, {'p': 'Chris Moore', 'y': 2016, 'sim': 73.0, 'fant': 0.613}, {'p': ""De'Zhaun Stribling"", 'y': 2026, 'sim': 71.0, 'fant': None}, {'p': 'Sam Brown Jr.', 'y': 2025, 'sim': 67.0, 'fant': None}, {'p': 'Tim Jones', 'y': 2021, 'sim': 67.0, 'fant': 0.375}, {'p': 'Kenny Bell', 'y': 2015, 'sim': 65.0, 'fant': 0.178}]"
Dominic Lovett,2025,prediction,5,0.4548736462093863,0.37545126353790614,11.83720444482994,37.15015614499386,-1.0020724500720486,-0.17672635507414397,0,0,0,,,244.0,22.1492128678987,19.93429158110883,0.2680370874163729,0.493,0.3632573062043087,846.0,1.0,4.0,0.0,"{'best_dom': -0.401, 'final_dom': -0.854, 'dom_age20': 0.764, 'n_seasons_30': -0.902, 'best_yds': -0.27, 'career_yds': 0.278, 'final_ppa': -0.664, 'best_ppa': -0.181, 'best_usage': -0.759, 'nfl_entry_age': 0.066, 'breakout_age': -0.474, 'early_declare': -0.713, 'ras': -0.659, 'explosion_p': -0.518, 'speed_score': 0.064, 'weight': -1.211, 'catch_radius': -1.165, 'team_sp_off': -1.388, 'team_sp_overall': -0.345, 'recruit_rating': 0.159, 'prod_over_recruit': -0.476, 'was_returner': 0.693, 'ret_td': -0.418, 'col_qb_ypa': -0.861, 'final_spike': -0.313, 'dom_growth': -0.014}","[{'p': 'Ryan Davis', 'y': 2019, 'sim': 77.0, 'fant': 0.178}, {'p': 'Kevin Coleman Jr.', 'y': 2026, 'sim': 74.0, 'fant': None}, {'p': 'Isaiah Williams', 'y': 2024, 'sim': 70.0, 'fant': None}, {'p': 'Bralon Addison', 'y': 2016, 'sim': 69.0, 'fant': 0.178}, {'p': 'Stacy Coley', 'y': 2017, 'sim': 67.0, 'fant': 0.178}, {'p': 'Junior Bergen', 'y': 2025, 'sim': 64.0, 'fant': None}]"
Arian Smith,2025,prediction,7,0.6462093862815884,0.3862815884476534,15.675033081473982,37.58499544250663,-0.14400133546005275,-0.1769651781389776,0,0,0,,,110.0,23.225188227241617,99.0,0.1723309018567639,0.915,0.698998614897894,817.0,1.0,4.0,0.0,"{'best_dom': -1.426, 'final_dom': -0.933, 'dom_age20': -1.013, 'n_seasons_30': -0.902, 'best_yds': -0.351, 'career_yds': -0.737, 'final_ppa': 0.943, 'best_ppa': 2.216, 'best_usage': -1.353, 'nfl_entry_age': 1.265, 'breakout_age': 2.214, 'early_declare': -0.713, 'ras': 0.588, 'explosion_p': 0.96, 'speed_score': 0.103, 'weight': -1.643, 'catch_radius': -0.481, 'team_sp_off': 0.297, 'team_sp_overall': 1.043, 'recruit_rating': 1.354, 'prod_over_recruit': -2.008, 'was_returner': -1.439, 'ret_td': 0.0, 'col_qb_ypa': -0.345, 'final_spike': 0.699, 'dom_growth': -0.2}","[{'p': 'Tre Nixon', 'y': 2021, 'sim': 65.0, 'fant': 0.178}, {'p': 'Van Jefferson', 'y': 2020, 'sim': 63.0, 'fant': 0.715}, {'p': 'Antoine Green', 'y': 2023, 'sim': 62.0, 'fant': None}, {'p': 'Anthony Gould', 'y': 2024, 'sim': 62.0, 'fant': None}, {'p': 'Cornell Powell', 'y': 2021, 'sim': 61.0, 'fant': 0.178}, {'p': 'Jacob Copeland', 'y': 2023, 'sim': 61.0, 'fant': None}]"
Pat Bryant,2025,prediction,8,0.776173285198556,0.8808664259927798,20.152775698755747,51.074101067477216,-0.09924000237495045,-0.008745944468432468,0,0,0,,,74.0,22.06160164271047,20.84599589322382,0.4053499304773886,1.396,0.5152583554958973,978.0,1.0,3.0,1.0,"{'best_dom': 1.069, 'final_dom': 1.373, 'dom_age20': -0.176, 'n_seasons_30': 0.306, 'best_yds': 0.101, 'career_yds': 0.102, 'final_ppa': 2.775, 'best_ppa': 0.914, 'best_usage': -0.858, 'nfl_entry_age': -0.031, 'breakout_age': -0.443, 'early_declare': -0.713, 'ras': -0.086, 'explosion_p': 0.151, 'speed_score': -0.86, 'weight': 0.158, 'catch_radius': 0.36, 'team_sp_off': -0.94, 'team_sp_overall': -0.216, 'recruit_rating': -0.539, 'prod_over_recruit': 1.52, 'was_returner': 0.693, 'ret_td': -0.418, 'col_qb_ypa': -0.345, 'final_spike': -0.007, 'dom_growth': 1.825}","[{'p': 'Javon Baker', 'y': 2024, 'sim': 65.0, 'fant': None}, {'p': 'Tre Harris', 'y': 2025, 'sim': 65.0, 'fant': None}, {'p': 'Jalen Royals', 'y': 2025, 'sim': 62.0, 'fant': None}, {'p': 'Josh Reynolds', 'y': 2017, 'sim': 61.0, 'fant': 0.789}, {'p': 'Grant Dubose', 'y': 2023, 'sim': 59.0, 'fant': None}, {'p': 'Konata Mumpfield', 'y': 2025, 'sim': 57.0, 'fant': None}]"
Jayden Higgins,2025,prediction,10,0.9097472924187726,0.924187725631769,33.90196688403617,53.65936889333968,0.3876970744121936,0.17872744604114624,0,0,0,,,34.0,22.04791238877481,19.83299110198494,0.3452234636871508,1.135,0.8316860013525442,1183.0,1.0,,1.0,"{'best_dom': 0.425, 'final_dom': 0.778, 'dom_age20': 0.599, 'n_seasons_30': 0.306, 'best_yds': 0.676, 'career_yds': 1.064, 'final_ppa': 1.781, 'best_ppa': 0.694, 'best_usage': -0.338, 'nfl_entry_age': -0.047, 'breakout_age': -0.477, 'early_declare': -0.713, 'ras': 1.576, 'explosion_p': 1.544, 'speed_score': 1.0, 'weight': 0.878, 'catch_radius': 1.179, 'team_sp_off': -0.672, 'team_sp_overall': -0.156, 'recruit_rating': 0.0, 'prod_over_recruit': 0.0, 'was_returner': -1.439, 'ret_td': 0.0, 'col_qb_ypa': -0.431, 'final_spike': -0.168, 'dom_growth': -0.449}","[{'p': 'Josh Doctson', 'y': 2016, 'sim': 67.0, 'fant': 0.731}, {'p': 'Chris Brazzell II', 'y': 2026, 'sim': 65.0, 'fant': None}, {'p': 'Tre Harris', 'y': 2025, 'sim': 64.0, 'fant': None}, {'p': 'DeVante Parker', 'y': 2015, 'sim': 64.0, 'fant': 0.895}, {'p': 'Michael Thomas', 'y': 2016, 'sim': 64.0, 'fant': 0.994}, {'p': 'Denzel Mims', 'y': 2020, 'sim': 63.0, 'fant': 0.514}]"
Jaylin Noel,2025,prediction,8,0.7509025270758123,0.7075812274368231,19.17844180228663,46.39430002737546,-0.6545528326706922,0.3158498409191133,0,0,0,,,79.0,22.327173169062284,21.111567419575632,0.3267597765363128,0.896,0.8950319578125248,1194.0,1.0,3.0,1.0,"{'best_dom': 0.227, 'final_dom': 0.596, 'dom_age20': 0.034, 'n_seasons_30': 0.306, 'best_yds': 0.707, 'career_yds': 1.024, 'final_ppa': 0.87, 'best_ppa': -0.058, 'best_usage': -0.462, 'nfl_entry_age': 0.265, 'breakout_age': -0.434, 'early_declare': -0.713, 'ras': 0.805, 'explosion_p': 1.823, 'speed_score': 0.698, 'weight': -0.563, 'catch_radius': -1.044, 'team_sp_off': -0.672, 'team_sp_overall': -0.156, 'recruit_rating': -0.419, 'prod_over_recruit': 0.69, 'was_returner': 0.693, 'ret_td': -0.418, 'col_qb_ypa': -0.431, 'final_spike': -0.093, 'dom_growth': 1.089}","[{'p': 'Rashee Rice', 'y': 2023, 'sim': 67.0, 'fant': None}, {'p': 'Carlos Henderson', 'y': 2017, 'sim': 65.0, 'fant': 0.178}, {'p': 'Tai Felton', 'y': 2025, 'sim': 63.0, 'fant': None}, {'p': 'Phillip Dorsett', 'y': 2015, 'sim': 63.0, 'fant': 0.746}, {'p': 'Jalen Royals', 'y': 2025, 'sim': 62.0, 'fant': None}, {'p': 'Brandon Aiyuk', 'y': 2020, 'sim': 61.0, 'fant': 0.947}]"
Ja'Corey Brooks,2025,prediction,2,0.15162454873646208,0.6606498194945848,10.167507664129998,44.504522557416166,-0.330498027074011,-0.1669187204961145,0,0,0,,,270.0,23.17043121149897,20.955509924709105,0.3210033249460819,1.385,,1013.0,1.0,5.0,1.0,"{'best_dom': 0.166, 'final_dom': 0.539, 'dom_age20': -1.043, 'n_seasons_30': 0.306, 'best_yds': 0.199, 'career_yds': -0.101, 'final_ppa': 2.733, 'best_ppa': 1.084, 'best_usage': -0.734, 'nfl_entry_age': 1.204, 'breakout_age': -0.439, 'early_declare': -0.713, 'ras': -0.775, 'explosion_p': 0.0, 'speed_score': 0.0, 'weight': -1.283, 'catch_radius': -0.264, 'team_sp_off': 0.357, 'team_sp_overall': 0.127, 'recruit_rating': 1.58, 'prod_over_recruit': -0.948, 'was_returner': 0.693, 'ret_td': -0.418, 'col_qb_ypa': -0.002, 'final_spike': -0.08, 'dom_growth': 1.033}","[{'p': 'KeAndre Lambert-Smith', 'y': 2025, 'sim': 63.0, 'fant': None}, {'p': 'Kobe Hudson', 'y': 2025, 'sim': 57.0, 'fant': None}, {'p': 'Javon Baker', 'y': 2024, 'sim': 57.0, 'fant': None}, {'p': 'Terry Godwin', 'y': 2019, 'sim': 57.0, 'fant': 0.178}, {'p': 'Theo Wease', 'y': 2025, 'sim': 56.0, 'fant': None}, {'p': 'Roman Wilson', 'y': 2024, 'sim': 56.0, 'fant': None}]"
Tai Felton,2025,prediction,7,0.6931407942238267,0.851985559566787,17.038567899992685,50.09876786362264,-0.25912575626403167,0.03770696461453445,0,0,0,,,102.0,21.801505817932924,20.58590006844627,0.3841768871998617,0.945,0.7907346994588892,1124.0,1.0,3.0,1.0,"{'best_dom': 0.842, 'final_dom': 1.164, 'dom_age20': -0.62, 'n_seasons_30': 0.306, 'best_yds': 0.511, 'career_yds': 0.241, 'final_ppa': 1.057, 'best_ppa': 0.07, 'best_usage': 0.132, 'nfl_entry_age': -0.321, 'breakout_age': -0.452, 'early_declare': -0.713, 'ras': 0.574, 'explosion_p': 1.364, 'speed_score': 0.245, 'weight': -1.355, 'catch_radius': -0.471, 'team_sp_off': -1.79, 'team_sp_overall': -1.372, 'recruit_rating': -0.521, 'prod_over_recruit': 1.392, 'was_returner': 0.693, 'ret_td': -0.418, 'col_qb_ypa': -1.119, 'final_spike': -0.064, 'dom_growth': 1.813}","[{'p': 'Jaylin Noel', 'y': 2025, 'sim': 62.0, 'fant': None}, {'p': 'Phillip Dorsett', 'y': 2015, 'sim': 62.0, 'fant': 0.746}, {'p': 'Josh Reynolds', 'y': 2017, 'sim': 61.0, 'fant': 0.789}, {'p': 'Jalen Royals', 'y': 2025, 'sim': 61.0, 'fant': None}, {'p': 'Jalin Hyatt', 'y': 2023, 'sim': 60.0, 'fant': None}, {'p': 'Tyler Scott', 'y': 2023, 'sim': 59.0, 'fant': None}]"
Kaden Prather,2025,prediction,4,0.3176895306859206,0.15162454873646208,10.632585075723817,30.91349600518049,-0.49188929459471215,-0.7434955285590489,0,0,0,,,240.0,22.321697467488026,99.0,0.1895549029769102,0.77,0.2747637931146751,666.0,0.0,4.0,0.0,"{'best_dom': -1.242, 'final_dom': -0.762, 'dom_age20': -0.035, 'n_seasons_30': -0.902, 'best_yds': -0.775, 'career_yds': -0.036, 'final_ppa': 0.391, 'best_ppa': 0.473, 'best_usage': -0.957, 'nfl_entry_age': 0.259, 'breakout_age': 2.214, 'early_declare': -0.713, 'ras': -0.316, 'explosion_p': -0.907, 'speed_score': 0.549, 'weight': 0.158, 'catch_radius': -0.245, 'team_sp_off': -1.045, 'team_sp_overall': -0.096, 'recruit_rating': 0.39, 'prod_over_recruit': -1.262, 'was_returner': -1.439, 'ret_td': 0.0, 'col_qb_ypa': -0.431, 'final_spike': -0.248, 'dom_growth': 0.072}","[{'p': 'Antoine Green', 'y': 2023, 'sim': 68.0, 'fant': None}, {'p': 'Chris Lacy', 'y': 2018, 'sim': 66.0, 'fant': 0.178}, {'p': 'Charone Peake', 'y': 2016, 'sim': 65.0, 'fant': 0.464}, {'p': 'Traeshon Holden', 'y': 2025, 'sim': 63.0, 'fant': None}, {'p': 'Austin Mack', 'y': 2020, 'sim': 63.0, 'fant': 0.449}, {'p': 'Van Jefferson', 'y': 2020, 'sim': 62.0, 'fant': 0.715}]"
Roc Taylor,2025,prediction,2,0.13357400722021662,0.4187725631768953,10.110371991484675,37.9290069273354,-1.5055580408182738,-0.3166648398793283,0,0,0,,,270.0,23.266255989048595,99.0,0.1965247353048557,1.051,0.4148672897300585,1083.0,1.0,3.0,0.0,"{'best_dom': -1.167, 'final_dom': -0.905, 'dom_age20': -1.229, 'n_seasons_30': -0.902, 'best_yds': 0.396, 'career_yds': 0.434, 'final_ppa': 1.461, 'best_ppa': 0.255, 'best_usage': -0.784, 'nfl_entry_age': 1.311, 'breakout_age': 2.214, 'early_declare': -0.713, 'ras': -0.116, 'explosion_p': -0.291, 'speed_score': 0.736, 'weight': 0.806, 'catch_radius': -0.569, 'team_sp_off': 0.267, 'team_sp_overall': -0.738, 'recruit_rating': -0.034, 'prod_over_recruit': -0.875, 'was_returner': -1.439, 'ret_td': 0.0, 'col_qb_ypa': -0.002, 'final_spike': -0.265, 'dom_growth': 0.043}","[{'p': 'Antoine Green', 'y': 2023, 'sim': 65.0, 'fant': None}, {'p': 'Casey Washington', 'y': 2024, 'sim': 64.0, 'fant': None}, {'p': 'Traeshon Holden', 'y': 2025, 'sim': 62.0, 'fant': None}, {'p': 'Javon Wims', 'y': 2018, 'sim': 61.0, 'fant': 0.433}, {'p': 'Tejhaun Palmer', 'y': 2024, 'sim': 60.0, 'fant': None}, {'p': 'Malik Heath', 'y': 2023, 'sim': 59.0, 'fant': None}]"
Sam Brown Jr.,2025,prediction,3,0.26714801444043323,0.6064981949458483,10.526310396810398,42.61736224068601,-0.5979511616194209,-0.27380481571380194,0,0,0,,,270.0,,,0.2033572416176979,0.936,0.8337803520150027,815.0,1.0,3.0,0.0,"{'best_dom': -1.094, 'final_dom': -1.841, 'dom_age20': 0.0, 'n_seasons_30': -0.902, 'best_yds': -0.357, 'career_yds': -0.108, 'final_ppa': 1.023, 'best_ppa': 0.09, 'best_usage': -0.561, 'nfl_entry_age': 0.0, 'breakout_age': 0.0, 'early_declare': 0.0, 'ras': 0.951, 'explosion_p': 1.554, 'speed_score': 0.528, 'weight': -0.131, 'catch_radius': 0.724, 'team_sp_off': -1.447, 'team_sp_overall': -1.706, 'recruit_rating': -0.047, 'prod_over_recruit': -0.83, 'was_returner': -1.439, 'ret_td': 0.0, 'col_qb_ypa': -0.947, 'final_spike': -0.34, 'dom_growth': -0.726}","[{'p': 'Tim Jones', 'y': 2021, 'sim': 70.0, 'fant': 0.375}, {'p': 'Chris Moore', 'y': 2016, 'sim': 69.0, 'fant': 0.613}, {'p': 'Michael Jefferson', 'y': 2023, 'sim': 68.0, 'fant': None}, {'p': 'Chimere Dike', 'y': 2025, 'sim': 66.0, 'fant': None}, {'p': 'Emanuel Hall', 'y': 2019, 'sim': 66.0, 'fant': 0.178}, {'p': ""Ja'Lynn Polk"", 'y': 2024, 'sim': 62.0, 'fant': None}]"
Jacolby George,2025,prediction,2,0.17689530685920576,0.37545126353790614,10.208248565946867,37.09270923291744,0.13100171346339873,-0.14615719519706116,0,0,0,,,270.0,,,0.3027144746052734,1.014,0.2248922104052889,864.0,0.0,4.0,1.0,"{'best_dom': -0.03, 'final_dom': -0.851, 'dom_age20': 0.0, 'n_seasons_30': 0.306, 'best_yds': -0.219, 'career_yds': -0.078, 'final_ppa': 1.32, 'best_ppa': 0.519, 'best_usage': -0.932, 'nfl_entry_age': 0.0, 'breakout_age': 0.0, 'early_declare': 0.0, 'ras': -1.047, 'explosion_p': -1.127, 'speed_score': 0.0, 'weight': -2.148, 'catch_radius': -0.909, 'team_sp_off': -0.687, 'team_sp_overall': -0.216, 'recruit_rating': 0.599, 'prod_over_recruit': -0.488, 'was_returner': 0.693, 'ret_td': -0.418, 'col_qb_ypa': -0.088, 'final_spike': -0.267, 'dom_growth': -0.107}","[{'p': 'Shelton Gibson', 'y': 2017, 'sim': 65.0, 'fant': 0.178}, {'p': 'Jovon Durante', 'y': 2019, 'sim': 62.0, 'fant': None}, {'p': 'Kobe Hudson', 'y': 2025, 'sim': 61.0, 'fant': None}, {'p': 'Charleston Rambo', 'y': 2022, 'sim': 60.0, 'fant': 0.178}, {'p': 'Terry Godwin', 'y': 2019, 'sim': 59.0, 'fant': 0.178}, {'p': 'Tayvion Robinson', 'y': 2024, 'sim': 57.0, 'fant': None}]"
Xavier Restrepo,2025,prediction,1,0.0036101083032490976,0.18772563176895307,9.16720229362387,32.71432304385014,-1.5163183381649359,-0.2229782571403235,0,0,0,,,270.0,22.72416153319644,21.508555783709788,0.2932254802831142,1.272,0.0252427184466019,1127.0,1.0,3.0,0.0,"{'best_dom': -0.132, 'final_dom': -0.079, 'dom_age20': -0.711, 'n_seasons_30': -0.902, 'best_yds': 0.519, 'career_yds': 0.974, 'final_ppa': 2.303, 'best_ppa': 0.641, 'best_usage': 0.132, 'nfl_entry_age': 0.707, 'breakout_age': -0.42, 'early_declare': -0.713, 'ras': -1.926, 'explosion_p': -2.006, 'speed_score': -2.21, 'weight': 0.518, 'catch_radius': -1.883, 'team_sp_off': 1.326, 'team_sp_overall': 0.812, 'recruit_rating': -0.252, 'prod_over_recruit': 0.163, 'was_returner': 0.693, 'ret_td': -0.418, 'col_qb_ypa': 1.116, 'final_spike': -0.219, 'dom_growth': 0.834}","[{'p': 'Johnny Johnson II', 'y': 2022, 'sim': 63.0, 'fant': None}, {'p': 'Josh Kelly', 'y': 2025, 'sim': 61.0, 'fant': None}, {'p': 'Reggie Roberson', 'y': 2022, 'sim': 59.0, 'fant': 0.178}, {'p': 'Ezell Ruffin', 'y': 2015, 'sim': 58.0, 'fant': None}, {'p': 'Dazz Newsome', 'y': 2021, 'sim': 58.0, 'fant': 0.178}, {'p': 'Ainias Smith', 'y': 2024, 'sim': 58.0, 'fant': None}]"
Daniel Jackson,2025,prediction,4,0.3249097472924188,0.6895306859205776,10.650034068830625,45.26878002655983,0.03426353705292706,0.08612115561033161,0,0,0,,,270.0,,,0.4729077253218884,0.976,,863.0,1.0,4.0,2.0,"{'best_dom': 1.792, 'final_dom': -0.17, 'dom_age20': 0.0, 'n_seasons_30': 1.514, 'best_yds': -0.222, 'career_yds': 0.791, 'final_ppa': 1.175, 'best_ppa': -0.012, 'best_usage': -0.412, 'nfl_entry_age': 0.0, 'breakout_age': 0.0, 'early_declare': 0.0, 'ras': -0.268, 'explosion_p': 0.0, 'speed_score': 0.0, 'weight': -0.635, 'catch_radius': -1.533, 'team_sp_off': -1.447, 'team_sp_overall': -0.148, 'recruit_rating': 0.153, 'prod_over_recruit': 1.074, 'was_returner': 0.693, 'ret_td': -0.418, 'col_qb_ypa': -1.033, 'final_spike': -0.217, 'dom_growth': 0.291}","[{'p': 'Khalil Shakir', 'y': 2022, 'sim': 70.0, 'fant': 0.724}, {'p': 'Trey Palmer', 'y': 2023, 'sim': 66.0, 'fant': None}, {'p': 'Elijhah Badger', 'y': 2025, 'sim': 64.0, 'fant': None}, {'p': 'Trishton Jackson', 'y': 2020, 'sim': 60.0, 'fant': 0.178}, {'p': 'Kobe Hudson', 'y': 2025, 'sim': 60.0, 'fant': None}, {'p': 'Leonte Carroo', 'y': 2016, 'sim': 59.0, 'fant': 0.437}]"
Tre Harris,2025,prediction,9,0.8267148014440433,0.6642599277978339,23.539334313623314,44.56994052697854,0.1512333292414213,-0.05904540791866028,0,0,0,,,55.0,22.84188911704312,20.62696783025325,0.3487371375116932,1.043,0.6401237754776462,1063.0,1.0,3.0,1.0,"{'best_dom': 0.463, 'final_dom': -0.368, 'dom_age20': 0.08, 'n_seasons_30': 0.306, 'best_yds': 0.339, 'career_yds': 1.836, 'final_ppa': 1.43, 'best_ppa': 0.685, 'best_usage': 0.008, 'nfl_entry_age': 0.838, 'breakout_age': -0.45, 'early_declare': -0.713, 'ras': 0.585, 'explosion_p': 0.701, 'speed_score': -0.18, 'weight': 0.23, 'catch_radius': 0.901, 'team_sp_off': 0.357, 'team_sp_overall': 1.351, 'recruit_rating': -1.148, 'prod_over_recruit': 1.62, 'was_returner': 0.693, 'ret_td': -0.418, 'col_qb_ypa': 2.234, 'final_spike': -0.205, 'dom_growth': 0.577}","[{'p': 'Michael Thomas', 'y': 2016, 'sim': 68.0, 'fant': 0.994}, {'p': 'Austin Watkins', 'y': 2021, 'sim': 68.0, 'fant': 0.178}, {'p': 'Rashee Rice', 'y': 2023, 'sim': 67.0, 'fant': None}, {'p': 'Elijah Sarratt', 'y': 2026, 'sim': 67.0, 'fant': None}, {'p': 'Travis Fulgham', 'y': 2019, 'sim': 64.0, 'fant': 0.845}, {'p': ""J'Mon Moore"", 'y': 2018, 'sim': 64.0, 'fant': 0.178}]"
Jordan Watkins,2025,prediction,6,0.5740072202166066,0.51985559566787,13.905667642410199,40.338857333793634,-1.0971419328771932,-0.3911465685160065,0,0,0,,,138.0,22.87748117727584,22.663928815879533,0.244481614812824,0.982,0.5690215728025109,906.0,0.0,3.0,0.0,"{'best_dom': -0.654, 'final_dom': -0.219, 'dom_age20': 0.077, 'n_seasons_30': -0.902, 'best_yds': -0.101, 'career_yds': 0.787, 'final_ppa': 1.198, 'best_ppa': 0.31, 'best_usage': -0.957, 'nfl_entry_age': 0.878, 'breakout_age': -0.381, 'early_declare': -0.713, 'ras': -0.181, 'explosion_p': 0.388, 'speed_score': 1.031, 'weight': -0.419, 'catch_radius': -1.132, 'team_sp_off': 0.357, 'team_sp_overall': 1.351, 'recruit_rating': -0.419, 'prod_over_recruit': -0.16, 'was_returner': 0.693, 'ret_td': 0.347, 'col_qb_ypa': 2.234, 'final_spike': -0.163, 'dom_growth': 0.65}","[{'p': 'Danny Gray', 'y': 2022, 'sim': 74.0, 'fant': 0.356}, {'p': 'Jaylin Lane', 'y': 2025, 'sim': 67.0, 'fant': None}, {'p': 'Tim Jones', 'y': 2021, 'sim': 62.0, 'fant': 0.375}, {'p': 'ArDarius Stewart', 'y': 2017, 'sim': 60.0, 'fant': 0.378}, {'p': 'Tejhaun Palmer', 'y': 2024, 'sim': 59.0, 'fant': None}, {'p': 'Ronnie Bell', 'y': 2023, 'sim': 59.0, 'fant': None}]"
Antwane Wells Jr.,2025,prediction,2,0.148014440433213,0.26714801444043323,10.143066001806194,35.10997300187811,-1.068524129383257,-0.3182655407508776,0,0,0,,,270.0,23.750855578370977,21.53593429158111,0.2677535159617586,0.82,0.3790684002303232,928.0,1.0,,0.0,"{'best_dom': -0.404, 'final_dom': -1.081, 'dom_age20': -1.358, 'n_seasons_30': -0.902, 'best_yds': -0.04, 'career_yds': -0.551, 'final_ppa': 0.581, 'best_ppa': 0.456, 'best_usage': -0.165, 'nfl_entry_age': 1.851, 'breakout_age': -0.419, 'early_declare': -0.713, 'ras': -0.777, 'explosion_p': -0.448, 'speed_score': -0.747, 'weight': -0.059, 'catch_radius': -0.985, 'team_sp_off': 0.103, 'team_sp_overall': 0.049, 'recruit_rating': 0.0, 'prod_over_recruit': 0.0, 'was_returner': -1.439, 'ret_td': 0.0, 'col_qb_ypa': -0.517, 'final_spike': -0.349, 'dom_growth': -2.133}","[{'p': 'Josh Kelly', 'y': 2025, 'sim': 65.0, 'fant': None}, {'p': 'Javon Wims', 'y': 2018, 'sim': 64.0, 'fant': 0.433}, {'p': 'Rashawn Scott', 'y': 2016, 'sim': 62.0, 'fant': 0.178}, {'p': 'Johnny Johnson II', 'y': 2022, 'sim': 62.0, 'fant': None}, {'p': ""Ka'Raun White"", 'y': 2018, 'sim': 62.0, 'fant': None}, {'p': 'Tony Brown', 'y': 2020, 'sim': 60.0, 'fant': None}]"
Luther Burden,2025,prediction,10,0.9169675090252708,0.9891696750902527,34.668946669080036,59.95834375016932,0.9517329431584491,0.23508132291424144,0,1,0,,,39.0,21.05681040383299,18.84188911704312,0.3731190369469168,0.875,0.8660194174757282,1205.0,1.0,5.0,2.0,"{'best_dom': 0.724, 'final_dom': 0.613, 'dom_age20': 1.596, 'n_seasons_30': 1.514, 'best_yds': 0.738, 'career_yds': 0.289, 'final_ppa': 0.79, 'best_ppa': 0.026, 'best_usage': -0.214, 'nfl_entry_age': -1.151, 'breakout_age': -0.511, 'early_declare': 1.399, 'ras': 0.055, 'explosion_p': 1.696, 'speed_score': 1.19, 'weight': 0.302, 'catch_radius': -1.388, 'team_sp_off': 0.178, 'team_sp_overall': 0.615, 'recruit_rating': 1.763, 'prod_over_recruit': -0.534, 'was_returner': 0.693, 'ret_td': 1.111, 'col_qb_ypa': 0.686, 'final_spike': -0.362, 'dom_growth': -0.69}","[{'p': 'Chris Godwin', 'y': 2017, 'sim': 66.0, 'fant': 0.981}, {'p': 'Nelson Agholor', 'y': 2015, 'sim': 66.0, 'fant': 0.848}, {'p': 'Amon-Ra St. Brown', 'y': 2021, 'sim': 65.0, 'fant': 0.985}, {'p': 'Malachi Dupre', 'y': 2017, 'sim': 62.0, 'fant': 0.178}, {'p': 'Rashod Bateman', 'y': 2021, 'sim': 60.0, 'fant': 0.836}, {'p': 'Khalil Shakir', 'y': 2022, 'sim': 60.0, 'fant': 0.724}]"
Theo Wease,2025,prediction,1,0.04332129963898917,0.18772563176895307,9.716321856112344,32.93760145662182,-0.8874083643306812,-0.09566925452270537,0,0,0,,,270.0,23.520876112251884,22.305270362765228,0.2944346462864981,1.089,0.1982369017619354,884.0,1.0,5.0,0.0,"{'best_dom': -0.119, 'final_dom': 0.276, 'dom_age20': -0.225, 'n_seasons_30': -0.902, 'best_yds': -0.163, 'career_yds': 0.675, 'final_ppa': 1.606, 'best_ppa': 0.356, 'best_usage': -1.031, 'nfl_entry_age': 1.595, 'breakout_age': -0.393, 'early_declare': -0.713, 'ras': -0.785, 'explosion_p': -1.244, 'speed_score': -0.416, 'weight': 0.158, 'catch_radius': 0.096, 'team_sp_off': -0.24, 'team_sp_overall': 0.161, 'recruit_rating': 1.648, 'prod_over_recruit': -1.245, 'was_returner': -1.439, 'ret_td': 0.0, 'col_qb_ypa': -0.26, 'final_spike': -0.129, 'dom_growth': 0.788}","[{'p': 'Cayleb Jones', 'y': 2016, 'sim': 65.0, 'fant': 0.178}, {'p': 'Malik Heath', 'y': 2023, 'sim': 65.0, 'fant': None}, {'p': 'Marcell Ateman', 'y': 2018, 'sim': 60.0, 'fant': 0.576}, {'p': 'Keon Hatcher', 'y': 2017, 'sim': 59.0, 'fant': 0.178}, {'p': 'DaVaris Daniels', 'y': 2015, 'sim': 58.0, 'fant': None}, {'p': 'Traeshon Holden', 'y': 2025, 'sim': 57.0, 'fant': None}]"
Junior Bergen,2025,prediction,4,0.33212996389891697,0.19133574007220217,10.739401171461974,32.97902451791127,-0.3798737228715503,-0.15898670536353912,0,0,0,,,252.0,22.19301848049281,20.97741273100616,0.2714626391096979,0.584,0.3401562402617276,626.0,0.0,,0.0,"{'best_dom': -0.365, 'final_dom': -0.969, 'dom_age20': -0.337, 'n_seasons_30': -0.902, 'best_yds': -0.888, 'career_yds': -0.732, 'final_ppa': -0.318, 'best_ppa': -0.287, 'best_usage': -0.957, 'nfl_entry_age': 0.115, 'breakout_age': -0.438, 'early_declare': -0.713, 'ras': -1.15, 'explosion_p': -0.619, 'speed_score': -1.436, 'weight': -1.283, 'catch_radius': -1.172, 'team_sp_off': 0.0, 'team_sp_overall': 0.0, 'recruit_rating': 0.0, 'prod_over_recruit': 0.0, 'was_returner': 0.693, 'ret_td': 2.641, 'col_qb_ypa': -0.603, 'final_spike': -0.269, 'dom_growth': -0.92}","[{'p': 'Junior Bergen', 'y': 2024, 'sim': 74.0, 'fant': None}, {'p': 'Vinny Anthony II', 'y': 2026, 'sim': 74.0, 'fant': None}, {'p': 'Braxton Berrios', 'y': 2018, 'sim': 73.0, 'fant': 0.678}, {'p': 'Emmanuel Henderson Jr.', 'y': 2026, 'sim': 69.0, 'fant': None}, {'p': 'Nyqwan Murray', 'y': 2019, 'sim': 67.0, 'fant': None}, {'p': 'Aaron Fuller', 'y': 2020, 'sim': 66.0, 'fant': 0.178}]"
Isaiah Neyor,2025,prediction,2,0.19494584837545126,0.6787003610108303,10.286387137979746,45.06079,-1.5989906749785918,0.49020412857435836,0,0,0,,,270.0,23.57015742642026,20.35592060232717,0.58,1.186,0.8950920037097295,878.0,1.0,2.0,1.0,"{'best_dom': 2.939, 'final_dom': 0.027, 'dom_age20': 3.234, 'n_seasons_30': 0.306, 'best_yds': -0.18, 'career_yds': -0.462, 'final_ppa': 1.975, 'best_ppa': 2.04, 'best_usage': -1.105, 'nfl_entry_age': 1.65, 'breakout_age': -0.459, 'early_declare': -0.713, 'ras': 2.278, 'explosion_p': 1.824, 'speed_score': 2.005, 'weight': 1.166, 'catch_radius': 1.649, 'team_sp_off': -1.388, 'team_sp_overall': -0.987, 'recruit_rating': -1.695, 'prod_over_recruit': 2.524, 'was_returner': -1.439, 'ret_td': 0.0, 'col_qb_ypa': -1.549, 'final_spike': -0.372, 'dom_growth': 0.0}","[{'p': 'Jeff Caldwell', 'y': 2026, 'sim': 61.0, 'fant': None}, {'p': 'Andrew Armstrong', 'y': 2025, 'sim': 61.0, 'fant': None}, {'p': 'Hakeem Butler', 'y': 2019, 'sim': 59.0, 'fant': 0.178}, {'p': 'DeAndre Smelter', 'y': 2015, 'sim': 58.0, 'fant': 0.178}, {'p': 'Bryce Lance', 'y': 2026, 'sim': 58.0, 'fant': None}, {'p': 'Andrei Iosivas', 'y': 2023, 'sim': 56.0, 'fant': None}]"
Beaux Collins,2025,prediction,7,0.6137184115523465,0.6895306859205776,14.975132551680513,45.302558885350294,0.332630230708455,-0.34487099178817904,0,0,0,,,270.0,22.04517453798768,18.830937713894592,0.2068913480885311,0.802,0.6955708360193524,510.0,0.0,4.0,0.0,"{'best_dom': -1.056, 'final_dom': -1.255, 'dom_age20': 0.28, 'n_seasons_30': -0.902, 'best_yds': -1.213, 'career_yds': -0.249, 'final_ppa': 0.512, 'best_ppa': -0.159, 'best_usage': -1.031, 'nfl_entry_age': -0.05, 'breakout_age': -0.511, 'early_declare': -0.713, 'ras': 0.691, 'explosion_p': 0.945, 'speed_score': -0.202, 'weight': -0.059, 'catch_radius': 0.837, 'team_sp_off': -0.896, 'team_sp_overall': -0.139, 'recruit_rating': 1.195, 'prod_over_recruit': -1.65, 'was_returner': -1.439, 'ret_td': 0.0, 'col_qb_ypa': -1.635, 'final_spike': -0.24, 'dom_growth': -1.784}","[{'p': 'Tyrie Cleveland', 'y': 2020, 'sim': 68.0, 'fant': 0.412}, {'p': 'Michael Wilson', 'y': 2023, 'sim': 66.0, 'fant': None}, {'p': ""Ja'Kobi Lane"", 'y': 2026, 'sim': 65.0, 'fant': None}, {'p': 'Nico Collins', 'y': 2021, 'sim': 63.0, 'fant': 0.954}, {'p': 'Cornelius Johnson', 'y': 2024, 'sim': 62.0, 'fant': None}, {'p': 'Malik Knowles', 'y': 2023, 'sim': 61.0, 'fant': None}]"
Emeka Egbuka,2025,prediction,10,0.9530685920577617,0.7075812274368231,45.48582180524534,46.40453782464115,-0.2691435187665132,-0.1059960359358726,0,0,1,,,19.0,22.217659137577,20.00273785078713,0.2674488567990373,0.833,0.6155339805825243,1151.0,0.0,5.0,0.0,"{'best_dom': -0.408, 'final_dom': -0.112, 'dom_age20': 0.759, 'n_seasons_30': -0.902, 'best_yds': 0.586, 'career_yds': 1.0, 'final_ppa': 0.631, 'best_ppa': 0.881, 'best_usage': 0.231, 'nfl_entry_age': 0.143, 'breakout_age': -0.471, 'early_declare': -0.713, 'ras': 0.352, 'explosion_p': 0.593, 'speed_score': 0.238, 'weight': 0.014, 'catch_radius': 0.179, 'team_sp_off': 1.46, 'team_sp_overall': 1.625, 'recruit_rating': 1.716, 'prod_over_recruit': -1.594, 'was_returner': 0.693, 'ret_td': -0.418, 'col_qb_ypa': 1.116, 'final_spike': -0.265, 'dom_growth': 0.667}","[{'p': 'Rakim Jarrett', 'y': 2023, 'sim': 65.0, 'fant': None}, {'p': 'Jalen McMillan', 'y': 2024, 'sim': 64.0, 'fant': None}, {'p': 'Omar Cooper Jr.', 'y': 2026, 'sim': 64.0, 'fant': None}, {'p': 'Jack Bech', 'y': 2025, 'sim': 62.0, 'fant': None}, {'p': 'Nelson Agholor', 'y': 2015, 'sim': 60.0, 'fant': 0.848}, {'p': 'Germie Bernard', 'y': 2026, 'sim': 58.0, 'fant': None}]"
Traeshon Holden,2025,prediction,2,0.10469314079422383,0.21299638989169675,10.034312715250445,33.57969514475261,-0.33195924044834474,-0.6084785730168264,0,0,0,,,270.0,23.30458590006845,99.0,0.1750787971718204,1.233,0.3186958086940505,718.0,0.0,4.0,0.0,"{'best_dom': -1.397, 'final_dom': -0.906, 'dom_age20': -1.089, 'n_seasons_30': -0.902, 'best_yds': -0.629, 'career_yds': -0.295, 'final_ppa': 2.154, 'best_ppa': 0.555, 'best_usage': -1.6, 'nfl_entry_age': 1.354, 'breakout_age': 2.214, 'early_declare': -0.713, 'ras': -0.368, 'explosion_p': -0.714, 'speed_score': -0.456, 'weight': 0.23, 'catch_radius': 0.056, 'team_sp_off': 0.819, 'team_sp_overall': 1.189, 'recruit_rating': 0.396, 'prod_over_recruit': -1.339, 'was_returner': -1.439, 'ret_td': 0.0, 'col_qb_ypa': 0.342, 'final_spike': -0.054, 'dom_growth': -0.1}","[{'p': 'Antoine Green', 'y': 2023, 'sim': 73.0, 'fant': None}, {'p': 'Jaray Jenkins', 'y': 2023, 'sim': 67.0, 'fant': None}, {'p': 'Jacob Copeland', 'y': 2023, 'sim': 66.0, 'fant': None}, {'p': 'Kaden Prather', 'y': 2025, 'sim': 66.0, 'fant': None}, {'p': 'Casey Washington', 'y': 2024, 'sim': 65.0, 'fant': None}, {'p': 'Roc Taylor', 'y': 2025, 'sim': 64.0, 'fant': None}]"
Tez Johnson,2025,prediction,7,0.6209386281588448,0.855595667870036,15.23293479566887,50.44427915234652,-0.36732492866994426,-0.007439969448069066,0,0,0,,,235.0,22.62559890485969,19.4113620807666,0.2814123860635488,0.963,0.531587304688045,1182.0,1.0,3.0,0.0,"{'best_dom': -0.258, 'final_dom': 0.147, 'dom_age20': 0.713, 'n_seasons_30': -0.902, 'best_yds': 0.673, 'career_yds': 2.169, 'final_ppa': 1.126, 'best_ppa': 0.246, 'best_usage': -0.388, 'nfl_entry_age': 0.597, 'breakout_age': -0.491, 'early_declare': -0.713, 'ras': -0.245, 'explosion_p': 0.223, 'speed_score': -2.612, 'weight': -3.444, 'catch_radius': -1.271, 'team_sp_off': 1.446, 'team_sp_overall': 1.206, 'recruit_rating': -0.765, 'prod_over_recruit': 0.6, 'was_returner': 0.693, 'ret_td': 0.347, 'col_qb_ypa': 1.202, 'final_spike': -0.3, 'dom_growth': 0.767}","[{'p': 'J.J. Nelson', 'y': 2015, 'sim': 65.0, 'fant': 0.709}, {'p': 'Tahj Washington', 'y': 2024, 'sim': 59.0, 'fant': None}, {'p': 'Brenen Thompson', 'y': 2026, 'sim': 59.0, 'fant': None}, {'p': 'DeMario Douglas', 'y': 2023, 'sim': 57.0, 'fant': None}, {'p': 'Marquise Brown', 'y': 2019, 'sim': 56.0, 'fant': 0.907}, {'p': 'Jaylin Lane', 'y': 2025, 'sim': 55.0, 'fant': None}]"
Konata Mumpfield,2025,prediction,7,0.631768953068592,0.851985559566787,15.42168848066368,49.9780223618757,0.06450858540126625,0.20282981150531829,0,0,0,,,242.0,22.190280629705683,18.976043805612598,0.3343459222769567,1.245,0.4050579947554025,813.0,1.0,3.0,1.0,"{'best_dom': 0.308, 'final_dom': -0.625, 'dom_age20': 1.289, 'n_seasons_30': 0.306, 'best_yds': -0.363, 'career_yds': 0.798, 'final_ppa': 2.2, 'best_ppa': 0.581, 'best_usage': -0.19, 'nfl_entry_age': 0.112, 'breakout_age': -0.506, 'early_declare': -0.713, 'ras': -0.743, 'explosion_p': -0.334, 'speed_score': -1.58, 'weight': -1.139, 'catch_radius': -1.536, 'team_sp_off': -0.896, 'team_sp_overall': -0.619, 'recruit_rating': -1.311, 'prod_over_recruit': 1.56, 'was_returner': 0.693, 'ret_td': -0.418, 'col_qb_ypa': -0.431, 'final_spike': -0.204, 'dom_growth': -2.3}","[{'p': 'Kyle Williams', 'y': 2025, 'sim': 64.0, 'fant': None}, {'p': 'Phillip Dorsett', 'y': 2015, 'sim': 61.0, 'fant': 0.746}, {'p': 'Quintez Cephus', 'y': 2020, 'sim': 60.0, 'fant': 0.762}, {'p': 'Pat Bryant', 'y': 2025, 'sim': 57.0, 'fant': None}, {'p': 'Travis Hunter', 'y': 2025, 'sim': 57.0, 'fant': None}, {'p': 'Tyler Scott', 'y': 2023, 'sim': 56.0, 'fant': None}]"
Nick Nash,2025,prediction,2,0.18050541516245489,0.6895306859205776,10.214442083419428,45.298994978766814,-1.17982576818983,0.08657024914033347,0,0,0,,,270.0,25.48665297741273,24.27104722792608,0.4232569617422285,1.295,0.3679726998142344,1382.0,1.0,2.0,2.0,"{'best_dom': 1.26, 'final_dom': 1.551, 'dom_age20': -1.354, 'n_seasons_30': 1.514, 'best_yds': 1.235, 'career_yds': 0.247, 'final_ppa': 2.39, 'best_ppa': 0.691, 'best_usage': 3.992, 'nfl_entry_age': 3.785, 'breakout_age': -0.326, 'early_declare': -0.713, 'ras': -0.735, 'explosion_p': -0.497, 'speed_score': -0.558, 'weight': 0.086, 'catch_radius': -0.8, 'team_sp_off': -1.373, 'team_sp_overall': -1.509, 'recruit_rating': -2.421, 'prod_over_recruit': 2.307, 'was_returner': -1.439, 'ret_td': 0.0, 'col_qb_ypa': -0.517, 'final_spike': 0.038, 'dom_growth': 2.177}","[{'p': 'Dontario Drummond', 'y': 2022, 'sim': 63.0, 'fant': 0.178}, {'p': 'Colton Dowell', 'y': 2023, 'sim': 57.0, 'fant': None}, {'p': 'Byron Pringle', 'y': 2018, 'sim': 56.0, 'fant': 0.693}, {'p': 'Charlie Jones', 'y': 2023, 'sim': 56.0, 'fant': None}, {'p': 'Omar Bayless', 'y': 2020, 'sim': 56.0, 'fant': 0.178}, {'p': 'Andrew Armstrong', 'y': 2025, 'sim': 55.0, 'fant': None}]"
Elic Ayomanor,2025,prediction,7,0.6064981949458483,0.8664259927797834,14.880539063715993,50.662696814168385,1.0496611816779846,0.8032413724385542,1,0,0,,,136.0,21.582477754962355,20.366872005475702,0.4538789179347119,0.966,0.793006676210755,1013.0,1.0,3.0,2.0,"{'best_dom': 1.588, 'final_dom': 0.803, 'dom_age20': 2.236, 'n_seasons_30': 1.514, 'best_yds': 0.199, 'career_yds': -0.176, 'final_ppa': 1.137, 'best_ppa': 0.359, 'best_usage': -0.561, 'nfl_entry_age': -0.565, 'breakout_age': -0.459, 'early_declare': 1.399, 'ras': 1.059, 'explosion_p': 1.374, 'speed_score': 0.868, 'weight': 0.302, 'catch_radius': 0.92, 'team_sp_off': -2.074, 'team_sp_overall': -2.057, 'recruit_rating': -0.414, 'prod_over_recruit': 1.631, 'was_returner': -1.439, 'ret_td': 0.0, 'col_qb_ypa': -1.119, 'final_spike': -0.282, 'dom_growth': -2.1}","[{'p': 'Denzel Mims', 'y': 2020, 'sim': 68.0, 'fant': 0.514}, {'p': 'Tory Horton', 'y': 2025, 'sim': 64.0, 'fant': None}, {'p': 'Jalen Coker', 'y': 2024, 'sim': 64.0, 'fant': None}, {'p': ""Tre'Quan Smith"", 'y': 2018, 'sim': 63.0, 'fant': 0.777}, {'p': 'Ted Hurst', 'y': 2026, 'sim': 62.0, 'fant': None}, {'p': 'Brandon Aiyuk', 'y': 2020, 'sim': 62.0, 'fant': 0.947}]"
Jack Bech,2025,prediction,9,0.8158844765342961,0.6895306859205776,23.183777326489107,45.3757743916629,-0.6003785540599363,-0.34231397993217266,0,0,0,,,58.0,22.03969883641341,21.82614647501711,0.2822618926524938,0.984,0.5061224489795918,1034.0,1.0,4.0,0.0,"{'best_dom': -0.249, 'final_dom': 0.155, 'dom_age20': -0.402, 'n_seasons_30': -0.902, 'best_yds': 0.258, 'career_yds': -0.147, 'final_ppa': 1.206, 'best_ppa': 0.032, 'best_usage': -0.511, 'nfl_entry_age': -0.056, 'breakout_age': -0.409, 'early_declare': -0.713, 'ras': 0.205, 'explosion_p': 0.111, 'speed_score': 0.0, 'weight': 0.878, 'catch_radius': -0.729, 'team_sp_off': -0.105, 'team_sp_overall': -0.113, 'recruit_rating': 0.128, 'prod_over_recruit': -0.307, 'was_returner': 0.693, 'ret_td': -0.418, 'col_qb_ypa': 0.17, 'final_spike': 0.102, 'dom_growth': 0.064}","[{'p': 'Omar Cooper Jr.', 'y': 2026, 'sim': 65.0, 'fant': None}, {'p': 'Germie Bernard', 'y': 2026, 'sim': 63.0, 'fant': None}, {'p': 'Jordan Payton', 'y': 2016, 'sim': 60.0, 'fant': 0.178}, {'p': 'DaVaris Daniels', 'y': 2015, 'sim': 59.0, 'fant': None}, {'p': 'Malik Heath', 'y': 2023, 'sim': 59.0, 'fant': None}, {'p': 'Michael Wilson', 'y': 2023, 'sim': 59.0, 'fant': None}]"
Savion Williams,2025,prediction,8,0.7220216606498195,0.22021660649819494,17.885889639459947,33.920848783229914,-0.07518701009994716,-0.5716785310550934,0,0,0,,,87.0,23.110198494182068,99.0,0.1785466042789814,0.678,0.8912621359223301,611.0,1.0,3.0,0.0,"{'best_dom': -1.36, 'final_dom': -0.871, 'dom_age20': -1.259, 'n_seasons_30': -0.902, 'best_yds': -0.93, 'career_yds': -0.393, 'final_ppa': 0.04, 'best_ppa': -0.554, 'best_usage': 0.849, 'nfl_entry_age': 1.137, 'breakout_age': 2.214, 'early_declare': -0.713, 'ras': 1.761, 'explosion_p': 1.807, 'speed_score': 1.332, 'weight': 1.454, 'catch_radius': 1.366, 'team_sp_off': -0.105, 'team_sp_overall': -0.113, 'recruit_rating': -0.031, 'prod_over_recruit': -0.974, 'was_returner': 0.693, 'ret_td': -0.418, 'col_qb_ypa': 0.17, 'final_spike': -0.209, 'dom_growth': 0.186}","[{'p': 'Dylan Cantrell', 'y': 2018, 'sim': 74.0, 'fant': 0.178}, {'p': 'Dezmon Patmon', 'y': 2020, 'sim': 65.0, 'fant': 0.415}, {'p': 'Brandon Smith', 'y': 2021, 'sim': 64.0, 'fant': 0.178}, {'p': 'Joseph Ngata', 'y': 2023, 'sim': 63.0, 'fant': None}, {'p': 'Isaac TeSlaa', 'y': 2025, 'sim': 60.0, 'fant': None}, {'p': 'Charone Peake', 'y': 2016, 'sim': 59.0, 'fant': 0.464}]"
Bru McCoy,2025,prediction,3,0.23826714801444043,0.2490974729241877,10.48403878261287,34.59915878976367,1.313222911539882,-0.8839216388770804,0,0,0,,,270.0,,,0.1313057945642592,0.576,,667.0,0.0,5.0,0.0,"{'best_dom': -1.865, 'final_dom': -1.355, 'dom_age20': 0.0, 'n_seasons_30': -0.902, 'best_yds': -0.772, 'career_yds': -0.466, 'final_ppa': -0.348, 'best_ppa': -0.492, 'best_usage': -0.957, 'nfl_entry_age': 0.0, 'breakout_age': 0.0, 'early_declare': 0.0, 'ras': 1.524, 'explosion_p': 0.0, 'speed_score': 0.0, 'weight': 0.518, 'catch_radius': 1.251, 'team_sp_off': 1.788, 'team_sp_overall': 1.12, 'recruit_rating': 1.715, 'prod_over_recruit': -2.438, 'was_returner': -1.439, 'ret_td': 0.0, 'col_qb_ypa': 1.116, 'final_spike': -0.316, 'dom_growth': -1.166}","[{'p': 'Jadon Haselwood', 'y': 2023, 'sim': 70.0, 'fant': None}, {'p': 'T.J. Vasher', 'y': 2021, 'sim': 63.0, 'fant': 0.178}, {'p': 'Trevon Grimes', 'y': 2021, 'sim': 60.0, 'fant': None}, {'p': 'Tyrie Cleveland', 'y': 2020, 'sim': 60.0, 'fant': 0.412}, {'p': 'Devon Williams', 'y': 2022, 'sim': 60.0, 'fant': None}, {'p': 'Justyn Ross', 'y': 2022, 'sim': 58.0, 'fant': 0.406}]"
Dont'e Thornton,2025,prediction,7,0.6714801444043321,0.8158844765342961,16.252970472087902,49.088584178041486,0.023166049458957422,-0.09047394885095106,0,0,0,,,108.0,22.088980150581797,21.87542778918549,0.2578136645962733,1.682,0.6345859251672774,661.0,1.0,4.0,0.0,"{'best_dom': -0.511, 'final_dom': -0.087, 'dom_age20': -0.739, 'n_seasons_30': -0.902, 'best_yds': -0.789, 'career_yds': -0.656, 'final_ppa': 3.864, 'best_ppa': 1.544, 'best_usage': -1.798, 'nfl_entry_age': -0.001, 'breakout_age': -0.408, 'early_declare': -0.713, 'ras': 1.202, 'explosion_p': 0.677, 'speed_score': 2.402, 'weight': 0.23, 'catch_radius': 0.624, 'team_sp_off': -0.24, 'team_sp_overall': 0.846, 'recruit_rating': 1.349, 'prod_over_recruit': -1.412, 'was_returner': -1.439, 'ret_td': 0.0, 'col_qb_ypa': -0.345, 'final_spike': 0.01, 'dom_growth': 0.211}","[{'p': 'Brenden Rice', 'y': 2024, 'sim': 65.0, 'fant': None}, {'p': 'Binjimen Victor', 'y': 2020, 'sim': 59.0, 'fant': None}, {'p': 'Kevin Austin', 'y': 2022, 'sim': 58.0, 'fant': 0.461}, {'p': 'Michael Jefferson', 'y': 2023, 'sim': 58.0, 'fant': None}, {'p': 'Javon Baker', 'y': 2024, 'sim': 57.0, 'fant': None}, {'p': 'KeAndre Lambert-Smith', 'y': 2025, 'sim': 56.0, 'fant': None}]"
Josh Kelly,2025,prediction,1,0.02888086642599278,0.18772563176895307,9.679662089253803,32.900895349314794,-1.475527480119591,-0.34457507698791406,0,0,0,,,270.0,23.50444900752909,22.28884325804244,0.2627211372246129,1.056,0.1912664614594641,1023.0,1.0,3.0,0.0,"{'best_dom': -0.458, 'final_dom': -0.512, 'dom_age20': -0.294, 'n_seasons_30': -0.902, 'best_yds': 0.227, 'career_yds': 1.441, 'final_ppa': 1.48, 'best_ppa': 0.733, 'best_usage': -0.635, 'nfl_entry_age': 1.576, 'breakout_age': -0.394, 'early_declare': -0.713, 'ras': -1.192, 'explosion_p': -1.275, 'speed_score': -2.415, 'weight': -1.139, 'catch_radius': -0.146, 'team_sp_off': -0.269, 'team_sp_overall': -0.67, 'recruit_rating': -1.195, 'prod_over_recruit': 0.657, 'was_returner': 0.693, 'ret_td': -0.418, 'col_qb_ypa': -0.947, 'final_spike': -0.197, 'dom_growth': 0.511}","[{'p': 'Antwane Wells Jr.', 'y': 2025, 'sim': 69.0, 'fant': None}, {'p': 'Johnny Johnson II', 'y': 2022, 'sim': 66.0, 'fant': None}, {'p': 'Reggie Roberson', 'y': 2022, 'sim': 62.0, 'fant': 0.178}, {'p': 'Tony Brown', 'y': 2020, 'sim': 62.0, 'fant': None}, {'p': 'Rashawn Scott', 'y': 2016, 'sim': 59.0, 'fant': 0.178}, {'p': 'Charleston Rambo', 'y': 2022, 'sim': 58.0, 'fant': 0.178}]"
Isaiah Bond,2025,prediction,5,0.4187725631768953,0.6570397111913358,11.456870291289668,44.431221791517366,0.5957086420365421,-0.26946718499393885,0,0,0,,,270.0,20.79945242984257,99.0,0.1951872411169658,1.099,0.3857514016135649,668.0,0.0,4.0,0.0,"{'best_dom': -1.181, 'final_dom': -1.414, 'dom_age20': 0.187, 'n_seasons_30': -0.902, 'best_yds': -0.77, 'career_yds': -0.654, 'final_ppa': 1.644, 'best_ppa': 0.259, 'best_usage': -0.957, 'nfl_entry_age': -1.438, 'breakout_age': 2.214, 'early_declare': 1.399, 'ras': -0.812, 'explosion_p': -0.419, 'speed_score': -0.134, 'weight': -1.571, 'catch_radius': -1.698, 'team_sp_off': 0.223, 'team_sp_overall': 0.94, 'recruit_rating': 1.437, 'prod_over_recruit': -1.928, 'was_returner': 0.693, 'ret_td': -0.418, 'col_qb_ypa': 1.546, 'final_spike': -0.286, 'dom_growth': -0.593}","[{'p': 'Freddie Swain', 'y': 2020, 'sim': 63.0, 'fant': 0.539}, {'p': 'Jaylen Waddle', 'y': 2021, 'sim': 61.0, 'fant': 0.957}, {'p': 'Ladd McConkey', 'y': 2024, 'sim': 59.0, 'fant': None}, {'p': 'Tre Tucker', 'y': 2023, 'sim': 59.0, 'fant': None}, {'p': 'John Metchie', 'y': 2022, 'sim': 58.0, 'fant': 0.502}, {'p': 'Mecole Hardman', 'y': 2019, 'sim': 57.0, 'fant': 0.83}]"
Matthew Golden,2025,prediction,10,0.9422382671480144,0.8086642599277978,40.96453825185213,48.70518177439622,-0.22454953819284865,-0.1439895342097376,0,0,0,,,23.0,21.42094455852156,21.20739219712525,0.2244047619047619,1.064,0.941747572815534,987.0,1.0,4.0,0.0,"{'best_dom': -0.869, 'final_dom': -0.417, 'dom_age20': 0.184, 'n_seasons_30': -0.902, 'best_yds': 0.126, 'career_yds': -0.025, 'final_ppa': 1.51, 'best_ppa': 0.213, 'best_usage': -1.105, 'nfl_entry_age': -0.745, 'breakout_age': -0.43, 'early_declare': 1.399, 'ras': 0.593, 'explosion_p': 2.029, 'speed_score': 1.614, 'weight': -0.779, 'catch_radius': -0.873, 'team_sp_off': 0.193, 'team_sp_overall': 1.026, 'recruit_rating': 0.476, 'prod_over_recruit': -1.098, 'was_returner': 0.693, 'ret_td': 1.111, 'col_qb_ypa': -0.345, 'final_spike': -0.024, 'dom_growth': -0.713}","[{'p': 'Kadarius Toney', 'y': 2021, 'sim': 66.0, 'fant': 0.672}, {'p': 'Omar Cooper Jr.', 'y': 2026, 'sim': 66.0, 'fant': None}, {'p': 'Marvin Mims', 'y': 2023, 'sim': 61.0, 'fant': None}, {'p': ""Ja'Lynn Polk"", 'y': 2024, 'sim': 60.0, 'fant': None}, {'p': 'Dyami Brown', 'y': 2021, 'sim': 59.0, 'fant': 0.517}, {'p': 'Parris Campbell', 'y': 2019, 'sim': 59.0, 'fant': 0.663}]"
Ricky White,2025,prediction,4,0.34657039711191334,0.6462093862815884,10.796766355315881,44.00546462260787,0.35728693712397486,0.3011802576120216,0,0,0,,,238.0,22.902121834360027,20.68720054757016,0.4567034935801731,1.074,0.3648360807470807,1483.0,1.0,3.0,2.0,"{'best_dom': 1.618, 'final_dom': 1.67, 'dom_age20': -0.47, 'n_seasons_30': 1.514, 'best_yds': 1.519, 'career_yds': 1.574, 'final_ppa': 1.548, 'best_ppa': 0.204, 'best_usage': 0.157, 'nfl_entry_age': 0.905, 'breakout_age': -0.448, 'early_declare': -0.713, 'ras': -0.817, 'explosion_p': -0.511, 'speed_score': -1.837, 'weight': -1.283, 'catch_radius': -0.105, 'team_sp_off': -0.478, 'team_sp_overall': -0.918, 'recruit_rating': 0.015, 'prod_over_recruit': 1.161, 'was_returner': 0.693, 'ret_td': 0.347, 'col_qb_ypa': 0.428, 'final_spike': -0.317, 'dom_growth': 1.372}","[{'p': 'Roger Lewis', 'y': 2016, 'sim': 65.0, 'fant': 0.567}, {'p': 'Dede Westbrook', 'y': 2017, 'sim': 64.0, 'fant': 0.854}, {'p': 'Tyler Lockett', 'y': 2015, 'sim': 63.0, 'fant': 0.913}, {'p': 'Tank Dell', 'y': 2023, 'sim': 63.0, 'fant': None}, {'p': 'Efton Chism III', 'y': 2024, 'sim': 62.0, 'fant': None}, {'p': 'Justin Hardy', 'y': 2015, 'sim': 60.0, 'fant': 0.625}]"
Jalen Royals,2025,prediction,7,0.6064981949458483,0.9133574007220217,14.792583253349239,52.103730263038,-0.37575764333741535,0.39430491578195315,0,0,0,,,133.0,21.869952087611225,20.65434633812457,0.377674519126864,1.256,0.8446601941747572,1080.0,1.0,,1.0,"{'best_dom': 0.772, 'final_dom': -0.336, 'dom_age20': -1.358, 'n_seasons_30': 0.306, 'best_yds': 0.387, 'career_yds': -0.095, 'final_ppa': 2.242, 'best_ppa': 0.627, 'best_usage': -0.239, 'nfl_entry_age': -0.245, 'breakout_age': -0.449, 'early_declare': 1.399, 'ras': 0.66, 'explosion_p': 1.602, 'speed_score': 1.024, 'weight': 0.23, 'catch_radius': -0.83, 'team_sp_off': -1.0, 'team_sp_overall': -1.972, 'recruit_rating': 0.0, 'prod_over_recruit': 0.0, 'was_returner': 0.693, 'ret_td': -0.418, 'col_qb_ypa': 0.256, 'final_spike': -0.296, 'dom_growth': -2.414}","[{'p': 'Tai Felton', 'y': 2025, 'sim': 63.0, 'fant': None}, {'p': 'Jaylin Noel', 'y': 2025, 'sim': 63.0, 'fant': None}, {'p': 'Gary Jennings', 'y': 2019, 'sim': 63.0, 'fant': 0.178}, {'p': 'Rashee Rice', 'y': 2023, 'sim': 62.0, 'fant': None}, {'p': 'Pat Bryant', 'y': 2025, 'sim': 62.0, 'fant': None}, {'p': 'Tre Harris', 'y': 2025, 'sim': 62.0, 'fant': None}]"
Da'Quan Felton,2025,prediction,2,0.17328519855595667,0.2743682310469314,10.19885314777833,35.400790170419455,-0.7893533043692882,0.24928107616827144,0,0,0,,,270.0,23.96714579055441,21.752224503764545,0.3892941389947378,0.62,0.4419762216386623,667.0,1.0,,2.0,"{'best_dom': 0.897, 'final_dom': -1.255, 'dom_age20': -1.358, 'n_seasons_30': 1.514, 'best_yds': -0.772, 'career_yds': -0.344, 'final_ppa': -0.181, 'best_ppa': 0.579, 'best_usage': -0.19, 'nfl_entry_age': 2.092, 'breakout_age': -0.412, 'early_declare': -0.713, 'ras': 0.063, 'explosion_p': -0.171, 'speed_score': 0.634, 'weight': 0.806, 'catch_radius': -0.021, 'team_sp_off': -1.164, 'team_sp_overall': -0.542, 'recruit_rating': 0.0, 'prod_over_recruit': 0.0, 'was_returner': -1.439, 'ret_td': 0.0, 'col_qb_ypa': -0.775, 'final_spike': -0.365, 'dom_growth': 0.0}","[{'p': 'David Sills', 'y': 2019, 'sim': 68.0, 'fant': 0.396}, {'p': 'Chase Roberts', 'y': 2026, 'sim': 64.0, 'fant': None}, {'p': 'Will Sheppard', 'y': 2025, 'sim': 59.0, 'fant': None}, {'p': 'Byron Pringle', 'y': 2018, 'sim': 59.0, 'fant': 0.693}, {'p': 'Simi Fehoko', 'y': 2021, 'sim': 59.0, 'fant': 0.452}, {'p': 'Jester Weah', 'y': 2018, 'sim': 58.0, 'fant': 0.178}]"
Jaylin Lane,2025,prediction,6,0.5992779783393501,0.4151624548736462,14.48095538980683,37.85960996684915,-0.8161001087464261,-0.3339085162684972,0,0,0,,,128.0,22.67214236824093,20.45722108145106,0.2560738581146744,0.747,,940.0,1.0,3.0,0.0,"{'best_dom': -0.53, 'final_dom': -1.042, 'dom_age20': 0.669, 'n_seasons_30': -0.902, 'best_yds': -0.006, 'career_yds': 0.615, 'final_ppa': 0.303, 'best_ppa': -0.43, 'best_usage': -0.412, 'nfl_entry_age': 0.649, 'breakout_age': -0.456, 'early_declare': -0.713, 'ras': 0.087, 'explosion_p': 0.0, 'speed_score': 0.0, 'weight': -0.779, 'catch_radius': -0.185, 'team_sp_off': -1.447, 'team_sp_overall': -1.629, 'recruit_rating': -0.966, 'prod_over_recruit': 0.521, 'was_returner': 0.693, 'ret_td': 1.111, 'col_qb_ypa': -1.205, 'final_spike': -0.378, 'dom_growth': -0.486}","[{'p': 'Jordan Watkins', 'y': 2025, 'sim': 67.0, 'fant': None}, {'p': 'Daesean Hamilton', 'y': 2018, 'sim': 60.0, 'fant': 0.653}, {'p': 'Braxton Berrios', 'y': 2018, 'sim': 60.0, 'fant': 0.678}, {'p': 'Danny Gray', 'y': 2022, 'sim': 59.0, 'fant': 0.356}, {'p': 'Malachi Corley', 'y': 2024, 'sim': 59.0, 'fant': None}, {'p': 'Kevin Coleman Jr.', 'y': 2026, 'sim': 59.0, 'fant': None}]"
Kyle Williams,2025,prediction,9,0.8447653429602888,0.9783393501805054,25.36894890080448,56.66752849240012,0.08996701920279368,0.28761627412495655,0,1,0,,,69.0,22.13552361396304,17.921971252566735,0.3783234968801979,1.231,0.5033257799222519,1193.0,1.0,3.0,2.0,"{'best_dom': 0.779, 'final_dom': 1.106, 'dom_age20': 1.474, 'n_seasons_30': 1.514, 'best_yds': 0.704, 'career_yds': 1.846, 'final_ppa': 2.146, 'best_ppa': 0.55, 'best_usage': 0.28, 'nfl_entry_age': 0.051, 'breakout_age': -0.542, 'early_declare': -0.713, 'ras': -0.651, 'explosion_p': 0.099, 'speed_score': 0.358, 'weight': -0.851, 'catch_radius': -1.297, 'team_sp_off': -0.195, 'team_sp_overall': -0.927, 'recruit_rating': -0.793, 'prod_over_recruit': 1.641, 'was_returner': 0.693, 'ret_td': -0.418, 'col_qb_ypa': 0.686, 'final_spike': -0.105, 'dom_growth': -1.074}","[{'p': 'Konata Mumpfield', 'y': 2025, 'sim': 66.0, 'fant': None}, {'p': 'Khalil Shakir', 'y': 2022, 'sim': 61.0, 'fant': 0.724}, {'p': 'Tyler Lockett', 'y': 2015, 'sim': 59.0, 'fant': 0.913}, {'p': 'Leonte Carroo', 'y': 2016, 'sim': 59.0, 'fant': 0.437}, {'p': 'Phillip Dorsett', 'y': 2015, 'sim': 59.0, 'fant': 0.746}, {'p': 'Skyy Moore', 'y': 2022, 'sim': 59.0, 'fant': 0.498}]"
Germie Bernard,2026,prediction,9,0.8592057761732852,0.4584837545126354,26.22357800110434,38.61525179281335,-0.5614853202090178,-0.4374570471762925,0,0,0,,,47.0,22.083504449007528,21.869952087611225,0.2184061156083986,0.586,0.4972301678773519,862.0,1.0,4.0,0.0,"{'best_dom': -0.933, 'final_dom': -0.477, 'dom_age20': -0.828, 'n_seasons_30': -0.902, 'best_yds': -0.225, 'career_yds': 0.237, 'final_ppa': -0.31, 'best_ppa': 0.713, 'best_usage': 0.305, 'nfl_entry_age': -0.007, 'breakout_age': -0.408, 'early_declare': -0.713, 'ras': 0.246, 'explosion_p': 0.072, 'speed_score': 0.456, 'weight': 0.302, 'catch_radius': -0.5, 'team_sp_off': -0.463, 'team_sp_overall': 0.229, 'recruit_rating': 0.385, 'prod_over_recruit': -1.068, 'was_returner': 0.693, 'ret_td': -0.418, 'col_qb_ypa': 0.0, 'final_spike': -0.203, 'dom_growth': -0.006}","[{'p': 'Omar Cooper Jr.', 'y': 2026, 'sim': 65.0, 'fant': None}, {'p': 'Jalen McMillan', 'y': 2024, 'sim': 63.0, 'fant': None}, {'p': 'ArDarius Stewart', 'y': 2017, 'sim': 63.0, 'fant': 0.378}, {'p': 'Jack Bech', 'y': 2025, 'sim': 62.0, 'fant': None}, {'p': 'Javon McKinley', 'y': 2021, 'sim': 59.0, 'fant': 0.178}, {'p': 'Jordan Hudson', 'y': 2026, 'sim': 59.0, 'fant': None}]"
Jordyn Tyson,2026,prediction,10,0.9927797833935018,0.9133574007220217,56.211689937521946,52.224273955327845,1.4652771530423834,0.472379586903431,0,0,1,,,8.0,21.388090349075977,18.17385352498289,0.3636428930546578,0.537,,1101.0,1.0,3.0,3.0,"{'best_dom': 0.622, 'final_dom': 0.551, 'dom_age20': 1.521, 'n_seasons_30': 2.722, 'best_yds': 0.446, 'career_yds': 0.328, 'final_ppa': -0.497, 'best_ppa': 0.37, 'best_usage': 0.75, 'nfl_entry_age': -0.782, 'breakout_age': -0.534, 'early_declare': 1.399, 'ras': -0.556, 'explosion_p': 0.0, 'speed_score': 0.0, 'weight': 0.086, 'catch_radius': -0.734, 'team_sp_off': -0.433, 'team_sp_overall': -0.233, 'recruit_rating': -0.408, 'prod_over_recruit': 1.142, 'was_returner': 0.693, 'ret_td': 0.347, 'col_qb_ypa': -0.002, 'final_spike': -0.334, 'dom_growth': -1.168}","[{'p': 'Tajae Sharpe', 'y': 2016, 'sim': 68.0, 'fant': 0.641}, {'p': 'KC Concepcion', 'y': 2026, 'sim': 66.0, 'fant': None}, {'p': 'Michael Gallup', 'y': 2018, 'sim': 63.0, 'fant': 0.882}, {'p': 'Rashod Bateman', 'y': 2021, 'sim': 62.0, 'fant': 0.836}, {'p': 'Tyler Boyd', 'y': 2016, 'sim': 61.0, 'fant': 0.932}, {'p': 'Steven Sims', 'y': 2019, 'sim': 58.0, 'fant': 0.622}]"
Josh Cameron,2026,prediction,5,0.4548736462093863,0.26714801444043323,11.847439566109355,35.203229192359714,0.004360940698419122,-0.8975505568120744,0,0,0,,,191.0,22.792607802874745,21.579739904175224,0.2722705992953934,0.544,,872.0,1.0,,0.0,"{'best_dom': -0.356, 'final_dom': -0.04, 'dom_age20': -0.85, 'n_seasons_30': -0.902, 'best_yds': -0.197, 'career_yds': 0.275, 'final_ppa': -0.47, 'best_ppa': 1.099, 'best_usage': -0.264, 'nfl_entry_age': 0.783, 'breakout_age': -0.418, 'early_declare': -0.713, 'ras': 2.109, 'explosion_p': 0.0, 'speed_score': 0.0, 'weight': 1.31, 'catch_radius': 1.555, 'team_sp_off': -0.374, 'team_sp_overall': -0.918, 'recruit_rating': 0.0, 'prod_over_recruit': 0.0, 'was_returner': 0.693, 'ret_td': -0.418, 'col_qb_ypa': 0.0, 'final_spike': -0.182, 'dom_growth': 0.363}","[{'p': 'Geremy Davis', 'y': 2015, 'sim': 65.0, 'fant': 0.178}, {'p': 'Ben Skowronek', 'y': 2021, 'sim': 65.0, 'fant': 0.52}, {'p': 'Bug Howard', 'y': 2017, 'sim': 63.0, 'fant': 0.178}, {'p': 'Donaven McCulley', 'y': 2026, 'sim': 63.0, 'fant': None}, {'p': 'Joe Reed', 'y': 2020, 'sim': 61.0, 'fant': 0.178}, {'p': 'Caleb Douglas', 'y': 2026, 'sim': 60.0, 'fant': None}]"
Lewis Bond,2026,prediction,5,0.4296028880866426,0.47653429602888087,11.530754821605477,39.272761832824294,-0.5576648114117243,-0.7190806775672097,0,0,0,,,204.0,22.595482546201232,20.38056125941136,0.3682539682539683,0.545,,1010.0,1.0,,1.0,"{'best_dom': 0.672, 'final_dom': -0.904, 'dom_age20': 1.558, 'n_seasons_30': 0.306, 'best_yds': 0.191, 'career_yds': 0.466, 'final_ppa': -0.466, 'best_ppa': 0.017, 'best_usage': 0.701, 'nfl_entry_age': 0.564, 'breakout_age': -0.458, 'early_declare': -0.713, 'ras': 0.0, 'explosion_p': 0.0, 'speed_score': 0.0, 'weight': 0.0, 'catch_radius': 0.0, 'team_sp_off': -1.79, 'team_sp_overall': -1.766, 'recruit_rating': 0.0, 'prod_over_recruit': 0.0, 'was_returner': 0.693, 'ret_td': -0.418, 'col_qb_ypa': 0.0, 'final_spike': -0.091, 'dom_growth': 0.165}","[{'p': 'Cyrus Allen', 'y': 2026, 'sim': 69.0, 'fant': None}, {'p': 'Kalija Lipscomb', 'y': 2020, 'sim': 68.0, 'fant': 0.178}, {'p': ""Da'Ron Brown"", 'y': 2015, 'sim': 63.0, 'fant': 0.178}, {'p': 'Xavier Hutchinson', 'y': 2023, 'sim': 63.0, 'fant': None}, {'p': 'Rodney Adams', 'y': 2017, 'sim': 60.0, 'fant': 0.178}, {'p': 'Dante Pettis', 'y': 2018, 'sim': 58.0, 'fant': 0.675}]"
Chase Roberts,2026,prediction,2,0.1588447653429603,0.3574007220216607,10.171417719375095,36.81637799264289,-0.7427140962109265,-0.07225389161779391,0,0,0,,,270.0,24.944558521560573,22.729637234770703,0.3295219638242894,0.492,0.5444893587135388,803.0,1.0,3.0,1.0,"{'best_dom': 0.257, 'final_dom': 0.623, 'dom_age20': -1.358, 'n_seasons_30': 0.306, 'best_yds': -0.391, 'career_yds': 0.618, 'final_ppa': -0.668, 'best_ppa': 0.193, 'best_usage': -0.313, 'nfl_entry_age': 3.181, 'breakout_age': -0.379, 'early_declare': -0.713, 'ras': 0.199, 'explosion_p': 0.28, 'speed_score': -0.878, 'weight': 0.518, 'catch_radius': 0.904, 'team_sp_off': -0.493, 'team_sp_overall': 0.272, 'recruit_rating': -0.708, 'prod_over_recruit': 1.069, 'was_returner': 0.693, 'ret_td': -0.418, 'col_qb_ypa': -0.26, 'final_spike': -0.229, 'dom_growth': 0.6}","[{'p': 'David Sills', 'y': 2019, 'sim': 68.0, 'fant': 0.396}, {'p': ""Da'Quan Felton"", 'y': 2025, 'sim': 64.0, 'fant': None}, {'p': 'Anthony Smith', 'y': 2026, 'sim': 60.0, 'fant': None}, {'p': ""Da'Ron Brown"", 'y': 2015, 'sim': 59.0, 'fant': 0.178}, {'p': 'Jamal Custis', 'y': 2019, 'sim': 58.0, 'fant': 0.178}, {'p': 'CJ Daniels', 'y': 2026, 'sim': 58.0, 'fant': None}]"
Cyrus Allen,2026,prediction,5,0.49458483754512633,0.3212996389891697,12.3429484894347,36.034454606536585,-0.2941815967172969,-0.38138451128481105,0,0,0,,,176.0,22.888432580424368,20.673511293634498,0.3171906693711968,0.668,,778.0,1.0,3.0,1.0,"{'best_dom': 0.125, 'final_dom': 0.501, 'dom_age20': -0.096, 'n_seasons_30': 0.306, 'best_yds': -0.461, 'career_yds': 0.252, 'final_ppa': 0.002, 'best_ppa': 0.447, 'best_usage': -0.536, 'nfl_entry_age': 0.89, 'breakout_age': -0.449, 'early_declare': -0.713, 'ras': 0.658, 'explosion_p': 0.0, 'speed_score': 0.0, 'weight': 0.0, 'catch_radius': 0.0, 'team_sp_off': -1.969, 'team_sp_overall': -2.143, 'recruit_rating': -0.486, 'prod_over_recruit': 0.662, 'was_returner': 0.693, 'ret_td': -0.418, 'col_qb_ypa': -0.431, 'final_spike': -0.274, 'dom_growth': 0.035}","[{'p': 'Lewis Bond', 'y': 2026, 'sim': 69.0, 'fant': None}, {'p': ""J'Mon Moore"", 'y': 2018, 'sim': 64.0, 'fant': 0.178}, {'p': ""Da'Ron Brown"", 'y': 2015, 'sim': 63.0, 'fant': 0.178}, {'p': 'Kalija Lipscomb', 'y': 2020, 'sim': 62.0, 'fant': 0.178}, {'p': 'Jehu Chesson', 'y': 2017, 'sim': 61.0, 'fant': 0.178}, {'p': 'Jalen Nailor', 'y': 2022, 'sim': 60.0, 'fant': 0.687}]"
Jeff Caldwell,2026,prediction,2,0.19133574007220217,0.5306859205776173,10.248410782960358,40.56473786899386,-1.0898773295979387,0.5350012568177299,0,0,0,,,270.0,22.836413415468854,20.621492128678987,0.4972628430950148,0.607,0.9773732547853,943.0,1.0,,2.0,"{'best_dom': 2.053, 'final_dom': -0.824, 'dom_age20': -0.676, 'n_seasons_30': 1.514, 'best_yds': 0.002, 'career_yds': 0.157, 'final_ppa': -0.23, 'best_ppa': 4.928, 'best_usage': -0.833, 'nfl_entry_age': 0.832, 'breakout_age': -0.45, 'early_declare': -0.713, 'ras': 2.697, 'explosion_p': 2.186, 'speed_score': 2.983, 'weight': 1.022, 'catch_radius': 1.898, 'team_sp_off': 0.0, 'team_sp_overall': 0.0, 'recruit_rating': 0.0, 'prod_over_recruit': 0.0, 'was_returner': 0.693, 'ret_td': -0.418, 'col_qb_ypa': -0.345, 'final_spike': -0.375, 'dom_growth': -0.455}","[{'p': 'Denzel Mims', 'y': 2020, 'sim': 63.0, 'fant': 0.514}, {'p': 'Bryce Lance', 'y': 2026, 'sim': 60.0, 'fant': None}, {'p': 'Hakeem Butler', 'y': 2019, 'sim': 60.0, 'fant': 0.178}, {'p': 'Andrei Iosivas', 'y': 2023, 'sim': 60.0, 'fant': None}, {'p': 'Jester Weah', 'y': 2018, 'sim': 60.0, 'fant': 0.178}, {'p': 'Isaiah Neyor', 'y': 2025, 'sim': 60.0, 'fant': None}]"
Antonio Williams,2026,prediction,8,0.7906137184115524,0.6245487364620939,21.022910491159813,43.5869734014561,0.0328146055203119,-0.1261848550872282,0,0,0,,,71.0,21.46748802190281,20.254620123203285,0.2643193334396207,0.511,0.6713502466486388,902.0,1.0,4.0,0.0,"{'best_dom': -0.441, 'final_dom': -0.88, 'dom_age20': 0.735, 'n_seasons_30': -0.902, 'best_yds': -0.113, 'career_yds': 0.362, 'final_ppa': -0.596, 'best_ppa': -0.181, 'best_usage': 0.082, 'nfl_entry_age': -0.693, 'breakout_age': -0.463, 'early_declare': -0.713, 'ras': 0.304, 'explosion_p': 0.839, 'speed_score': 0.082, 'weight': -1.067, 'catch_radius': -0.31, 'team_sp_off': 0.014, 'team_sp_overall': 0.101, 'recruit_rating': 1.369, 'prod_over_recruit': -1.322, 'was_returner': 0.693, 'ret_td': -0.418, 'col_qb_ypa': -0.603, 'final_spike': -0.327, 'dom_growth': -1.223}","[{'p': 'Jalen McMillan', 'y': 2024, 'sim': 68.0, 'fant': None}, {'p': 'Curtis Samuel', 'y': 2017, 'sim': 64.0, 'fant': 0.885}, {'p': 'Kevin Coleman Jr.', 'y': 2026, 'sim': 63.0, 'fant': None}, {'p': 'Omar Cooper Jr.', 'y': 2026, 'sim': 63.0, 'fant': None}, {'p': 'Anthony Schwartz', 'y': 2021, 'sim': 62.0, 'fant': 0.44}, {'p': 'Marvin Mims', 'y': 2023, 'sim': 61.0, 'fant': None}]"
Skyler Bell,2026,prediction,6,0.5992779783393501,0.6173285198555957,14.725840395226532,43.01223907669376,-1.3890024327562311,0.3949579742523803,0,0,0,,,125.0,23.49349760438056,20.279260780287476,0.3895663956639567,0.619,0.8576492240544514,1276.0,1.0,3.0,1.0,"{'best_dom': 0.9, 'final_dom': 1.217, 'dom_age20': 0.32, 'n_seasons_30': 0.306, 'best_yds': 0.937, 'career_yds': 1.029, 'final_ppa': -0.185, 'best_ppa': 4.598, 'best_usage': 1.419, 'nfl_entry_age': 1.564, 'breakout_age': -0.462, 'early_declare': -0.713, 'ras': 1.384, 'explosion_p': 1.659, 'speed_score': 0.476, 'weight': -0.707, 'catch_radius': 0.494, 'team_sp_off': -0.493, 'team_sp_overall': -0.601, 'recruit_rating': -0.503, 'prod_over_recruit': 1.424, 'was_returner': -1.439, 'ret_td': 0.0, 'col_qb_ypa': 0.0, 'final_spike': -0.085, 'dom_growth': 1.88}","[{'p': 'Jaylin Noel', 'y': 2025, 'sim': 63.0, 'fant': None}, {'p': 'Rashee Rice', 'y': 2023, 'sim': 62.0, 'fant': None}, {'p': 'Kenny Bell', 'y': 2015, 'sim': 62.0, 'fant': 0.178}, {'p': 'Devontez Walker', 'y': 2024, 'sim': 62.0, 'fant': None}, {'p': 'Malik Washington', 'y': 2024, 'sim': 61.0, 'fant': None}, {'p': 'A.T. Perry', 'y': 2023, 'sim': 59.0, 'fant': None}]"
Anthony Smith,2026,prediction,4,0.3971119133574007,0.5090252707581228,11.157769616049084,39.80720702702474,-0.5873084127843926,-0.1253877170479819,0,0,0,,,218.0,23.838466803559207,22.62559890485969,0.3076099499935889,0.65,0.5452425137975332,1053.0,1.0,3.0,1.0,"{'best_dom': 0.022, 'final_dom': 0.406, 'dom_age20': -1.106, 'n_seasons_30': 0.306, 'best_yds': 0.311, 'career_yds': 0.113, 'final_ppa': -0.066, 'best_ppa': 1.751, 'best_usage': -0.586, 'nfl_entry_age': 1.949, 'breakout_age': -0.382, 'early_declare': -0.713, 'ras': -0.022, 'explosion_p': 0.283, 'speed_score': -2.128, 'weight': -0.563, 'catch_radius': 0.726, 'team_sp_off': -0.404, 'team_sp_overall': -0.353, 'recruit_rating': -0.443, 'prod_over_recruit': 0.511, 'was_returner': -1.439, 'ret_td': 0.0, 'col_qb_ypa': 0.0, 'final_spike': -0.134, 'dom_growth': 0.988}","[{'p': ""Da'Ron Brown"", 'y': 2015, 'sim': 70.0, 'fant': 0.178}, {'p': 'Jalen Nailor', 'y': 2022, 'sim': 62.0, 'fant': 0.687}, {'p': 'Colton Dowell', 'y': 2023, 'sim': 62.0, 'fant': None}, {'p': 'Cyrus Allen', 'y': 2026, 'sim': 60.0, 'fant': None}, {'p': 'John Hightower', 'y': 2020, 'sim': 59.0, 'fant': 0.43}, {'p': 'Lewis Bond', 'y': 2026, 'sim': 58.0, 'fant': None}]"
J. Michael Sturdivant,2026,prediction,2,0.1407942238267148,0.38267148014440433,10.134676481007952,37.33496934188809,-0.07652877796678348,-0.35072695684921196,0,0,0,,,270.0,23.32101300479124,20.10677618069815,0.2695192658566582,0.66,0.8797409514879382,755.0,0.0,4.0,0.0,"{'best_dom': -0.386, 'final_dom': -0.995, 'dom_age20': 0.776, 'n_seasons_30': -0.902, 'best_yds': -0.525, 'career_yds': 0.087, 'final_ppa': -0.028, 'best_ppa': 0.077, 'best_usage': -0.214, 'nfl_entry_age': 1.372, 'breakout_age': -0.468, 'early_declare': -0.713, 'ras': 1.745, 'explosion_p': 1.756, 'speed_score': 1.358, 'weight': 0.374, 'catch_radius': 1.346, 'team_sp_off': -1.805, 'team_sp_overall': -1.295, 'recruit_rating': 0.781, 'prod_over_recruit': -0.887, 'was_returner': 0.693, 'ret_td': -0.418, 'col_qb_ypa': -1.119, 'final_spike': -0.366, 'dom_growth': -2.078}","[{'p': 'Cornelius Johnson', 'y': 2024, 'sim': 69.0, 'fant': None}, {'p': 'Tyrie Cleveland', 'y': 2020, 'sim': 65.0, 'fant': 0.412}, {'p': 'Amara Darboh', 'y': 2017, 'sim': 61.0, 'fant': 0.381}, {'p': 'Chris Conley', 'y': 2015, 'sim': 60.0, 'fant': 0.712}, {'p': 'Colbie Young', 'y': 2026, 'sim': 60.0, 'fant': None}, {'p': 'Chimere Dike', 'y': 2025, 'sim': 60.0, 'fant': None}]"
Eric Rivers,2026,prediction,2,0.18411552346570398,0.5451263537906137,10.232619281096346,41.0592946,-1.330371901338058,-0.036148683434392245,0,0,0,,,270.0,23.290896646132783,22.078028747433265,0.4628586996004359,0.49,0.659537902402859,1172.0,1.0,3.0,1.0,"{'best_dom': 1.684, 'final_dom': -1.047, 'dom_age20': -1.358, 'n_seasons_30': 0.306, 'best_yds': 0.645, 'career_yds': 0.217, 'final_ppa': -0.676, 'best_ppa': 1.238, 'best_usage': -0.709, 'nfl_entry_age': 1.338, 'breakout_age': -0.401, 'early_declare': -0.713, 'ras': -0.056, 'explosion_p': 0.787, 'speed_score': 0.019, 'weight': -1.86, 'catch_radius': -1.08, 'team_sp_off': -2.208, 'team_sp_overall': -2.075, 'recruit_rating': -0.684, 'prod_over_recruit': 1.887, 'was_returner': 0.693, 'ret_td': -0.418, 'col_qb_ypa': 0.17, 'final_spike': -0.356, 'dom_growth': -1.117}","[{'p': 'Devonte Ross', 'y': 2026, 'sim': 65.0, 'fant': None}, {'p': 'Malik Washington', 'y': 2024, 'sim': 65.0, 'fant': None}, {'p': 'Anthony Smith', 'y': 2026, 'sim': 59.0, 'fant': None}, {'p': 'Jalen Nailor', 'y': 2022, 'sim': 59.0, 'fant': 0.687}, {'p': 'Marquez Stevenson', 'y': 2021, 'sim': 58.0, 'fant': 0.178}, {'p': 'Skyler Bell', 'y': 2026, 'sim': 58.0, 'fant': None}]"
Dillon Bell,2026,prediction,3,0.22743682310469315,0.18050541516245489,10.399540155728968,31.698110913232348,-0.13261053907134074,-0.7464830824011354,0,0,0,,,270.0,22.154688569472963,99.0,0.1279230071199218,0.283,0.7444229407885129,466.0,0.0,3.0,0.0,"{'best_dom': -1.902, 'final_dom': -1.812, 'dom_age20': -0.756, 'n_seasons_30': -0.902, 'best_yds': -1.337, 'career_yds': -0.837, 'final_ppa': -1.464, 'best_ppa': -0.889, 'best_usage': -0.709, 'nfl_entry_age': 0.072, 'breakout_age': 2.214, 'early_declare': -0.713, 'ras': 0.415, 'explosion_p': 1.16, 'speed_score': 0.419, 'weight': 0.518, 'catch_radius': -0.01, 'team_sp_off': 0.297, 'team_sp_overall': 1.043, 'recruit_rating': -0.029, 'prod_over_recruit': -1.125, 'was_returner': 0.693, 'ret_td': -0.418, 'col_qb_ypa': -0.345, 'final_spike': -0.355, 'dom_growth': -1.122}","[{'p': 'Brandon Smith', 'y': 2021, 'sim': 81.0, 'fant': 0.178}, {'p': 'Adam Humphries', 'y': 2015, 'sim': 70.0, 'fant': 0.839}, {'p': 'Quincy Adeboyejo', 'y': 2017, 'sim': 69.0, 'fant': 0.178}, {'p': 'Kolby Listenbee', 'y': 2016, 'sim': 69.0, 'fant': 0.178}, {'p': 'Joseph Ngata', 'y': 2023, 'sim': 66.0, 'fant': None}, {'p': 'Jalen Brooks', 'y': 2023, 'sim': 65.0, 'fant': None}]"
Zachariah Branch,2026,prediction,8,0.7617328519855595,0.5740072202166066,19.573155468716536,41.66298391901084,0.23766889915351613,-0.23718860201437944,0,0,0,,,79.0,21.760438056125945,21.54688569472964,0.2515277327278624,0.569,0.6603551963654325,811.0,1.0,5.0,0.0,"{'best_dom': -0.578, 'final_dom': -0.149, 'dom_age20': -0.852, 'n_seasons_30': -0.902, 'best_yds': -0.368, 'career_yds': -0.417, 'final_ppa': -0.375, 'best_ppa': -0.776, 'best_usage': -0.437, 'nfl_entry_age': -0.367, 'breakout_age': -0.419, 'early_declare': 1.399, 'ras': -0.054, 'explosion_p': 0.79, 'speed_score': 0.08, 'weight': -1.787, 'catch_radius': -1.264, 'team_sp_off': 0.253, 'team_sp_overall': 1.026, 'recruit_rating': 1.773, 'prod_over_recruit': -1.8, 'was_returner': 0.693, 'ret_td': 1.111, 'col_qb_ypa': 0.0, 'final_spike': -0.047, 'dom_growth': 0.275}","[{'p': 'Kevin Coleman Jr.', 'y': 2026, 'sim': 67.0, 'fant': None}, {'p': 'Antonio Williams', 'y': 2026, 'sim': 64.0, 'fant': None}, {'p': 'Rakim Jarrett', 'y': 2023, 'sim': 64.0, 'fant': None}, {'p': 'Jeff Thomas', 'y': 2020, 'sim': 61.0, 'fant': None}, {'p': 'Dominic Lovett', 'y': 2025, 'sim': 59.0, 'fant': None}, {'p': 'Isaiah McKenzie', 'y': 2017, 'sim': 58.0, 'fant': 0.697}]"
Ted Hurst,2026,prediction,8,0.7472924187725631,0.7003610108303249,19.164251368869316,46.16434062902242,0.9755469320647776,0.5227761358021512,1,0,0,,,84.0,21.50034223134839,20.28747433264887,0.3708513708513709,0.482,0.8182092090220472,1004.0,1.0,,2.0,"{'best_dom': 0.699, 'final_dom': 0.339, 'dom_age20': 1.578, 'n_seasons_30': 1.514, 'best_yds': 0.174, 'career_yds': -0.037, 'final_ppa': -0.706, 'best_ppa': 1.352, 'best_usage': 0.553, 'nfl_entry_age': -0.657, 'breakout_age': -0.462, 'early_declare': 1.399, 'ras': 1.552, 'explosion_p': 1.485, 'speed_score': 1.081, 'weight': 0.302, 'catch_radius': 1.337, 'team_sp_off': -2.491, 'team_sp_overall': -3.137, 'recruit_rating': 0.0, 'prod_over_recruit': 0.0, 'was_returner': -1.439, 'ret_td': 0.0, 'col_qb_ypa': 0.0, 'final_spike': -0.216, 'dom_growth': -1.808}","[{'p': 'Denzel Mims', 'y': 2020, 'sim': 75.0, 'fant': 0.514}, {'p': 'Sammie Coates', 'y': 2015, 'sim': 65.0, 'fant': 0.573}, {'p': 'Jaelen Strong', 'y': 2015, 'sim': 63.0, 'fant': 0.56}, {'p': 'Elic Ayomanor', 'y': 2025, 'sim': 63.0, 'fant': None}, {'p': 'Courtland Sutton', 'y': 2018, 'sim': 62.0, 'fant': 0.864}, {'p': 'Denzel Boston', 'y': 2026, 'sim': 62.0, 'fant': None}]"
Colbie Young,2026,prediction,6,0.5667870036101083,0.22021660649819494,13.783557262551762,33.92056519625642,-0.5239980164019816,-0.6290914444618446,0,0,0,,,140.0,23.44147843942505,20.22724161533197,0.2041893404345645,0.673,0.8407766990291262,563.0,0.0,,0.0,"{'best_dom': -1.085, 'final_dom': -1.866, 'dom_age20': 0.259, 'n_seasons_30': -0.902, 'best_yds': -1.064, 'career_yds': -0.633, 'final_ppa': 0.021, 'best_ppa': -0.161, 'best_usage': -1.105, 'nfl_entry_age': 1.506, 'breakout_age': -0.464, 'early_declare': -0.713, 'ras': 0.887, 'explosion_p': 1.584, 'speed_score': 1.007, 'weight': 1.166, 'catch_radius': 0.994, 'team_sp_off': -0.687, 'team_sp_overall': -0.216, 'recruit_rating': 0.0, 'prod_over_recruit': 0.0, 'was_returner': -1.439, 'ret_td': 0.0, 'col_qb_ypa': -0.088, 'final_spike': -0.337, 'dom_growth': -2.261}","[{'p': 'Mack Hollins', 'y': 2017, 'sim': 68.0, 'fant': 0.638}, {'p': 'Cornelius Johnson', 'y': 2024, 'sim': 65.0, 'fant': None}, {'p': 'J. Michael Sturdivant', 'y': 2026, 'sim': 61.0, 'fant': None}, {'p': 'Caleb Douglas', 'y': 2026, 'sim': 60.0, 'fant': None}, {'p': ""De'Zhaun Stribling"", 'y': 2026, 'sim': 60.0, 'fant': None}, {'p': 'Ben Skowronek', 'y': 2021, 'sim': 60.0, 'fant': 0.52}]"
Jalen Walthall,2026,prediction,3,0.296028880866426,0.6064981949458483,10.602774678972565,42.45340566548861,-0.19981113197388314,-0.033143628256169504,0,0,0,,,270.0,,,0.3699460916442049,0.309,0.4926058431030007,1261.0,1.0,,2.0,"{'best_dom': 0.69, 'final_dom': 0.867, 'dom_age20': 0.0, 'n_seasons_30': 1.514, 'best_yds': 0.895, 'career_yds': 0.654, 'final_ppa': -1.365, 'best_ppa': -0.263, 'best_usage': 0.553, 'nfl_entry_age': 0.0, 'breakout_age': 0.0, 'early_declare': 0.0, 'ras': -0.876, 'explosion_p': 0.052, 'speed_score': -1.164, 'weight': -0.779, 'catch_radius': -0.798, 'team_sp_off': 0.0, 'team_sp_overall': 0.0, 'recruit_rating': 0.0, 'prod_over_recruit': 0.0, 'was_returner': -1.439, 'ret_td': 0.0, 'col_qb_ypa': -0.947, 'final_spike': -0.326, 'dom_growth': 0.808}","[{'p': 'Steven Sims', 'y': 2019, 'sim': 61.0, 'fant': 0.622}, {'p': 'Tamorrion Terry', 'y': 2021, 'sim': 60.0, 'fant': None}, {'p': 'Robby Anderson', 'y': 2016, 'sim': 60.0, 'fant': None}, {'p': 'Rodney Adams', 'y': 2017, 'sim': 59.0, 'fant': 0.178}, {'p': 'James Proche', 'y': 2020, 'sim': 59.0, 'fant': 0.471}, {'p': 'Kalija Lipscomb', 'y': 2020, 'sim': 59.0, 'fant': 0.178}]"
Omar Cooper Jr.,2026,prediction,10,0.9169675090252708,0.6389891696750902,34.49901952444709,43.76606826503577,-0.9500337878934323,-0.2770029509916939,0,0,0,,,30.0,22.050650239561943,21.83709787816564,0.2668924293733948,0.794,0.7232081811255885,961.0,1.0,4.0,0.0,"{'best_dom': -0.414, 'final_dom': 0.003, 'dom_age20': -0.504, 'n_seasons_30': -0.902, 'best_yds': 0.053, 'career_yds': -0.201, 'final_ppa': 0.482, 'best_ppa': 1.923, 'best_usage': -0.784, 'nfl_entry_age': -0.043, 'breakout_age': -0.409, 'early_declare': -0.713, 'ras': 0.176, 'explosion_p': 1.067, 'speed_score': 0.677, 'weight': -0.203, 'catch_radius': -0.246, 'team_sp_off': 0.819, 'team_sp_overall': 1.737, 'recruit_rating': 0.201, 'prod_over_recruit': -0.538, 'was_returner': 0.693, 'ret_td': -0.418, 'col_qb_ypa': 0.0, 'final_spike': -0.045, 'dom_growth': 0.044}","[{'p': 'Germie Bernard', 'y': 2026, 'sim': 66.0, 'fant': None}, {'p': 'Jalen McMillan', 'y': 2024, 'sim': 66.0, 'fant': None}, {'p': 'Jack Bech', 'y': 2025, 'sim': 65.0, 'fant': None}, {'p': 'Antonio Williams', 'y': 2026, 'sim': 62.0, 'fant': None}, {'p': 'ArDarius Stewart', 'y': 2017, 'sim': 61.0, 'fant': 0.378}, {'p': 'Matthew Golden', 'y': 2025, 'sim': 61.0, 'fant': None}]"
Elijah Sarratt,2026,prediction,8,0.7689530685920578,0.8158844765342961,19.836740754574272,48.86374485731899,0.4925803789761193,-0.04759681313485601,0,0,0,,,115.0,22.598220396988363,19.38398357289528,0.3502196495315761,0.785,,1191.0,1.0,,1.0,"{'best_dom': 0.478, 'final_dom': 0.018, 'dom_age20': 1.415, 'n_seasons_30': 0.306, 'best_yds': 0.699, 'career_yds': 1.899, 'final_ppa': 0.448, 'best_ppa': 1.178, 'best_usage': -0.487, 'nfl_entry_age': 0.567, 'breakout_age': -0.492, 'early_declare': -0.713, 'ras': 1.139, 'explosion_p': 0.0, 'speed_score': 0.0, 'weight': 0.59, 'catch_radius': 0.79, 'team_sp_off': -0.105, 'team_sp_overall': -0.028, 'recruit_rating': 0.0, 'prod_over_recruit': 0.0, 'was_returner': 0.693, 'ret_td': -0.418, 'col_qb_ypa': 0.6, 'final_spike': -0.325, 'dom_growth': -1.903}","[{'p': ""J'Mon Moore"", 'y': 2018, 'sim': 72.0, 'fant': 0.178}, {'p': 'Romeo Doubs', 'y': 2022, 'sim': 70.0, 'fant': 0.827}, {'p': 'Tre Harris', 'y': 2025, 'sim': 68.0, 'fant': None}, {'p': 'Michael Thomas', 'y': 2016, 'sim': 67.0, 'fant': 0.994}, {'p': 'Travis Fulgham', 'y': 2019, 'sim': 64.0, 'fant': 0.845}, {'p': 'Eric McAlister', 'y': 2026, 'sim': 62.0, 'fant': None}]"
Kaden Wetjen,2026,prediction,7,0.6064981949458483,0.010830324909747292,14.832840178226565,20.922472842719138,-0.22047903685033132,-1.3950091479347764,0,0,0,,,121.0,23.81656399726215,99.0,0.0822362529106215,0.082,0.477476509542693,151.0,0.0,,0.0,"{'best_dom': -2.391, 'final_dom': -1.824, 'dom_age20': -1.358, 'n_seasons_30': -0.902, 'best_yds': -2.221, 'career_yds': -2.069, 'final_ppa': -2.23, 'best_ppa': -0.82, 'best_usage': -1.674, 'nfl_entry_age': 1.924, 'breakout_age': 2.214, 'early_declare': -0.713, 'ras': -1.3, 'explosion_p': -0.015, 'speed_score': -0.16, 'weight': -0.635, 'catch_radius': -1.787, 'team_sp_off': -0.478, 'team_sp_overall': 0.649, 'recruit_rating': 0.0, 'prod_over_recruit': 0.0, 'was_returner': 0.693, 'ret_td': 4.171, 'col_qb_ypa': 0.0, 'final_spike': 0.449, 'dom_growth': -0.685}","[{'p': 'Chris Finke', 'y': 2020, 'sim': 69.0, 'fant': 0.178}, {'p': 'Chris Hilton', 'y': 2026, 'sim': 67.0, 'fant': None}, {'p': 'DeAndrew White', 'y': 2015, 'sim': 65.0, 'fant': 0.178}, {'p': 'Hunter Renfrow', 'y': 2019, 'sim': 64.0, 'fant': 0.867}, {'p': 'Slade Bolden', 'y': 2022, 'sim': 64.0, 'fant': 0.178}, {'p': 'Kaelin Clay', 'y': 2015, 'sim': 63.0, 'fant': 0.402}]"
Emmanuel Henderson Jr.,2026,prediction,5,0.4332129963898917,0.15162454873646208,11.61196435159202,30.86290107064099,-1.1964692562323156,-0.07536570605234524,0,0,0,,,199.0,22.784394250513348,22.570841889117045,0.2537714097496706,0.483,0.3744168199209124,766.0,1.0,,0.0,"{'best_dom': -0.554, 'final_dom': -0.127, 'dom_age20': -1.343, 'n_seasons_30': -0.902, 'best_yds': -0.494, 'career_yds': -1.305, 'final_ppa': -0.703, 'best_ppa': 2.011, 'best_usage': -0.487, 'nfl_entry_age': 0.774, 'breakout_age': -0.384, 'early_declare': -0.713, 'ras': -1.142, 'explosion_p': -0.469, 'speed_score': -0.323, 'weight': -1.211, 'catch_radius': -1.11, 'team_sp_off': -0.657, 'team_sp_overall': -0.687, 'recruit_rating': 0.0, 'prod_over_recruit': 0.0, 'was_returner': 0.693, 'ret_td': 0.347, 'col_qb_ypa': 0.0, 'final_spike': 2.247, 'dom_growth': 0.795}","[{'p': 'Vinny Anthony II', 'y': 2026, 'sim': 69.0, 'fant': None}, {'p': 'Junior Bergen', 'y': 2025, 'sim': 68.0, 'fant': None}, {'p': 'Frank Darby', 'y': 2021, 'sim': 63.0, 'fant': 0.178}, {'p': 'Tony Brown', 'y': 2020, 'sim': 63.0, 'fant': None}, {'p': 'Jordan Hudson', 'y': 2026, 'sim': 60.0, 'fant': None}, {'p': 'Rodney Adams', 'y': 2017, 'sim': 60.0, 'fant': 0.178}]"
Kendrick Law,2026,prediction,6,0.555956678700361,0.4693140794223827,13.364461457816134,38.96205556938723,0.10467517832748968,-0.43910690498781024,0,0,0,,,168.0,21.5523613963039,21.3388090349076,0.2114321089558398,0.485,0.835704936972738,540.0,1.0,4.0,0.0,"{'best_dom': -1.007, 'final_dom': -0.546, 'dom_age20': -0.99, 'n_seasons_30': -0.902, 'best_yds': -1.129, 'career_yds': -1.28, 'final_ppa': -0.695, 'best_ppa': -0.844, 'best_usage': -0.784, 'nfl_entry_age': -0.599, 'breakout_age': -0.426, 'early_declare': -0.713, 'ras': 0.776, 'explosion_p': 1.562, 'speed_score': 0.595, 'weight': 0.086, 'catch_radius': 0.215, 'team_sp_off': -1.462, 'team_sp_overall': -0.884, 'recruit_rating': 1.203, 'prod_over_recruit': -1.603, 'was_returner': 0.693, 'ret_td': -0.418, 'col_qb_ypa': 0.0, 'final_spike': 0.662, 'dom_growth': 0.355}","[{'p': 'Tyrie Cleveland', 'y': 2020, 'sim': 65.0, 'fant': 0.412}, {'p': 'Speedy Noil', 'y': 2017, 'sim': 62.0, 'fant': None}, {'p': 'Antonio Williams', 'y': 2026, 'sim': 62.0, 'fant': None}, {'p': 'Michael Rector', 'y': 2017, 'sim': 61.0, 'fant': None}, {'p': 'Darius Slayton', 'y': 2019, 'sim': 61.0, 'fant': 0.851}, {'p': 'Parris Campbell', 'y': 2019, 'sim': 60.0, 'fant': 0.663}]"
Chris Bell,2026,prediction,8,0.7220216606498195,0.6101083032490975,17.95591852971621,42.73020991297427,0.7459252175251754,-0.3889793539301339,0,0,0,,,94.0,21.56878850102669,21.35523613963039,0.326534170153417,0.536,,917.0,1.0,3.0,1.0,"{'best_dom': 0.225, 'final_dom': 0.593, 'dom_age20': 0.103, 'n_seasons_30': 0.306, 'best_yds': -0.071, 'career_yds': 0.194, 'final_ppa': -0.501, 'best_ppa': 0.713, 'best_usage': 0.825, 'nfl_entry_age': -0.58, 'breakout_age': -0.425, 'early_declare': -0.713, 'ras': 1.495, 'explosion_p': 0.0, 'speed_score': 0.0, 'weight': 1.454, 'catch_radius': 0.841, 'team_sp_off': -0.553, 'team_sp_overall': 0.024, 'recruit_rating': -0.642, 'prod_over_recruit': 1.018, 'was_returner': 0.693, 'ret_td': -0.418, 'col_qb_ypa': 0.0, 'final_spike': -0.156, 'dom_growth': 1.24}","[{'p': 'Felton Davis', 'y': 2019, 'sim': 66.0, 'fant': 0.178}, {'p': 'Denzel Boston', 'y': 2026, 'sim': 62.0, 'fant': None}, {'p': 'Cedric Tillman', 'y': 2023, 'sim': 60.0, 'fant': None}, {'p': 'Jerome Lane', 'y': 2017, 'sim': 60.0, 'fant': None}, {'p': ""J'Mon Moore"", 'y': 2018, 'sim': 58.0, 'fant': 0.178}, {'p': 'Elijah Sarratt', 'y': 2026, 'sim': 58.0, 'fant': None}]"
Caullin Lacy,2026,prediction,1,0.018050541516245487,0.07220216606498195,9.606656780766869,28.204258654329927,-1.046957266820889,-0.14417770450044315,0,0,0,,,270.0,24.02737850787132,20.813141683778237,0.3137550200803213,0.258,0.1608565400726132,1316.0,1.0,3.0,1.0,"{'best_dom': 0.088, 'final_dom': -0.993, 'dom_age20': -0.983, 'n_seasons_30': 0.306, 'best_yds': 1.05, 'career_yds': 1.553, 'final_ppa': -1.56, 'best_ppa': -0.049, 'best_usage': 0.33, 'nfl_entry_age': 2.159, 'breakout_age': -0.444, 'early_declare': -0.713, 'ras': -1.794, 'explosion_p': -1.409, 'speed_score': -1.405, 'weight': -1.355, 'catch_radius': -1.144, 'team_sp_off': -0.702, 'team_sp_overall': -0.601, 'recruit_rating': -1.033, 'prod_over_recruit': 1.107, 'was_returner': 0.693, 'ret_td': 2.641, 'col_qb_ypa': -0.002, 'final_spike': -0.382, 'dom_growth': -0.043}","[{'p': 'Whop Philyor', 'y': 2021, 'sim': 63.0, 'fant': 0.178}, {'p': 'Gabe Marks', 'y': 2017, 'sim': 61.0, 'fant': None}, {'p': 'Deon Long', 'y': 2015, 'sim': 59.0, 'fant': 0.178}, {'p': 'Mario Alford', 'y': 2015, 'sim': 59.0, 'fant': 0.178}, {'p': 'Trebor Pena', 'y': 2026, 'sim': 59.0, 'fant': None}, {'p': 'Josh Johnson', 'y': 2022, 'sim': 59.0, 'fant': None}]"
Aaron Anderson,2026,prediction,1,0.04332129963898917,0.061371841155234655,9.761867999033338,27.896159270208116,-0.7687158094235063,-0.42054147880266574,0,0,0,,,270.0,,,0.1933322638386977,0.605,0.0970542627005677,875.0,1.0,4.0,0.0,"{'best_dom': -1.201, 'final_dom': -1.978, 'dom_age20': 0.0, 'n_seasons_30': -0.902, 'best_yds': -0.188, 'career_yds': -0.763, 'final_ppa': -0.238, 'best_ppa': -0.49, 'best_usage': -0.784, 'nfl_entry_age': 0.0, 'breakout_age': 0.0, 'early_declare': 0.0, 'ras': -2.19, 'explosion_p': -1.69, 'speed_score': -0.993, 'weight': -0.779, 'catch_radius': -1.949, 'team_sp_off': 0.223, 'team_sp_overall': 0.324, 'recruit_rating': 1.533, 'prod_over_recruit': -2.04, 'was_returner': 0.693, 'ret_td': 0.347, 'col_qb_ypa': -0.431, 'final_spike': -0.391, 'dom_growth': -0.757}","[{'p': 'Bralon Addison', 'y': 2016, 'sim': 73.0, 'fant': 0.178}, {'p': 'Nyqwan Murray', 'y': 2019, 'sim': 70.0, 'fant': None}, {'p': 'Kermit Whitfield', 'y': 2017, 'sim': 70.0, 'fant': 0.178}, {'p': 'Tayvion Robinson', 'y': 2024, 'sim': 70.0, 'fant': None}, {'p': 'Aaron Fuller', 'y': 2020, 'sim': 69.0, 'fant': 0.178}, {'p': 'James Quick', 'y': 2017, 'sim': 68.0, 'fant': None}]"
Barion Brown,2026,prediction,7,0.6714801444043321,0.18411552346570398,16.361697959716356,32.66011278173643,0.6894965930164909,-0.5680086448620375,0,0,0,,,190.0,22.05612594113621,18.84188911704312,0.2111052539096819,0.231,0.226885492334497,628.0,1.0,4.0,0.0,"{'best_dom': -1.011, 'final_dom': -1.509, 'dom_age20': 0.313, 'n_seasons_30': -0.902, 'best_yds': -0.882, 'career_yds': 0.072, 'final_ppa': -1.662, 'best_ppa': -0.88, 'best_usage': -0.437, 'nfl_entry_age': -0.037, 'breakout_age': -0.511, 'early_declare': -0.713, 'ras': -1.542, 'explosion_p': -1.118, 'speed_score': -0.407, 'weight': -1.787, 'catch_radius': -1.399, 'team_sp_off': -1.805, 'team_sp_overall': 0.075, 'recruit_rating': 1.133, 'prod_over_recruit': -1.545, 'was_returner': 0.693, 'ret_td': 4.171, 'col_qb_ypa': 0.256, 'final_spike': -0.274, 'dom_growth': -2.025}","[{'p': 'Dominic Lovett', 'y': 2025, 'sim': 63.0, 'fant': None}, {'p': 'Jeff Thomas', 'y': 2020, 'sim': 62.0, 'fant': None}, {'p': 'Junior Bergen', 'y': 2025, 'sim': 61.0, 'fant': None}, {'p': 'Bralon Addison', 'y': 2016, 'sim': 60.0, 'fant': 0.178}, {'p': 'Travis Rudolph', 'y': 2017, 'sim': 60.0, 'fant': 0.443}, {'p': 'Stacy Coley', 'y': 2017, 'sim': 60.0, 'fant': 0.178}]"
Chris Hilton,2026,prediction,2,0.10830324909747292,0.010830324909747292,10.048363879679904,21.753183038941508,-1.649416983421689,-0.6984585050627639,0,0,0,,,270.0,23.225188227241617,99.0,0.0814743827890168,0.173,0.4507694339871871,243.0,0.0,4.0,0.0,"{'best_dom': -2.399, 'final_dom': -2.436, 'dom_age20': -1.138, 'n_seasons_30': -0.902, 'best_yds': -1.963, 'career_yds': -1.412, 'final_ppa': -1.883, 'best_ppa': 5.025, 'best_usage': -1.575, 'nfl_entry_age': 1.265, 'breakout_age': 2.214, 'early_declare': -0.713, 'ras': -0.739, 'explosion_p': -0.132, 'speed_score': 0.14, 'weight': -0.995, 'catch_radius': -0.453, 'team_sp_off': 0.223, 'team_sp_overall': 0.324, 'recruit_rating': 1.231, 'prod_over_recruit': -2.071, 'was_returner': 0.693, 'ret_td': -0.418, 'col_qb_ypa': -0.431, 'final_spike': -0.377, 'dom_growth': -1.301}","[{'p': 'Kearis Jackson', 'y': 2023, 'sim': 68.0, 'fant': None}, {'p': 'DeAndrew White', 'y': 2015, 'sim': 67.0, 'fant': 0.178}, {'p': 'Robert Foster', 'y': 2018, 'sim': 67.0, 'fant': 0.598}, {'p': 'Braylon Sanders', 'y': 2022, 'sim': 66.0, 'fant': 0.178}, {'p': 'Chris Finke', 'y': 2020, 'sim': 65.0, 'fant': 0.178}, {'p': 'Kaden Wetjen', 'y': 2026, 'sim': 64.0, 'fant': None}]"
Zavion Thomas,2026,prediction,8,0.7256317689530686,0.30324909747292417,18.184199234480793,35.92817554510682,-0.7709929028825755,-0.530481787438043,0,0,0,,,89.0,21.880903490759756,99.0,0.181769436997319,0.443,0.7519202594206014,503.0,0.0,4.0,0.0,"{'best_dom': -1.325, 'final_dom': -0.839, 'dom_age20': -0.182, 'n_seasons_30': -0.902, 'best_yds': -1.233, 'career_yds': -0.901, 'final_ppa': -0.855, 'best_ppa': -0.829, 'best_usage': -0.487, 'nfl_entry_age': -0.233, 'breakout_age': 2.214, 'early_declare': -0.713, 'ras': 0.014, 'explosion_p': 1.193, 'speed_score': 1.665, 'weight': -0.851, 'catch_radius': -1.224, 'team_sp_off': -1.582, 'team_sp_overall': -0.995, 'recruit_rating': 0.062, 'prod_over_recruit': -1.025, 'was_returner': 0.693, 'ret_td': 1.876, 'col_qb_ypa': -1.119, 'final_spike': -0.238, 'dom_growth': 0.225}","[{'p': 'Freddie Swain', 'y': 2020, 'sim': 67.0, 'fant': 0.539}, {'p': 'Kolby Listenbee', 'y': 2016, 'sim': 66.0, 'fant': 0.178}, {'p': 'Tre Nixon', 'y': 2021, 'sim': 64.0, 'fant': 0.178}, {'p': 'Tre Tucker', 'y': 2023, 'sim': 63.0, 'fant': None}, {'p': 'Kearis Jackson', 'y': 2023, 'sim': 62.0, 'fant': None}, {'p': 'Mecole Hardman', 'y': 2019, 'sim': 59.0, 'fant': 0.83}]"
CJ Daniels,2026,prediction,6,0.5776173285198556,0.5306859205776173,14.133098781200458,40.38908923995421,-1.2760794812923004,0.16984708605534957,0,0,0,,,197.0,23.991786447638603,19.7782340862423,0.3413645038167939,0.689,0.3754837857473086,1067.0,1.0,3.0,1.0,"{'best_dom': 0.384, 'final_dom': -0.875, 'dom_age20': 0.233, 'n_seasons_30': 0.306, 'best_yds': 0.351, 'career_yds': 1.143, 'final_ppa': 0.082, 'best_ppa': 1.405, 'best_usage': -0.289, 'nfl_entry_age': 2.119, 'breakout_age': -0.479, 'early_declare': -0.713, 'ras': -0.616, 'explosion_p': -0.464, 'speed_score': -0.697, 'weight': 0.014, 'catch_radius': -0.07, 'team_sp_off': 0.133, 'team_sp_overall': -0.353, 'recruit_rating': -1.255, 'prod_over_recruit': 1.583, 'was_returner': 0.693, 'ret_td': -0.418, 'col_qb_ypa': 1.46, 'final_spike': -0.371, 'dom_growth': -0.638}","[{'p': 'Xavier Hutchinson', 'y': 2023, 'sim': 61.0, 'fant': None}, {'p': 'David Sills', 'y': 2019, 'sim': 61.0, 'fant': 0.396}, {'p': 'Alonzo Russell', 'y': 2016, 'sim': 61.0, 'fant': 0.178}, {'p': 'Anthony Smith', 'y': 2026, 'sim': 60.0, 'fant': None}, {'p': ""Da'Ron Brown"", 'y': 2015, 'sim': 60.0, 'fant': 0.178}, {'p': 'Nelson Spruce', 'y': 2016, 'sim': 59.0, 'fant': 0.178}]"
Donaven McCulley,2026,prediction,2,0.148014440433213,0.18411552346570398,10.15467263248524,32.597971043587904,-0.2958111321760991,-0.696374725123837,0,0,0,,,270.0,22.96235455167693,20.747433264887064,0.293040293040293,0.462,,644.0,1.0,,0.0,"{'best_dom': -0.134, 'final_dom': -0.09, 'dom_age20': -0.854, 'n_seasons_30': -0.902, 'best_yds': -0.837, 'career_yds': -0.661, 'final_ppa': -0.783, 'best_ppa': 3.362, 'best_usage': -0.685, 'nfl_entry_age': 0.972, 'breakout_age': -0.446, 'early_declare': -0.713, 'ras': 1.962, 'explosion_p': 0.0, 'speed_score': 0.0, 'weight': 0.086, 'catch_radius': 2.016, 'team_sp_off': -2.342, 'team_sp_overall': -1.672, 'recruit_rating': 0.0, 'prod_over_recruit': 0.0, 'was_returner': -1.439, 'ret_td': 0.0, 'col_qb_ypa': -1.291, 'final_spike': -0.255, 'dom_growth': 0.326}","[{'p': 'T.J. Vasher', 'y': 2021, 'sim': 65.0, 'fant': 0.178}, {'p': 'Marquez Valdes-Scantling', 'y': 2018, 'sim': 64.0, 'fant': 0.796}, {'p': 'Josh Cameron', 'y': 2026, 'sim': 64.0, 'fant': None}, {'p': 'Caleb Douglas', 'y': 2026, 'sim': 61.0, 'fant': None}, {'p': 'Felton Davis', 'y': 2019, 'sim': 61.0, 'fant': 0.178}, {'p': 'Jamal Custis', 'y': 2019, 'sim': 60.0, 'fant': 0.178}]"
De'Zhaun Stribling,2026,prediction,10,0.9025270758122743,0.4693140794223827,32.15216931255766,39.086736307945955,-1.486431883283453,-0.15951470648725477,0,0,0,,,33.0,23.039014373716636,21.82614647501711,0.2767918479505381,0.778,0.758938187609243,892.0,1.0,3.0,0.0,"{'best_dom': -0.308, 'final_dom': -0.642, 'dom_age20': 0.192, 'n_seasons_30': -0.902, 'best_yds': -0.141, 'career_yds': 1.126, 'final_ppa': 0.421, 'best_ppa': 0.652, 'best_usage': -0.635, 'nfl_entry_age': 1.058, 'breakout_age': -0.409, 'early_declare': -0.713, 'ras': 1.35, 'explosion_p': 1.224, 'speed_score': 1.811, 'weight': 0.374, 'catch_radius': 0.72, 'team_sp_off': -0.881, 'team_sp_overall': -1.261, 'recruit_rating': -1.108, 'prod_over_recruit': 0.767, 'was_returner': -1.439, 'ret_td': 0.0, 'col_qb_ypa': -0.861, 'final_spike': -0.256, 'dom_growth': -0.957}","[{'p': 'Chimere Dike', 'y': 2025, 'sim': 71.0, 'fant': None}, {'p': 'Chris Moore', 'y': 2016, 'sim': 71.0, 'fant': 0.613}, {'p': 'Ricky Pearsall', 'y': 2024, 'sim': 66.0, 'fant': None}, {'p': 'Geremy Davis', 'y': 2015, 'sim': 64.0, 'fant': 0.178}, {'p': 'Deebo Samuel', 'y': 2019, 'sim': 64.0, 'fant': 0.975}, {'p': 'Alec Pierce', 'y': 2022, 'sim': 63.0, 'fant': 0.728}]"
Brenen Thompson,2026,prediction,7,0.6714801444043321,0.6462093862815884,16.263692256786356,43.94794417804784,-1.214355055240859,-0.3385032061617188,0,0,0,,,105.0,22.439425051334705,22.2258726899384,0.3179413639260675,0.831,0.5883495145631068,1054.0,1.0,4.0,1.0,"{'best_dom': 0.133, 'final_dom': 0.508, 'dom_age20': -0.899, 'n_seasons_30': 0.306, 'best_yds': 0.314, 'career_yds': -0.506, 'final_ppa': 0.623, 'best_ppa': 2.864, 'best_usage': -0.561, 'nfl_entry_age': 0.39, 'breakout_age': -0.396, 'early_declare': -0.713, 'ras': -0.993, 'explosion_p': 0.473, 'speed_score': 0.161, 'weight': -2.724, 'catch_radius': -2.096, 'team_sp_off': -0.553, 'team_sp_overall': -0.687, 'recruit_rating': 0.955, 'prod_over_recruit': -0.452, 'was_returner': 0.693, 'ret_td': -0.418, 'col_qb_ypa': 0.0, 'final_spike': 0.773, 'dom_growth': 1.288}","[{'p': 'Kevin Coleman Jr.', 'y': 2026, 'sim': 62.0, 'fant': None}, {'p': 'DeMario Douglas', 'y': 2023, 'sim': 60.0, 'fant': None}, {'p': 'Jacolby George', 'y': 2025, 'sim': 58.0, 'fant': None}, {'p': 'J.J. Nelson', 'y': 2015, 'sim': 57.0, 'fant': 0.709}, {'p': 'Makai Lemon', 'y': 2026, 'sim': 57.0, 'fant': None}, {'p': 'Isaiah Williams', 'y': 2024, 'sim': 56.0, 'fant': None}]"
Harrison Wallace,2026,prediction,2,0.1299638989169675,0.18772563176895307,10.101081851564034,32.78445456863615,-0.7952291944003738,-0.6351029727004959,0,0,0,,,270.0,22.694045174537987,99.0,0.1762847790507365,0.71,0.3619341569528125,934.0,1.0,3.0,0.0,"{'best_dom': -1.384, 'final_dom': -0.894, 'dom_age20': -0.893, 'n_seasons_30': -0.902, 'best_yds': -0.023, 'career_yds': 0.195, 'final_ppa': 0.162, 'best_ppa': 0.566, 'best_usage': -0.833, 'nfl_entry_age': 0.673, 'breakout_age': 2.214, 'early_declare': -0.713, 'ras': -1.035, 'explosion_p': -0.524, 'speed_score': -0.855, 'weight': -0.707, 'catch_radius': -0.871, 'team_sp_off': 0.76, 'team_sp_overall': 1.017, 'recruit_rating': -0.076, 'prod_over_recruit': -0.916, 'was_returner': 0.693, 'ret_td': -0.418, 'col_qb_ypa': 0.0, 'final_spike': -0.147, 'dom_growth': -0.291}","[{'p': 'Malik Benson', 'y': 2026, 'sim': 75.0, 'fant': None}, {'p': 'Braylon Sanders', 'y': 2022, 'sim': 69.0, 'fant': 0.178}, {'p': 'DeAndrew White', 'y': 2015, 'sim': 68.0, 'fant': 0.178}, {'p': 'Casey Washington', 'y': 2024, 'sim': 64.0, 'fant': None}, {'p': 'Tre Nixon', 'y': 2021, 'sim': 64.0, 'fant': 0.178}, {'p': 'K.J. Hill', 'y': 2020, 'sim': 64.0, 'fant': 0.427}]"
Kevin Coleman Jr.,2026,prediction,6,0.5090252707581228,0.5090252707581228,12.508479106086188,39.8294324878129,-0.4469322493601986,-0.1853111864795515,0,0,0,,,177.0,22.310746064339494,21.097878165639973,0.2905238152273726,0.553,0.5646895241071953,844.0,1.0,4.0,0.0,"{'best_dom': -0.161, 'final_dom': -0.829, 'dom_age20': -0.512, 'n_seasons_30': -0.902, 'best_yds': -0.275, 'career_yds': 0.422, 'final_ppa': -0.436, 'best_ppa': -0.43, 'best_usage': -0.239, 'nfl_entry_age': 0.246, 'breakout_age': -0.434, 'early_declare': -0.713, 'ras': -0.64, 'explosion_p': 0.369, 'speed_score': -1.109, 'weight': -1.643, 'catch_radius': -0.503, 'team_sp_off': -1.462, 'team_sp_overall': -1.389, 'recruit_rating': 1.437, 'prod_over_recruit': -1.086, 'was_returner': 0.693, 'ret_td': 0.347, 'col_qb_ypa': -0.689, 'final_spike': -0.268, 'dom_growth': -0.628}","[{'p': 'Dominic Lovett', 'y': 2025, 'sim': 73.0, 'fant': None}, {'p': 'Isaiah Williams', 'y': 2024, 'sim': 69.0, 'fant': None}, {'p': 'Lideatrick Griffin', 'y': 2024, 'sim': 66.0, 'fant': None}, {'p': 'Ryan Davis', 'y': 2019, 'sim': 66.0, 'fant': 0.178}, {'p': 'Jeff Thomas', 'y': 2020, 'sim': 65.0, 'fant': None}, {'p': 'Stacy Coley', 'y': 2017, 'sim': 64.0, 'fant': 0.178}]"
Dane Key,2026,prediction,6,0.5992779783393501,0.4223826714801444,14.65052017022424,37.95957200564416,-1.0435910617154556,-0.6121758791712107,0,0,0,,,270.0,22.50513347022587,19.290896646132783,0.2386136004217184,0.355,0.4204081632653061,715.0,1.0,4.0,0.0,"{'best_dom': -0.716, 'final_dom': -0.797, 'dom_age20': 0.531, 'n_seasons_30': -0.902, 'best_yds': -0.638, 'career_yds': 0.374, 'final_ppa': -1.19, 'best_ppa': 0.81, 'best_usage': -0.957, 'nfl_entry_age': 0.463, 'breakout_age': -0.496, 'early_declare': -0.713, 'ras': -0.664, 'explosion_p': -0.266, 'speed_score': 0.0, 'weight': 0.0, 'catch_radius': 0.0, 'team_sp_off': -1.611, 'team_sp_overall': -0.567, 'recruit_rating': 0.391, 'prod_over_recruit': -0.928, 'was_returner': -1.439, 'ret_td': 0.0, 'col_qb_ypa': -0.775, 'final_spike': -0.338, 'dom_growth': -1.666}","[{'p': 'Stacy Coley', 'y': 2017, 'sim': 71.0, 'fant': 0.178}, {'p': 'DaMarkus Lodge', 'y': 2019, 'sim': 67.0, 'fant': 0.178}, {'p': 'Quartney Davis', 'y': 2020, 'sim': 67.0, 'fant': 0.178}, {'p': 'Jordan Hudson', 'y': 2026, 'sim': 63.0, 'fant': None}, {'p': 'Germie Bernard', 'y': 2026, 'sim': 62.0, 'fant': None}, {'p': 'Dominic Lovett', 'y': 2025, 'sim': 61.0, 'fant': None}]"
Bryce Lance,2026,prediction,6,0.5776173285198556,0.6895306859205776,14.080537679260491,45.57466306507732,-0.002154831945947233,0.4335591264819921,1,0,0,,,136.0,23.367556468172484,22.154688569472963,0.3738079896907216,1.108,0.9545887902542392,1079.0,1.0,,2.0,"{'best_dom': 0.731, 'final_dom': 1.061, 'dom_age20': -1.358, 'n_seasons_30': 1.514, 'best_yds': 0.384, 'career_yds': 0.164, 'final_ppa': 1.678, 'best_ppa': 0.572, 'best_usage': -0.784, 'nfl_entry_age': 1.424, 'breakout_age': -0.398, 'early_declare': -0.713, 'ras': 1.83, 'explosion_p': 2.085, 'speed_score': 1.859, 'weight': 0.158, 'catch_radius': 1.054, 'team_sp_off': 0.0, 'team_sp_overall': 0.0, 'recruit_rating': 0.0, 'prod_over_recruit': 0.0, 'was_returner': 0.693, 'ret_td': -0.418, 'col_qb_ypa': 0.0, 'final_spike': -0.222, 'dom_growth': 1.772}","[{'p': 'Andrei Iosivas', 'y': 2023, 'sim': 68.0, 'fant': None}, {'p': 'Ryan Flournoy', 'y': 2024, 'sim': 68.0, 'fant': None}, {'p': 'Matt Landers', 'y': 2023, 'sim': 66.0, 'fant': None}, {'p': 'Denzel Mims', 'y': 2020, 'sim': 64.0, 'fant': 0.514}, {'p': 'Xavier Legette', 'y': 2024, 'sim': 62.0, 'fant': None}, {'p': 'Austin Watkins', 'y': 2021, 'sim': 60.0, 'fant': 0.178}]"
Malachi Fields,2026,prediction,8,0.7689530685920578,0.5342960288808665,19.886112472277173,40.6864886052855,-0.8247509112001786,0.027624344695071634,0,0,0,,,74.0,22.35181382614648,20.136892539356605,0.3032660116448326,0.63,0.600134603273827,811.0,1.0,3.0,1.0,"{'best_dom': -0.024, 'final_dom': -0.63, 'dom_age20': 0.75, 'n_seasons_30': 0.306, 'best_yds': -0.368, 'career_yds': 0.554, 'final_ppa': -0.143, 'best_ppa': 0.577, 'best_usage': 0.082, 'nfl_entry_age': 0.292, 'breakout_age': -0.467, 'early_declare': -0.713, 'ras': 0.116, 'explosion_p': 0.525, 'speed_score': -0.177, 'weight': 1.166, 'catch_radius': 0.675, 'team_sp_off': -2.133, 'team_sp_overall': -1.963, 'recruit_rating': -0.961, 'prod_over_recruit': 0.931, 'was_returner': -1.439, 'ret_td': 0.0, 'col_qb_ypa': -0.174, 'final_spike': -0.295, 'dom_growth': 0.252}","[{'p': 'Cedric Tillman', 'y': 2023, 'sim': 65.0, 'fant': None}, {'p': ""J'Mon Moore"", 'y': 2018, 'sim': 62.0, 'fant': 0.178}, {'p': 'Travis Fulgham', 'y': 2019, 'sim': 60.0, 'fant': 0.845}, {'p': 'Jaleel Scott', 'y': 2018, 'sim': 59.0, 'fant': 0.178}, {'p': 'Gabriel Davis', 'y': 2020, 'sim': 58.0, 'fant': None}, {'p': 'Zach Pascal', 'y': 2017, 'sim': 58.0, 'fant': 0.774}]"
Carnell Tate,2026,prediction,10,0.9747292418772563,0.6245487364620939,51.79066417327056,43.52683425278994,1.2458717255674867,-0.2958710317087636,0,0,1,,,4.0,20.95003422313484,20.736481861738536,0.2528749546059798,1.113,0.2621359223300971,875.0,0.0,4.0,0.0,"{'best_dom': -0.564, 'final_dom': -0.136, 'dom_age20': -0.241, 'n_seasons_30': -0.902, 'best_yds': -0.188, 'career_yds': -0.144, 'final_ppa': 1.697, 'best_ppa': 0.29, 'best_usage': -0.511, 'nfl_entry_age': -1.27, 'breakout_age': -0.446, 'early_declare': 1.399, 'ras': -0.285, 'explosion_p': -0.963, 'speed_score': -0.766, 'weight': -0.707, 'catch_radius': 1.124, 'team_sp_off': 0.342, 'team_sp_overall': 1.54, 'recruit_rating': 1.364, 'prod_over_recruit': -1.452, 'was_returner': -1.439, 'ret_td': 0.0, 'col_qb_ypa': 0.0, 'final_spike': -0.171, 'dom_growth': 0.343}","[{'p': 'Puka Nacua', 'y': 2023, 'sim': 58.0, 'fant': None}, {'p': 'Grant Dubose', 'y': 2023, 'sim': 57.0, 'fant': None}, {'p': 'Jackson Meeks', 'y': 2024, 'sim': 56.0, 'fant': None}, {'p': 'Dyami Brown', 'y': 2021, 'sim': 56.0, 'fant': 0.517}, {'p': 'Josh Malone', 'y': 2017, 'sim': 55.0, 'fant': 0.399}, {'p': 'Riley Ridley', 'y': 2019, 'sim': 55.0, 'fant': 0.178}]"
Deion Burks,2026,prediction,3,0.23104693140794225,0.23465703971119134,10.45167154952436,34.238254775032885,-0.9848231447899698,0.012238705409764239,0,0,0,,,254.0,22.981519507186857,20.76659822039699,0.3574454091028676,0.292,0.8907083741468691,629.0,1.0,3.0,1.0,"{'best_dom': 0.556, 'final_dom': -0.468, 'dom_age20': -1.206, 'n_seasons_30': 0.306, 'best_yds': -0.879, 'career_yds': -0.377, 'final_ppa': -1.43, 'best_ppa': -0.117, 'best_usage': 0.058, 'nfl_entry_age': 0.994, 'breakout_age': -0.445, 'early_declare': -0.713, 'ras': 0.703, 'explosion_p': 1.804, 'speed_score': 0.79, 'weight': -1.571, 'catch_radius': -0.394, 'team_sp_off': -2.014, 'team_sp_overall': -1.663, 'recruit_rating': -0.396, 'prod_over_recruit': 0.975, 'was_returner': 0.693, 'ret_td': -0.418, 'col_qb_ypa': -1.463, 'final_spike': -0.233, 'dom_growth': 0.509}","[{'p': 'Bo Melton', 'y': 2022, 'sim': 60.0, 'fant': 0.684}, {'p': 'Jalen Nailor', 'y': 2022, 'sim': 60.0, 'fant': 0.687}, {'p': 'Eric Rivers', 'y': 2026, 'sim': 58.0, 'fant': None}, {'p': 'Michael Rector', 'y': 2017, 'sim': 57.0, 'fant': None}, {'p': 'Rico Bussey', 'y': 2021, 'sim': 56.0, 'fant': 0.178}, {'p': 'Shi Smith', 'y': 2021, 'sim': 55.0, 'fant': 0.489}]"
Malik Benson,2026,prediction,5,0.4404332129963899,0.21660649819494585,11.694692187677317,33.63954336262703,-0.45496420217536915,-0.6594295556820539,0,0,0,,,195.0,23.208761122518823,99.0,0.1912799769342966,0.841,0.4380927264930312,719.0,1.0,,0.0,"{'best_dom': -1.223, 'final_dom': -0.745, 'dom_age20': -1.358, 'n_seasons_30': -0.902, 'best_yds': -0.626, 'career_yds': -0.925, 'final_ppa': 0.661, 'best_ppa': -0.309, 'best_usage': -1.452, 'nfl_entry_age': 1.247, 'breakout_age': 2.214, 'early_declare': -0.713, 'ras': -0.663, 'explosion_p': -0.188, 'speed_score': 0.608, 'weight': -0.923, 'catch_radius': -1.23, 'team_sp_off': 0.506, 'team_sp_overall': 1.18, 'recruit_rating': 0.0, 'prod_over_recruit': 0.0, 'was_returner': 0.693, 'ret_td': 0.347, 'col_qb_ypa': 0.0, 'final_spike': 0.161, 'dom_growth': -0.083}","[{'p': 'Harrison Wallace', 'y': 2026, 'sim': 75.0, 'fant': None}, {'p': 'Casey Washington', 'y': 2024, 'sim': 74.0, 'fant': None}, {'p': 'Braylon Sanders', 'y': 2022, 'sim': 70.0, 'fant': 0.178}, {'p': 'DeAndrew White', 'y': 2015, 'sim': 68.0, 'fant': 0.178}, {'p': 'Antoine Green', 'y': 2023, 'sim': 65.0, 'fant': None}, {'p': 'Jalen Brooks', 'y': 2023, 'sim': 64.0, 'fant': None}]"
Trebor Pena,2026,prediction,2,0.1407942238267148,0.1552346570397112,10.125815162927772,30.95248060744916,-2.392003929727526,-0.44106999710513317,0,0,0,,,270.0,23.860369609856264,22.647501711156742,0.2301699889935184,0.407,0.3893169465242681,941.0,1.0,3.0,0.0,"{'best_dom': -0.807, 'final_dom': -0.9, 'dom_age20': -0.814, 'n_seasons_30': -0.902, 'best_yds': -0.003, 'career_yds': -0.268, 'final_ppa': -0.992, 'best_ppa': 4.364, 'best_usage': -0.338, 'nfl_entry_age': 1.973, 'breakout_age': -0.381, 'early_declare': -0.713, 'ras': -0.4, 'explosion_p': -0.403, 'speed_score': -1.028, 'weight': -1.067, 'catch_radius': -1.063, 'team_sp_off': 0.074, 'team_sp_overall': -0.567, 'recruit_rating': -0.75, 'prod_over_recruit': 0.108, 'was_returner': 0.693, 'ret_td': 0.347, 'col_qb_ypa': -0.088, 'final_spike': -0.352, 'dom_growth': 0.181}","[{'p': 'Ronnie Bell', 'y': 2023, 'sim': 68.0, 'fant': None}, {'p': 'Rashawn Scott', 'y': 2016, 'sim': 64.0, 'fant': 0.178}, {'p': 'Emmanuel Henderson Jr.', 'y': 2026, 'sim': 62.0, 'fant': None}, {'p': 'Frank Darby', 'y': 2021, 'sim': 62.0, 'fant': 0.178}, {'p': 'Lideatrick Griffin', 'y': 2024, 'sim': 61.0, 'fant': None}, {'p': 'DT Sheffield', 'y': 2026, 'sim': 61.0, 'fant': None}]"
Devonte Ross,2026,prediction,2,0.18411552346570398,0.51985559566787,10.234084200385468,40.26557079496768,-0.046547706198919014,0.26788562090262336,0,0,0,,,270.0,23.312799452429843,22.09993155373032,0.4660502448926383,0.718,0.4767837724451191,1044.0,1.0,3.0,1.0,"{'best_dom': 1.719, 'final_dom': -0.075, 'dom_age20': -1.358, 'n_seasons_30': 0.306, 'best_yds': 0.286, 'career_yds': -0.52, 'final_ppa': 0.193, 'best_ppa': 0.506, 'best_usage': -0.289, 'nfl_entry_age': 1.363, 'breakout_age': -0.4, 'early_declare': -0.713, 'ras': -0.926, 'explosion_p': -0.018, 'speed_score': -1.711, 'weight': -2.868, 'catch_radius': -1.05, 'team_sp_off': -1.671, 'team_sp_overall': -1.604, 'recruit_rating': -0.612, 'prod_over_recruit': 1.815, 'was_returner': 0.693, 'ret_td': 0.347, 'col_qb_ypa': -0.861, 'final_spike': -0.383, 'dom_growth': -2.916}","[{'p': 'Eric Rivers', 'y': 2026, 'sim': 67.0, 'fant': None}, {'p': 'Marquez Stevenson', 'y': 2021, 'sim': 67.0, 'fant': 0.178}, {'p': 'J.J. Nelson', 'y': 2015, 'sim': 64.0, 'fant': 0.709}, {'p': 'Jaelon Darden', 'y': 2021, 'sim': 62.0, 'fant': 0.372}, {'p': 'Xavier Weaver', 'y': 2024, 'sim': 60.0, 'fant': None}, {'p': 'LaJohntay Wester', 'y': 2025, 'sim': 60.0, 'fant': None}]"
DT Sheffield,2026,prediction,2,0.1407942238267148,0.3212996389891697,10.14087829335823,36.24408600518709,-1.9955812028300677,-0.21612012389910393,0,0,0,,,270.0,24.851471594798085,23.638603696098563,0.2629872666197953,0.558,0.6195501255335992,822.0,1.0,,0.0,"{'best_dom': -0.456, 'final_dom': -0.619, 'dom_age20': -1.358, 'n_seasons_30': -0.902, 'best_yds': -0.337, 'career_yds': -0.661, 'final_ppa': -0.417, 'best_ppa': 0.416, 'best_usage': -0.858, 'nfl_entry_age': 3.077, 'breakout_age': -0.348, 'early_declare': -0.713, 'ras': 0.168, 'explosion_p': 0.611, 'speed_score': -0.335, 'weight': -1.932, 'catch_radius': -1.012, 'team_sp_off': -0.299, 'team_sp_overall': -1.424, 'recruit_rating': 0.0, 'prod_over_recruit': 0.0, 'was_returner': 0.693, 'ret_td': -0.418, 'col_qb_ypa': -0.689, 'final_spike': -0.317, 'dom_growth': 0.385}","[{'p': 'Trebor Pena', 'y': 2026, 'sim': 66.0, 'fant': None}, {'p': 'Lideatrick Griffin', 'y': 2024, 'sim': 57.0, 'fant': None}, {'p': 'Ronnie Bell', 'y': 2023, 'sim': 56.0, 'fant': None}, {'p': 'Velus Jones', 'y': 2022, 'sim': 56.0, 'fant': 0.421}, {'p': 'Anthony Smith', 'y': 2026, 'sim': 56.0, 'fant': None}, {'p': 'Kermit Whitfield', 'y': 2017, 'sim': 55.0, 'fant': 0.178}]"
Jordan Hudson,2026,prediction,3,0.23826714801444043,0.2490974729241877,10.483934328814286,34.600456518504835,-0.26709586788066114,-0.5469161513633277,0,0,0,,,270.0,22.11088295687885,21.897330595482547,0.2194607023411371,0.583,0.3805825242718446,766.0,1.0,4.0,0.0,"{'best_dom': -0.922, 'final_dom': -0.466, 'dom_age20': -0.087, 'n_seasons_30': -0.902, 'best_yds': -0.494, 'career_yds': -0.241, 'final_ppa': -0.322, 'best_ppa': -0.104, 'best_usage': -0.017, 'nfl_entry_age': 0.024, 'breakout_age': -0.407, 'early_declare': -0.713, 'ras': -0.565, 'explosion_p': -0.441, 'speed_score': -0.365, 'weight': -0.779, 'catch_radius': -0.477, 'team_sp_off': -0.165, 'team_sp_overall': 0.109, 'recruit_rating': 1.148, 'prod_over_recruit': -1.5, 'was_returner': -1.439, 'ret_td': 0.0, 'col_qb_ypa': 0.0, 'final_spike': 0.009, 'dom_growth': -0.013}","[{'p': 'Javon McKinley', 'y': 2021, 'sim': 68.0, 'fant': 0.178}, {'p': 'Riley Ridley', 'y': 2019, 'sim': 66.0, 'fant': 0.178}, {'p': 'Quartney Davis', 'y': 2020, 'sim': 66.0, 'fant': 0.178}, {'p': 'DaMarkus Lodge', 'y': 2019, 'sim': 66.0, 'fant': 0.178}, {'p': 'DaVaris Daniels', 'y': 2015, 'sim': 64.0, 'fant': None}, {'p': 'Stacy Coley', 'y': 2017, 'sim': 61.0, 'fant': 0.178}]"
CJ Williams,2026,prediction,5,0.4296028880866426,0.3212996389891697,11.551577597638815,36.12011633809505,-0.2776035764294635,-0.9258816427428478,0,0,0,,,203.0,23.19233401779603,22.978781656399725,0.3563652938652938,0.607,,757.0,1.0,4.0,1.0,"{'best_dom': 0.544, 'final_dom': 0.889, 'dom_age20': -1.33, 'n_seasons_30': 0.306, 'best_yds': -0.52, 'career_yds': -0.931, 'final_ppa': -0.23, 'best_ppa': 0.621, 'best_usage': -0.041, 'nfl_entry_age': 1.229, 'breakout_age': -0.37, 'early_declare': -0.713, 'ras': 0.0, 'explosion_p': 0.0, 'speed_score': 0.0, 'weight': 0.0, 'catch_radius': 0.0, 'team_sp_off': -2.521, 'team_sp_overall': -2.049, 'recruit_rating': 1.328, 'prod_over_recruit': -0.27, 'was_returner': -1.439, 'ret_td': 0.0, 'col_qb_ypa': 0.0, 'final_spike': 0.38, 'dom_growth': 1.611}","[{'p': 'ArDarius Stewart', 'y': 2017, 'sim': 61.0, 'fant': 0.378}, {'p': 'Cyrus Allen', 'y': 2026, 'sim': 60.0, 'fant': None}, {'p': 'Javon McKinley', 'y': 2021, 'sim': 59.0, 'fant': 0.178}, {'p': 'Lewis Bond', 'y': 2026, 'sim': 58.0, 'fant': None}, {'p': 'Malcolm Mitchell', 'y': 2016, 'sim': 57.0, 'fant': 0.765}, {'p': 'Luke McCaffrey', 'y': 2024, 'sim': 56.0, 'fant': None}]"
Eric McAlister,2026,prediction,3,0.2888086642599278,0.6425992779783394,10.58189185727542,43.85380654825169,0.7970190832261445,-0.16375010683325242,0,0,0,,,270.0,,,0.324449748077433,0.688,,1190.0,1.0,3.0,1.0,"{'best_dom': 0.203, 'final_dom': 0.573, 'dom_age20': 0.0, 'n_seasons_30': 0.306, 'best_yds': 0.696, 'career_yds': 1.249, 'final_ppa': 0.078, 'best_ppa': 1.191, 'best_usage': 0.082, 'nfl_entry_age': 0.0, 'breakout_age': 0.0, 'early_declare': 0.0, 'ras': 1.169, 'explosion_p': 0.0, 'speed_score': 0.0, 'weight': -0.563, 'catch_radius': 1.527, 'team_sp_off': -0.359, 'team_sp_overall': -0.327, 'recruit_rating': -0.468, 'prod_over_recruit': 0.733, 'was_returner': -1.439, 'ret_td': 0.0, 'col_qb_ypa': 0.0, 'final_spike': -0.121, 'dom_growth': 0.178}","[{'p': ""J'Mon Moore"", 'y': 2018, 'sim': 66.0, 'fant': 0.178}, {'p': 'Chad Hansen', 'y': 2017, 'sim': 63.0, 'fant': 0.644}, {'p': 'Elijah Sarratt', 'y': 2026, 'sim': 62.0, 'fant': None}, {'p': 'Romeo Doubs', 'y': 2022, 'sim': 62.0, 'fant': 0.827}, {'p': 'A.T. Perry', 'y': 2023, 'sim': 60.0, 'fant': None}, {'p': 'Xavier Hutchinson', 'y': 2023, 'sim': 60.0, 'fant': None}]"
Chris Brazzell II,2026,prediction,8,0.7509025270758123,0.7003610108303249,19.220639266697464,46.238727081400285,-0.476788391753845,-0.2658780912566938,0,0,0,,,83.0,22.19301848049281,19.978097193702943,0.3066466630296417,0.791,0.8621359223300971,1017.0,1.0,3.0,1.0,"{'best_dom': 0.012, 'final_dom': 0.397, 'dom_age20': 0.369, 'n_seasons_30': 0.306, 'best_yds': 0.21, 'career_yds': 0.086, 'final_ppa': 0.471, 'best_ppa': 0.555, 'best_usage': -0.437, 'nfl_entry_age': 0.115, 'breakout_age': -0.472, 'early_declare': -0.713, 'ras': 1.14, 'explosion_p': 1.678, 'speed_score': 1.152, 'weight': -0.275, 'catch_radius': 0.523, 'team_sp_off': 0.596, 'team_sp_overall': 0.246, 'recruit_rating': -0.642, 'prod_over_recruit': 0.76, 'was_returner': -1.439, 'ret_td': 0.0, 'col_qb_ypa': 0.0, 'final_spike': -0.101, 'dom_growth': 1.225}","[{'p': 'Kenny Bell', 'y': 2015, 'sim': 65.0, 'fant': 0.178}, {'p': 'Cedric Tillman', 'y': 2023, 'sim': 63.0, 'fant': None}, {'p': 'Tre Harris', 'y': 2025, 'sim': 62.0, 'fant': None}, {'p': 'Alec Pierce', 'y': 2022, 'sim': 61.0, 'fant': 0.728}, {'p': 'Jayden Higgins', 'y': 2025, 'sim': 61.0, 'fant': None}, {'p': 'D.J. Chark', 'y': 2018, 'sim': 61.0, 'fant': 0.879}]"
KC Concepcion,2026,prediction,10,0.9494584837545126,0.9133574007220217,44.60728034783419,52.459622637442806,0.9777057373300723,0.2815983376432131,0,0,0,,,24.0,21.270362765229294,19.055441478439427,0.4296922337602641,0.593,,919.0,1.0,3.0,2.0,"{'best_dom': 1.329, 'final_dom': 0.421, 'dom_age20': 2.044, 'n_seasons_30': 1.514, 'best_yds': -0.065, 'career_yds': 0.253, 'final_ppa': -0.284, 'best_ppa': -0.855, 'best_usage': 0.973, 'nfl_entry_age': -0.913, 'breakout_age': -0.504, 'early_declare': 1.399, 'ras': -1.296, 'explosion_p': 0.0, 'speed_score': 0.0, 'weight': -0.419, 'catch_radius': -1.236, 'team_sp_off': 0.402, 'team_sp_overall': 0.735, 'recruit_rating': -0.102, 'prod_over_recruit': 1.277, 'was_returner': 0.693, 'ret_td': 1.111, 'col_qb_ypa': 0.0, 'final_spike': -0.201, 'dom_growth': -2.216}","[{'p': 'Jordyn Tyson', 'y': 2026, 'sim': 63.0, 'fant': None}, {'p': 'Isaiah Ford', 'y': 2017, 'sim': 63.0, 'fant': 0.616}, {'p': 'Jayden Reed', 'y': 2023, 'sim': 63.0, 'fant': None}, {'p': 'Quintez Cephus', 'y': 2020, 'sim': 63.0, 'fant': 0.762}, {'p': 'Chris Olave', 'y': 2022, 'sim': 62.0, 'fant': 0.892}, {'p': 'Pharoh Cooper', 'y': 2016, 'sim': 61.0, 'fant': 0.467}]"
Caleb Douglas,2026,prediction,8,0.7689530685920578,0.38267148014440433,19.719442329007503,37.407521384016306,-0.8587368549095991,-0.5243220670376371,0,0,0,,,75.0,22.313483915126625,21.100616016427104,0.2128267496160472,0.433,0.5715663839718849,880.0,1.0,3.0,0.0,"{'best_dom': -0.993, 'final_dom': -0.532, 'dom_age20': -0.68, 'n_seasons_30': -0.902, 'best_yds': -0.174, 'career_yds': 0.024, 'final_ppa': -0.893, 'best_ppa': 0.323, 'best_usage': -0.635, 'nfl_entry_age': 0.249, 'breakout_age': -0.434, 'early_declare': -0.713, 'ras': 0.824, 'explosion_p': 0.399, 'speed_score': 1.41, 'weight': 0.302, 'catch_radius': 0.776, 'team_sp_off': -0.269, 'team_sp_overall': -0.67, 'recruit_rating': -0.047, 'prod_over_recruit': -0.712, 'was_returner': 0.693, 'ret_td': -0.418, 'col_qb_ypa': -0.947, 'final_spike': -0.246, 'dom_growth': -0.213}","[{'p': 'Geremy Davis', 'y': 2015, 'sim': 66.0, 'fant': 0.178}, {'p': 'Marquez Valdes-Scantling', 'y': 2018, 'sim': 64.0, 'fant': 0.796}, {'p': 'Jaylen Smith', 'y': 2019, 'sim': 63.0, 'fant': 0.178}, {'p': 'Cody Core', 'y': 2016, 'sim': 62.0, 'fant': 0.588}, {'p': 'Germie Bernard', 'y': 2026, 'sim': 62.0, 'fant': None}, {'p': 'Jaleel Scott', 'y': 2018, 'sim': 61.0, 'fant': 0.178}]"
Reggie Virgil,2026,prediction,6,0.592057761732852,0.5451263537906137,14.414408809511439,40.99967734408725,-0.2544197302693305,-0.12507829818620553,0,0,0,,,143.0,21.634496919917865,20.421629021218344,0.3296863394846597,0.451,0.4799737863147447,816.0,0.0,3.0,1.0,"{'best_dom': 0.259, 'final_dom': -0.841, 'dom_age20': 1.252, 'n_seasons_30': 0.306, 'best_yds': -0.354, 'career_yds': -0.476, 'final_ppa': -0.824, 'best_ppa': 0.971, 'best_usage': -0.808, 'nfl_entry_age': -0.507, 'breakout_age': -0.457, 'early_declare': -0.713, 'ras': -0.524, 'explosion_p': -0.004, 'speed_score': -1.367, 'weight': -1.067, 'catch_radius': 0.048, 'team_sp_off': -1.805, 'team_sp_overall': -0.927, 'recruit_rating': -1.022, 'prod_over_recruit': 1.313, 'was_returner': -1.439, 'ret_td': 0.0, 'col_qb_ypa': -0.431, 'final_spike': -0.269, 'dom_growth': 0.175}","[{'p': 'Rodney Adams', 'y': 2017, 'sim': 71.0, 'fant': 0.178}, {'p': 'Ihmir Smith-Marsette', 'y': 2021, 'sim': 67.0, 'fant': 0.554}, {'p': 'Dante Pettis', 'y': 2018, 'sim': 66.0, 'fant': 0.675}, {'p': 'Chris Olave', 'y': 2022, 'sim': 64.0, 'fant': 0.892}, {'p': 'Lewis Bond', 'y': 2026, 'sim': 58.0, 'fant': None}, {'p': 'Steven Sims', 'y': 2019, 'sim': 58.0, 'fant': 0.622}]"
Ja'Kobi Lane,2026,prediction,8,0.7689530685920578,0.6895306859205776,19.70487865717906,45.58543318486948,0.25770151824112103,0.09017513230536357,0,0,0,,,80.0,21.4072553045859,20.194387405886378,0.2760665121984462,0.819,0.7873525945315909,745.0,0.0,4.0,0.0,"{'best_dom': -0.315, 'final_dom': -0.919, 'dom_age20': 0.828, 'n_seasons_30': -0.902, 'best_yds': -0.553, 'career_yds': -0.729, 'final_ppa': 0.577, 'best_ppa': 1.396, 'best_usage': -0.536, 'nfl_entry_age': -0.76, 'breakout_age': -0.465, 'early_declare': 1.399, 'ras': 1.418, 'explosion_p': 1.349, 'speed_score': 0.226, 'weight': -0.131, 'catch_radius': 2.075, 'team_sp_off': 0.536, 'team_sp_overall': 0.409, 'recruit_rating': 0.086, 'prod_over_recruit': -0.251, 'was_returner': -1.439, 'ret_td': 0.0, 'col_qb_ypa': 0.0, 'final_spike': -0.104, 'dom_growth': -0.142}","[{'p': 'Nico Collins', 'y': 2021, 'sim': 74.0, 'fant': 0.954}, {'p': 'Beaux Collins', 'y': 2025, 'sim': 66.0, 'fant': None}, {'p': 'D.J. Chark', 'y': 2018, 'sim': 65.0, 'fant': 0.879}, {'p': 'Kevin Austin', 'y': 2022, 'sim': 65.0, 'fant': 0.461}, {'p': 'Adonai Mitchell', 'y': 2024, 'sim': 65.0, 'fant': None}, {'p': 'Darius Slayton', 'y': 2019, 'sim': 63.0, 'fant': 0.851}]"
Makai Lemon,2026,prediction,10,0.9494584837545126,0.7184115523465704,44.42232460281711,46.578245641544605,-0.5582683666249241,0.09344679030215447,0,0,0,,,20.0,21.582477754962355,21.36892539356605,0.3617463617463617,0.656,0.4796116504854369,1156.0,1.0,4.0,1.0,"{'best_dom': 0.602, 'final_dom': 0.942, 'dom_age20': -0.152, 'n_seasons_30': 0.306, 'best_yds': 0.6, 'career_yds': 0.013, 'final_ppa': -0.044, 'best_ppa': 0.044, 'best_usage': 0.676, 'nfl_entry_age': -0.565, 'breakout_age': -0.425, 'early_declare': 1.399, 'ras': -1.157, 'explosion_p': -0.005, 'speed_score': -0.12, 'weight': -0.707, 'catch_radius': -1.775, 'team_sp_off': 0.536, 'team_sp_overall': 0.409, 'recruit_rating': 1.479, 'prod_over_recruit': -0.392, 'was_returner': 0.693, 'ret_td': -0.418, 'col_qb_ypa': 0.0, 'final_spike': -0.077, 'dom_growth': 1.602}","[{'p': 'Shelton Gibson', 'y': 2017, 'sim': 61.0, 'fant': 0.178}, {'p': 'Travis Hunter', 'y': 2025, 'sim': 60.0, 'fant': None}, {'p': 'Trey Palmer', 'y': 2023, 'sim': 59.0, 'fant': None}, {'p': 'Jahan Dotson', 'y': 2022, 'sim': 59.0, 'fant': 0.7}, {'p': 'Dillon Mitchell', 'y': 2019, 'sim': 59.0, 'fant': 0.178}, {'p': 'Trishton Jackson', 'y': 2020, 'sim': 58.0, 'fant': 0.178}]"
Denzel Boston,2026,prediction,9,0.8844765342960289,0.516245487364621,29.432679325266466,40.1802570612287,1.395732123069754,-0.05621135721094182,0,0,0,,,39.0,22.072553045859,20.85968514715948,0.3501476497071211,0.644,0.4265593561368209,881.0,1.0,3.0,2.0,"{'best_dom': 0.478, 'final_dom': 0.827, 'dom_age20': -1.319, 'n_seasons_30': 1.514, 'best_yds': -0.172, 'career_yds': -0.248, 'final_ppa': -0.089, 'best_ppa': 0.68, 'best_usage': 0.429, 'nfl_entry_age': -0.019, 'breakout_age': -0.442, 'early_declare': -0.713, 'ras': 1.115, 'explosion_p': -0.239, 'speed_score': 0.0, 'weight': 0.734, 'catch_radius': 0.8, 'team_sp_off': -0.12, 'team_sp_overall': 0.538, 'recruit_rating': -0.396, 'prod_over_recruit': 0.997, 'was_returner': 0.693, 'ret_td': 0.347, 'col_qb_ypa': 0.0, 'final_spike': -0.212, 'dom_growth': 1.577}","[{'p': 'Dontay Demus Jr.', 'y': 2023, 'sim': 66.0, 'fant': None}, {'p': 'Chris Bell', 'y': 2026, 'sim': 64.0, 'fant': None}, {'p': 'Will Sheppard', 'y': 2025, 'sim': 63.0, 'fant': None}, {'p': ""J'Mon Moore"", 'y': 2018, 'sim': 62.0, 'fant': 0.178}, {'p': 'Elijah Sarratt', 'y': 2026, 'sim': 61.0, 'fant': None}, {'p': 'Felton Davis', 'y': 2019, 'sim': 60.0, 'fant': 0.178}]"
Vinny Anthony II,2026,prediction,1,0.04332129963898917,0.05415162454873646,9.756994707400608,27.1611109370517,-0.954867135647334,-0.3173041191629659,0,0,0,,,270.0,22.5160848733744,21.30321697467488,0.2852300242130751,0.466,0.1946932170926623,672.0,1.0,3.0,0.0,"{'best_dom': -0.217, 'final_dom': -0.907, 'dom_age20': -1.221, 'n_seasons_30': -0.902, 'best_yds': -0.758, 'career_yds': -0.96, 'final_ppa': -0.767, 'best_ppa': 0.87, 'best_usage': -0.982, 'nfl_entry_age': 0.475, 'breakout_age': -0.427, 'early_declare': -0.713, 'ras': -1.03, 'explosion_p': -1.26, 'speed_score': -1.322, 'weight': -1.355, 'catch_radius': -1.026, 'team_sp_off': -1.835, 'team_sp_overall': -0.781, 'recruit_rating': -0.275, 'prod_over_recruit': 0.161, 'was_returner': 0.693, 'ret_td': 0.347, 'col_qb_ypa': -1.463, 'final_spike': -0.353, 'dom_growth': 0.034}","[{'p': 'Junior Bergen', 'y': 2025, 'sim': 76.0, 'fant': None}, {'p': 'Emmanuel Henderson Jr.', 'y': 2026, 'sim': 71.0, 'fant': None}, {'p': 'Aaron Fuller', 'y': 2020, 'sim': 71.0, 'fant': 0.178}, {'p': 'Tony Brown', 'y': 2020, 'sim': 69.0, 'fant': None}, {'p': 'Nyqwan Murray', 'y': 2019, 'sim': 68.0, 'fant': None}, {'p': 'Drew Morgan', 'y': 2017, 'sim': 67.0, 'fant': 0.178}]"
