Player,Year,era,is_udfa,udfa_type,tier,rupi_post,rupi_pre,raw_post,raw_pre,diamond_score,is_diamond,is_star_pre,is_star_post,low_conf,low_conf_reason,actual_fantasy_pctl,pick,nfl_entry_age,breakout_age,best_dom,best_rec_ydshare,career_ypc,avg_ppa,explosion_p,best_scrim_yds,best_rush_share,recruit_stars,similar
Melvin Gordon,2015,historical,0,,10,0.9803921568627451,0.8431372549019608,74.15942978697484,10.96033265705912,0.844793479240191,0,0,1,0,,0.9519650655021834,15.0,21.71937029431896,20.50650239561944,0.4703752763779057,0.0734870317002881,7.789223454833597,0.294,0.633905599520831,2740.0,0.5418641390205371,4.0,"[{'p': 'Chuba Hubbard', 'y': 2021, 'sim': 64.0, 'fant': 0.712}, {'p': 'Jeremiyah Love', 'y': 2026, 'sim': 58.0, 'fant': None}, {'p': 'Rashaad Penny', 'y': 2018, 'sim': 57.0, 'fant': 0.568}, {'p': 'Isaiah Davis', 'y': 2024, 'sim': 57.0, 'fant': None}, {'p': 'Tevin Coleman', 'y': 2015, 'sim': 56.0, 'fant': 0.838}, {'p': 'Bijan Robinson', 'y': 2023, 'sim': 55.0, 'fant': 0.978}]"
T.J. Yeldon,2015,historical,0,,10,0.9150326797385621,0.6993464052287581,53.05513926014945,10.837221288928948,0.36056343472430463,0,0,1,0,,0.7641921397379913,36.0,21.24845995893224,19.0362765229295,0.2403117236724981,0.056656346749226,5.767361111111111,0.2195,0.4317364864584718,1418.0,0.4579646017699115,5.0,"[{'p': 'Zach Charbonnet', 'y': 2023, 'sim': 64.0, 'fant': 0.76}, {'p': 'Trey Benson', 'y': 2024, 'sim': 61.0, 'fant': None}, {'p': 'Qadree Ollison', 'y': 2019, 'sim': 60.0, 'fant': 0.349}, {'p': 'Isaiah Davis', 'y': 2024, 'sim': 59.0, 'fant': None}, {'p': 'Isaiah Spiller', 'y': 2022, 'sim': 58.0, 'fant': 0.205}, {'p': 'Ollie Gordon', 'y': 2025, 'sim': 58.0, 'fant': None}]"
Ameer Abdullah,2015,historical,0,,9,0.869281045751634,0.7058823529411765,43.887115061585014,10.858015136814824,0.13488567811443902,0,0,0,0,,0.6375545851528385,54.0,21.5523613963039,19.34017796030116,0.3456008540582114,0.0975698222705839,5.64329643296433,0.215,0.6867696254643304,1922.0,0.487001733102253,3.0,"[{'p': 'Jarquez Hunter', 'y': 2025, 'sim': 62.0, 'fant': None}, {'p': 'Eno Benjamin', 'y': 2020, 'sim': 62.0, 'fant': 0.45}, {'p': 'J.K. Dobbins', 'y': 2020, 'sim': 61.0, 'fant': 0.751}, {'p': 'Sean Tucker', 'y': 2023, 'sim': 60.0, 'fant': 0.459}, {'p': 'Kenneth Dixon', 'y': 2016, 'sim': 59.0, 'fant': 0.659}, {'p': 'Myles Gaskin', 'y': 2019, 'sim': 59.0, 'fant': 0.843}]"
Tevin Coleman,2015,historical,0,,9,0.803921568627451,0.8431372549019608,39.296117049004806,10.96033265705912,0.5894874962223837,1,0,0,0,,0.8384279475982532,73.0,21.711156741957563,20.49828884325804,0.4320283600493218,0.0830878020035356,7.121681415929204,0.1855,0.1490196078431372,2177.0,0.5018587360594795,3.0,"[{'p': 'Chuba Hubbard', 'y': 2021, 'sim': 63.0, 'fant': 0.712}, {'p': 'Rasheen Ali', 'y': 2024, 'sim': 60.0, 'fant': None}, {'p': 'Ronald Jones II', 'y': 2018, 'sim': 58.0, 'fant': 0.803}, {'p': 'Emmett Johnson', 'y': 2026, 'sim': 55.0, 'fant': None}, {'p': 'Jerome Ford', 'y': 2022, 'sim': 55.0, 'fant': 0.755}, {'p': 'Jeremy Langford', 'y': 2015, 'sim': 55.0, 'fant': 0.62}]"
David Johnson,2015,historical,0,,8,0.7254901960784313,0.24836601307189543,31.242568019214318,9.872906381475467,0.5239014204437411,1,0,0,1,no reliable college production data (thin CFBD team-season),0.9694323144104804,86.0,23.04449007529089,99.0,,,4.659090909090909,0.0555,0.8860262822089098,356.0,1.0,,"[{'p': 'Zach Zenner', 'y': 2015, 'sim': 56.0, 'fant': 0.432}, {'p': 'Hassan Haskins', 'y': 2022, 'sim': 49.0, 'fant': 0.297}, {'p': 'Javorius Allen', 'y': 2015, 'sim': 49.0, 'fant': 0.716}, {'p': 'Brian Robinson Jr.', 'y': 2022, 'sim': 48.0, 'fant': 0.825}, {'p': 'Daniel Lasco', 'y': 2016, 'sim': 47.0, 'fant': 0.092}, {'p': 'Jordan Wilkins', 'y': 2018, 'sim': 47.0, 'fant': 0.384}]"
Matt Jones,2015,historical,0,,6,0.5032679738562091,0.10457516339869281,25.676280414382543,8.860150276630211,-0.4845038092578362,0,0,0,0,,0.7205240174672489,95.0,21.82067077344285,21.607118412046542,0.1858496877787689,0.0301065308012968,4.818181818181818,0.0045,0.2495100989370194,882.0,0.3293650793650793,4.0,"[{'p': 'Brian Robinson Jr.', 'y': 2022, 'sim': 62.0, 'fant': 0.825}, {'p': 'Kendall Milton', 'y': 2024, 'sim': 62.0, 'fant': None}, {'p': ""Ja'Quinden Jackson"", 'y': 2025, 'sim': 60.0, 'fant': None}, {'p': 'Hassan Haskins', 'y': 2022, 'sim': 60.0, 'fant': 0.297}, {'p': 'CJ Donaldson', 'y': 2026, 'sim': 59.0, 'fant': None}, {'p': 'Roschon Johnson', 'y': 2023, 'sim': 58.0, 'fant': 0.541}]"
Jeremy Langford,2015,historical,0,,7,0.6666666666666666,0.29411764705882354,28.61655694515624,9.98668680584364,0.03256932397790356,0,0,0,0,,0.6200873362445415,106.0,23.071868583162217,21.859000684462696,0.4015689941812136,0.0670367207514944,5.1421143847487,0.0965,0.5062172991319529,1584.0,0.5427509293680297,,"[{'p': 'Rasheen Ali', 'y': 2024, 'sim': 68.0, 'fant': None}, {'p': 'Chuba Hubbard', 'y': 2021, 'sim': 60.0, 'fant': 0.712}, {'p': 'Darius Jackson', 'y': 2016, 'sim': 59.0, 'fant': 0.092}, {'p': 'Roman Hemby', 'y': 2026, 'sim': 59.0, 'fant': None}, {'p': 'Joshua Kelley', 'y': 2020, 'sim': 58.0, 'fant': 0.463}, {'p': 'Jerome Ford', 'y': 2022, 'sim': 57.0, 'fant': 0.755}]"
Javorius Allen,2015,historical,0,,7,0.6339869281045751,0.1503267973856209,28.008789082957847,9.381107866692624,-0.024515029263666582,0,0,0,0,,0.7161572052401747,125.0,23.34839151266256,22.13552361396304,0.2682738745725667,0.1187759336099585,5.5299760191846525,,0.5940632047480584,1947.0,0.5369649805447471,4.0,"[{'p': 'Raheim Sanders', 'y': 2025, 'sim': 64.0, 'fant': None}, {'p': 'Devontae Booker', 'y': 2016, 'sim': 59.0, 'fant': 0.624}, {'p': 'Brian Robinson Jr.', 'y': 2022, 'sim': 59.0, 'fant': 0.825}, {'p': 'Omarion Hampton', 'y': 2025, 'sim': 56.0, 'fant': None}, {'p': 'Jordan Wilkins', 'y': 2018, 'sim': 56.0, 'fant': 0.384}, {'p': 'Jay Ajayi', 'y': 2015, 'sim': 56.0, 'fant': 0.817}]"
Mike Davis,2015,historical,0,,7,0.6405228758169934,0.5359477124183006,28.06748494824909,10.554718742253588,-0.02973549522170671,0,0,0,0,,0.48034934497816595,126.0,21.86447638603696,20.65160848733744,0.2263338942857058,0.1066666666666666,5.3744493392070485,0.191,0.2733086604735747,1535.0,0.4207188160676532,4.0,"[{'p': 'Zack Moss', 'y': 2020, 'sim': 63.0, 'fant': 0.616}, {'p': 'Dameon Pierce', 'y': 2022, 'sim': 62.0, 'fant': 0.707}, {'p': 'Khalil Herbert', 'y': 2021, 'sim': 62.0, 'fant': 0.677}, {'p': 'David Montgomery', 'y': 2019, 'sim': 60.0, 'fant': 0.921}, {'p': ""D'Andre Swift"", 'y': 2020, 'sim': 59.0, 'fant': 0.904}, {'p': 'Corey Clement', 'y': 2017, 'sim': 58.0, 'fant': 0.555}]"
David Cobb,2015,historical,0,,6,0.5490196078431373,0.41830065359477125,26.405455305144073,10.329397347718622,-0.14632192864176102,0,0,0,0,,0.27510917030567683,138.0,21.579739904175224,20.366872005475702,0.3670159934085035,0.1047865459249676,5.143872113676732,0.0955,0.6509698672813194,1791.0,0.5555555555555556,3.0,"[{'p': 'Alexander Mattison', 'y': 2019, 'sim': 63.0, 'fant': 0.59}, {'p': 'David Montgomery', 'y': 2019, 'sim': 62.0, 'fant': 0.921}, {'p': 'Kevin Harris', 'y': 2022, 'sim': 60.0, 'fant': 0.319}, {'p': 'Tyler Allgeier', 'y': 2022, 'sim': 59.0, 'fant': 0.664}, {'p': 'Jordan Howard', 'y': 2016, 'sim': 58.0, 'fant': 0.86}, {'p': 'Zack Moss', 'y': 2020, 'sim': 58.0, 'fant': 0.616}]"
Jay Ajayi,2015,historical,0,,7,0.6013071895424836,0.5816993464052288,27.057408035449136,10.605022609085324,0.739119282905154,1,0,0,0,,0.8165938864628821,149.0,21.54688569472964,20.33401779603012,0.4116991885836107,0.1362710137544574,5.59882005899705,0.1855,0.6366837839415277,2358.0,0.5871404399323181,3.0,"[{'p': 'Omarion Hampton', 'y': 2025, 'sim': 68.0, 'fant': None}, {'p': 'Kaleb Johnson', 'y': 2025, 'sim': 62.0, 'fant': None}, {'p': 'Brian Hill', 'y': 2017, 'sim': 61.0, 'fant': 0.428}, {'p': 'Rashaad Penny', 'y': 2018, 'sim': 59.0, 'fant': 0.568}, {'p': 'Lew Nichols', 'y': 2023, 'sim': 59.0, 'fant': 0.092}, {'p': 'Jaleel McLaughlin', 'y': 2023, 'sim': 58.0, 'fant': 0.498}]"
Karlos Williams,2015,historical,0,,6,0.5816993464052288,0.6601307189542484,26.785940898281176,10.751533038684741,0.3205742885435316,0,0,0,0,,0.777292576419214,155.0,21.661875427789184,21.44832306639288,0.2324668681701929,0.0968567251461988,5.8879668049792535,0.226,0.4871447894371073,954.0,0.3440366972477064,,"[{'p': 'Rodney Anderson', 'y': 2019, 'sim': 62.0, 'fant': 0.092}, {'p': 'Gerrid Doaks', 'y': 2021, 'sim': 62.0, 'fant': 0.092}, {'p': 'Qadree Ollison', 'y': 2019, 'sim': 62.0, 'fant': 0.349}, {'p': 'Keaontay Ingram', 'y': 2022, 'sim': 58.0, 'fant': 0.21}, {'p': 'Joe Mixon', 'y': 2017, 'sim': 57.0, 'fant': 0.913}, {'p': 'Roschon Johnson', 'y': 2023, 'sim': 56.0, 'fant': 0.541}]"
Cameron Artis-Payne,2015,historical,0,,4,0.33986928104575165,0.13725490196078433,22.600153647151682,9.135438939495511,-0.21519409080051394,0,0,0,0,,0.36681222707423583,174.0,24.525667351129364,24.31211498973306,0.2872017198136868,0.0652173913043478,5.629441624365482,0.1649999999999999,0.4800657581466523,1755.0,0.5033222591362126,,"[{'p': 'Patrick Laird', 'y': 2019, 'sim': 59.0, 'fant': 0.437}, {'p': 'Kaelon Black', 'y': 2026, 'sim': 59.0, 'fant': None}, {'p': 'Jerome Ford', 'y': 2022, 'sim': 57.0, 'fant': 0.755}, {'p': 'Eric Gray', 'y': 2023, 'sim': 56.0, 'fant': 0.245}, {'p': 'Devontae Booker', 'y': 2016, 'sim': 56.0, 'fant': 0.624}, {'p': 'Tahj Brooks', 'y': 2025, 'sim': 56.0, 'fant': None}]"
Josh Robinson,2015,historical,0,,5,0.45751633986928103,0.6470588235294118,24.7852092371745,10.740506903091461,-0.4921063622315745,0,0,0,0,,0.24017467248908297,205.0,22.354551676933607,22.140999315537304,0.2168300653594771,0.101397643189915,6.182662538699691,0.2334999999999999,0.1139510414683285,1573.0,0.3368794326241134,3.0,"[{'p': 'Jonah Coleman', 'y': 2026, 'sim': 64.0, 'fant': None}, {'p': 'Zack Moss', 'y': 2020, 'sim': 62.0, 'fant': 0.616}, {'p': 'Mike Davis', 'y': 2015, 'sim': 60.0, 'fant': 0.48}, {'p': 'Kyle Monangai', 'y': 2025, 'sim': 59.0, 'fant': None}, {'p': 'Khalil Herbert', 'y': 2021, 'sim': 57.0, 'fant': 0.677}, {'p': 'MarShawn Lloyd', 'y': 2024, 'sim': 57.0, 'fant': None}]"
Marcus Murphy,2015,historical,0,,3,0.24836601307189543,0.05228758169934641,21.07368857694469,8.163505731749282,-0.5893763647487381,0,0,0,0,,0.09170305676855896,230.0,23.24709103353868,23.033538672142367,0.1694309302668435,0.080060422960725,5.807121661721069,,0.029886914996321,1136.0,0.3390804597701149,3.0,"[{'p': 'Jawhar Jordan', 'y': 2024, 'sim': 67.0, 'fant': None}, {'p': 'Ulysses Bentley IV', 'y': 2025, 'sim': 64.0, 'fant': None}, {'p': 'Robert Henry Jr.', 'y': 2026, 'sim': 60.0, 'fant': None}, {'p': 'T.J. Logan', 'y': 2017, 'sim': 59.0, 'fant': 0.201}, {'p': ""D'Ernest Johnson"", 'y': 2019, 'sim': 58.0, 'fant': 0.445}, {'p': 'Kyren Williams', 'y': 2022, 'sim': 58.0, 'fant': 0.961}]"
Kenny Hilliard,2015,historical,0,,1,0.013071895424836602,0.013071895424836602,13.739684297094879,5.741119854045313,-0.7591195606397917,0,0,0,0,,0.09170305676855896,235.0,23.24709103353868,99.0,0.1228429971722904,0.0165250236071765,5.155629139072848,0.0935,0.0214792297959864,485.0,0.1576923076923077,4.0,"[{'p': 'Tony Jones', 'y': 2020, 'sim': 64.0, 'fant': 0.231}, {'p': 'Gary Brightwell', 'y': 2021, 'sim': 62.0, 'fant': 0.301}, {'p': 'Snoop Conner', 'y': 2022, 'sim': 60.0, 'fant': 0.223}, {'p': 'Roschon Johnson', 'y': 2023, 'sim': 60.0, 'fant': 0.541}, {'p': 'David Williams', 'y': 2018, 'sim': 59.0, 'fant': 0.092}, {'p': 'Rhamondre Stevenson', 'y': 2021, 'sim': 58.0, 'fant': 0.847}]"
Ezekiel Elliott,2016,historical,0,,10,0.9869281045751634,0.9411764705882353,74.38764852918308,11.178732947758323,0.8747350851716315,0,1,1,0,,0.9912663755458515,4.0,20.44626967830253,19.23340177960301,0.376332784064749,0.0839103869653767,6.690878378378378,0.3723333333333333,0.4723621233330431,2098.0,0.5226039783001808,,"[{'p': 'Audric Estime', 'y': 2024, 'sim': 65.0, 'fant': None}, {'p': 'Rashaad Penny', 'y': 2018, 'sim': 64.0, 'fant': 0.568}, {'p': 'Derrius Guice', 'y': 2018, 'sim': 62.0, 'fant': 0.782}, {'p': 'Tyler Allgeier', 'y': 2022, 'sim': 62.0, 'fant': 0.664}, {'p': 'Joe Mixon', 'y': 2017, 'sim': 61.0, 'fant': 0.913}, {'p': ""D'Onta Foreman"", 'y': 2017, 'sim': 60.0, 'fant': 0.389}]"
Derrick Henry,2016,historical,0,,9,0.8888888888888888,0.2222222222222222,45.950454537305546,9.74725720078991,0.9692520307226604,1,0,0,0,,0.7467248908296943,45.0,21.99041752224504,20.77754962354552,0.4343959684040656,0.0341902313624678,5.955223880597015,0.2476666666666666,0.8729847175617754,2310.0,0.6240126382306477,5.0,"[{'p': ""D'Onta Foreman"", 'y': 2017, 'sim': 61.0, 'fant': 0.389}, {'p': 'Leonard Fournette', 'y': 2017, 'sim': 61.0, 'fant': 0.939}, {'p': 'AJ Dillon', 'y': 2020, 'sim': 59.0, 'fant': 0.742}, {'p': 'Najee Harris', 'y': 2021, 'sim': 57.0, 'fant': 0.908}, {'p': 'Phil Mafah', 'y': 2025, 'sim': 57.0, 'fant': None}, {'p': 'Ollie Gordon', 'y': 2025, 'sim': 56.0, 'fant': None}]"
Kenyan Drake,2016,historical,0,,8,0.7973856209150327,0.8431372549019608,38.40218233880837,10.96033265705912,-0.09355916643969808,0,0,0,0,,0.7860262008733624,73.0,21.93018480492813,99.0,0.1475204063229057,0.0810096859407103,6.416309012875536,0.4066666666666667,0.6182321462230528,829.0,0.2035398230088495,,"[{'p': 'Tony Pollard', 'y': 2019, 'sim': 66.0, 'fant': 0.672}, {'p': 'Trey Sermon', 'y': 2021, 'sim': 61.0, 'fant': 0.336}, {'p': 'James Cook', 'y': 2022, 'sim': 61.0, 'fant': 0.895}, {'p': 'Pierre Strong', 'y': 2022, 'sim': 59.0, 'fant': 0.41}, {'p': 'Jordan Wilkins', 'y': 2018, 'sim': 56.0, 'fant': 0.384}, {'p': 'Chris Carson', 'y': 2017, 'sim': 55.0, 'fant': 0.882}]"
C.J. Prosise,2016,historical,0,,8,0.7777777777777778,0.8431372549019608,35.163337953933336,10.96033265705912,0.7426939874467192,1,0,0,0,,0.5807860262008734,90.0,21.61806981519507,21.404517453798768,0.2883725733168112,0.1971723347344287,6.975903614457831,0.5486666666666667,0.6365468648787773,1340.0,0.3326226012793177,,"[{'p': 'Rachaad White', 'y': 2022, 'sim': 69.0, 'fant': 0.878}, {'p': 'Joe Mixon', 'y': 2017, 'sim': 59.0, 'fant': 0.913}, {'p': 'DJ Giddens', 'y': 2025, 'sim': 52.0, 'fant': None}, {'p': 'Omarion Hampton', 'y': 2025, 'sim': 52.0, 'fant': None}, {'p': 'Jason Huntley', 'y': 2020, 'sim': 52.0, 'fant': 0.092}, {'p': 'Tony Pollard', 'y': 2019, 'sim': 51.0, 'fant': 0.672}]"
Tyler Ervin,2016,historical,0,,7,0.6143790849673203,0.38562091503267976,27.576490000444963,10.222525767300816,-0.09286402065649683,0,0,0,0,,0.09170305676855896,119.0,22.2340862422998,21.021218343600275,0.3491105663460934,0.1158917418459403,5.308712121212121,0.0076666666666666,0.7818947901547125,1935.0,0.564299424184261,2.0,"[{'p': 'Demond Claiborne', 'y': 2026, 'sim': 61.0, 'fant': None}, {'p': 'Tyler Goodson', 'y': 2022, 'sim': 60.0, 'fant': 0.328}, {'p': 'Emmett Johnson', 'y': 2026, 'sim': 59.0, 'fant': None}, {'p': 'Darrynton Evans', 'y': 2020, 'sim': 59.0, 'fant': 0.332}, {'p': 'Justin Jackson', 'y': 2018, 'sim': 59.0, 'fant': 0.607}, {'p': 'Rasheen Ali', 'y': 2024, 'sim': 56.0, 'fant': None}]"
Kenneth Dixon,2016,historical,0,,7,0.6797385620915033,0.7320261437908496,29.634576504156364,10.924980186953047,0.46387471019673243,1,0,0,0,,0.6593886462882096,134.0,21.94387405886379,18.73237508555784,0.3750972317547472,0.1111640085693882,5.593008739076155,0.1693333333333333,0.5658113770077396,1684.0,0.5270833333333333,3.0,"[{'p': 'Devin Neal', 'y': 2025, 'sim': 66.0, 'fant': None}, {'p': 'Marlon Mack', 'y': 2017, 'sim': 63.0, 'fant': 0.856}, {'p': ""Ke'Shawn Vaughn"", 'y': 2020, 'sim': 61.0, 'fant': 0.402}, {'p': 'Kareem Hunt', 'y': 2017, 'sim': 61.0, 'fant': 0.974}, {'p': 'Sean Tucker', 'y': 2023, 'sim': 59.0, 'fant': 0.459}, {'p': 'Dontrell Hilliard', 'y': 2018, 'sim': 59.0, 'fant': 0.371}]"
Devontae Booker,2016,historical,0,,6,0.5228758169934641,0.11764705882352941,25.839019120384012,8.907792151230794,-0.26149276139762595,0,0,0,0,,0.6244541484716157,136.0,23.59753593429158,22.38466803559206,0.3255960483091322,0.1358974358974359,4.951785714285714,0.1375,0.4980392156862745,1818.0,0.5223613595706619,,"[{'p': 'Patrick Laird', 'y': 2019, 'sim': 67.0, 'fant': 0.437}, {'p': 'Javorius Allen', 'y': 2015, 'sim': 58.0, 'fant': 0.716}, {'p': 'Eric Gray', 'y': 2023, 'sim': 57.0, 'fant': 0.245}, {'p': 'Jaleel McLaughlin', 'y': 2023, 'sim': 55.0, 'fant': 0.498}, {'p': 'Cameron Artis-Payne', 'y': 2015, 'sim': 55.0, 'fant': 0.367}, {'p': 'Dare Ogunbowale', 'y': 2017, 'sim': 54.0, 'fant': 0.38}]"
DeAndre Washington,2016,historical,0,,6,0.5620915032679739,0.5555555555555556,26.543229439895725,10.569400699305426,-0.30179985358958566,0,0,0,0,,0.49344978165938863,143.0,22.855578370978783,21.642710472279266,0.2335488878796706,0.0778542606218846,5.63801652892562,0.1586666666666666,0.349249656107665,1877.0,0.5433526011560693,4.0,"[{'p': 'Blake Corum', 'y': 2024, 'sim': 65.0, 'fant': None}, {'p': 'Khalil Herbert', 'y': 2021, 'sim': 61.0, 'fant': 0.677}, {'p': 'Matthew Dayes', 'y': 2017, 'sim': 60.0, 'fant': 0.092}, {'p': 'Corey Kiner', 'y': 2025, 'sim': 59.0, 'fant': None}, {'p': 'Jarquez Hunter', 'y': 2025, 'sim': 59.0, 'fant': None}, {'p': 'Tahj Brooks', 'y': 2025, 'sim': 59.0, 'fant': None}]"
Paul Perkins,2016,historical,0,,6,0.5751633986928104,0.7124183006535948,26.694456712932464,10.868659371731479,0.28249887142362606,0,0,0,0,,0.3624454148471616,149.0,21.12525667351129,18.91307323750856,0.2984904104092203,0.1451692005885237,5.616747181964573,0.1603333333333333,0.423198197120713,1773.0,0.5325842696629214,3.0,"[{'p': 'Sean Tucker', 'y': 2023, 'sim': 69.0, 'fant': 0.459}, {'p': 'Devin Neal', 'y': 2025, 'sim': 64.0, 'fant': None}, {'p': 'Jason Huntley', 'y': 2020, 'sim': 63.0, 'fant': 0.092}, {'p': 'Jarquez Hunter', 'y': 2025, 'sim': 60.0, 'fant': None}, {'p': 'Lew Nichols', 'y': 2023, 'sim': 59.0, 'fant': 0.092}, {'p': 'Kenneth Dixon', 'y': 2016, 'sim': 58.0, 'fant': 0.659}]"
Jordan Howard,2016,historical,0,,4,0.3660130718954248,0.16993464052287582,23.240092708576917,9.548724541399622,0.31281512522909555,0,0,0,0,,0.8602620087336245,150.0,21.163586584531146,19.95071868583162,0.3188867095147195,0.0321955003878976,5.689335394126739,0.2026666666666667,0.5340364907003156,1659.0,0.5041186161449753,2.0,"[{'p': ""D'Onta Foreman"", 'y': 2017, 'sim': 71.0, 'fant': 0.389}, {'p': 'Tyler Allgeier', 'y': 2022, 'sim': 64.0, 'fant': 0.664}, {'p': 'Elijah Hood', 'y': 2017, 'sim': 63.0, 'fant': 0.092}, {'p': 'Alexander Mattison', 'y': 2019, 'sim': 60.0, 'fant': 0.59}, {'p': 'David Cobb', 'y': 2015, 'sim': 58.0, 'fant': 0.275}, {'p': 'Benny Snell Jr.', 'y': 2019, 'sim': 57.0, 'fant': 0.415}]"
Wendell Smallwood,2016,historical,0,,6,0.5686274509803921,0.6339869281045751,26.620448604002185,10.717647578187893,-0.09084992256590961,0,0,0,0,,0.5938864628820961,153.0,21.94661190965092,21.73305954825462,0.222512325467615,0.079107012860956,5.792941176470588,0.221,0.4711518902198072,1679.0,0.3882544861337683,,"[{'p': 'Jerome Ford', 'y': 2022, 'sim': 68.0, 'fant': 0.755}, {'p': 'Boston Scott', 'y': 2018, 'sim': 65.0, 'fant': 0.799}, {'p': 'Jalen Richard', 'y': 2016, 'sim': 59.0, 'fant': 0.651}, {'p': 'Mike Boone', 'y': 2018, 'sim': 59.0, 'fant': 0.537}, {'p': 'Joshua Kelley', 'y': 2020, 'sim': 59.0, 'fant': 0.463}, {'p': 'Rahsul Faison', 'y': 2026, 'sim': 57.0, 'fant': None}]"
Jonathan Williams,2016,historical,0,,5,0.41830065359477125,0.5228758169934641,24.09032993269502,10.538036880778641,0.03441523934314567,0,0,0,0,,0.4672489082969432,156.0,21.911019849418206,19.698836413415467,0.2636453201970443,0.0574903261470425,5.716748768472907,0.134,0.2666666666666666,1255.0,0.3767857142857143,4.0,"[{'p': ""La'Mical Perine"", 'y': 2020, 'sim': 66.0, 'fant': 0.472}, {'p': 'Ryquell Armstead', 'y': 2019, 'sim': 63.0, 'fant': 0.314}, {'p': 'Keaontay Ingram', 'y': 2022, 'sim': 62.0, 'fant': 0.21}, {'p': 'Corey Clement', 'y': 2017, 'sim': 61.0, 'fant': 0.555}, {'p': 'DeeJay Dallas', 'y': 2020, 'sim': 61.0, 'fant': 0.502}, {'p': 'Kylin Hill', 'y': 2021, 'sim': 60.0, 'fant': 0.188}]"
Alex Collins,2016,historical,0,,3,0.2679738562091503,0.20915032679738563,21.293672046808055,9.705236905403886,0.20400604509962625,0,0,0,0,,0.7685589519650655,171.0,21.349760438056126,19.137577002053387,0.2988582014682541,0.0353535353535353,5.568421052631579,0.1136666666666666,0.1370051115812222,1672.0,0.5355731225296443,4.0,"[{'p': 'Corey Clement', 'y': 2017, 'sim': 74.0, 'fant': 0.555}, {'p': 'Benny Snell Jr.', 'y': 2019, 'sim': 62.0, 'fant': 0.415}, {'p': 'Larry Rountree', 'y': 2021, 'sim': 60.0, 'fant': 0.214}, {'p': 'Jonathan Williams', 'y': 2016, 'sim': 59.0, 'fant': 0.467}, {'p': 'David Montgomery', 'y': 2019, 'sim': 58.0, 'fant': 0.921}, {'p': 'Ryquell Armstead', 'y': 2019, 'sim': 56.0, 'fant': 0.314}]"
Keenan Reynolds,2016,historical,0,,3,0.29411764705882354,0.22875816993464052,21.779149039371788,9.799039859796057,0.2812913998488639,0,0,0,0,,0.09170305676855896,182.0,22.050650239561943,18.83915126625599,0.3926840633737185,0.03671875,4.66632548618219,0.2303333333333333,0.4061566694701108,1420.0,0.3926701570680628,,"[{'p': 'Demond Claiborne', 'y': 2026, 'sim': 62.0, 'fant': None}, {'p': 'Robert Henry Jr.', 'y': 2026, 'sim': 57.0, 'fant': None}, {'p': 'Salvon Ahmed', 'y': 2020, 'sim': 57.0, 'fant': 0.598}, {'p': 'Kyren Williams', 'y': 2022, 'sim': 57.0, 'fant': 0.961}, {'p': 'Tyler Goodson', 'y': 2022, 'sim': 57.0, 'fant': 0.328}, {'p': 'Jaden Shirden', 'y': 2024, 'sim': 57.0, 'fant': None}]"
Kelvin Taylor,2016,historical,0,,1,0.08496732026143791,0.1830065359477124,18.45441385191656,9.6361102352578,-0.6025943319113691,0,0,0,0,,0.09170305676855896,211.0,22.258726899383984,20.046543463381244,0.2921963276836158,0.051741979993101,4.337448559670782,0.0123333333333333,0.1368268584617926,1185.0,0.5169660678642715,5.0,"[{'p': 'Jordan Scarlett', 'y': 2019, 'sim': 62.0, 'fant': 0.092}, {'p': 'Larry Rountree', 'y': 2021, 'sim': 61.0, 'fant': 0.214}, {'p': 'Corey Kiner', 'y': 2025, 'sim': 57.0, 'fant': None}, {'p': 'Mark Walton', 'y': 2018, 'sim': 57.0, 'fant': 0.092}, {'p': 'SaRodorick Thompson', 'y': 2023, 'sim': 56.0, 'fant': 0.092}, {'p': 'Jermar Jefferson', 'y': 2021, 'sim': 55.0, 'fant': 0.515}]"
Darius Jackson,2016,historical,0,,3,0.28104575163398693,0.3790849673202614,21.366020024898464,10.205711963292856,-0.2339622990975351,0,0,0,1,no athletic testing at all,0.09170305676855896,216.0,22.083504449007528,21.869952087611225,0.3497296244529477,0.0748324646314222,4.976973684210527,0.0493333333333333,,1279.0,0.5012048192771085,,"[{'p': 'Gus Edwards', 'y': 2018, 'sim': 69.0, 'fant': 0.633}, {'p': 'Joshua Kelley', 'y': 2020, 'sim': 67.0, 'fant': 0.463}, {'p': 'Jerome Ford', 'y': 2022, 'sim': 65.0, 'fant': 0.755}, {'p': 'Patrick Laird', 'y': 2019, 'sim': 62.0, 'fant': 0.437}, {'p': 'Jordan Mason', 'y': 2022, 'sim': 62.0, 'fant': 0.585}, {'p': 'Kylin Hill', 'y': 2021, 'sim': 61.0, 'fant': 0.188}]"
Dwayne Washington,2016,historical,0,,4,0.35294117647058826,0.6405228758169934,23.155810367683145,10.72999081790087,0.3077970370493959,0,0,0,0,,0.34497816593886466,236.0,21.689253935660503,20.476386036960985,0.1792380081035158,0.1012861736334405,5.800884955752212,,0.8318890014731637,788.0,0.2225969645868465,,"[{'p': 'Rico Dowdle', 'y': 2020, 'sim': 60.0, 'fant': 0.668}, {'p': 'Isaac Guerendo', 'y': 2024, 'sim': 60.0, 'fant': None}, {'p': 'Trey Benson', 'y': 2024, 'sim': 60.0, 'fant': None}, {'p': 'Rodney Anderson', 'y': 2019, 'sim': 59.0, 'fant': 0.092}, {'p': 'Bo Scarbrough', 'y': 2018, 'sim': 58.0, 'fant': 0.576}, {'p': 'Raheim Sanders', 'y': 2025, 'sim': 58.0, 'fant': None}]"
Daniel Lasco,2016,historical,0,,4,0.30718954248366015,0.19607843137254902,21.95239447371942,9.670840607138246,-0.11515428490524984,0,0,0,0,,0.09170305676855896,237.0,23.227926078028748,22.015058179329227,0.251525953490657,0.0912820512820512,5.379310344827586,0.1586666666666666,0.8947247410163012,1471.0,0.4827586206896552,,"[{'p': 'Roman Hemby', 'y': 2026, 'sim': 61.0, 'fant': None}, {'p': 'DJ Giddens', 'y': 2025, 'sim': 59.0, 'fant': None}, {'p': 'Raheim Sanders', 'y': 2025, 'sim': 59.0, 'fant': None}, {'p': 'Jordan Wilkins', 'y': 2018, 'sim': 58.0, 'fant': 0.384}, {'p': 'Joe Williams', 'y': 2017, 'sim': 57.0, 'fant': 0.092}, {'p': 'Chris Evans', 'y': 2021, 'sim': 57.0, 'fant': 0.358}]"
Keith Marshall,2016,historical,0,,3,0.21568627450980393,0.20261437908496732,20.53540171574571,9.6994573172686,-0.28119588614333746,0,0,0,0,,0.09170305676855896,242.0,21.87268993839836,18.6611909650924,0.1705139604517198,0.0304610318331503,5.450592885375494,,0.558300395256917,850.0,0.4020618556701031,,"[{'p': 'Ryquell Armstead', 'y': 2019, 'sim': 65.0, 'fant': 0.314}, {'p': 'Keaontay Ingram', 'y': 2022, 'sim': 64.0, 'fant': 0.21}, {'p': 'Jordan Mason', 'y': 2022, 'sim': 60.0, 'fant': 0.585}, {'p': 'Rico Dowdle', 'y': 2020, 'sim': 60.0, 'fant': 0.668}, {'p': 'Jase McClellan', 'y': 2024, 'sim': 58.0, 'fant': None}, {'p': 'Jalen Richard', 'y': 2016, 'sim': 58.0, 'fant': 0.651}]"
Zac Brooks,2016,historical,0,,1,0.05228758169934641,0.0457516339869281,17.837992446243657,7.825750790445242,-0.7775198485850477,0,0,0,0,,0.09170305676855896,247.0,22.91307323750856,99.0,0.0585699811353496,0.0258403841756231,5.208695652173913,0.264,0.6311070989009797,347.0,0.0902255639097744,4.0,"[{'p': 'Raheem Mostert', 'y': 2015, 'sim': 64.0, 'fant': 0.524}, {'p': 'Jadarian Price', 'y': 2026, 'sim': 59.0, 'fant': None}, {'p': 'Zach Evans', 'y': 2023, 'sim': 57.0, 'fant': 0.183}, {'p': 'James Cook', 'y': 2022, 'sim': 57.0, 'fant': 0.895}, {'p': ""Le'Veon Moss"", 'y': 2026, 'sim': 57.0, 'fant': None}, {'p': 'Kenyan Drake', 'y': 2016, 'sim': 57.0, 'fant': 0.786}]"
Leonard Fournette,2017,historical,0,,10,0.9738562091503268,0.7189542483660131,73.54677225469402,10.879631205040297,0.8104656939719911,0,0,1,0,,0.9388646288209607,4.0,21.95482546201232,19.73990417522245,0.4442701648396391,0.1168591224018475,6.217532467532467,0.1993333333333333,0.4814578005115089,2206.0,0.6048387096774194,5.0,"[{'p': 'Royce Freeman', 'y': 2018, 'sim': 64.0, 'fant': 0.629}, {'p': 'Nick Chubb', 'y': 2018, 'sim': 62.0, 'fant': 0.926}, {'p': 'Saquon Barkley', 'y': 2018, 'sim': 61.0, 'fant': 0.987}, {'p': 'David Cobb', 'y': 2015, 'sim': 61.0, 'fant': 0.275}, {'p': 'AJ Dillon', 'y': 2020, 'sim': 60.0, 'fant': 0.742}, {'p': 'Jonathan Taylor', 'y': 2020, 'sim': 59.0, 'fant': 0.965}]"
Christian McCaffrey,2017,historical,0,,10,0.9934640522875817,0.9281045751633987,74.55398378645698,11.147270657186684,0.7149666631946727,0,1,1,0,,1.0,8.0,20.56947296372348,19.353867214236825,0.4279253260287024,0.2175379426644182,6.205696202531645,0.334,0.5847656253737527,2664.0,0.5626043405676127,,"[{'p': 'Paul Perkins', 'y': 2016, 'sim': 56.0, 'fant': 0.362}, {'p': 'Dalvin Cook', 'y': 2017, 'sim': 54.0, 'fant': 0.948}, {'p': 'Evan Hull', 'y': 2023, 'sim': 53.0, 'fant': 0.192}, {'p': 'Jahmyr Gibbs', 'y': 2023, 'sim': 53.0, 'fant': 0.983}, {'p': 'Aaron Jones', 'y': 2017, 'sim': 53.0, 'fant': 0.934}, {'p': 'LeQuint Allen', 'y': 2025, 'sim': 53.0, 'fant': None}]"
Dalvin Cook,2017,historical,0,,10,0.9084967320261438,0.934640522875817,52.45600541647443,11.149912785962584,0.6502540647111004,1,1,1,0,,0.9475982532751092,41.0,21.39630390143737,19.1813826146475,0.3792264552453856,0.1421497232741042,6.497816593886463,0.2283333333333333,0.2863211381919348,2253.0,0.5669291338582677,5.0,"[{'p': 'Paul Perkins', 'y': 2016, 'sim': 60.0, 'fant': 0.362}, {'p': 'Tevin Coleman', 'y': 2015, 'sim': 56.0, 'fant': 0.838}, {'p': 'Bijan Robinson', 'y': 2023, 'sim': 55.0, 'fant': 0.978}, {'p': 'Devin Neal', 'y': 2025, 'sim': 55.0, 'fant': None}, {'p': 'Kareem Hunt', 'y': 2017, 'sim': 54.0, 'fant': 0.974}, {'p': 'Jaleel McLaughlin', 'y': 2023, 'sim': 54.0, 'fant': 0.498}]"
Joe Mixon,2017,historical,0,,10,0.9019607843137255,0.9477124183006536,48.118986593959896,11.180878103933662,0.5206286775153569,1,1,1,0,,0.9126637554585153,48.0,20.44079397672827,19.225188227241617,0.2278605656904272,0.1298575911175476,6.756666666666667,0.3325,0.5750255866103171,1812.0,0.3315602836879432,,"[{'p': 'Zach Charbonnet', 'y': 2023, 'sim': 62.0, 'fant': 0.76}, {'p': 'Ezekiel Elliott', 'y': 2016, 'sim': 61.0, 'fant': 0.991}, {'p': 'Nicholas Singleton', 'y': 2026, 'sim': 60.0, 'fant': None}, {'p': 'Karlos Williams', 'y': 2015, 'sim': 58.0, 'fant': 0.777}, {'p': 'Jonathon Brooks', 'y': 2024, 'sim': 57.0, 'fant': None}, {'p': 'Isaiah Davis', 'y': 2024, 'sim': 56.0, 'fant': None}]"
Alvin Kamara,2017,historical,0,,9,0.8300653594771242,0.7581699346405228,39.94243570966229,10.948921221509966,0.3807856003424284,0,0,0,0,,0.9956331877729258,67.0,21.440109514031484,20.22450376454483,0.1954742748098305,0.1264516129032258,6.161904761904762,0.2985,0.7542821412954973,989.0,0.201171875,,"[{'p': 'Javonte Williams', 'y': 2021, 'sim': 57.0, 'fant': 0.795}, {'p': 'Ty Johnson', 'y': 2019, 'sim': 56.0, 'fant': 0.563}, {'p': 'Michael Wiley', 'y': 2024, 'sim': 53.0, 'fant': None}, {'p': 'Jason Huntley', 'y': 2020, 'sim': 53.0, 'fant': 0.092}, {'p': 'Dameon Pierce', 'y': 2022, 'sim': 52.0, 'fant': 0.707}, {'p': 'Mike Boone', 'y': 2018, 'sim': 52.0, 'fant': 0.537}]"
Kareem Hunt,2017,historical,0,,9,0.8169934640522876,1.0,39.66481084363386,11.379089012999696,0.16593590523230525,0,1,0,0,,0.9737991266375546,86.0,21.4072553045859,18.19301848049281,0.2660212115917165,0.0960438512869399,6.323529411764706,0.2385,0.4158682272824548,1878.0,0.5198412698412699,3.0,"[{'p': 'Devin Neal', 'y': 2025, 'sim': 65.0, 'fant': None}, {'p': 'J.K. Dobbins', 'y': 2020, 'sim': 62.0, 'fant': 0.751}, {'p': 'Kenneth Dixon', 'y': 2016, 'sim': 61.0, 'fant': 0.659}, {'p': 'Kylin Hill', 'y': 2021, 'sim': 57.0, 'fant': 0.188}, {'p': 'Paul Perkins', 'y': 2016, 'sim': 56.0, 'fant': 0.362}, {'p': 'Matt Breida', 'y': 2017, 'sim': 56.0, 'fant': 0.729}]"
D'Onta Foreman,2017,historical,0,,8,0.7189542483660131,0.28104575163398693,30.975952610407226,9.966239421333903,0.5256149748369107,1,0,0,0,,0.388646288209607,89.0,20.689938398357288,19.47433264887064,0.3334491911021233,0.0364464692482915,6.412442396313364,0.16,0.5605445379244755,2103.0,0.5502555366269165,3.0,"[{'p': 'Jordan Howard', 'y': 2016, 'sim': 74.0, 'fant': 0.86}, {'p': 'Elijah Hood', 'y': 2017, 'sim': 65.0, 'fant': 0.092}, {'p': 'Ezekiel Elliott', 'y': 2016, 'sim': 63.0, 'fant': 0.991}, {'p': 'Braelon Allen', 'y': 2024, 'sim': 62.0, 'fant': None}, {'p': 'Derrius Guice', 'y': 2018, 'sim': 62.0, 'fant': 0.782}, {'p': 'Tyler Allgeier', 'y': 2022, 'sim': 61.0, 'fant': 0.664}]"
James Conner,2017,historical,0,,8,0.7843137254901961,0.954248366013072,36.09314333458667,11.18290610655579,0.3456391080763695,0,1,0,0,,0.9432314410480349,105.0,21.661875427789184,18.4476386036961,0.4106267507002801,0.1047883414295628,5.588323353293413,0.277,0.1716766349995487,1835.0,0.5008403361344538,,"[{'p': 'Qadree Ollison', 'y': 2019, 'sim': 66.0, 'fant': 0.349}, {'p': 'Braelon Allen', 'y': 2024, 'sim': 63.0, 'fant': None}, {'p': 'Ollie Gordon', 'y': 2025, 'sim': 61.0, 'fant': None}, {'p': 'Ezekiel Elliott', 'y': 2016, 'sim': 59.0, 'fant': 0.991}, {'p': 'Kaleb Johnson', 'y': 2025, 'sim': 59.0, 'fant': None}, {'p': 'Royce Freeman', 'y': 2018, 'sim': 58.0, 'fant': 0.629}]"
Samaje Perine,2017,historical,0,,7,0.6209150326797386,0.39215686274509803,27.783659893444778,10.267426093623346,0.5022032997928425,1,0,0,0,,0.40611353711790393,114.0,21.295003422313485,19.08008213552361,0.3347312735467367,0.0408163265306122,6.017518248175183,0.2326666666666666,0.2821696488742051,1821.0,0.4747292418772563,4.0,"[{'p': 'Elijah Hood', 'y': 2017, 'sim': 69.0, 'fant': 0.092}, {'p': 'Benny Snell Jr.', 'y': 2019, 'sim': 67.0, 'fant': 0.415}, {'p': 'Derrius Guice', 'y': 2018, 'sim': 64.0, 'fant': 0.782}, {'p': ""D'Onta Foreman"", 'y': 2017, 'sim': 60.0, 'fant': 0.389}, {'p': 'Jordan Howard', 'y': 2016, 'sim': 60.0, 'fant': 0.86}, {'p': 'Tyler Allgeier', 'y': 2022, 'sim': 59.0, 'fant': 0.664}]"
Tarik Cohen,2017,historical,0,,7,0.6601307189542484,0.49019607843137253,28.388293576784722,10.501053021546866,-0.2471091777851105,0,0,0,1,no reliable college production data (thin CFBD team-season),0.8296943231441049,119.0,21.43737166324436,99.0,,,5.069767441860465,0.207,0.2068166429538031,274.0,0.4411764705882353,,"[{'p': 'Khalfani Muhammad', 'y': 2017, 'sim': 60.0, 'fant': 0.092}, {'p': 'Marcus Murphy', 'y': 2015, 'sim': 58.0, 'fant': 0.092}, {'p': 'Raymond Calais', 'y': 2020, 'sim': 57.0, 'fant': 0.092}, {'p': 'T.J. Logan', 'y': 2017, 'sim': 56.0, 'fant': 0.201}, {'p': ""De'Von Achane"", 'y': 2023, 'sim': 56.0, 'fant': 0.956}, {'p': 'Jaden Shirden', 'y': 2024, 'sim': 56.0, 'fant': None}]"
Joe Williams,2017,historical,0,,5,0.46405228758169936,0.0718954248366013,25.15880276286076,8.55610989006001,-0.2584281023331172,0,0,0,0,,0.09170305676855896,121.0,23.326488706365502,23.1129363449692,0.249317796297662,0.0379836705715299,6.0,0.1185,0.721592196793485,1514.0,0.3535353535353535,3.0,"[{'p': 'Dexter Williams', 'y': 2019, 'sim': 64.0, 'fant': 0.092}, {'p': 'Boston Scott', 'y': 2018, 'sim': 60.0, 'fant': 0.799}, {'p': 'Jordan Mason', 'y': 2022, 'sim': 60.0, 'fant': 0.585}, {'p': 'Wendell Smallwood', 'y': 2016, 'sim': 60.0, 'fant': 0.594}, {'p': 'Chris Evans', 'y': 2021, 'sim': 60.0, 'fant': 0.358}, {'p': 'Gus Edwards', 'y': 2018, 'sim': 59.0, 'fant': 0.633}]"
Donnel Pumphrey,2017,historical,0,,7,0.6993464052287581,0.8888888888888888,29.87511599962459,11.060343539015474,0.2959888377137951,0,0,0,0,,0.09170305676855896,132.0,22.072553045859,18.858316221765914,0.4749951352403191,0.2092555331991951,6.048158640226629,0.19675,0.2008702796331857,2364.0,0.5610932475884244,,"[{'p': 'Desmond Reid', 'y': 2026, 'sim': 65.0, 'fant': None}, {'p': 'Malcolm Perry', 'y': 2020, 'sim': 64.0, 'fant': 0.279}, {'p': 'Phillip Lindsay', 'y': 2018, 'sim': 60.0, 'fant': 0.852}, {'p': 'Demetric Felton', 'y': 2021, 'sim': 59.0, 'fant': 0.258}, {'p': ""De'Von Achane"", 'y': 2023, 'sim': 58.0, 'fant': 0.956}, {'p': 'Deuce Vaughn', 'y': 2023, 'sim': 58.0, 'fant': 0.253}]"
Jamaal Williams,2017,historical,0,,8,0.738562091503268,0.9019607843137255,31.39487221202389,11.09941856051411,-0.2612119091314577,0,1,0,0,,0.7379912663755459,134.0,21.749486652977414,17.53593429158111,0.2790630770465919,0.0980087118855009,5.373278236914601,0.123,0.3349595222854671,1455.0,0.4382022471910112,,"[{'p': 'Tank Bigsby', 'y': 2023, 'sim': 64.0, 'fant': 0.489}, {'p': 'Devin Neal', 'y': 2025, 'sim': 62.0, 'fant': None}, {'p': 'Isaiah Spiller', 'y': 2022, 'sim': 60.0, 'fant': 0.205}, {'p': 'Nicholas Singleton', 'y': 2026, 'sim': 59.0, 'fant': None}, {'p': 'Michael Wiley', 'y': 2024, 'sim': 57.0, 'fant': None}, {'p': 'Paul Perkins', 'y': 2016, 'sim': 56.0, 'fant': 0.362}]"
Wayne Gallman,2017,historical,0,,4,0.37254901960784315,0.24183006535947713,23.279963130071387,9.855679614657305,-0.4967677350882307,0,0,0,0,,0.5458515283842795,140.0,22.25325119780972,21.037645448323065,0.2134616353468688,0.0487079807912188,5.072485207100592,0.102,0.2547216026897754,1740.0,0.4268476621417797,,"[{'p': 'Tyrion Davis-Price', 'y': 2022, 'sim': 60.0, 'fant': 0.218}, {'p': 'Jordan Wilkins', 'y': 2018, 'sim': 59.0, 'fant': 0.384}, {'p': 'Isaiah Davis', 'y': 2024, 'sim': 59.0, 'fant': None}, {'p': 'Dillon Johnson', 'y': 2024, 'sim': 59.0, 'fant': None}, {'p': 'Ryquell Armstead', 'y': 2019, 'sim': 58.0, 'fant': 0.314}, {'p': 'Rahsul Faison', 'y': 2026, 'sim': 58.0, 'fant': None}]"
Marlon Mack,2017,historical,0,,8,0.7058823529411765,0.9084967320261438,30.31692706567511,11.118230125929475,0.6379331107810144,1,1,0,0,,0.8558951965065502,143.0,20.82135523613963,18.60643394934976,0.3664489325718768,0.0751655629139072,6.158703071672355,0.175,0.6655793832359144,1492.0,0.5564738292011019,3.0,"[{'p': 'Devin Neal', 'y': 2025, 'sim': 66.0, 'fant': None}, {'p': 'Kenneth Dixon', 'y': 2016, 'sim': 63.0, 'fant': 0.659}, {'p': 'Breece Hall', 'y': 2022, 'sim': 61.0, 'fant': 0.93}, {'p': 'Kerryon Johnson', 'y': 2018, 'sim': 59.0, 'fant': 0.821}, {'p': 'Matt Breida', 'y': 2017, 'sim': 59.0, 'fant': 0.729}, {'p': 'Kendre Miller', 'y': 2023, 'sim': 57.0, 'fant': 0.441}]"
Brian Hill,2017,historical,0,,6,0.5098039215686274,0.6666666666666666,25.684762540590867,10.75229978861898,0.4072284031887147,1,0,0,0,,0.4279475982532751,156.0,21.14715947980835,18.93223819301848,0.341595488392466,0.0954609265325222,5.531612903225806,0.1086666666666666,0.5846860509359325,1927.0,0.5940803382663847,2.0,"[{'p': 'Kaleb Johnson', 'y': 2025, 'sim': 63.0, 'fant': None}, {'p': 'Isaiah Davis', 'y': 2024, 'sim': 61.0, 'fant': None}, {'p': 'Ollie Gordon', 'y': 2025, 'sim': 60.0, 'fant': None}, {'p': 'Jay Ajayi', 'y': 2015, 'sim': 60.0, 'fant': 0.817}, {'p': 'Devin Neal', 'y': 2025, 'sim': 59.0, 'fant': None}, {'p': 'Chuba Hubbard', 'y': 2021, 'sim': 59.0, 'fant': 0.712}]"
Jeremy McNichols,2017,historical,0,,7,0.6078431372549019,0.7516339869281046,27.525441610289413,10.941937418032335,1.0324501451441053,1,0,0,0,,0.3537117903930131,162.0,21.018480492813143,19.802874743326488,0.4140336637047163,0.1222279525528623,5.612959719789842,0.3389999999999999,0.5986383681467512,2183.0,0.6434426229508197,,"[{'p': 'Eno Benjamin', 'y': 2020, 'sim': 62.0, 'fant': 0.45}, {'p': 'Aaron Jones', 'y': 2017, 'sim': 61.0, 'fant': 0.934}, {'p': 'Kenneth Dixon', 'y': 2016, 'sim': 59.0, 'fant': 0.659}, {'p': 'Kimani Vidal', 'y': 2024, 'sim': 59.0, 'fant': None}, {'p': 'Kevin Harris', 'y': 2022, 'sim': 59.0, 'fant': 0.319}, {'p': 'Ashton Jeanty', 'y': 2025, 'sim': 59.0, 'fant': None}]"
T.J. Logan,2017,historical,0,,4,0.3464052287581699,0.5163398692810458,23.012336045443664,10.537640273246343,-0.4250776404575928,0,0,0,0,,0.20087336244541484,179.0,22.32991101984942,22.11635865845312,0.1763366408045089,0.0640251902387824,5.439698492462312,,0.539174160856457,894.0,0.3,,"[{'p': 'Jaydon Blue', 'y': 2025, 'sim': 64.0, 'fant': None}, {'p': 'Robert Henry Jr.', 'y': 2026, 'sim': 63.0, 'fant': None}, {'p': 'Kerrith Whyte Jr', 'y': 2019, 'sim': 62.0, 'fant': 0.249}, {'p': 'Trevor Etienne', 'y': 2025, 'sim': 60.0, 'fant': None}, {'p': 'Jadarian Price', 'y': 2026, 'sim': 60.0, 'fant': None}, {'p': 'James Cook', 'y': 2022, 'sim': 57.0, 'fant': 0.895}]"
Aaron Jones,2017,historical,0,,6,0.5882352941176471,0.9150326797385621,26.931251131641048,11.123851232762362,0.4352919650199627,1,1,0,0,,0.9344978165938864,182.0,22.083504449007528,18.869267624914443,0.4692450586604271,0.1635957565605806,6.252279635258359,0.20375,0.6410393282705492,2006.0,0.571072319201995,3.0,"[{'p': 'Bhayshul Tuten', 'y': 2025, 'sim': 64.0, 'fant': None}, {'p': 'Sean Tucker', 'y': 2023, 'sim': 63.0, 'fant': 0.459}, {'p': 'Kenneth Dixon', 'y': 2016, 'sim': 63.0, 'fant': 0.659}, {'p': 'Ameer Abdullah', 'y': 2015, 'sim': 62.0, 'fant': 0.638}, {'p': 'Jeremy McNichols', 'y': 2017, 'sim': 60.0, 'fant': 0.354}, {'p': 'Eno Benjamin', 'y': 2020, 'sim': 59.0, 'fant': 0.45}]"
Elijah McGuire,2017,historical,0,,6,0.5294117647058824,0.8758169934640523,25.940149646636478,11.031590238068791,0.2563808430149995,0,0,0,0,,0.611353711790393,188.0,22.587268993839835,19.37303216974675,0.3575659326810714,0.1876503608660785,6.064697609001406,0.25575,0.5327370512934594,1732.0,0.4719101123595505,3.0,"[{'p': ""Ke'Shawn Vaughn"", 'y': 2020, 'sim': 62.0, 'fant': 0.402}, {'p': 'Sean Tucker', 'y': 2023, 'sim': 61.0, 'fant': 0.459}, {'p': 'Travis Etienne', 'y': 2021, 'sim': 58.0, 'fant': 0.869}, {'p': 'Kenneth Dixon', 'y': 2016, 'sim': 58.0, 'fant': 0.659}, {'p': 'Paul Perkins', 'y': 2016, 'sim': 58.0, 'fant': 0.362}, {'p': 'Bhayshul Tuten', 'y': 2025, 'sim': 58.0, 'fant': None}]"
Brandon Wilson,2017,historical,0,,1,0.026143790849673203,0.026143790849673203,15.760632283826634,6.319395347111622,-1.0119415407847485,0,0,0,1,no athletic testing at all,0.09170305676855896,207.0,22.43394934976044,99.0,0.0319648395332499,0.0140926085706068,4.7317073170731705,,,237.0,0.0569230769230769,3.0,"[{'p': 'Rod Smith', 'y': 2015, 'sim': 87.0, 'fant': 0.681}, {'p': 'Kene Nwangwu', 'y': 2021, 'sim': 83.0, 'fant': 0.323}, {'p': 'Nick Bawden', 'y': 2018, 'sim': 70.0, 'fant': 0.092}, {'p': 'Emari Demercado', 'y': 2023, 'sim': 67.0, 'fant': 0.454}, {'p': 'Chandler Cox', 'y': 2019, 'sim': 66.0, 'fant': 0.092}, {'p': 'Malik Davis', 'y': 2022, 'sim': 66.0, 'fant': 0.393}]"
Devante Mays,2017,historical,0,,1,0.06535947712418301,0.06535947712418301,17.906922906782686,8.545158979453667,-0.046718952584894904,0,0,0,0,,0.09170305676855896,238.0,22.60369609856263,21.388090349075977,0.2054784637214112,0.0033682634730538,6.064356435643564,0.2645,0.909716724569429,975.0,0.3451882845188284,,"[{'p': 'Tiyon Evans', 'y': 2023, 'sim': 59.0, 'fant': 0.092}, {'p': 'Gerrid Doaks', 'y': 2021, 'sim': 58.0, 'fant': 0.092}, {'p': 'Jase McClellan', 'y': 2024, 'sim': 58.0, 'fant': None}, {'p': 'MarShawn Lloyd', 'y': 2024, 'sim': 57.0, 'fant': None}, {'p': 'Miyan Williams', 'y': 2024, 'sim': 57.0, 'fant': None}, {'p': 'Jordan Howard', 'y': 2016, 'sim': 54.0, 'fant': 0.86}]"
Khalfani Muhammad,2017,historical,0,,2,0.1503267973856209,0.3333333333333333,19.618515918782933,10.074659018099226,-0.5829121861101508,0,0,0,0,,0.09170305676855896,241.0,22.26694045174538,99.0,0.142233612923268,0.0482331699767861,5.774373259052925,0.132,0.6027733047056718,959.0,0.3716381418092909,,"[{'p': 'Tarik Cohen', 'y': 2017, 'sim': 64.0, 'fant': 0.83}, {'p': 'Keaton Mitchell', 'y': 2023, 'sim': 63.0, 'fant': 0.572}, {'p': 'Raymond Calais', 'y': 2020, 'sim': 61.0, 'fant': 0.092}, {'p': 'Raheem Mostert', 'y': 2015, 'sim': 61.0, 'fant': 0.524}, {'p': 'Keilan Robinson', 'y': 2024, 'sim': 56.0, 'fant': None}, {'p': 'T.J. Logan', 'y': 2017, 'sim': 56.0, 'fant': 0.201}]"
Elijah Hood,2017,historical,0,,3,0.20261437908496732,0.3202614379084967,20.321719997547124,10.048806587608723,0.2563447559820373,0,0,0,0,,0.09170305676855896,242.0,20.69541409993156,19.479808350444905,0.2319676878775948,0.0372605615324061,5.986078886310905,,0.318428036482408,1534.0,0.4235976789168278,4.0,"[{'p': 'Samaje Perine', 'y': 2017, 'sim': 65.0, 'fant': 0.406}, {'p': 'Jordan Howard', 'y': 2016, 'sim': 65.0, 'fant': 0.86}, {'p': ""D'Onta Foreman"", 'y': 2017, 'sim': 63.0, 'fant': 0.389}, {'p': 'Derrius Guice', 'y': 2018, 'sim': 62.0, 'fant': 0.782}, {'p': 'Braelon Allen', 'y': 2024, 'sim': 62.0, 'fant': None}, {'p': 'Tavion Thomas', 'y': 2023, 'sim': 61.0, 'fant': 0.092}]"
Chris Carson,2017,historical,0,,1,0.0915032679738562,0.17647058823529413,18.482549527092775,9.606114908101546,-0.4238628213369868,0,0,0,0,,0.8820960698689956,249.0,22.2943189596167,99.0,0.1349274351314053,0.0370289697233718,5.051643192488263,0.238,0.6886709920715793,687.0,0.2911111111111111,3.0,"[{'p': 'Deneric Prince', 'y': 2023, 'sim': 79.0, 'fant': 0.092}, {'p': 'Roschon Johnson', 'y': 2023, 'sim': 68.0, 'fant': 0.541}, {'p': 'Kendall Milton', 'y': 2024, 'sim': 61.0, 'fant': None}, {'p': 'Malik Davis', 'y': 2022, 'sim': 59.0, 'fant': 0.393}, {'p': 'Jordan Wilkins', 'y': 2018, 'sim': 59.0, 'fant': 0.384}, {'p': 'Trey Sermon', 'y': 2021, 'sim': 59.0, 'fant': 0.336}]"
Matthew Dayes,2017,historical,0,,3,0.2875816993464052,0.43137254901960786,21.68949656234473,10.357733572443237,-0.18116403449712526,0,0,0,1,no verified birth date,0.09170305676855896,252.0,23.0,,0.2479160346764993,0.1210407239819004,5.192727272727272,0.1745,0.1978039368775373,1433.0,0.5,3.0,"[{'p': 'Eric Gray', 'y': 2023, 'sim': 64.0, 'fant': 0.245}, {'p': 'Jarquez Hunter', 'y': 2025, 'sim': 63.0, 'fant': None}, {'p': 'Travis Dye', 'y': 2023, 'sim': 61.0, 'fant': 0.092}, {'p': 'Myles Gaskin', 'y': 2019, 'sim': 60.0, 'fant': 0.843}, {'p': 'Ito Smith', 'y': 2018, 'sim': 60.0, 'fant': 0.511}, {'p': 'Ronnie Rivers', 'y': 2022, 'sim': 59.0, 'fant': 0.293}]"
Saquon Barkley,2018,historical,0,,10,1.0,0.8562091503267973,74.63057440158788,11.009934341920033,0.7390442673077761,0,0,1,0,,0.9868995633187773,2.0,20.892539356605067,18.6776180698152,0.3287366811810534,0.1675503711558854,5.727272727272728,0.1896666666666666,0.9792955126714716,1903.0,0.518095238095238,4.0,"[{'p': 'Nick Chubb', 'y': 2018, 'sim': 62.0, 'fant': 0.926}, {'p': 'Royce Freeman', 'y': 2018, 'sim': 62.0, 'fant': 0.629}, {'p': 'Jonathan Taylor', 'y': 2020, 'sim': 60.0, 'fant': 0.965}, {'p': 'Omarion Hampton', 'y': 2025, 'sim': 60.0, 'fant': None}, {'p': 'Leonard Fournette', 'y': 2017, 'sim': 59.0, 'fant': 0.939}, {'p': 'Jay Ajayi', 'y': 2015, 'sim': 59.0, 'fant': 0.817}]"
Rashaad Penny,2018,historical,0,,10,0.9607843137254902,0.8431372549019608,66.70962043306784,10.96033265705912,0.8617847603447825,0,0,1,0,,0.5676855895196506,27.0,21.913757700205338,20.700889801505816,0.4998647287499271,0.1107266435986159,7.480492813141684,0.39475,0.5159915915812477,2383.0,0.517921146953405,3.0,"[{'p': 'Ezekiel Elliott', 'y': 2016, 'sim': 64.0, 'fant': 0.991}, {'p': 'Jay Ajayi', 'y': 2015, 'sim': 61.0, 'fant': 0.817}, {'p': 'Jaleel McLaughlin', 'y': 2023, 'sim': 60.0, 'fant': 0.498}, {'p': 'Tyler Allgeier', 'y': 2022, 'sim': 58.0, 'fant': 0.664}, {'p': 'Omarion Hampton', 'y': 2025, 'sim': 56.0, 'fant': None}, {'p': 'Kenneth Dixon', 'y': 2016, 'sim': 55.0, 'fant': 0.659}]"
Sony Michel,2018,historical,0,,10,0.954248366013072,0.7254901960784313,60.86752835034572,10.91893140048112,0.07818131507072316,0,0,1,0,,0.7336244541484717,31.0,22.87200547570157,20.657084188911703,0.2983229364433595,0.112219451371571,6.155668358714044,,0.4823529411764706,1431.0,0.4620253164556962,5.0,"[{'p': 'Kylin Hill', 'y': 2021, 'sim': 58.0, 'fant': 0.188}, {'p': 'Kaytron Allen', 'y': 2026, 'sim': 56.0, 'fant': None}, {'p': 'Dontrell Hilliard', 'y': 2018, 'sim': 55.0, 'fant': 0.371}, {'p': 'Kenneth Dixon', 'y': 2016, 'sim': 55.0, 'fant': 0.659}, {'p': ""Ke'Shawn Vaughn"", 'y': 2020, 'sim': 54.0, 'fant': 0.402}, {'p': 'Eric Gray', 'y': 2023, 'sim': 52.0, 'fant': 0.245}]"
Nick Chubb,2018,historical,0,,10,0.9477124183006536,0.9934640522875817,58.51533763356312,11.291711172992834,0.3810878767984175,0,1,1,0,,0.925764192139738,35.0,22.015058179329227,18.80082135523614,0.3272961016372367,0.0837922895357985,6.29155672823219,,0.8463220822413775,1760.0,0.5177304964539007,5.0,"[{'p': 'Royce Freeman', 'y': 2018, 'sim': 66.0, 'fant': 0.629}, {'p': 'Jonathan Taylor', 'y': 2020, 'sim': 63.0, 'fant': 0.965}, {'p': 'Derrius Guice', 'y': 2018, 'sim': 59.0, 'fant': 0.782}, {'p': 'Bijan Robinson', 'y': 2023, 'sim': 57.0, 'fant': 0.978}, {'p': 'Saquon Barkley', 'y': 2018, 'sim': 56.0, 'fant': 0.987}, {'p': 'David Cobb', 'y': 2015, 'sim': 56.0, 'fant': 0.275}]"
Ronald Jones II,2018,historical,0,,10,0.9281045751633987,0.673202614379085,56.06531858370527,10.759666123343287,0.527945966369383,1,0,1,0,,0.8034934497816594,38.0,20.413415468856947,18.19849418206708,0.3092389564660691,0.044672718585762,6.123519458544839,,0.3732697822211889,1737.0,0.5,4.0,"[{'p': 'Jermar Jefferson', 'y': 2021, 'sim': 62.0, 'fant': 0.515}, {'p': 'Mark Walton', 'y': 2018, 'sim': 61.0, 'fant': 0.092}, {'p': 'Tank Bigsby', 'y': 2023, 'sim': 58.0, 'fant': 0.489}, {'p': 'Tevin Coleman', 'y': 2015, 'sim': 57.0, 'fant': 0.838}, {'p': 'Jordan James', 'y': 2025, 'sim': 56.0, 'fant': None}, {'p': 'Chuba Hubbard', 'y': 2021, 'sim': 56.0, 'fant': 0.712}]"
Kerryon Johnson,2018,historical,0,,9,0.8954248366013072,0.5620915032679739,47.921727598983836,10.585264586467027,0.3316153849058808,0,0,0,0,,0.8209606986899564,43.0,20.50650239561944,19.29363449691992,0.3068970959595959,0.0752484619025082,4.805394990366088,0.1789999999999999,0.7651024787995518,1585.0,0.4481132075471698,4.0,"[{'p': 'Trey Benson', 'y': 2024, 'sim': 63.0, 'fant': None}, {'p': 'Jeremiyah Love', 'y': 2026, 'sim': 63.0, 'fant': None}, {'p': 'DJ Giddens', 'y': 2025, 'sim': 62.0, 'fant': None}, {'p': 'Will Shipley', 'y': 2024, 'sim': 62.0, 'fant': None}, {'p': 'Quinshon Judkins', 'y': 2025, 'sim': 61.0, 'fant': None}, {'p': 'Marlon Mack', 'y': 2017, 'sim': 61.0, 'fant': 0.856}]"
Derrius Guice,2018,historical,0,,9,0.8562091503267973,0.5947712418300654,40.88006524479497,10.616006364620176,0.6566674926877343,1,0,0,0,,0.7816593886462883,59.0,20.531143052703623,19.318275154004105,0.3371939577717879,0.0468809073724007,6.526539278131635,0.3016666666666667,0.5104549329613268,1493.0,0.4293478260869565,4.0,"[{'p': 'Audric Estime', 'y': 2024, 'sim': 68.0, 'fant': None}, {'p': 'Israel Abanikanda', 'y': 2023, 'sim': 62.0, 'fant': 0.271}, {'p': 'Benny Snell Jr.', 'y': 2019, 'sim': 60.0, 'fant': 0.415}, {'p': 'Ezekiel Elliott', 'y': 2016, 'sim': 60.0, 'fant': 0.991}, {'p': 'Jonathan Williams', 'y': 2016, 'sim': 60.0, 'fant': 0.467}, {'p': 'Alexander Mattison', 'y': 2019, 'sim': 59.0, 'fant': 0.59}]"
Royce Freeman,2018,historical,0,,9,0.8627450980392157,0.9607843137254902,41.03474109484071,11.207297091425193,0.21275954321388274,0,1,0,0,,0.62882096069869,71.0,21.85352498288844,18.639288158795345,0.2966626941875504,0.1036331149493746,5.93558606124604,0.2665,0.4799495061122417,2184.0,0.4685430463576159,4.0,"[{'p': 'Nick Chubb', 'y': 2018, 'sim': 66.0, 'fant': 0.926}, {'p': 'Ezekiel Elliott', 'y': 2016, 'sim': 60.0, 'fant': 0.991}, {'p': 'Jonathan Taylor', 'y': 2020, 'sim': 60.0, 'fant': 0.965}, {'p': 'David Cobb', 'y': 2015, 'sim': 58.0, 'fant': 0.275}, {'p': 'Kenneth Dixon', 'y': 2016, 'sim': 57.0, 'fant': 0.659}, {'p': 'Zach Charbonnet', 'y': 2023, 'sim': 57.0, 'fant': 0.76}]"
Nyheim Hines,2018,historical,0,,8,0.7124183006535948,0.5424836601307189,30.60536827350746,10.564647511034394,-0.03577035573861455,0,0,0,0,,0.6462882096069869,104.0,21.136208076659823,20.92265571526352,0.22243068584532,0.1551877032219923,5.422480620155039,0.1893333333333333,0.56592635329966,1264.0,0.4078674948240166,,"[{'p': 'Kenneth Gainwell', 'y': 2021, 'sim': 63.0, 'fant': 0.55}, {'p': 'Jarquez Hunter', 'y': 2025, 'sim': 62.0, 'fant': None}, {'p': 'Jahmyr Gibbs', 'y': 2023, 'sim': 61.0, 'fant': 0.983}, {'p': 'Ito Smith', 'y': 2018, 'sim': 58.0, 'fant': 0.511}, {'p': 'Eric Gray', 'y': 2023, 'sim': 58.0, 'fant': 0.245}, {'p': 'Darwin Thompson', 'y': 2019, 'sim': 58.0, 'fant': 0.397}]"
Mark Walton,2018,historical,0,,8,0.7581699346405228,0.6862745098039216,32.11698686068656,10.778240111470812,0.09712655276807579,0,0,0,0,,0.09170305676855896,112.0,20.761122518822724,18.546201232032853,0.2690692533082285,0.0812534664448142,5.063451776649746,0.1376666666666666,0.1819800416466136,1357.0,0.4988066825775656,4.0,"[{'p': 'Jermar Jefferson', 'y': 2021, 'sim': 66.0, 'fant': 0.515}, {'p': 'Jordan James', 'y': 2025, 'sim': 65.0, 'fant': None}, {'p': 'Kyren Williams', 'y': 2022, 'sim': 63.0, 'fant': 0.961}, {'p': 'Ronald Jones II', 'y': 2018, 'sim': 60.0, 'fant': 0.803}, {'p': 'Myles Gaskin', 'y': 2019, 'sim': 60.0, 'fant': 0.843}, {'p': 'Jarquez Hunter', 'y': 2025, 'sim': 56.0, 'fant': None}]"
Ito Smith,2018,historical,0,,7,0.6274509803921569,0.46405228758169936,27.94184561772068,10.453695467958003,-0.057916625528523696,0,0,0,0,,0.5109170305676856,126.0,22.308008213552363,20.09308692676249,0.3370399638744638,0.1268824094841397,5.53170731707317,0.10775,0.5217505802236313,1918.0,0.5102880658436214,3.0,"[{'p': 'Tyler Badie', 'y': 2022, 'sim': 71.0, 'fant': 0.236}, {'p': 'Jarquez Hunter', 'y': 2025, 'sim': 65.0, 'fant': None}, {'p': 'Sean Tucker', 'y': 2023, 'sim': 64.0, 'fant': 0.459}, {'p': 'Kenneth Gainwell', 'y': 2021, 'sim': 63.0, 'fant': 0.55}, {'p': 'Eric Gray', 'y': 2023, 'sim': 63.0, 'fant': 0.245}, {'p': 'Myles Gaskin', 'y': 2019, 'sim': 61.0, 'fant': 0.843}]"
Kalen Ballage,2018,historical,0,,5,0.477124183006536,0.30718954248366015,25.246486511047614,10.022546644526034,-0.5911700557875391,0,0,0,0,,0.519650655021834,131.0,22.028747433264886,20.815879534565365,0.2811065027403348,0.1507553841208614,4.408888888888889,0.03075,0.6247466614616374,1005.0,0.2849364791288566,4.0,"[{'p': 'Dwayne Washington', 'y': 2016, 'sim': 59.0, 'fant': 0.345}, {'p': 'Karlos Williams', 'y': 2015, 'sim': 59.0, 'fant': 0.777}, {'p': 'Raheim Sanders', 'y': 2025, 'sim': 58.0, 'fant': None}, {'p': 'Seth McGowan', 'y': 2026, 'sim': 56.0, 'fant': None}, {'p': 'Javorius Allen', 'y': 2015, 'sim': 55.0, 'fant': 0.716}, {'p': 'Kaleb Johnson', 'y': 2025, 'sim': 54.0, 'fant': None}]"
Chase Edmonds,2018,historical,0,,6,0.5555555555555556,0.4444444444444444,26.47935485686146,10.397223071573489,-0.1108767831692832,0,0,0,1,no reliable college production data (thin CFBD team-season),0.6943231441048034,134.0,21.71937029431896,99.0,,,4.409090909090909,0.2489999999999999,0.4163894318767862,250.0,0.7222222222222222,3.0,"[{'p': 'Darius Jackson', 'y': 2016, 'sim': 52.0, 'fant': 0.092}, {'p': 'Gus Edwards', 'y': 2018, 'sim': 51.0, 'fant': 0.633}, {'p': 'Jerome Ford', 'y': 2022, 'sim': 50.0, 'fant': 0.755}, {'p': 'Zach Zenner', 'y': 2015, 'sim': 49.0, 'fant': 0.432}, {'p': 'Joshua Kelley', 'y': 2020, 'sim': 49.0, 'fant': 0.463}, {'p': 'Jordan James', 'y': 2025, 'sim': 48.0, 'fant': None}]"
Jordan Wilkins,2018,historical,0,,5,0.43790849673202614,0.1568627450980392,24.377000692143824,9.408298469137815,-0.20879912800477315,0,0,0,0,,0.38427947598253276,169.0,23.457905544147845,23.24435318275154,0.2191148353774651,0.0611519918802334,6.275985663082437,0.2236666666666666,0.4676841988767725,1252.0,0.4223433242506812,,"[{'p': 'Trey Sermon', 'y': 2021, 'sim': 64.0, 'fant': 0.336}, {'p': 'Wayne Gallman', 'y': 2017, 'sim': 61.0, 'fant': 0.546}, {'p': 'Brian Robinson Jr.', 'y': 2022, 'sim': 59.0, 'fant': 0.825}, {'p': 'Joe Williams', 'y': 2017, 'sim': 58.0, 'fant': 0.092}, {'p': 'Isaiah Davis', 'y': 2024, 'sim': 57.0, 'fant': None}, {'p': 'Dexter Williams', 'y': 2019, 'sim': 57.0, 'fant': 0.092}]"
John Kelly,2018,historical,0,,4,0.3790849673202614,0.37254901960784315,23.320732457203853,10.202552360246003,-0.06826599471806931,0,0,0,0,,0.09170305676855896,176.0,21.24298425735797,21.02943189596167,0.3331569965870307,0.1434740882917466,4.81039755351682,0.0733333333333333,0.3696354470153845,1077.0,0.4666666666666667,3.0,"[{'p': 'Jason Huntley', 'y': 2020, 'sim': 60.0, 'fant': 0.092}, {'p': 'David Montgomery', 'y': 2019, 'sim': 56.0, 'fant': 0.921}, {'p': 'Michael Wiley', 'y': 2024, 'sim': 55.0, 'fant': None}, {'p': 'Mike Davis', 'y': 2015, 'sim': 55.0, 'fant': 0.48}, {'p': 'Dare Ogunbowale', 'y': 2017, 'sim': 55.0, 'fant': 0.38}, {'p': 'Sean Tucker', 'y': 2023, 'sim': 55.0, 'fant': 0.459}]"
Boston Scott,2018,historical,0,,5,0.42483660130718953,0.8431372549019608,24.214050931588886,10.96033265705912,-0.1664892283331199,0,0,0,1,no athletic testing at all,0.7991266375545851,201.0,22.68309377138946,22.469541409993155,0.2299679487179487,0.0603937270603937,6.386759581881533,0.2966666666666667,,1221.0,0.3699186991869919,,"[{'p': 'Jerome Ford', 'y': 2022, 'sim': 68.0, 'fant': 0.755}, {'p': 'Mike Boone', 'y': 2018, 'sim': 66.0, 'fant': 0.537}, {'p': 'Wendell Smallwood', 'y': 2016, 'sim': 65.0, 'fant': 0.594}, {'p': 'Dexter Williams', 'y': 2019, 'sim': 60.0, 'fant': 0.092}, {'p': 'Kylin Hill', 'y': 2021, 'sim': 60.0, 'fant': 0.188}, {'p': 'Gus Edwards', 'y': 2018, 'sim': 59.0, 'fant': 0.633}]"
David Williams,2018,historical,0,,2,0.11764705882352941,0.09803921568627451,19.497082139155985,8.850305371963621,-0.822848518590432,0,0,0,1,no verified birth date,0.09170305676855896,226.0,24.0,,0.2108956865731632,0.0693711967545639,4.769736842105263,0.13225,0.3402870867112602,827.0,0.2565789473684211,,"[{'p': ""Ja'Quinden Jackson"", 'y': 2025, 'sim': 59.0, 'fant': None}, {'p': 'Darrel Williams', 'y': 2018, 'sim': 58.0, 'fant': 0.476}, {'p': 'Keaontay Ingram', 'y': 2022, 'sim': 57.0, 'fant': 0.21}, {'p': 'Brittain Brown', 'y': 2022, 'sim': 57.0, 'fant': 0.092}, {'p': 'Dare Ogunbowale', 'y': 2017, 'sim': 56.0, 'fant': 0.38}, {'p': 'Ryquell Armstead', 'y': 2019, 'sim': 56.0, 'fant': 0.314}]"
Bo Scarbrough,2018,historical,0,,2,0.1111111111111111,0.23529411764705882,19.454329222867575,9.813520209616275,0.1430502812854763,0,0,0,0,,0.5764192139737991,236.0,21.256673511293634,20.04380561259412,0.1539720872347991,0.0402511078286558,5.662921348314606,0.1833333333333333,0.8880912627905145,834.0,0.2077051926298157,5.0,"[{'p': 'Kendall Milton', 'y': 2024, 'sim': 69.0, 'fant': None}, {'p': 'CJ Donaldson', 'y': 2026, 'sim': 63.0, 'fant': None}, {'p': 'Dwayne Washington', 'y': 2016, 'sim': 61.0, 'fant': 0.345}, {'p': 'Keaontay Ingram', 'y': 2022, 'sim': 58.0, 'fant': 0.21}, {'p': 'Phil Mafah', 'y': 2025, 'sim': 57.0, 'fant': None}, {'p': 'Trey Benson', 'y': 2024, 'sim': 57.0, 'fant': None}]"
Nick Bawden,2018,historical,0,,3,0.23529411764705882,0.058823529411764705,20.84528196058202,8.348396778258797,-0.8314663783884352,0,0,0,1,no athletic testing at all,0.09170305676855896,237.0,21.52772073921972,99.0,0.0207297987996237,0.0677212061295106,3.9166666666666665,0.431,,141.0,0.0216962524654832,,"[{'p': 'Brandon Wilson', 'y': 2017, 'sim': 70.0, 'fant': 0.092}, {'p': 'Chandler Cox', 'y': 2019, 'sim': 69.0, 'fant': 0.092}, {'p': 'Rod Smith', 'y': 2015, 'sim': 66.0, 'fant': 0.681}, {'p': 'Malik Davis', 'y': 2022, 'sim': 62.0, 'fant': 0.393}, {'p': 'Kene Nwangwu', 'y': 2021, 'sim': 62.0, 'fant': 0.323}, {'p': 'Cullen Gillaspia', 'y': 2019, 'sim': 59.0, 'fant': 0.092}]"
Justin Jackson,2018,historical,0,,5,0.4444444444444444,0.5882352941176471,24.67829236986816,10.612704766415337,-0.10824392346109843,0,0,0,0,,0.6069868995633187,251.0,21.69472963723477,18.480492813141684,0.3763145226986595,0.1120331950207468,4.7635726795096325,0.07775,0.562686158736173,1743.0,0.6131687242798354,,"[{'p': 'LeQuint Allen', 'y': 2025, 'sim': 66.0, 'fant': None}, {'p': 'Tyler Ervin', 'y': 2016, 'sim': 59.0, 'fant': 0.092}, {'p': 'Rasheen Ali', 'y': 2024, 'sim': 57.0, 'fant': None}, {'p': 'Roman Hemby', 'y': 2026, 'sim': 56.0, 'fant': None}, {'p': 'Demond Claiborne', 'y': 2026, 'sim': 56.0, 'fant': None}, {'p': 'Will Shipley', 'y': 2024, 'sim': 55.0, 'fant': None}]"
Josh Jacobs,2019,historical,0,,10,0.9673202614379085,0.8431372549019608,68.37639961132558,10.96033265705912,0.002534544137793103,0,0,1,0,,0.8995633187772926,24.0,20.8870636550308,99.0,0.13882098293863,0.0620384047267356,5.904761904761905,0.386,0.2569347288680432,887.0,0.2131438721136767,,"[{'p': 'Dameon Pierce', 'y': 2022, 'sim': 63.0, 'fant': 0.707}, {'p': 'Tony Jones', 'y': 2020, 'sim': 61.0, 'fant': 0.231}, {'p': 'DeeJay Dallas', 'y': 2020, 'sim': 60.0, 'fant': 0.502}, {'p': 'Snoop Conner', 'y': 2022, 'sim': 58.0, 'fant': 0.223}, {'p': 'Jase McClellan', 'y': 2024, 'sim': 58.0, 'fant': None}, {'p': 'Rhamondre Stevenson', 'y': 2021, 'sim': 57.0, 'fant': 0.847}]"
Miles Sanders,2019,historical,0,,9,0.8366013071895425,0.2875816993464052,40.48159539999852,9.975331627778118,0.09704230456116127,0,0,0,0,,0.8646288209606987,53.0,21.67008898015058,21.45653661875428,0.2072407045009784,0.0478156174750602,5.985454545454545,0.0513333333333333,0.6661752825530414,1410.0,0.4294117647058823,5.0,"[{'p': 'Dexter Williams', 'y': 2019, 'sim': 64.0, 'fant': 0.092}, {'p': 'Zamir White', 'y': 2022, 'sim': 59.0, 'fant': 0.376}, {'p': 'Damien Harris', 'y': 2019, 'sim': 58.0, 'fant': 0.79}, {'p': 'Wendell Smallwood', 'y': 2016, 'sim': 57.0, 'fant': 0.594}, {'p': 'Trey Sermon', 'y': 2021, 'sim': 57.0, 'fant': 0.336}, {'p': 'Joe Williams', 'y': 2017, 'sim': 56.0, 'fant': 0.092}]"
Darrell Henderson,2019,historical,0,,9,0.8235294117647058,0.8431372549019608,39.760918770370836,10.96033265705912,1.0082519074407044,1,0,0,0,,0.7729257641921398,70.0,21.36892539356605,20.15605749486653,0.3149173702173523,0.0869949867295783,8.22505800464037,0.3686666666666666,0.4672787360198556,2204.0,0.3543046357615894,3.0,"[{'p': 'J.K. Dobbins', 'y': 2020, 'sim': 62.0, 'fant': 0.751}, {'p': 'Devin Singletary', 'y': 2019, 'sim': 60.0, 'fant': 0.812}, {'p': 'Trayveon Williams', 'y': 2019, 'sim': 60.0, 'fant': 0.262}, {'p': 'Javonte Williams', 'y': 2021, 'sim': 57.0, 'fant': 0.795}, {'p': 'Anthony McFarland Jr.', 'y': 2020, 'sim': 57.0, 'fant': 0.227}, {'p': 'Kenneth Gainwell', 'y': 2021, 'sim': 57.0, 'fant': 0.55}]"
David Montgomery,2019,historical,0,,8,0.7712418300653595,0.35294117647058826,34.768669919094684,10.151415530190494,0.00729725954285561,0,0,0,0,,0.9213973799126638,73.0,21.56878850102669,20.35592060232717,0.3005942580777938,0.0834272829763247,4.652733118971061,0.068,0.2788755222969488,1442.0,0.6231884057971014,3.0,"[{'p': 'Alexander Mattison', 'y': 2019, 'sim': 67.0, 'fant': 0.59}, {'p': 'Benny Snell Jr.', 'y': 2019, 'sim': 64.0, 'fant': 0.415}, {'p': 'Corey Clement', 'y': 2017, 'sim': 62.0, 'fant': 0.555}, {'p': 'Mike Davis', 'y': 2015, 'sim': 60.0, 'fant': 0.48}, {'p': 'David Cobb', 'y': 2015, 'sim': 60.0, 'fant': 0.275}, {'p': 'Tyler Allgeier', 'y': 2022, 'sim': 58.0, 'fant': 0.664}]"
Devin Singletary,2019,historical,0,,8,0.7908496732026143,0.9215686274509803,37.145162888589034,11.12735577363679,0.7042204257700908,1,1,0,0,,0.8122270742358079,74.0,21.32785763175907,19.11567419575633,0.3758788193630049,0.0663761314113308,6.007002801120448,0.2813333333333334,0.2496806338143839,2118.0,0.4574468085106383,3.0,"[{'p': 'Trayveon Williams', 'y': 2019, 'sim': 76.0, 'fant': 0.262}, {'p': 'Dylan Sampson', 'y': 2025, 'sim': 64.0, 'fant': None}, {'p': 'Myles Gaskin', 'y': 2019, 'sim': 63.0, 'fant': 0.843}, {'p': 'J.K. Dobbins', 'y': 2020, 'sim': 62.0, 'fant': 0.751}, {'p': 'Darrell Henderson', 'y': 2019, 'sim': 62.0, 'fant': 0.773}, {'p': 'Jaret Patterson', 'y': 2021, 'sim': 62.0, 'fant': 0.341}]"
Damien Harris,2019,historical,0,,8,0.7320261437908496,0.32679738562091504,31.335340332820703,10.052096849803092,-0.33947431063572875,0,0,0,0,,0.7903930131004366,87.0,21.88637919233402,20.673511293634498,0.1731477318145483,0.0419407894736842,6.455882352941177,0.1629999999999999,0.5441135806296363,1139.0,0.2664298401420959,5.0,"[{'p': 'DeeJay Dallas', 'y': 2020, 'sim': 68.0, 'fant': 0.502}, {'p': 'Dameon Pierce', 'y': 2022, 'sim': 65.0, 'fant': 0.707}, {'p': 'Mike Weber', 'y': 2019, 'sim': 64.0, 'fant': 0.092}, {'p': 'Jase McClellan', 'y': 2024, 'sim': 63.0, 'fant': None}, {'p': 'Jonathan Williams', 'y': 2016, 'sim': 60.0, 'fant': 0.467}, {'p': 'Miles Sanders', 'y': 2019, 'sim': 59.0, 'fant': 0.865}]"
Alexander Mattison,2019,historical,0,,7,0.6862745098039216,0.5032679738562091,29.683684649426553,10.516341833082478,0.2744522951349255,0,0,0,0,,0.5895196506550219,102.0,20.53661875427789,19.32375085557837,0.2857757906938235,0.0772368778895839,4.864027538726334,0.1343333333333333,0.508310505516151,1585.0,0.5956607495069034,3.0,"[{'p': 'David Montgomery', 'y': 2019, 'sim': 65.0, 'fant': 0.921}, {'p': 'Israel Abanikanda', 'y': 2023, 'sim': 63.0, 'fant': 0.271}, {'p': 'Benny Snell Jr.', 'y': 2019, 'sim': 59.0, 'fant': 0.415}, {'p': 'Cam Akers', 'y': 2020, 'sim': 58.0, 'fant': 0.69}, {'p': 'David Cobb', 'y': 2015, 'sim': 58.0, 'fant': 0.275}, {'p': 'Tyler Allgeier', 'y': 2022, 'sim': 58.0, 'fant': 0.664}]"
Bryce Love,2019,historical,0,,8,0.7516339869281046,0.738562091503268,31.867739461224673,10.941121567844654,0.2816176450410215,0,0,0,0,,0.09170305676855896,112.0,21.4839151266256,20.27104722792608,0.3722925499901947,0.0843170320404721,6.78207381370826,0.1977499999999999,,2151.0,0.5717391304347826,,"[{'p': 'Myles Gaskin', 'y': 2019, 'sim': 62.0, 'fant': 0.843}, {'p': 'Ito Smith', 'y': 2018, 'sim': 61.0, 'fant': 0.511}, {'p': 'Dylan Sampson', 'y': 2025, 'sim': 60.0, 'fant': None}, {'p': 'J.K. Dobbins', 'y': 2020, 'sim': 60.0, 'fant': 0.751}, {'p': 'Tyjae Spears', 'y': 2023, 'sim': 60.0, 'fant': 0.686}, {'p': 'Jarquez Hunter', 'y': 2025, 'sim': 60.0, 'fant': None}]"
Justice Hill,2019,historical,0,,6,0.5359477124183006,0.1895424836601307,26.035298150020413,9.65248457526863,0.2913025224958814,0,0,0,0,,0.28820960698689957,113.0,21.13073237508556,19.91786447638604,0.2237648200816591,0.0375568294129274,5.599683544303797,0.1443333333333333,0.8643924005295607,1657.0,0.5414141414141415,3.0,"[{'p': 'Darrynton Evans', 'y': 2020, 'sim': 67.0, 'fant': 0.332}, {'p': 'Travis Homer', 'y': 2019, 'sim': 61.0, 'fant': 0.485}, {'p': 'Tyler Goodson', 'y': 2022, 'sim': 57.0, 'fant': 0.328}, {'p': 'Trevor Etienne', 'y': 2025, 'sim': 57.0, 'fant': None}, {'p': 'Tyjae Spears', 'y': 2023, 'sim': 55.0, 'fant': 0.686}, {'p': 'Kerrith Whyte Jr', 'y': 2019, 'sim': 54.0, 'fant': 0.249}]"
Benny Snell Jr.,2019,historical,0,,7,0.673202614379085,0.48366013071895425,29.168471735079486,10.499875944526856,0.4769980600654031,1,0,0,0,,0.4148471615720524,122.0,20.843258042436688,18.63107460643395,0.4095405758085184,0.050071530758226,5.241847826086956,0.1996666666666666,0.2102932963878308,1539.0,0.549618320610687,3.0,"[{'p': 'David Montgomery', 'y': 2019, 'sim': 66.0, 'fant': 0.921}, {'p': 'Tyler Allgeier', 'y': 2022, 'sim': 65.0, 'fant': 0.664}, {'p': 'Alex Collins', 'y': 2016, 'sim': 65.0, 'fant': 0.769}, {'p': 'Alexander Mattison', 'y': 2019, 'sim': 63.0, 'fant': 0.59}, {'p': 'Samaje Perine', 'y': 2017, 'sim': 63.0, 'fant': 0.406}, {'p': 'Derrius Guice', 'y': 2018, 'sim': 62.0, 'fant': 0.782}]"
Tony Pollard,2019,historical,0,,7,0.6928104575163399,0.8431372549019608,29.762282892908473,10.96033265705912,0.08854138203270324,0,0,0,0,,0.6724890829694323,128.0,21.67282683093772,99.0,0.1272651338243219,0.1309348274845178,6.728571428571429,0.3356666666666667,0.5004028156912499,997.0,0.1307947019867549,,"[{'p': 'Kenyan Drake', 'y': 2016, 'sim': 65.0, 'fant': 0.786}, {'p': 'James Cook', 'y': 2022, 'sim': 59.0, 'fant': 0.895}, {'p': 'Trestan Ebner', 'y': 2022, 'sim': 57.0, 'fant': 0.197}, {'p': 'Mike Boone', 'y': 2018, 'sim': 54.0, 'fant': 0.537}, {'p': 'Kenny McIntosh', 'y': 2023, 'sim': 53.0, 'fant': 0.284}, {'p': 'Malik Davis', 'y': 2022, 'sim': 53.0, 'fant': 0.393}]"
Ryquell Armstead,2019,historical,0,,3,0.2549019607843137,0.08496732026143791,21.17297719826525,8.785762982872463,-0.33733678260891337,0,0,0,0,,0.314410480349345,140.0,22.17111567419576,19.95893223819301,0.2407859171706065,0.0229147571035747,4.907504363001745,0.10175,0.3552370983364636,1150.0,0.430327868852459,3.0,"[{'p': 'Jordan Mason', 'y': 2022, 'sim': 65.0, 'fant': 0.585}, {'p': 'Jonathan Williams', 'y': 2016, 'sim': 65.0, 'fant': 0.467}, {'p': ""La'Mical Perine"", 'y': 2020, 'sim': 64.0, 'fant': 0.472}, {'p': 'Keith Marshall', 'y': 2016, 'sim': 64.0, 'fant': 0.092}, {'p': 'Keaontay Ingram', 'y': 2022, 'sim': 63.0, 'fant': 0.21}, {'p': 'Jalen Richard', 'y': 2016, 'sim': 60.0, 'fant': 0.651}]"
Qadree Ollison,2019,historical,0,,5,0.49673202614379086,0.6535947712418301,25.39911660615804,10.74665056566819,-0.2551003012173718,0,0,0,0,,0.34934497816593885,152.0,22.313483915126625,19.09924709103354,0.2713041717294451,0.0742725880551301,5.404536862003781,0.1505,0.24795972098236,1279.0,0.4231536926147705,3.0,"[{'p': 'Karlos Williams', 'y': 2015, 'sim': 61.0, 'fant': 0.777}, {'p': 'Keaontay Ingram', 'y': 2022, 'sim': 61.0, 'fant': 0.21}, {'p': 'James Conner', 'y': 2017, 'sim': 59.0, 'fant': 0.943}, {'p': 'Jonathan Williams', 'y': 2016, 'sim': 59.0, 'fant': 0.467}, {'p': ""La'Mical Perine"", 'y': 2020, 'sim': 58.0, 'fant': 0.472}, {'p': 'Nicholas Singleton', 'y': 2026, 'sim': 58.0, 'fant': None}]"
Jordan Scarlett,2019,historical,0,,3,0.22875816993464052,0.0392156862745098,20.816184922973864,7.763081904445664,-0.6557737715649794,0,0,0,0,,0.09170305676855896,154.0,23.485284052019164,21.27310061601643,0.2047365921659339,0.0298719772403982,5.366279069767442,0.1263333333333333,0.2914672282485108,912.0,0.4049773755656108,4.0,"[{'p': 'SaRodorick Thompson', 'y': 2023, 'sim': 62.0, 'fant': 0.092}, {'p': 'Jordan Mason', 'y': 2022, 'sim': 62.0, 'fant': 0.585}, {'p': 'Kelvin Taylor', 'y': 2016, 'sim': 60.0, 'fant': 0.092}, {'p': 'Ulysses Bentley IV', 'y': 2025, 'sim': 60.0, 'fant': None}, {'p': 'Corey Kiner', 'y': 2025, 'sim': 59.0, 'fant': None}, {'p': 'Gus Edwards', 'y': 2018, 'sim': 57.0, 'fant': 0.633}]"
Trayveon Williams,2019,historical,0,,5,0.48366013071895425,0.7450980392156863,25.260222251182,10.941754578463868,0.4078422198352182,1,0,0,0,,0.26200873362445415,182.0,21.204654346338124,18.99247091033539,0.3445057081365054,0.0845801526717557,6.025,0.1516666666666666,0.4024230177114519,2037.0,0.5122873345935728,,"[{'p': 'Devin Singletary', 'y': 2019, 'sim': 74.0, 'fant': 0.812}, {'p': 'Myles Gaskin', 'y': 2019, 'sim': 65.0, 'fant': 0.843}, {'p': 'J.K. Dobbins', 'y': 2020, 'sim': 64.0, 'fant': 0.751}, {'p': 'Sean Tucker', 'y': 2023, 'sim': 62.0, 'fant': 0.459}, {'p': 'Dylan Sampson', 'y': 2025, 'sim': 62.0, 'fant': None}, {'p': 'Ito Smith', 'y': 2018, 'sim': 60.0, 'fant': 0.511}]"
Ty Johnson,2019,historical,0,,6,0.5424836601307189,0.9738562091503268,26.335924220365804,11.219490915089757,0.13455263261666245,0,1,0,0,,0.5633187772925764,186.0,21.28952772073922,19.077344284736483,0.2078354892860669,0.0889080707811825,7.57183908045977,0.30975,0.6639837802099808,1210.0,0.3215962441314554,3.0,"[{'p': 'Matt Breida', 'y': 2017, 'sim': 60.0, 'fant': 0.729}, {'p': 'Montrell Johnson Jr.', 'y': 2025, 'sim': 58.0, 'fant': None}, {'p': 'Kendre Miller', 'y': 2023, 'sim': 57.0, 'fant': 0.441}, {'p': 'Boston Scott', 'y': 2018, 'sim': 57.0, 'fant': 0.799}, {'p': 'Wendell Smallwood', 'y': 2016, 'sim': 56.0, 'fant': 0.594}, {'p': 'Trey Benson', 'y': 2024, 'sim': 56.0, 'fant': None}]"
Dexter Williams,2019,historical,0,,4,0.3333333333333333,0.33986928104575165,22.547876265822765,10.103737380101968,0.20064974150938464,0,0,0,0,,0.09170305676855896,194.0,21.984941820670773,21.77138945927447,0.2279847116052814,0.0398442180946674,6.365758754863813,0.257,0.6328984327184574,1128.0,0.3073929961089494,4.0,"[{'p': 'Trey Sermon', 'y': 2021, 'sim': 68.0, 'fant': 0.336}, {'p': 'Zamir White', 'y': 2022, 'sim': 63.0, 'fant': 0.376}, {'p': 'Miles Sanders', 'y': 2019, 'sim': 63.0, 'fant': 0.865}, {'p': 'Joe Williams', 'y': 2017, 'sim': 62.0, 'fant': 0.092}, {'p': 'Boston Scott', 'y': 2018, 'sim': 62.0, 'fant': 0.799}, {'p': 'Trey Benson', 'y': 2024, 'sim': 61.0, 'fant': None}]"
Travis Homer,2019,historical,0,,4,0.39869281045751637,0.6928104575163399,23.545132164456327,10.808332669417439,0.09301543594488704,0,0,0,0,,0.4847161572052402,204.0,20.40246406570842,19.189596167008897,0.2126680552925582,0.0852038479157123,5.9880239520958085,0.1096666666666666,0.7610520920741627,1190.0,0.4064837905236907,4.0,"[{'p': 'Donovan Edwards', 'y': 2025, 'sim': 66.0, 'fant': None}, {'p': 'Darrynton Evans', 'y': 2020, 'sim': 65.0, 'fant': 0.332}, {'p': 'Trevor Etienne', 'y': 2025, 'sim': 64.0, 'fant': None}, {'p': 'Will Shipley', 'y': 2024, 'sim': 62.0, 'fant': None}, {'p': 'Jaydon Blue', 'y': 2025, 'sim': 59.0, 'fant': None}, {'p': 'TreVeyon Henderson', 'y': 2025, 'sim': 59.0, 'fant': None}]"
Rodney Anderson,2019,historical,0,,4,0.39215686274509803,0.6797385620915033,23.43244632300788,10.771267416871474,0.3269650451043635,0,0,0,0,,0.09170305676855896,211.0,22.302532511978097,21.08966461327857,0.2010858213539746,0.0554787759131293,6.425,0.349,,1442.0,0.3540489642184557,,"[{'p': 'Isaiah Davis', 'y': 2024, 'sim': 62.0, 'fant': None}, {'p': 'Karlos Williams', 'y': 2015, 'sim': 60.0, 'fant': 0.777}, {'p': 'Keaontay Ingram', 'y': 2022, 'sim': 59.0, 'fant': 0.21}, {'p': 'Hassan Haskins', 'y': 2022, 'sim': 59.0, 'fant': 0.297}, {'p': 'Trey Benson', 'y': 2024, 'sim': 59.0, 'fant': None}, {'p': 'Keith Marshall', 'y': 2016, 'sim': 57.0, 'fant': 0.092}]"
Darwin Thompson,2019,historical,0,,5,0.49019607843137253,0.8431372549019608,25.319677594029244,10.96033265705912,0.6730054622818749,1,0,0,0,,0.39737991266375544,214.0,21.883641341546884,21.67008898015058,0.2233488660658891,0.0913348946135831,6.823529411764706,0.435,0.6159382017580369,1395.0,0.3311688311688311,,"[{'p': 'Jarquez Hunter', 'y': 2025, 'sim': 60.0, 'fant': None}, {'p': 'Tyjae Spears', 'y': 2023, 'sim': 60.0, 'fant': 0.686}, {'p': 'Kenneth Gainwell', 'y': 2021, 'sim': 59.0, 'fant': 0.55}, {'p': 'Michael Carter', 'y': 2021, 'sim': 59.0, 'fant': 0.699}, {'p': 'Dylan Sampson', 'y': 2025, 'sim': 58.0, 'fant': None}, {'p': 'Nyheim Hines', 'y': 2018, 'sim': 58.0, 'fant': 0.646}]"
Mike Weber,2019,historical,0,,2,0.1830065359477124,0.26143790849673204,20.12254644716612,9.879101550431699,0.0373322235680444,0,0,0,0,,0.09170305676855896,218.0,21.347022587268995,19.134839151266256,0.1753695334101219,0.0327220424307802,5.894273127753304,0.2266666666666666,0.5228861505076339,1187.0,0.3176265270506108,4.0,"[{'p': 'DeeJay Dallas', 'y': 2020, 'sim': 67.0, 'fant': 0.502}, {'p': 'Damien Harris', 'y': 2019, 'sim': 63.0, 'fant': 0.79}, {'p': 'Jalen Richard', 'y': 2016, 'sim': 60.0, 'fant': 0.651}, {'p': 'Jordan Mason', 'y': 2022, 'sim': 58.0, 'fant': 0.585}, {'p': 'Kylin Hill', 'y': 2021, 'sim': 57.0, 'fant': 0.188}, {'p': 'Jase McClellan', 'y': 2024, 'sim': 56.0, 'fant': None}]"
Cullen Gillaspia,2019,historical,0,,1,0.0718954248366013,0.006535947712418301,17.975446894902113,5.016338224042195,-0.1502184572394829,0,0,0,1,no athletic testing at all,0.09170305676855896,220.0,23.64134154688569,99.0,0.0163299544757362,0.0158778625954198,6.6,0.591,,85.0,0.0094517958412098,,"[{'p': 'Brandon Wilson', 'y': 2017, 'sim': 66.0, 'fant': 0.092}, {'p': 'Rod Smith', 'y': 2015, 'sim': 65.0, 'fant': 0.681}, {'p': 'Kene Nwangwu', 'y': 2021, 'sim': 63.0, 'fant': 0.323}, {'p': 'Nick Bawden', 'y': 2018, 'sim': 62.0, 'fant': 0.092}, {'p': 'Ray Davis', 'y': 2024, 'sim': 59.0, 'fant': None}, {'p': 'Corey Grant', 'y': 2015, 'sim': 58.0, 'fant': 0.507}]"
Kerrith Whyte Jr,2019,historical,0,,3,0.24183006535947713,0.45751633986928103,20.96484742795257,10.42786942478535,-0.3275829731677412,0,0,0,0,,0.24890829694323144,222.0,22.168377823408623,21.95482546201232,0.1906724680196888,0.0569597721609113,5.853448275862069,0.1176666666666666,0.9200471131701594,1026.0,0.2322357019064125,2.0,"[{'p': 'T.J. Logan', 'y': 2017, 'sim': 65.0, 'fant': 0.201}, {'p': 'Donovan Edwards', 'y': 2025, 'sim': 60.0, 'fant': None}, {'p': 'Jaydon Blue', 'y': 2025, 'sim': 59.0, 'fant': None}, {'p': 'Raheem Mostert', 'y': 2015, 'sim': 59.0, 'fant': 0.524}, {'p': 'James Cook', 'y': 2022, 'sim': 59.0, 'fant': 0.895}, {'p': 'Darrynton Evans', 'y': 2020, 'sim': 57.0, 'fant': 0.332}]"
Chandler Cox,2019,historical,0,,1,0.006535947712418301,0.0196078431372549,13.348785122795949,6.249683564535372,-0.9339958332314562,0,0,0,1,no athletic testing at all,0.09170305676855896,233.0,22.42573579739904,99.0,0.0408278737343656,0.0276639344262295,1.6363636363636365,0.313,,84.0,0.0110410094637223,,"[{'p': 'Nick Bawden', 'y': 2018, 'sim': 72.0, 'fant': 0.092}, {'p': 'Brandon Wilson', 'y': 2017, 'sim': 70.0, 'fant': 0.092}, {'p': 'Rod Smith', 'y': 2015, 'sim': 65.0, 'fant': 0.681}, {'p': 'Kene Nwangwu', 'y': 2021, 'sim': 63.0, 'fant': 0.323}, {'p': 'Emari Demercado', 'y': 2023, 'sim': 59.0, 'fant': 0.454}, {'p': 'Malik Davis', 'y': 2022, 'sim': 58.0, 'fant': 0.393}]"
Myles Gaskin,2019,historical,0,,6,0.5163398692810458,0.8627450980392157,25.718665309585703,11.015252184068956,0.08830296566576876,0,0,0,0,,0.8427947598253275,234.0,21.87542778918549,18.6611909650924,0.3671688705831346,0.0805275945852134,5.645811240721103,,0.3412349952749687,1612.0,0.4881720430107527,3.0,"[{'p': 'Jarquez Hunter', 'y': 2025, 'sim': 66.0, 'fant': None}, {'p': 'Sean Tucker', 'y': 2023, 'sim': 62.0, 'fant': 0.459}, {'p': 'J.K. Dobbins', 'y': 2020, 'sim': 62.0, 'fant': 0.751}, {'p': 'Trayveon Williams', 'y': 2019, 'sim': 61.0, 'fant': 0.262}, {'p': 'Jermar Jefferson', 'y': 2021, 'sim': 61.0, 'fant': 0.515}, {'p': 'Matthew Dayes', 'y': 2017, 'sim': 59.0, 'fant': 0.092}]"
Clyde Edwards-Helaire,2020,historical,0,,10,0.9411764705882353,0.5686274509803921,57.53084874367663,10.589382543485417,0.21257146166966004,0,0,1,0,,0.834061135371179,32.0,20.725530458590008,20.511978097193705,0.2004388493455568,0.075199203187251,5.7366946778711485,0.155,0.5756813182502298,1867.0,0.4352226720647773,,"[{'p': ""D'Andre Swift"", 'y': 2020, 'sim': 64.0, 'fant': 0.904}, {'p': 'Anthony McFarland Jr.', 'y': 2020, 'sim': 62.0, 'fant': 0.227}, {'p': 'Trayveon Williams', 'y': 2019, 'sim': 60.0, 'fant': 0.262}, {'p': 'DeAndre Washington', 'y': 2016, 'sim': 59.0, 'fant': 0.493}, {'p': 'Dylan Sampson', 'y': 2025, 'sim': 59.0, 'fant': None}, {'p': 'Kimani Vidal', 'y': 2024, 'sim': 59.0, 'fant': None}]"
D'Andre Swift,2020,historical,0,,10,0.934640522875817,0.8823529411764706,56.87509905979486,11.043588108711976,0.30051481276453207,0,0,1,0,,0.9039301310043668,35.0,20.9637234770705,19.750855578370977,0.2092837297054293,0.0938388625592417,6.556818181818182,0.2456666666666666,0.5973311786042675,1434.0,0.3881188118811881,5.0,"[{'p': 'Mike Davis', 'y': 2015, 'sim': 62.0, 'fant': 0.48}, {'p': 'Clyde Edwards-Helaire', 'y': 2020, 'sim': 62.0, 'fant': 0.834}, {'p': 'Anthony McFarland Jr.', 'y': 2020, 'sim': 59.0, 'fant': 0.227}, {'p': 'Dameon Pierce', 'y': 2022, 'sim': 57.0, 'fant': 0.707}, {'p': 'Javonte Williams', 'y': 2021, 'sim': 57.0, 'fant': 0.795}, {'p': 'Darrell Henderson', 'y': 2019, 'sim': 56.0, 'fant': 0.773}]"
Jonathan Taylor,2020,historical,0,,10,0.9215686274509803,0.9869281045751634,54.22935408769106,11.264771428423703,0.8789143150716602,1,1,1,0,,0.9650655021834061,41.0,20.95003422313484,18.7378507871321,0.417617441778488,0.0899357601713062,6.678929765886288,0.1996666666666666,0.7651747177180539,2255.0,0.5385964912280702,3.0,"[{'p': 'Nick Chubb', 'y': 2018, 'sim': 65.0, 'fant': 0.926}, {'p': 'Ezekiel Elliott', 'y': 2016, 'sim': 63.0, 'fant': 0.991}, {'p': 'Royce Freeman', 'y': 2018, 'sim': 62.0, 'fant': 0.629}, {'p': 'Kevin Harris', 'y': 2022, 'sim': 62.0, 'fant': 0.319}, {'p': 'Derrius Guice', 'y': 2018, 'sim': 62.0, 'fant': 0.782}, {'p': 'David Cobb', 'y': 2015, 'sim': 61.0, 'fant': 0.275}]"
Cam Akers,2020,historical,0,,9,0.8823529411764706,0.6274509803921569,45.91676770018199,10.704416821220725,0.2623644770310445,0,0,0,0,,0.6899563318777293,52.0,20.52840520191649,18.31622176591376,0.3148014692207551,0.0646737568266743,4.90443686006826,0.0843333333333333,0.659374267444742,1369.0,0.4935897435897436,5.0,"[{'p': 'Alexander Mattison', 'y': 2019, 'sim': 60.0, 'fant': 0.59}, {'p': 'Tank Bigsby', 'y': 2023, 'sim': 57.0, 'fant': 0.489}, {'p': 'Kylin Hill', 'y': 2021, 'sim': 56.0, 'fant': 0.188}, {'p': 'Kerryon Johnson', 'y': 2018, 'sim': 56.0, 'fant': 0.821}, {'p': 'Derrius Guice', 'y': 2018, 'sim': 56.0, 'fant': 0.782}, {'p': 'Israel Abanikanda', 'y': 2023, 'sim': 55.0, 'fant': 0.271}]"
J.K. Dobbins,2020,historical,0,,9,0.8758169934640523,0.9673202614379085,44.15310773167732,11.208537096770648,0.4832967391999896,1,1,0,0,,0.7510917030567685,55.0,21.0403832991102,18.82819986310746,0.2831095855345737,0.0670466883821932,6.1588397790055245,0.2613333333333333,,2250.0,0.4652241112828439,,"[{'p': 'Myles Gaskin', 'y': 2019, 'sim': 62.0, 'fant': 0.843}, {'p': 'Kareem Hunt', 'y': 2017, 'sim': 62.0, 'fant': 0.974}, {'p': 'Trayveon Williams', 'y': 2019, 'sim': 60.0, 'fant': 0.262}, {'p': 'Ameer Abdullah', 'y': 2015, 'sim': 60.0, 'fant': 0.638}, {'p': 'Jarquez Hunter', 'y': 2025, 'sim': 59.0, 'fant': None}, {'p': 'Matt Breida', 'y': 2017, 'sim': 58.0, 'fant': 0.729}]"
AJ Dillon,2020,historical,0,,9,0.8104575163398693,0.5294117647058824,39.365087549778984,10.55339525688364,0.42940109511323354,1,0,0,0,,0.74235807860262,62.0,21.66735112936345,19.45516769336071,0.3313976377952756,0.0852272727272727,5.185798816568047,0.126,0.9675090394328816,1880.0,0.4909983633387889,3.0,"[{'p': 'Leonard Fournette', 'y': 2017, 'sim': 63.0, 'fant': 0.939}, {'p': 'David Cobb', 'y': 2015, 'sim': 61.0, 'fant': 0.275}, {'p': ""D'Onta Foreman"", 'y': 2017, 'sim': 60.0, 'fant': 0.389}, {'p': 'Saquon Barkley', 'y': 2018, 'sim': 60.0, 'fant': 0.987}, {'p': 'Derrick Henry', 'y': 2016, 'sim': 58.0, 'fant': 0.747}, {'p': 'Nick Chubb', 'y': 2018, 'sim': 57.0, 'fant': 0.926}]"
Antonio Gibson,2020,historical,0,,9,0.8431372549019608,0.8431372549019608,40.496604275028105,10.96033265705912,2.250640306082471,1,0,0,0,,0.8733624454148472,66.0,21.52498288843258,21.31143052703628,0.1725402504472272,0.1759636102465884,11.181818181818182,1.275,0.5907118611201211,1104.0,0.0615671641791044,,"[{'p': 'C.J. Prosise', 'y': 2016, 'sim': 53.0, 'fant': 0.581}, {'p': 'Joe Mixon', 'y': 2017, 'sim': 48.0, 'fant': 0.913}, {'p': 'J.D. McKissic', 'y': 2016, 'sim': 48.0, 'fant': 0.642}, {'p': 'Rachaad White', 'y': 2022, 'sim': 47.0, 'fant': 0.878}, {'p': 'Travis Etienne', 'y': 2021, 'sim': 46.0, 'fant': 0.869}, {'p': 'Jonathon Brooks', 'y': 2024, 'sim': 45.0, 'fant': None}]"
Ke'Shawn Vaughn,2020,historical,0,,9,0.8496732026143791,0.869281045751634,40.61494902317218,11.022808131282549,0.108195522667407,0,0,0,0,,0.4017467248908297,76.0,22.6611909650924,18.4476386036961,0.4188751823849317,0.1308139534883721,5.7622377622377625,0.15675,0.3358182245555552,1414.0,0.5546218487394958,4.0,"[{'p': 'Kenneth Dixon', 'y': 2016, 'sim': 64.0, 'fant': 0.659}, {'p': 'Sean Tucker', 'y': 2023, 'sim': 60.0, 'fant': 0.459}, {'p': 'Elijah McGuire', 'y': 2017, 'sim': 58.0, 'fant': 0.611}, {'p': 'Sony Michel', 'y': 2018, 'sim': 58.0, 'fant': 0.734}, {'p': 'Myles Gaskin', 'y': 2019, 'sim': 57.0, 'fant': 0.843}, {'p': 'Kareem Hunt', 'y': 2017, 'sim': 56.0, 'fant': 0.974}]"
Zack Moss,2020,historical,0,,8,0.7647058823529411,0.6078431372549019,34.09359008891006,10.683902340115566,-0.1366558208325744,0,0,0,0,,0.6157205240174672,86.0,22.04517453798768,19.83299110198494,0.3072661879357343,0.1217445873862566,5.706460674157303,0.17875,0.2608966906920871,1804.0,0.41796875,3.0,"[{'p': 'Mike Davis', 'y': 2015, 'sim': 66.0, 'fant': 0.48}, {'p': 'Jonah Coleman', 'y': 2026, 'sim': 66.0, 'fant': None}, {'p': 'David Montgomery', 'y': 2019, 'sim': 61.0, 'fant': 0.921}, {'p': 'David Cobb', 'y': 2015, 'sim': 59.0, 'fant': 0.275}, {'p': ""Ke'Shawn Vaughn"", 'y': 2020, 'sim': 57.0, 'fant': 0.402}, {'p': 'Josh Robinson', 'y': 2015, 'sim': 57.0, 'fant': 0.24}]"
Darrynton Evans,2020,historical,0,,8,0.7450980392156863,0.5098039215686274,31.57888905072351,10.522353194874292,0.41819188721375344,1,0,0,0,,0.3318777292576419,93.0,21.481177275838466,20.268309377138944,0.3147889105304429,0.0700884955752212,5.981327800829876,0.078,0.7568062297057278,1677.0,0.4307432432432432,,"[{'p': 'Justice Hill', 'y': 2019, 'sim': 63.0, 'fant': 0.288}, {'p': 'Travis Homer', 'y': 2019, 'sim': 62.0, 'fant': 0.485}, {'p': 'Tyjae Spears', 'y': 2023, 'sim': 60.0, 'fant': 0.686}, {'p': 'Wendell Smallwood', 'y': 2016, 'sim': 59.0, 'fant': 0.594}, {'p': 'TreVeyon Henderson', 'y': 2025, 'sim': 56.0, 'fant': None}, {'p': 'Tyler Goodson', 'y': 2022, 'sim': 56.0, 'fant': 0.328}]"
Joshua Kelley,2020,historical,0,,7,0.6535947712418301,0.45098039215686275,28.24908240964667,10.42194270432114,-0.11396431422159141,0,0,0,0,,0.462882096069869,112.0,22.11362080766598,20.90075290896646,0.3332949750671269,0.0672239637756879,5.090146750524109,0.15775,0.4373451288483967,1436.0,0.5244755244755245,2.0,"[{'p': 'Darius Jackson', 'y': 2016, 'sim': 68.0, 'fant': 0.092}, {'p': 'Jerome Ford', 'y': 2022, 'sim': 63.0, 'fant': 0.755}, {'p': 'Wendell Smallwood', 'y': 2016, 'sim': 60.0, 'fant': 0.594}, {'p': 'Jalen Richard', 'y': 2016, 'sim': 58.0, 'fant': 0.651}, {'p': ""La'Mical Perine"", 'y': 2020, 'sim': 58.0, 'fant': 0.472}, {'p': 'Lew Nichols', 'y': 2023, 'sim': 57.0, 'fant': 0.092}]"
La'Mical Perine,2020,historical,0,,6,0.5947712418300654,0.47058823529411764,26.978353992543195,10.484985143499085,-0.3921670100856366,0,0,0,0,,0.47161572052401746,120.0,21.919233401779604,19.707049965776864,0.2668918918918919,0.0670076726342711,5.040567951318458,0.147,0.3318883317083563,996.0,0.3417085427135678,3.0,"[{'p': 'Jonathan Williams', 'y': 2016, 'sim': 65.0, 'fant': 0.467}, {'p': 'Jalen Richard', 'y': 2016, 'sim': 65.0, 'fant': 0.651}, {'p': 'Ryquell Armstead', 'y': 2019, 'sim': 62.0, 'fant': 0.314}, {'p': 'Michael Wiley', 'y': 2024, 'sim': 61.0, 'fant': None}, {'p': 'Kylin Hill', 'y': 2021, 'sim': 60.0, 'fant': 0.188}, {'p': 'Dontrell Hilliard', 'y': 2018, 'sim': 60.0, 'fant': 0.371}]"
Anthony McFarland Jr.,2020,historical,0,,7,0.6470588235294118,0.8496732026143791,28.23768206827474,11.005574739962263,0.07314515293274687,0,0,0,0,,0.22707423580786026,124.0,20.829568788501028,19.616700889801507,0.2050381167173025,0.0603448275862069,6.726530612244898,0.175,0.3142552103715313,1107.0,0.2734864300626304,,"[{'p': 'Khalil Herbert', 'y': 2021, 'sim': 65.0, 'fant': 0.677}, {'p': 'Michael Carter', 'y': 2021, 'sim': 64.0, 'fant': 0.699}, {'p': 'Clyde Edwards-Helaire', 'y': 2020, 'sim': 59.0, 'fant': 0.834}, {'p': ""D'Andre Swift"", 'y': 2020, 'sim': 59.0, 'fant': 0.904}, {'p': 'Mike Weber', 'y': 2019, 'sim': 57.0, 'fant': 0.092}, {'p': 'Dameon Pierce', 'y': 2022, 'sim': 57.0, 'fant': 0.707}]"
DeeJay Dallas,2020,historical,0,,5,0.43137254901960786,0.3006535947712418,24.321624942259575,10.007461715689395,0.02036975099618627,0,0,0,0,,0.5021834061135371,144.0,21.29226557152635,21.078713210130047,0.2032673738610091,0.043223217042297,5.784090909090909,0.2106666666666666,0.3522137799962939,833.0,0.285,4.0,"[{'p': 'Dameon Pierce', 'y': 2022, 'sim': 73.0, 'fant': 0.707}, {'p': 'Damien Harris', 'y': 2019, 'sim': 67.0, 'fant': 0.79}, {'p': 'Snoop Conner', 'y': 2022, 'sim': 67.0, 'fant': 0.223}, {'p': 'Mike Weber', 'y': 2019, 'sim': 67.0, 'fant': 0.092}, {'p': 'Jase McClellan', 'y': 2024, 'sim': 63.0, 'fant': None}, {'p': 'Jonathan Williams', 'y': 2016, 'sim': 63.0, 'fant': 0.467}]"
Jason Huntley,2020,historical,0,,5,0.47058823529411764,0.5490196078431373,25.239631685630663,10.568022812976665,-0.15865435715119827,0,0,0,1,no athletic testing at all,0.09170305676855896,172.0,21.700205338809035,20.48733744010952,0.324674121666185,0.1495238095238095,5.849865951742627,0.125,,1282.0,0.4010416666666667,2.0,"[{'p': 'Paul Perkins', 'y': 2016, 'sim': 62.0, 'fant': 0.362}, {'p': 'Michael Wiley', 'y': 2024, 'sim': 61.0, 'fant': None}, {'p': 'Dontrell Hilliard', 'y': 2018, 'sim': 61.0, 'fant': 0.371}, {'p': 'Eric Gray', 'y': 2023, 'sim': 60.0, 'fant': 0.245}, {'p': 'Patrick Laird', 'y': 2019, 'sim': 58.0, 'fant': 0.437}, {'p': 'Jaleel McLaughlin', 'y': 2023, 'sim': 58.0, 'fant': 0.498}]"
Eno Benjamin,2020,historical,0,,4,0.3202614379084967,0.477124183006536,22.319064213950274,10.488330938338045,0.3896062335939987,0,0,0,0,,0.4497816593886463,222.0,20.720054757015745,19.50718685831622,0.3702073014125848,0.1072642967542503,4.977430555555555,0.1283333333333333,0.5680079185336361,1903.0,0.6198347107438017,4.0,"[{'p': 'Sean Tucker', 'y': 2023, 'sim': 65.0, 'fant': 0.459}, {'p': 'Ameer Abdullah', 'y': 2015, 'sim': 62.0, 'fant': 0.638}, {'p': 'Lew Nichols', 'y': 2023, 'sim': 61.0, 'fant': 0.092}, {'p': 'Jeremy McNichols', 'y': 2017, 'sim': 57.0, 'fant': 0.354}, {'p': 'Kenneth Dixon', 'y': 2016, 'sim': 56.0, 'fant': 0.659}, {'p': 'Trayveon Williams', 'y': 2019, 'sim': 55.0, 'fant': 0.262}]"
Raymond Calais,2020,historical,0,,2,0.16993464052287582,0.16339869281045752,19.785736835594747,9.483341550646035,-0.1438812006181228,0,0,0,0,,0.09170305676855896,245.0,21.749486652977414,99.0,0.1294580287954779,0.0239749826268241,7.817796610169491,0.20725,0.5245864919920049,953.0,0.2067137809187279,2.0,"[{'p': 'T.J. Logan', 'y': 2017, 'sim': 61.0, 'fant': 0.201}, {'p': 'Keilan Robinson', 'y': 2024, 'sim': 61.0, 'fant': None}, {'p': 'Corey Grant', 'y': 2015, 'sim': 61.0, 'fant': 0.507}, {'p': 'Kerrith Whyte Jr', 'y': 2019, 'sim': 57.0, 'fant': 0.249}, {'p': 'Jake Funk', 'y': 2021, 'sim': 54.0, 'fant': 0.092}, {'p': 'Robert Henry Jr.', 'y': 2026, 'sim': 54.0, 'fant': None}]"
Malcolm Perry,2020,historical,0,,5,0.45098039215686275,0.8431372549019608,24.776247013732593,10.96033265705912,0.4864619134317307,1,0,0,0,,0.2794759825327511,246.0,22.702258726899384,20.490075290896645,0.3395083733815181,0.3014925373134328,7.099348534201955,0.35575,0.4209723454111064,2017.0,0.3891820580474934,,"[{'p': 'Donnel Pumphrey', 'y': 2017, 'sim': 63.0, 'fant': 0.092}, {'p': 'Demetric Felton', 'y': 2021, 'sim': 58.0, 'fant': 0.258}, {'p': 'Christian McCaffrey', 'y': 2017, 'sim': 56.0, 'fant': 1.0}, {'p': 'Jahmyr Gibbs', 'y': 2023, 'sim': 55.0, 'fant': 0.983}, {'p': 'Desmond Reid', 'y': 2026, 'sim': 55.0, 'fant': None}, {'p': 'Dylan Laube', 'y': 2024, 'sim': 53.0, 'fant': None}]"
Najee Harris,2021,historical,0,,10,0.9673202614379085,0.6993464052287581,69.57746076159432,10.846414768997285,0.19989097421796975,0,0,1,0,,0.9082969432314411,24.0,22.81724845995893,21.60164271047228,0.3238728508280949,0.0912800687285223,6.023510971786834,0.26025,0.2078189300411522,1891.0,0.5386266094420601,5.0,"[{'p': 'Brian Robinson Jr.', 'y': 2022, 'sim': 61.0, 'fant': 0.825}, {'p': 'T.J. Yeldon', 'y': 2015, 'sim': 59.0, 'fant': 0.764}, {'p': 'Ollie Gordon', 'y': 2025, 'sim': 58.0, 'fant': None}, {'p': 'Javorius Allen', 'y': 2015, 'sim': 58.0, 'fant': 0.716}, {'p': 'Hassan Haskins', 'y': 2022, 'sim': 57.0, 'fant': 0.297}, {'p': 'Qadree Ollison', 'y': 2019, 'sim': 57.0, 'fant': 0.349}]"
Travis Etienne,2021,historical,0,,10,0.9673202614379085,0.9934640522875817,70.51549573718529,11.313162734746225,0.7790211698522912,0,1,1,0,,0.868995633187773,25.0,21.932922655715263,18.71868583162217,0.2638924834547269,0.1406025824964132,7.21865889212828,0.4295,0.6861603627446197,2046.0,0.4148148148148148,4.0,"[{'p': 'Bijan Robinson', 'y': 2023, 'sim': 59.0, 'fant': 0.978}, {'p': 'Kareem Hunt', 'y': 2017, 'sim': 59.0, 'fant': 0.974}, {'p': 'Kenneth Dixon', 'y': 2016, 'sim': 59.0, 'fant': 0.659}, {'p': 'Elijah McGuire', 'y': 2017, 'sim': 57.0, 'fant': 0.611}, {'p': 'Sony Michel', 'y': 2018, 'sim': 56.0, 'fant': 0.734}, {'p': 'Devin Neal', 'y': 2025, 'sim': 55.0, 'fant': None}]"
Javonte Williams,2021,historical,0,,10,0.934640522875817,0.8431372549019608,57.346975797839534,10.96033265705912,0.5899027286378776,1,0,1,0,,0.7947598253275109,35.0,20.68720054757016,20.47364818617385,0.2785780669144981,0.0847457627118644,6.275956284153006,0.3626666666666667,0.5409917111821062,1445.0,0.3264033264033264,3.0,"[{'p': 'Wendell Smallwood', 'y': 2016, 'sim': 56.0, 'fant': 0.594}, {'p': 'Israel Abanikanda', 'y': 2023, 'sim': 56.0, 'fant': 0.271}, {'p': 'J.K. Dobbins', 'y': 2020, 'sim': 55.0, 'fant': 0.751}, {'p': 'Alvin Kamara', 'y': 2017, 'sim': 55.0, 'fant': 0.996}, {'p': 'Ty Johnson', 'y': 2019, 'sim': 55.0, 'fant': 0.563}, {'p': 'Kendre Miller', 'y': 2023, 'sim': 54.0, 'fant': 0.441}]"
Trey Sermon,2021,historical,0,,8,0.7516339869281046,0.42483660130718953,32.08062072910492,10.335668978470224,-0.11608366186274328,0,0,0,0,,0.33624454148471616,88.0,21.92197125256673,21.70841889117043,0.1638532280862994,0.0452380952380952,6.474725274725275,0.24675,0.5829500205554009,1124.0,0.3452380952380952,4.0,"[{'p': 'Trey Benson', 'y': 2024, 'sim': 71.0, 'fant': None}, {'p': 'Dexter Williams', 'y': 2019, 'sim': 69.0, 'fant': 0.092}, {'p': 'Jordan Wilkins', 'y': 2018, 'sim': 63.0, 'fant': 0.384}, {'p': 'Zamir White', 'y': 2022, 'sim': 62.0, 'fant': 0.376}, {'p': 'Jonathon Brooks', 'y': 2024, 'sim': 60.0, 'fant': None}, {'p': 'Miles Sanders', 'y': 2019, 'sim': 58.0, 'fant': 0.865}]"
Michael Carter,2021,historical,0,,8,0.7581699346405228,0.9869281045751634,33.96339884667076,11.27126665345267,-0.20702659047302013,0,1,0,0,,0.6986899563318777,107.0,21.82067077344285,18.60643394934976,0.2004337050805452,0.0741872742428452,6.620622568093385,0.1925,0.3144447857055605,1512.0,0.3416988416988417,,"[{'p': 'Khalil Herbert', 'y': 2021, 'sim': 64.0, 'fant': 0.677}, {'p': 'Anthony McFarland Jr.', 'y': 2020, 'sim': 64.0, 'fant': 0.227}, {'p': 'Jarquez Hunter', 'y': 2025, 'sim': 62.0, 'fant': None}, {'p': 'DeAndre Washington', 'y': 2016, 'sim': 59.0, 'fant': 0.493}, {'p': 'Darwin Thompson', 'y': 2019, 'sim': 59.0, 'fant': 0.397}, {'p': 'Ameer Abdullah', 'y': 2015, 'sim': 57.0, 'fant': 0.638}]"
Kene Nwangwu,2021,historical,0,,3,0.28104575163398693,0.026143790849673203,21.663784699082967,7.097639306334863,-1.0728028023842475,0,0,0,1,no athletic testing at all,0.3231441048034934,119.0,22.89390828199863,99.0,0.0735966386554621,0.0075966850828729,5.2027972027972025,0.094,,361.0,0.1367713004484305,3.0,"[{'p': 'Rod Smith', 'y': 2015, 'sim': 85.0, 'fant': 0.681}, {'p': 'Brandon Wilson', 'y': 2017, 'sim': 83.0, 'fant': 0.092}, {'p': 'Emari Demercado', 'y': 2023, 'sim': 71.0, 'fant': 0.454}, {'p': 'Malik Davis', 'y': 2022, 'sim': 68.0, 'fant': 0.393}, {'p': 'Deneric Prince', 'y': 2023, 'sim': 65.0, 'fant': 0.092}, {'p': 'Chris Carson', 'y': 2017, 'sim': 61.0, 'fant': 0.882}]"
Rhamondre Stevenson,2021,historical,0,,7,0.6666666666666666,0.8431372549019608,29.090267929544716,10.96033265705912,-0.20847980416000633,0,0,0,0,,0.8471615720524017,120.0,22.855578370978783,99.0,0.1415610756462427,0.0608946608946609,7.1454545454545455,0.272,0.2076800335775423,875.0,0.2469437652811736,,"[{'p': 'Roschon Johnson', 'y': 2023, 'sim': 60.0, 'fant': 0.541}, {'p': 'Josh Jacobs', 'y': 2019, 'sim': 60.0, 'fant': 0.9}, {'p': 'Tony Jones', 'y': 2020, 'sim': 59.0, 'fant': 0.231}, {'p': 'Darrel Williams', 'y': 2018, 'sim': 56.0, 'fant': 0.476}, {'p': 'Gerrid Doaks', 'y': 2021, 'sim': 56.0, 'fant': 0.092}, {'p': 'Karlos Williams', 'y': 2015, 'sim': 55.0, 'fant': 0.777}]"
Chuba Hubbard,2021,historical,0,,7,0.6666666666666666,0.6928104575163399,28.995009718467095,10.831455208734315,0.6630760836698587,1,0,0,0,,0.7117903930131004,126.0,21.56057494866529,20.34496919917865,0.4020563097033685,0.0679012345679012,5.919520547945205,0.2676666666666666,0.5294690774372502,2292.0,0.593128390596745,3.0,"[{'p': 'Rasheen Ali', 'y': 2024, 'sim': 64.0, 'fant': None}, {'p': 'Tevin Coleman', 'y': 2015, 'sim': 63.0, 'fant': 0.838}, {'p': 'Jeremy Langford', 'y': 2015, 'sim': 62.0, 'fant': 0.62}, {'p': 'Isaiah Davis', 'y': 2024, 'sim': 61.0, 'fant': None}, {'p': 'Brian Hill', 'y': 2017, 'sim': 59.0, 'fant': 0.428}, {'p': 'Melvin Gordon', 'y': 2015, 'sim': 59.0, 'fant': 0.952}]"
Kenneth Gainwell,2021,historical,0,,7,0.6601307189542484,0.8431372549019608,28.50420810101096,10.96033265705912,0.03951667479999618,0,0,0,1,no verified birth date,0.5502183406113537,150.0,22.0,,0.2734402951699463,0.1460378261910462,6.595744680851064,0.316,0.5030171947762172,2069.0,0.4309701492537313,3.0,"[{'p': 'Ito Smith', 'y': 2018, 'sim': 65.0, 'fant': 0.511}, {'p': 'Jarquez Hunter', 'y': 2025, 'sim': 64.0, 'fant': None}, {'p': 'Nyheim Hines', 'y': 2018, 'sim': 63.0, 'fant': 0.646}, {'p': 'Eric Gray', 'y': 2023, 'sim': 60.0, 'fant': 0.245}, {'p': 'Darwin Thompson', 'y': 2019, 'sim': 59.0, 'fant': 0.397}, {'p': 'Tyler Badie', 'y': 2022, 'sim': 59.0, 'fant': 0.236}]"
Elijah Mitchell,2021,historical,0,,6,0.5359477124183006,0.8431372549019608,26.074026887601242,10.96033265705912,0.31635700380277193,0,0,0,0,,0.8078602620087336,194.0,22.6694045174538,20.45448323066393,0.2492847462731516,0.121264767199444,6.195817490494297,0.32475,0.8546276442553794,1326.0,0.3498233215547703,,"[{'p': 'Darrynton Evans', 'y': 2020, 'sim': 58.0, 'fant': 0.332}, {'p': 'TreVeyon Henderson', 'y': 2025, 'sim': 57.0, 'fant': None}, {'p': 'Donovan Edwards', 'y': 2025, 'sim': 57.0, 'fant': None}, {'p': 'Will Shipley', 'y': 2024, 'sim': 56.0, 'fant': None}, {'p': 'DJ Giddens', 'y': 2025, 'sim': 55.0, 'fant': None}, {'p': 'Tyjae Spears', 'y': 2023, 'sim': 55.0, 'fant': 0.686}]"
Gary Brightwell,2021,historical,0,,1,0.0718954248366013,0.058823529411764705,18.217930435336626,8.495535013478438,-0.5718170679723853,0,0,0,0,,0.30131004366812225,196.0,22.84188911704312,99.0,0.1138030523647737,0.0184779204509865,5.374485596707819,0.1376666666666666,0.3271323318116914,539.0,0.4699453551912568,3.0,"[{'p': 'Tony Jones', 'y': 2020, 'sim': 62.0, 'fant': 0.231}, {'p': 'Jordan Scarlett', 'y': 2019, 'sim': 58.0, 'fant': 0.092}, {'p': 'Kene Nwangwu', 'y': 2021, 'sim': 57.0, 'fant': 0.323}, {'p': 'Kenny Hilliard', 'y': 2015, 'sim': 57.0, 'fant': 0.092}, {'p': 'Emari Demercado', 'y': 2023, 'sim': 57.0, 'fant': 0.454}, {'p': 'Roschon Johnson', 'y': 2023, 'sim': 56.0, 'fant': 0.541}]"
Larry Rountree,2021,historical,0,,1,0.0784313725490196,0.0457516339869281,18.288459279467936,8.136394665737988,-0.21287318340684666,0,0,0,0,,0.21397379912663755,198.0,21.883641341546884,19.668720054757017,0.3658426040379069,0.0376364320662401,4.986595174262734,0.1095,0.046885609592818,1278.0,0.6075581395348837,3.0,"[{'p': 'Jermar Jefferson', 'y': 2021, 'sim': 63.0, 'fant': 0.515}, {'p': 'Alex Collins', 'y': 2016, 'sim': 61.0, 'fant': 0.769}, {'p': 'Kelvin Taylor', 'y': 2016, 'sim': 60.0, 'fant': 0.092}, {'p': 'Corey Clement', 'y': 2017, 'sim': 57.0, 'fant': 0.555}, {'p': 'Dillon Johnson', 'y': 2024, 'sim': 55.0, 'fant': None}, {'p': 'Joshua Kelley', 'y': 2020, 'sim': 55.0, 'fant': 0.463}]"
Chris Evans,2021,historical,0,,4,0.35947712418300654,0.24183006535947713,23.18618714064258,9.867601117804856,-0.37759127781303103,0,0,0,0,,0.35807860262008734,202.0,23.241615331964407,20.02737850787132,0.1926700418225841,0.0705300988319856,5.609375,0.256,0.7702831733711718,842.0,0.2581261950286806,,"[{'p': 'Dexter Williams', 'y': 2019, 'sim': 63.0, 'fant': 0.092}, {'p': 'Montrell Johnson Jr.', 'y': 2025, 'sim': 62.0, 'fant': None}, {'p': 'Brittain Brown', 'y': 2022, 'sim': 61.0, 'fant': 0.092}, {'p': 'Joe Williams', 'y': 2017, 'sim': 61.0, 'fant': 0.092}, {'p': 'Mike Boone', 'y': 2018, 'sim': 60.0, 'fant': 0.537}, {'p': 'Rico Dowdle', 'y': 2020, 'sim': 59.0, 'fant': 0.668}]"
Demetric Felton,2021,historical,0,,4,0.3137254901960784,0.26143790849673204,22.290492940142492,9.897273831790947,-0.4004502960406278,0,0,0,0,,0.2576419213973799,211.0,22.46406570841889,21.24845995893224,0.2569716145001597,0.1937377690802348,4.725321888412017,0.17925,0.094664621651455,925.0,0.4244372990353697,,"[{'p': ""D'Ernest Johnson"", 'y': 2019, 'sim': 63.0, 'fant': 0.445}, {'p': 'Kyren Williams', 'y': 2022, 'sim': 62.0, 'fant': 0.961}, {'p': ""J'Mari Taylor"", 'y': 2026, 'sim': 58.0, 'fant': None}, {'p': 'Marcus Murphy', 'y': 2015, 'sim': 58.0, 'fant': 0.092}, {'p': 'Ronnie Rivers', 'y': 2022, 'sim': 57.0, 'fant': 0.293}, {'p': 'Nyheim Hines', 'y': 2018, 'sim': 57.0, 'fant': 0.646}]"
Khalil Herbert,2021,historical,0,,5,0.40522875816993464,0.6993464052287581,23.78518217883977,10.847483053761621,-0.32328181330729444,0,0,0,0,,0.6768558951965066,217.0,22.699520876112253,19.485284052019164,0.2526234567901234,0.0812159709618874,6.143157894736842,0.1533999999999999,0.3136793721050612,1362.0,0.3304904051172708,3.0,"[{'p': 'Anthony McFarland Jr.', 'y': 2020, 'sim': 60.0, 'fant': 0.227}, {'p': 'Jarquez Hunter', 'y': 2025, 'sim': 60.0, 'fant': None}, {'p': 'Mike Davis', 'y': 2015, 'sim': 59.0, 'fant': 0.48}, {'p': 'Michael Carter', 'y': 2021, 'sim': 59.0, 'fant': 0.699}, {'p': 'Eric Gray', 'y': 2023, 'sim': 58.0, 'fant': 0.245}, {'p': 'DeAndre Washington', 'y': 2016, 'sim': 57.0, 'fant': 0.493}]"
Jake Funk,2021,historical,0,,2,0.1111111111111111,0.058823529411764705,19.482544068788666,8.499923318496752,0.27561083312625134,0,0,0,0,,0.09170305676855896,233.0,22.973305954825463,99.0,0.09249097959367,0.0181268882175226,7.133333333333334,0.3652,0.625991849919102,579.0,0.410958904109589,3.0,"[{'p': 'Jadarian Price', 'y': 2026, 'sim': 60.0, 'fant': None}, {'p': 'Corey Grant', 'y': 2015, 'sim': 59.0, 'fant': 0.507}, {'p': 'Dexter Williams', 'y': 2019, 'sim': 57.0, 'fant': 0.092}, {'p': 'Joe Williams', 'y': 2017, 'sim': 57.0, 'fant': 0.092}, {'p': 'Pierre Strong', 'y': 2022, 'sim': 57.0, 'fant': 0.41}, {'p': 'Boston Scott', 'y': 2018, 'sim': 55.0, 'fant': 0.799}]"
Gerrid Doaks,2021,historical,0,,3,0.2875816993464052,0.46405228758169936,21.693816425127793,10.461386921183433,-0.368160297373293,0,0,0,0,,0.09170305676855896,244.0,22.56536618754278,22.35181382614648,0.1886930552606254,0.0846605196982397,5.172205438066465,0.168,0.6504331943092955,875.0,0.3891891891891892,3.0,"[{'p': 'Karlos Williams', 'y': 2015, 'sim': 62.0, 'fant': 0.777}, {'p': 'Keaontay Ingram', 'y': 2022, 'sim': 60.0, 'fant': 0.21}, {'p': 'Jase McClellan', 'y': 2024, 'sim': 60.0, 'fant': None}, {'p': 'Roschon Johnson', 'y': 2023, 'sim': 55.0, 'fant': 0.541}, {'p': 'Rodney Anderson', 'y': 2019, 'sim': 55.0, 'fant': 0.092}, {'p': 'Deon Jackson', 'y': 2021, 'sim': 55.0, 'fant': 0.559}]"
Kylin Hill,2021,historical,0,,4,0.3202614379084967,0.5947712418300654,22.36704736446152,10.648771018315806,-0.1910537242372326,0,0,0,0,,0.18777292576419213,256.0,22.37371663244353,20.15879534565366,0.2663418866161701,0.0780172413793103,5.6084070796460175,0.2095,0.5281618878947666,1530.0,0.4618320610687023,4.0,"[{'p': 'Jalen Richard', 'y': 2016, 'sim': 65.0, 'fant': 0.651}, {'p': 'Kaytron Allen', 'y': 2026, 'sim': 61.0, 'fant': None}, {'p': 'Jerome Ford', 'y': 2022, 'sim': 60.0, 'fant': 0.755}, {'p': 'Darius Jackson', 'y': 2016, 'sim': 59.0, 'fant': 0.092}, {'p': 'Michael Wiley', 'y': 2024, 'sim': 58.0, 'fant': None}, {'p': ""La'Mical Perine"", 'y': 2020, 'sim': 58.0, 'fant': 0.472}]"
Jermar Jefferson,2021,historical,0,,5,0.40522875816993464,0.5555555555555556,23.78171365597232,10.579730246635933,0.2653929472985528,0,0,0,0,,0.5152838427947598,257.0,20.71457905544148,18.49965776865161,0.3061414265276926,0.04891846921797,5.688715953307393,0.1843333333333333,0.1472942936995224,1528.0,0.5215686274509804,3.0,"[{'p': 'Mark Walton', 'y': 2018, 'sim': 67.0, 'fant': 0.092}, {'p': 'Myles Gaskin', 'y': 2019, 'sim': 63.0, 'fant': 0.843}, {'p': 'Larry Rountree', 'y': 2021, 'sim': 62.0, 'fant': 0.214}, {'p': 'Jordan James', 'y': 2025, 'sim': 62.0, 'fant': None}, {'p': 'Ronald Jones II', 'y': 2018, 'sim': 61.0, 'fant': 0.803}, {'p': 'J.K. Dobbins', 'y': 2020, 'sim': 56.0, 'fant': 0.751}]"
Breece Hall,2022,historical,0,,10,0.9477124183006536,0.8627450980392157,59.21998396347527,11.021042399527744,0.884989597750969,1,0,1,0,,0.9301310043668122,36.0,20.588637919233403,18.37371663244353,0.4051947851933991,0.0880466472303207,5.49025069637883,0.1866666666666666,0.9062789493877872,1774.0,0.6262376237623762,4.0,"[{'p': 'Bijan Robinson', 'y': 2023, 'sim': 71.0, 'fant': 0.978}, {'p': 'Marlon Mack', 'y': 2017, 'sim': 66.0, 'fant': 0.856}, {'p': 'Kerryon Johnson', 'y': 2018, 'sim': 64.0, 'fant': 0.821}, {'p': 'Omarion Hampton', 'y': 2025, 'sim': 64.0, 'fant': None}, {'p': 'Quinshon Judkins', 'y': 2025, 'sim': 62.0, 'fant': None}, {'p': 'Jeremiyah Love', 'y': 2026, 'sim': 62.0, 'fant': None}]"
Kenneth Walker III,2022,historical,0,,9,0.8888888888888888,0.1437908496732026,46.892304359976194,9.304828988969387,0.6656724791256754,1,0,0,0,,0.8864628820960698,41.0,21.19917864476386,19.98631074606434,0.3436064113980409,0.0269860521528198,5.820833333333334,0.1696666666666666,0.6412260331839758,1725.0,0.563169164882227,3.0,"[{'p': 'Israel Abanikanda', 'y': 2023, 'sim': 64.0, 'fant': 0.271}, {'p': 'Tahj Brooks', 'y': 2025, 'sim': 57.0, 'fant': None}, {'p': 'DeWayne McBride', 'y': 2023, 'sim': 57.0, 'fant': 0.092}, {'p': 'J.K. Dobbins', 'y': 2020, 'sim': 57.0, 'fant': 0.751}, {'p': 'Joshua Kelley', 'y': 2020, 'sim': 54.0, 'fant': 0.463}, {'p': 'Marlon Mack', 'y': 2017, 'sim': 54.0, 'fant': 0.856}]"
James Cook,2022,historical,0,,9,0.8627450980392157,0.8431372549019608,41.429776842592105,10.96033265705912,-0.18807274213954062,0,0,0,0,,0.8951965065502183,63.0,22.269678302532512,22.05612594113621,0.1569382675661577,0.0904704463208685,6.534782608695652,0.35125,0.5541134881383059,1012.0,0.2116104868913857,,"[{'p': 'Marcus Yarns', 'y': 2025, 'sim': 63.0, 'fant': None}, {'p': 'Jadarian Price', 'y': 2026, 'sim': 60.0, 'fant': None}, {'p': 'Zach Evans', 'y': 2023, 'sim': 59.0, 'fant': 0.183}, {'p': 'T.J. Logan', 'y': 2017, 'sim': 59.0, 'fant': 0.201}, {'p': 'Kenyan Drake', 'y': 2016, 'sim': 59.0, 'fant': 0.786}, {'p': 'Tony Pollard', 'y': 2019, 'sim': 58.0, 'fant': 0.672}]"
Rachaad White,2022,historical,0,,8,0.7712418300653595,0.7320261437908496,35.03163766217459,10.931661622621117,0.4876386270300617,1,0,0,0,,0.8777292576419214,91.0,22.97056810403833,22.757015742642025,0.3176126699771797,0.1802371541501976,6.366071428571429,0.495,0.7740270310697516,1462.0,0.3799582463465553,,"[{'p': 'C.J. Prosise', 'y': 2016, 'sim': 68.0, 'fant': 0.581}, {'p': 'Tyrone Tracy Jr.', 'y': 2024, 'sim': 59.0, 'fant': None}, {'p': 'DJ Giddens', 'y': 2025, 'sim': 57.0, 'fant': None}, {'p': 'Raheim Sanders', 'y': 2025, 'sim': 54.0, 'fant': None}, {'p': 'Javorius Allen', 'y': 2015, 'sim': 53.0, 'fant': 0.716}, {'p': 'Jaleel McLaughlin', 'y': 2023, 'sim': 53.0, 'fant': 0.498}]"
Tyrion Davis-Price,2022,historical,0,,5,0.49019607843137253,0.058823529411764705,25.37699605133956,8.463024127427037,-0.29945594690519406,0,0,0,0,,0.2183406113537118,93.0,21.190965092402465,20.97741273100616,0.1837177685908645,0.0193470374848851,4.601583113456464,0.063,0.3185147550781727,1067.0,0.48729792147806,4.0,"[{'p': 'Wayne Gallman', 'y': 2017, 'sim': 64.0, 'fant': 0.546}, {'p': 'Zamir White', 'y': 2022, 'sim': 57.0, 'fant': 0.376}, {'p': 'Rahsul Faison', 'y': 2026, 'sim': 57.0, 'fant': None}, {'p': 'Trey Sermon', 'y': 2021, 'sim': 56.0, 'fant': 0.336}, {'p': ""Le'Veon Moss"", 'y': 2026, 'sim': 56.0, 'fant': None}, {'p': 'SaRodorick Thompson', 'y': 2023, 'sim': 54.0, 'fant': 0.092}]"
Brian Robinson Jr.,2022,historical,0,,7,0.673202614379085,0.45751633986928103,29.526804601513696,10.436842985032552,-0.23942840203763815,0,0,0,0,,0.8253275109170306,98.0,22.781656399726216,22.56810403832991,0.227727597120823,0.058348117484723,4.961467889908257,0.2282,0.3914268828922613,1639.0,0.5,4.0,"[{'p': 'Hassan Haskins', 'y': 2022, 'sim': 69.0, 'fant': 0.297}, {'p': 'Jordan Wilkins', 'y': 2018, 'sim': 61.0, 'fant': 0.384}, {'p': 'Javorius Allen', 'y': 2015, 'sim': 61.0, 'fant': 0.716}, {'p': 'Wayne Gallman', 'y': 2017, 'sim': 59.0, 'fant': 0.546}, {'p': 'Isaiah Davis', 'y': 2024, 'sim': 59.0, 'fant': None}, {'p': ""Ja'Quinden Jackson"", 'y': 2025, 'sim': 58.0, 'fant': None}]"
Dameon Pierce,2022,historical,0,,7,0.673202614379085,0.5751633986928104,29.201255673150946,10.600138483682123,-0.2837820218796724,0,0,0,0,,0.7074235807860262,107.0,21.867214236824093,21.65366187542779,0.2164166267916397,0.0653753026634382,5.533742331288344,0.19275,0.3792746702285397,790.0,0.2936288088642659,4.0,"[{'p': 'DeeJay Dallas', 'y': 2020, 'sim': 73.0, 'fant': 0.502}, {'p': 'Damien Harris', 'y': 2019, 'sim': 65.0, 'fant': 0.79}, {'p': 'Jase McClellan', 'y': 2024, 'sim': 64.0, 'fant': None}, {'p': 'MarShawn Lloyd', 'y': 2024, 'sim': 62.0, 'fant': None}, {'p': 'Jonathan Williams', 'y': 2016, 'sim': 62.0, 'fant': 0.467}, {'p': 'Snoop Conner', 'y': 2022, 'sim': 61.0, 'fant': 0.223}]"
Zamir White,2022,historical,0,,5,0.40522875816993464,0.10457516339869281,23.6836166447672,8.872413594493985,-0.13409072338346065,0,0,0,0,,0.37554585152838427,122.0,22.28884325804244,21.07597535934292,0.2438645179602006,0.0198517734250926,5.348167539267016,0.1736666666666666,0.7149185326792602,931.0,0.391304347826087,5.0,"[{'p': 'Dexter Williams', 'y': 2019, 'sim': 65.0, 'fant': 0.092}, {'p': 'Trey Sermon', 'y': 2021, 'sim': 62.0, 'fant': 0.336}, {'p': 'Trey Benson', 'y': 2024, 'sim': 61.0, 'fant': None}, {'p': 'Miles Sanders', 'y': 2019, 'sim': 61.0, 'fant': 0.865}, {'p': 'Keaontay Ingram', 'y': 2022, 'sim': 59.0, 'fant': 0.21}, {'p': 'Kaytron Allen', 'y': 2026, 'sim': 58.0, 'fant': None}]"
Isaiah Spiller,2022,historical,0,,8,0.7581699346405228,0.477124183006536,32.757673639925706,10.493366218222405,0.10038316642677336,0,0,0,0,,0.2052401746724891,123.0,20.39698836413416,18.18206707734429,0.2522006446959109,0.0851345390383767,5.560296846011132,0.1853333333333333,0.0877576082890092,1233.0,0.5095890410958904,4.0,"[{'p': 'Tank Bigsby', 'y': 2023, 'sim': 73.0, 'fant': 0.489}, {'p': 'Jamaal Williams', 'y': 2017, 'sim': 62.0, 'fant': 0.738}, {'p': 'T.J. Yeldon', 'y': 2015, 'sim': 57.0, 'fant': 0.764}, {'p': 'Isaiah Davis', 'y': 2024, 'sim': 56.0, 'fant': None}, {'p': 'Ronald Jones II', 'y': 2018, 'sim': 54.0, 'fant': 0.803}, {'p': 'Wayne Gallman', 'y': 2017, 'sim': 54.0, 'fant': 0.546}]"
Pierre Strong,2022,historical,0,,7,0.6993464052287581,0.5947712418300654,29.899095656126633,10.64638925933546,0.40611155876140087,1,0,0,1,no reliable college production data (thin CFBD team-season),0.4104803493449782,127.0,23.06091718001369,99.0,,,7.64,0.323,0.7616001191543486,146.0,0.3939393939393939,,"[{'p': 'Kenyan Drake', 'y': 2016, 'sim': 59.0, 'fant': 0.786}, {'p': 'Jake Funk', 'y': 2021, 'sim': 56.0, 'fant': 0.092}, {'p': 'Dexter Williams', 'y': 2019, 'sim': 54.0, 'fant': 0.092}, {'p': 'Boston Scott', 'y': 2018, 'sim': 54.0, 'fant': 0.799}, {'p': 'James Cook', 'y': 2022, 'sim': 54.0, 'fant': 0.895}, {'p': 'Jordan Wilkins', 'y': 2018, 'sim': 54.0, 'fant': 0.384}]"
Hassan Haskins,2022,historical,0,,5,0.43790849673202614,0.20915032679738563,24.58553321628187,9.7333253323381,-0.11709917450848717,0,0,0,0,,0.29694323144104806,131.0,22.09993155373032,21.88637919233402,0.2838692390139335,0.0409119300437226,5.143805309734513,0.2053333333333333,,1458.0,0.4787234042553192,3.0,"[{'p': 'Kalel Mullings', 'y': 2025, 'sim': 76.0, 'fant': None}, {'p': 'Brian Robinson Jr.', 'y': 2022, 'sim': 70.0, 'fant': 0.825}, {'p': 'CJ Donaldson', 'y': 2026, 'sim': 65.0, 'fant': None}, {'p': 'Phil Mafah', 'y': 2025, 'sim': 64.0, 'fant': None}, {'p': 'Rodney Anderson', 'y': 2019, 'sim': 63.0, 'fant': 0.092}, {'p': ""Ja'Quinden Jackson"", 'y': 2025, 'sim': 60.0, 'fant': None}]"
Tyler Allgeier,2022,historical,0,,6,0.5947712418300654,0.7124183006535948,26.98495823697386,10.872981562664524,0.4708981012279314,1,0,0,0,,0.6637554585152838,151.0,21.71389459274469,20.501026694045173,0.3579095431275958,0.0579667928925138,6.426991150442478,0.3085,0.3853811392316649,1805.0,0.5961123110151187,2.0,"[{'p': 'Benny Snell Jr.', 'y': 2019, 'sim': 63.0, 'fant': 0.415}, {'p': 'Jordan Howard', 'y': 2016, 'sim': 62.0, 'fant': 0.86}, {'p': 'Alexander Mattison', 'y': 2019, 'sim': 60.0, 'fant': 0.59}, {'p': 'Ezekiel Elliott', 'y': 2016, 'sim': 59.0, 'fant': 0.991}, {'p': 'David Montgomery', 'y': 2019, 'sim': 58.0, 'fant': 0.921}, {'p': 'Derrius Guice', 'y': 2018, 'sim': 58.0, 'fant': 0.782}]"
Snoop Conner,2022,historical,0,,3,0.26143790849673204,0.13071895424836602,21.240107739298708,9.090357229365399,-0.12518123030750086,0,0,0,0,,0.22270742358078602,154.0,21.418206707734427,21.204654346338124,0.1771549162497908,0.0257731958762886,5.197368421052632,0.1829999999999999,0.2561901736572571,729.0,0.2226027397260274,3.0,"[{'p': 'DeeJay Dallas', 'y': 2020, 'sim': 71.0, 'fant': 0.502}, {'p': 'Tiyon Evans', 'y': 2023, 'sim': 67.0, 'fant': 0.092}, {'p': 'Dameon Pierce', 'y': 2022, 'sim': 65.0, 'fant': 0.707}, {'p': 'Tony Jones', 'y': 2020, 'sim': 64.0, 'fant': 0.231}, {'p': 'Peyton Barber', 'y': 2016, 'sim': 61.0, 'fant': 0.655}, {'p': 'Thomas Rawls', 'y': 2015, 'sim': 60.0, 'fant': 0.703}]"
Jerome Ford,2022,historical,0,,5,0.49673202614379086,0.6339869281045751,25.586140007237177,10.725949094304845,0.18359573474045743,0,0,0,0,,0.7554585152838428,156.0,22.305270362765228,22.091718001368925,0.2814021084684768,0.0651465798045602,6.122257053291536,0.17475,0.377327376891647,1539.0,0.4767184035476718,,"[{'p': 'Wendell Smallwood', 'y': 2016, 'sim': 67.0, 'fant': 0.594}, {'p': 'Boston Scott', 'y': 2018, 'sim': 67.0, 'fant': 0.799}, {'p': 'Darius Jackson', 'y': 2016, 'sim': 64.0, 'fant': 0.092}, {'p': 'Joshua Kelley', 'y': 2020, 'sim': 62.0, 'fant': 0.463}, {'p': 'Kylin Hill', 'y': 2021, 'sim': 61.0, 'fant': 0.188}, {'p': 'Jalen Richard', 'y': 2016, 'sim': 57.0, 'fant': 0.651}]"
Kyren Williams,2022,historical,0,,5,0.49673202614379086,0.5424836601307189,25.53186759204508,10.56739638322193,0.26013617355415664,0,0,0,0,,0.9606986899563319,164.0,21.349760438056126,20.136892539356605,0.2827914617465473,0.1098631098631098,5.138424821002387,0.235,0.1244569722356972,1438.0,0.4625850340136054,4.0,"[{'p': 'Mark Walton', 'y': 2018, 'sim': 68.0, 'fant': 0.092}, {'p': 'Brashard Smith', 'y': 2025, 'sim': 61.0, 'fant': None}, {'p': ""De'Von Achane"", 'y': 2023, 'sim': 61.0, 'fant': 0.956}, {'p': 'Salvon Ahmed', 'y': 2020, 'sim': 60.0, 'fant': 0.598}, {'p': 'Emmett Johnson', 'y': 2026, 'sim': 58.0, 'fant': None}, {'p': 'Jordan James', 'y': 2025, 'sim': 58.0, 'fant': None}]"
Ty Chandler,2022,historical,0,,4,0.39215686274509803,0.13071895424836602,23.4924043856509,8.987819083345645,-0.40568821572077574,0,0,0,0,,0.42358078602620086,169.0,23.64134154688569,20.42710472279261,0.232248278123975,0.0776740237691001,5.203980099502488,0.145,0.5079333641425144,1308.0,0.358267716535433,4.0,"[{'p': 'Roman Hemby', 'y': 2026, 'sim': 74.0, 'fant': None}, {'p': 'Donovan Edwards', 'y': 2025, 'sim': 60.0, 'fant': None}, {'p': 'George Holani', 'y': 2024, 'sim': 60.0, 'fant': None}, {'p': 'SaRodorick Thompson', 'y': 2023, 'sim': 59.0, 'fant': 0.092}, {'p': 'Jeremy Langford', 'y': 2015, 'sim': 58.0, 'fant': 0.62}, {'p': 'Robert Henry Jr.', 'y': 2026, 'sim': 57.0, 'fant': None}]"
Kevin Harris,2022,historical,0,,5,0.49673202614379086,0.6013071895424836,25.469849831436992,10.681431905356437,0.6238479625922834,1,0,0,0,,0.31877729257641924,183.0,21.12251882272416,19.90965092402464,0.4544454154124996,0.0857605177993527,5.3474576271186445,0.2446666666666666,0.8374932903918411,1213.0,0.5084269662921348,3.0,"[{'p': 'Israel Abanikanda', 'y': 2023, 'sim': 61.0, 'fant': 0.271}, {'p': 'David Cobb', 'y': 2015, 'sim': 60.0, 'fant': 0.275}, {'p': 'Derrius Guice', 'y': 2018, 'sim': 59.0, 'fant': 0.782}, {'p': 'Jonathan Taylor', 'y': 2020, 'sim': 58.0, 'fant': 0.965}, {'p': 'Alexander Mattison', 'y': 2019, 'sim': 58.0, 'fant': 0.59}, {'p': 'Jeremy McNichols', 'y': 2017, 'sim': 56.0, 'fant': 0.354}]"
Tyler Badie,2022,historical,0,,5,0.43790849673202614,0.5555555555555556,24.414969369445295,10.57127699098995,0.11477639279555023,0,0,0,0,,0.23580786026200873,196.0,22.899383983572896,20.684462696783022,0.3990850827728333,0.1332834144515162,5.349609375,0.2045,0.4424421347126661,1934.0,0.5838779956427015,,"[{'p': 'Ito Smith', 'y': 2018, 'sim': 74.0, 'fant': 0.511}, {'p': 'Ronnie Rivers', 'y': 2022, 'sim': 68.0, 'fant': 0.293}, {'p': 'Matthew Dayes', 'y': 2017, 'sim': 62.0, 'fant': 0.092}, {'p': 'Sean Tucker', 'y': 2023, 'sim': 62.0, 'fant': 0.459}, {'p': 'Bryce Love', 'y': 2019, 'sim': 61.0, 'fant': 0.092}, {'p': 'Jarquez Hunter', 'y': 2025, 'sim': 61.0, 'fant': None}]"
Keaontay Ingram,2022,historical,0,,4,0.3006535947712418,0.5032679738562091,21.886147285255902,10.516950840132726,-0.43385392941013545,0,0,0,0,,0.2096069868995633,201.0,22.184804928131417,19.969883641341543,0.1763451909211676,0.0643445892049986,5.498989898989899,0.1345,0.5727225843736216,1095.0,0.3919597989949748,4.0,"[{'p': 'Jonathan Williams', 'y': 2016, 'sim': 62.0, 'fant': 0.467}, {'p': 'Keith Marshall', 'y': 2016, 'sim': 62.0, 'fant': 0.092}, {'p': 'Ryquell Armstead', 'y': 2019, 'sim': 61.0, 'fant': 0.314}, {'p': 'Kylin Hill', 'y': 2021, 'sim': 61.0, 'fant': 0.188}, {'p': ""La'Mical Perine"", 'y': 2020, 'sim': 60.0, 'fant': 0.472}, {'p': 'Jalen Richard', 'y': 2016, 'sim': 60.0, 'fant': 0.651}]"
Trestan Ebner,2022,historical,0,,4,0.38562091503267976,0.46405228758169936,23.375013411719966,10.470979997079226,-0.6831263810694566,0,0,0,0,,0.1965065502183406,203.0,22.99794661190965,21.78507871321013,0.1628949065119277,0.1510864072764022,4.9358600583090375,0.2766,0.4111175695574672,1083.0,0.2666666666666666,3.0,"[{'p': ""D'Ernest Johnson"", 'y': 2019, 'sim': 67.0, 'fant': 0.445}, {'p': 'Michael Wiley', 'y': 2024, 'sim': 64.0, 'fant': None}, {'p': 'Dare Ogunbowale', 'y': 2017, 'sim': 62.0, 'fant': 0.38}, {'p': 'Mike Boone', 'y': 2018, 'sim': 58.0, 'fant': 0.537}, {'p': 'Eric Gray', 'y': 2023, 'sim': 57.0, 'fant': 0.245}, {'p': 'Kenny McIntosh', 'y': 2023, 'sim': 55.0, 'fant': 0.284}]"
Brittain Brown,2022,historical,0,,2,0.1503267973856209,0.13725490196078433,19.712773096973265,9.204243859312243,-0.4563741020077934,0,0,0,1,no athletic testing at all,0.09170305676855896,250.0,24.22724161533197,20.01368925393566,0.1777911478497436,0.0580389329488103,5.641975308641976,0.2437999999999999,,862.0,0.2604501607717042,3.0,"[{'p': 'George Holani', 'y': 2024, 'sim': 66.0, 'fant': None}, {'p': 'Mike Boone', 'y': 2018, 'sim': 63.0, 'fant': 0.537}, {'p': 'Jordan Mason', 'y': 2022, 'sim': 62.0, 'fant': 0.585}, {'p': 'Jalen Richard', 'y': 2016, 'sim': 60.0, 'fant': 0.651}, {'p': 'Chris Evans', 'y': 2021, 'sim': 60.0, 'fant': 0.358}, {'p': 'Gus Edwards', 'y': 2018, 'sim': 59.0, 'fant': 0.633}]"
Bijan Robinson,2023,historical,0,,10,1.0,0.9934640522875817,76.25840266719621,11.316022942980005,0.9228268968970283,0,1,1,0,,0.9781659388646288,8.0,20.919917864476385,18.70773442847365,0.3651881918301822,0.1090573012939001,6.322820037105752,0.321,0.750052417069562,1892.0,0.5560344827586207,5.0,"[{'p': 'Breece Hall', 'y': 2022, 'sim': 70.0, 'fant': 0.93}, {'p': 'Omarion Hampton', 'y': 2025, 'sim': 62.0, 'fant': None}, {'p': 'Jeremiyah Love', 'y': 2026, 'sim': 62.0, 'fant': None}, {'p': 'Marlon Mack', 'y': 2017, 'sim': 61.0, 'fant': 0.856}, {'p': 'Kerryon Johnson', 'y': 2018, 'sim': 59.0, 'fant': 0.821}, {'p': 'Travis Etienne', 'y': 2021, 'sim': 59.0, 'fant': 0.869}]"
Jahmyr Gibbs,2023,historical,0,,10,1.0,0.8823529411764706,75.26965151715092,11.056313969563842,0.12390352739669097,0,0,1,0,,0.982532751091703,12.0,20.78576317590691,18.573579739904176,0.2280241271409749,0.1957894736842105,5.558746736292428,0.2269999999999999,0.591513601488026,1370.0,0.3370535714285714,4.0,"[{'p': 'Nyheim Hines', 'y': 2018, 'sim': 65.0, 'fant': 0.646}, {'p': 'Paul Perkins', 'y': 2016, 'sim': 58.0, 'fant': 0.362}, {'p': 'Jarquez Hunter', 'y': 2025, 'sim': 56.0, 'fant': None}, {'p': 'Kenneth Gainwell', 'y': 2021, 'sim': 56.0, 'fant': 0.55}, {'p': 'Evan Hull', 'y': 2023, 'sim': 56.0, 'fant': 0.192}, {'p': 'Sean Tucker', 'y': 2023, 'sim': 55.0, 'fant': 0.459}]"
Zach Charbonnet,2023,historical,0,,9,0.8888888888888888,0.8954248366013072,46.320565802019594,11.094865627987502,0.12418822003400656,0,0,0,0,,0.759825327510917,52.0,21.97946611909651,18.765229295003422,0.2447642532498929,0.093124456048738,5.92212389380531,0.22225,0.6747841204505031,1680.0,0.4023904382470119,4.0,"[{'p': 'Nicholas Singleton', 'y': 2026, 'sim': 68.0, 'fant': None}, {'p': 'Raheim Sanders', 'y': 2025, 'sim': 63.0, 'fant': None}, {'p': 'Trey Benson', 'y': 2024, 'sim': 63.0, 'fant': None}, {'p': 'T.J. Yeldon', 'y': 2015, 'sim': 60.0, 'fant': 0.764}, {'p': 'Keaontay Ingram', 'y': 2022, 'sim': 59.0, 'fant': 0.21}, {'p': 'Isaiah Davis', 'y': 2024, 'sim': 58.0, 'fant': None}]"
Kendre Miller,2023,historical,0,,8,0.7843137254901961,0.43790849673202614,36.20133353564634,10.377682928593568,0.5501922830429571,1,0,0,0,,0.4410480349344978,71.0,20.55852156057495,19.345653661875428,0.2318513119533527,0.0412262156448203,6.67590027700831,0.267,,1515.0,0.4072727272727273,3.0,"[{'p': 'Damien Martinez', 'y': 2025, 'sim': 68.0, 'fant': None}, {'p': 'Audric Estime', 'y': 2024, 'sim': 64.0, 'fant': None}, {'p': 'Trey Benson', 'y': 2024, 'sim': 60.0, 'fant': None}, {'p': 'Isaiah Davis', 'y': 2024, 'sim': 58.0, 'fant': None}, {'p': 'Jonathon Brooks', 'y': 2024, 'sim': 57.0, 'fant': None}, {'p': 'Marlon Mack', 'y': 2017, 'sim': 57.0, 'fant': 0.856}]"
Tyjae Spears,2023,historical,0,,8,0.7843137254901961,0.8431372549019608,36.77818039516518,10.96033265705912,0.40431363550783855,0,0,0,0,,0.6855895196506551,81.0,21.54688569472964,20.33401779603012,0.3121837707627802,0.0772713552671294,6.817330210772834,0.41425,0.6245398317104295,1837.0,0.4217311233885819,3.0,"[{'p': 'Darrynton Evans', 'y': 2020, 'sim': 61.0, 'fant': 0.332}, {'p': 'Jarquez Hunter', 'y': 2025, 'sim': 59.0, 'fant': None}, {'p': 'TreVeyon Henderson', 'y': 2025, 'sim': 57.0, 'fant': None}, {'p': 'Bryce Love', 'y': 2019, 'sim': 57.0, 'fant': 0.092}, {'p': 'J.K. Dobbins', 'y': 2020, 'sim': 57.0, 'fant': 0.751}, {'p': 'Ty Johnson', 'y': 2019, 'sim': 57.0, 'fant': 0.563}]"
De'Von Achane,2023,historical,0,,8,0.7843137254901961,0.8431372549019608,36.452404376450396,10.977088267276471,0.7261997656545005,1,0,0,0,,0.9563318777292577,84.0,21.218343600273784,20.005475701574262,0.3325287356321839,0.104274870155813,6.439024390243903,0.3206666666666666,0.5275633573587538,1298.0,0.5429362880886427,,"[{'p': 'Brashard Smith', 'y': 2025, 'sim': 65.0, 'fant': None}, {'p': 'Jaden Shirden', 'y': 2024, 'sim': 65.0, 'fant': None}, {'p': 'Keaton Mitchell', 'y': 2023, 'sim': 64.0, 'fant': 0.572}, {'p': 'Kyren Williams', 'y': 2022, 'sim': 62.0, 'fant': 0.961}, {'p': 'Bryce Love', 'y': 2019, 'sim': 60.0, 'fant': 0.092}, {'p': 'Tyjae Spears', 'y': 2023, 'sim': 60.0, 'fant': 0.686}]"
Tank Bigsby,2023,historical,0,,8,0.7908496732026143,0.8431372549019608,37.256692470752924,10.967414462543847,0.13865099406902115,0,0,0,0,,0.4890829694323144,88.0,20.33949349760438,18.127310061601644,0.2729069303361529,0.0868725868725868,5.375925925925926,0.1356666666666666,0.3303868146910678,1283.0,0.5138248847926268,4.0,"[{'p': 'Isaiah Spiller', 'y': 2022, 'sim': 71.0, 'fant': 0.205}, {'p': 'Jamaal Williams', 'y': 2017, 'sim': 63.0, 'fant': 0.738}, {'p': 'Devin Neal', 'y': 2025, 'sim': 62.0, 'fant': None}, {'p': 'Kerryon Johnson', 'y': 2018, 'sim': 59.0, 'fant': 0.821}, {'p': 'Damien Martinez', 'y': 2025, 'sim': 58.0, 'fant': None}, {'p': 'Marlon Mack', 'y': 2017, 'sim': 58.0, 'fant': 0.856}]"
Roschon Johnson,2023,historical,0,,6,0.5424836601307189,0.26143790849673204,26.351235497623023,9.897056057259672,-0.5375071723938198,0,0,0,0,,0.5414847161572053,115.0,21.916495550992472,99.0,0.1353962054205034,0.0420101036958255,5.584183673469388,0.20625,0.4347598366922038,807.0,0.2594936708860759,,"[{'p': 'Chris Carson', 'y': 2017, 'sim': 68.0, 'fant': 0.882}, {'p': 'Deneric Prince', 'y': 2023, 'sim': 62.0, 'fant': 0.092}, {'p': 'Kendall Milton', 'y': 2024, 'sim': 60.0, 'fant': None}, {'p': 'Rodney Anderson', 'y': 2019, 'sim': 59.0, 'fant': 0.092}, {'p': 'Gerrid Doaks', 'y': 2021, 'sim': 58.0, 'fant': 0.092}, {'p': 'Karlos Williams', 'y': 2015, 'sim': 58.0, 'fant': 0.777}]"
Israel Abanikanda,2023,historical,0,,5,0.45751633986928103,0.38562091503267976,25.150779875699733,10.229920623004386,0.525648536467996,1,0,0,0,,0.27074235807860264,143.0,20.240930869267626,20.02737850787132,0.3929877072023242,0.0505365178262374,5.582051282051282,0.191,,1577.0,0.4751491053677932,3.0,"[{'p': 'Alexander Mattison', 'y': 2019, 'sim': 63.0, 'fant': 0.59}, {'p': 'Kenneth Walker III', 'y': 2022, 'sim': 62.0, 'fant': 0.886}, {'p': 'Derrius Guice', 'y': 2018, 'sim': 58.0, 'fant': 0.782}, {'p': 'Benny Snell Jr.', 'y': 2019, 'sim': 56.0, 'fant': 0.415}, {'p': 'Kevin Harris', 'y': 2022, 'sim': 55.0, 'fant': 0.319}, {'p': 'DeWayne McBride', 'y': 2023, 'sim': 55.0, 'fant': 0.092}]"
Chase Brown,2023,historical,0,,5,0.42483660130718953,0.3790849673202614,24.23079992620498,10.212247114110266,0.01642254655753871,0,0,0,0,,0.9170305676855895,163.0,22.781656399726216,20.56947296372348,0.387827187340668,0.0881704628949302,5.261515601783061,0.0089999999999999,0.861729607017094,1883.0,0.6188679245283019,3.0,"[{'p': 'Kenneth Dixon', 'y': 2016, 'sim': 58.0, 'fant': 0.659}, {'p': 'Lew Nichols', 'y': 2023, 'sim': 58.0, 'fant': 0.092}, {'p': 'Bhayshul Tuten', 'y': 2025, 'sim': 56.0, 'fant': None}, {'p': 'Eno Benjamin', 'y': 2020, 'sim': 55.0, 'fant': 0.45}, {'p': 'Ameer Abdullah', 'y': 2015, 'sim': 55.0, 'fant': 0.638}, {'p': 'Darius Jackson', 'y': 2016, 'sim': 55.0, 'fant': 0.092}]"
Eric Gray,2023,historical,0,,5,0.45751633986928103,0.2875816993464052,24.952590611491324,9.983650448917938,-0.2387801906881629,0,0,0,0,,0.2445414847161572,172.0,23.159479808350444,20.947296372347708,0.2631806395851339,0.1240840254030288,5.622950819672131,0.179,0.5282982807137396,1593.0,0.4243243243243243,,"[{'p': 'Patrick Laird', 'y': 2019, 'sim': 68.0, 'fant': 0.437}, {'p': 'Jarquez Hunter', 'y': 2025, 'sim': 63.0, 'fant': None}, {'p': 'Dontrell Hilliard', 'y': 2018, 'sim': 61.0, 'fant': 0.371}, {'p': 'Matthew Dayes', 'y': 2017, 'sim': 61.0, 'fant': 0.092}, {'p': 'Michael Wiley', 'y': 2024, 'sim': 61.0, 'fant': None}, {'p': 'Jason Huntley', 'y': 2020, 'sim': 59.0, 'fant': 0.092}]"
Evan Hull,2023,historical,0,,5,0.41830065359477125,0.43790849673202614,24.121051011493964,10.361761475342185,-0.19273498856108498,0,0,0,0,,0.19213973799126638,176.0,22.18206707734429,20.969199178644764,0.3455095203072648,0.2163232963549921,4.952772073921971,0.144,0.685653159424117,1459.0,0.4835886214442013,3.0,"[{'p': 'Jason Huntley', 'y': 2020, 'sim': 64.0, 'fant': 0.092}, {'p': 'Dylan Laube', 'y': 2024, 'sim': 62.0, 'fant': None}, {'p': 'Paul Perkins', 'y': 2016, 'sim': 59.0, 'fant': 0.362}, {'p': 'Elijah McGuire', 'y': 2017, 'sim': 58.0, 'fant': 0.611}, {'p': 'Eric Gray', 'y': 2023, 'sim': 58.0, 'fant': 0.245}, {'p': 'Bhayshul Tuten', 'y': 2025, 'sim': 58.0, 'fant': None}]"
Chris Rodriguez,2023,historical,0,,3,0.28104575163398693,0.058823529411764705,21.475046713531913,8.40448293713036,0.5583982972171821,1,0,0,0,,0.5283842794759825,193.0,23.266255989048595,21.05407255304586,0.3226960626542217,0.0207978179338561,6.164128595600677,0.5096,0.3322140287660795,1440.0,0.46875,3.0,"[{'p': 'Kaytron Allen', 'y': 2026, 'sim': 58.0, 'fant': None}, {'p': 'DeWayne McBride', 'y': 2023, 'sim': 57.0, 'fant': 0.092}, {'p': 'Isaiah Davis', 'y': 2024, 'sim': 57.0, 'fant': None}, {'p': 'Ryquell Armstead', 'y': 2019, 'sim': 53.0, 'fant': 0.314}, {'p': 'Jerome Ford', 'y': 2022, 'sim': 52.0, 'fant': 0.755}, {'p': 'Jordan Wilkins', 'y': 2018, 'sim': 52.0, 'fant': 0.384}]"
Deuce Vaughn,2023,historical,0,,5,0.43137254901960786,0.7320261437908496,24.346438180206388,10.933954183922907,0.5628099662542713,1,0,0,0,,0.25327510917030566,212.0,21.163586584531146,18.951403148528406,0.4541610609263886,0.2439572793704328,5.551459293394777,0.2143333333333333,0.3656167146505311,1936.0,0.5465116279069767,,"[{'p': 'Desmond Reid', 'y': 2026, 'sim': 64.0, 'fant': None}, {'p': 'Phillip Lindsay', 'y': 2018, 'sim': 60.0, 'fant': 0.852}, {'p': 'Donnel Pumphrey', 'y': 2017, 'sim': 59.0, 'fant': 0.092}, {'p': 'Jaret Patterson', 'y': 2021, 'sim': 59.0, 'fant': 0.341}, {'p': 'Tyler Badie', 'y': 2022, 'sim': 58.0, 'fant': 0.236}, {'p': 'Ronnie Rivers', 'y': 2022, 'sim': 57.0, 'fant': 0.293}]"
Zach Evans,2023,historical,0,,4,0.32679738562091504,0.43790849673202614,22.463132186370935,10.375865791031167,0.3785880698256295,0,0,0,0,,0.18340611353711792,215.0,21.590691307323752,21.377138945927445,0.1724896662261339,0.0458069062720225,6.893103448275862,0.4226666666666667,,1055.0,0.2380165289256198,5.0,"[{'p': 'Jadarian Price', 'y': 2026, 'sim': 63.0, 'fant': None}, {'p': 'Dexter Williams', 'y': 2019, 'sim': 60.0, 'fant': 0.092}, {'p': 'James Cook', 'y': 2022, 'sim': 60.0, 'fant': 0.895}, {'p': 'Donovan Edwards', 'y': 2025, 'sim': 58.0, 'fant': None}, {'p': 'Trey Sermon', 'y': 2021, 'sim': 57.0, 'fant': 0.336}, {'p': ""Le'Veon Moss"", 'y': 2026, 'sim': 57.0, 'fant': None}]"
DeWayne McBride,2023,historical,0,,2,0.16993464052287582,0.08496732026143791,19.845206958750296,8.79282179884569,0.9275171651157388,1,0,0,0,,0.09170305676855896,222.0,21.4839151266256,20.27104722792608,0.3527670009652545,0.0070842654735272,7.272727272727272,0.3853333333333333,,1720.0,0.4480769230769231,3.0,"[{'p': 'Kendre Miller', 'y': 2023, 'sim': 59.0, 'fant': 0.441}, {'p': 'Israel Abanikanda', 'y': 2023, 'sim': 58.0, 'fant': 0.271}, {'p': 'Kenneth Walker III', 'y': 2022, 'sim': 58.0, 'fant': 0.886}, {'p': 'Chris Rodriguez', 'y': 2023, 'sim': 57.0, 'fant': 0.528}, {'p': 'Audric Estime', 'y': 2024, 'sim': 56.0, 'fant': None}, {'p': 'Matt Breida', 'y': 2017, 'sim': 55.0, 'fant': 0.729}]"
Lew Nichols,2023,historical,0,,4,0.30718954248366015,0.43790849673202614,22.07675590603874,10.368646970535512,0.011998098589793718,0,0,0,1,no athletic testing at all,0.09170305676855896,235.0,21.377138945927445,20.164271047227928,0.3714741566729784,0.0979710144927536,4.952845528455285,0.148,,2186.0,0.6673189823874756,3.0,"[{'p': 'Joshua Kelley', 'y': 2020, 'sim': 60.0, 'fant': 0.463}, {'p': 'Eno Benjamin', 'y': 2020, 'sim': 60.0, 'fant': 0.45}, {'p': 'Darius Jackson', 'y': 2016, 'sim': 60.0, 'fant': 0.092}, {'p': 'Paul Perkins', 'y': 2016, 'sim': 59.0, 'fant': 0.362}, {'p': 'Jaleel McLaughlin', 'y': 2023, 'sim': 57.0, 'fant': 0.498}, {'p': 'Kenneth Dixon', 'y': 2016, 'sim': 57.0, 'fant': 0.659}]"
Kenny McIntosh,2023,historical,0,,4,0.3660130718954248,0.673202614379085,23.246445793390233,10.761977011372942,-0.5465149604476682,0,0,0,0,,0.2838427947598253,237.0,22.830937713894592,22.61738535249829,0.1683249403657566,0.1135902636916835,5.65,0.269,0.1695944318943276,1333.0,0.2803738317757009,4.0,"[{'p': 'Dare Ogunbowale', 'y': 2017, 'sim': 56.0, 'fant': 0.38}, {'p': 'Darrel Williams', 'y': 2018, 'sim': 56.0, 'fant': 0.476}, {'p': 'Michael Wiley', 'y': 2024, 'sim': 56.0, 'fant': None}, {'p': 'Trestan Ebner', 'y': 2022, 'sim': 55.0, 'fant': 0.197}, {'p': 'Dillon Johnson', 'y': 2024, 'sim': 55.0, 'fant': None}, {'p': 'Wayne Gallman', 'y': 2017, 'sim': 53.0, 'fant': 0.546}]"
Jonathon Brooks,2024,prediction,0,,10,0.9019607843137255,0.8431372549019608,48.43042379956061,10.96033265705912,0.540576169675396,1,0,1,0,,,46.0,20.449007529089663,20.23545516769336,0.2080050103739019,0.0706696318260439,6.214285714285714,0.4623333333333333,,1425.0,0.361003861003861,4.0,"[{'p': 'Trey Benson', 'y': 2024, 'sim': 69.0, 'fant': None}, {'p': 'Trey Sermon', 'y': 2021, 'sim': 61.0, 'fant': 0.336}, {'p': 'Isaiah Davis', 'y': 2024, 'sim': 61.0, 'fant': None}, {'p': 'Kendre Miller', 'y': 2023, 'sim': 61.0, 'fant': 0.441}, {'p': 'Damien Martinez', 'y': 2025, 'sim': 59.0, 'fant': None}, {'p': 'Audric Estime', 'y': 2024, 'sim': 59.0, 'fant': None}]"
Trey Benson,2024,prediction,0,,8,0.7908496732026143,0.6862745098039216,38.3980665469072,10.788761435556577,0.37733759993517874,0,0,0,0,,,66.0,21.44284736481862,20.229979466119097,0.2315966183350229,0.064709236031927,6.066455696202532,0.22,0.629975419631572,1134.0,0.350561797752809,4.0,"[{'p': 'Trey Sermon', 'y': 2021, 'sim': 69.0, 'fant': 0.336}, {'p': 'Jonathon Brooks', 'y': 2024, 'sim': 66.0, 'fant': None}, {'p': 'Damien Martinez', 'y': 2025, 'sim': 66.0, 'fant': None}, {'p': 'Kerryon Johnson', 'y': 2018, 'sim': 62.0, 'fant': 0.821}, {'p': 'Zach Charbonnet', 'y': 2023, 'sim': 62.0, 'fant': 0.76}, {'p': 'Dexter Williams', 'y': 2019, 'sim': 62.0, 'fant': 0.092}]"
Blake Corum,2024,prediction,0,,8,0.7516339869281046,0.16993464052287582,32.1052402071705,9.596377357973449,0.2581725582351206,0,0,0,0,,,83.0,23.09924709103354,20.8870636550308,0.3369176210307131,0.0440349781386633,5.531851851851852,0.241,0.447376579090134,1543.0,0.4690909090909091,4.0,"[{'p': 'DeAndre Washington', 'y': 2016, 'sim': 67.0, 'fant': 0.493}, {'p': 'Tahj Brooks', 'y': 2025, 'sim': 61.0, 'fant': None}, {'p': 'Kyle Monangai', 'y': 2025, 'sim': 60.0, 'fant': None}, {'p': 'Khalil Herbert', 'y': 2021, 'sim': 58.0, 'fant': 0.677}, {'p': 'Kimani Vidal', 'y': 2024, 'sim': 57.0, 'fant': None}, {'p': 'Ameer Abdullah', 'y': 2015, 'sim': 57.0, 'fant': 0.638}]"
MarShawn Lloyd,2024,prediction,0,,8,0.7124183006535948,0.35294117647058826,30.78808858153694,10.191337438274644,-0.23323604517282656,0,0,0,0,,,88.0,22.98699520876112,21.7741273100616,0.1856166599272139,0.0535920535920535,5.56701030927835,0.151,0.5989115046138821,1052.0,0.332378223495702,4.0,"[{'p': 'Dameon Pierce', 'y': 2022, 'sim': 67.0, 'fant': 0.707}, {'p': 'Mike Davis', 'y': 2015, 'sim': 60.0, 'fant': 0.48}, {'p': 'Jonah Coleman', 'y': 2026, 'sim': 60.0, 'fant': None}, {'p': 'Jase McClellan', 'y': 2024, 'sim': 58.0, 'fant': None}, {'p': 'Damien Harris', 'y': 2019, 'sim': 58.0, 'fant': 0.79}, {'p': 'DeeJay Dallas', 'y': 2020, 'sim': 57.0, 'fant': 0.502}]"
Jaylen Wright,2024,prediction,0,,6,0.5816993464052288,0.35294117647058826,26.90519213360127,10.184734324127582,0.09959233142396282,0,0,0,0,,,120.0,20.752908966461327,99.0,0.1432796619846979,0.0445779323427126,6.241847826086956,0.2106666666666666,0.905980553219352,1154.0,0.2818930041152263,3.0,"[{'p': 'Dexter Williams', 'y': 2019, 'sim': 60.0, 'fant': 0.092}, {'p': 'Deneric Prince', 'y': 2023, 'sim': 58.0, 'fant': 0.092}, {'p': 'Chris Carson', 'y': 2017, 'sim': 56.0, 'fant': 0.882}, {'p': 'Joe Williams', 'y': 2017, 'sim': 56.0, 'fant': 0.092}, {'p': 'Mike Boone', 'y': 2018, 'sim': 55.0, 'fant': 0.537}, {'p': 'Boston Scott', 'y': 2018, 'sim': 54.0, 'fant': 0.799}]"
Will Shipley,2024,prediction,0,,7,0.6209150326797386,0.673202614379085,27.92847819505868,10.76832932373868,0.2613522403459247,0,0,0,0,,,127.0,21.34154688569473,19.129363449692,0.2596963922964269,0.0821825530481643,5.224334600760456,0.1956666666666666,0.6947123025270227,1424.0,0.3888888888888889,5.0,"[{'p': 'TreVeyon Henderson', 'y': 2025, 'sim': 63.0, 'fant': None}, {'p': 'Kerryon Johnson', 'y': 2018, 'sim': 63.0, 'fant': 0.821}, {'p': 'Donovan Edwards', 'y': 2025, 'sim': 63.0, 'fant': None}, {'p': 'Travis Homer', 'y': 2019, 'sim': 61.0, 'fant': 0.485}, {'p': 'Montrell Johnson Jr.', 'y': 2025, 'sim': 58.0, 'fant': None}, {'p': 'Darrynton Evans', 'y': 2020, 'sim': 58.0, 'fant': 0.332}]"
Ray Davis,2024,prediction,0,,4,0.30718954248366015,0.013071895424836602,22.027985034834572,5.87032070648755,-0.5695561856614306,0,0,0,0,,,128.0,24.11498973305955,99.0,0.0469353684712616,0.0169039145907473,5.043478260869565,0.344,0.4500437420206293,154.0,0.0525114155251141,3.0,"[{'p': 'Noah Whittington', 'y': 2026, 'sim': 63.0, 'fant': None}, {'p': 'Rod Smith', 'y': 2015, 'sim': 61.0, 'fant': 0.681}, {'p': 'Brandon Wilson', 'y': 2017, 'sim': 61.0, 'fant': 0.092}, {'p': 'Kaelon Black', 'y': 2026, 'sim': 61.0, 'fant': None}, {'p': 'Kene Nwangwu', 'y': 2021, 'sim': 60.0, 'fant': 0.323}, {'p': 'Cullen Gillaspia', 'y': 2019, 'sim': 60.0, 'fant': 0.092}]"
Isaac Guerendo,2024,prediction,0,,6,0.5359477124183006,0.13071895424836602,26.13085475468737,9.059960909176564,-0.19806390524759904,0,0,0,0,,,129.0,23.509924709103355,23.29637234770705,0.1938201607207371,0.0712762717027109,6.021551724137931,0.0602,0.9640219249104348,1044.0,0.2543352601156069,,"[{'p': 'Deneric Prince', 'y': 2023, 'sim': 61.0, 'fant': 0.092}, {'p': 'Chris Evans', 'y': 2021, 'sim': 61.0, 'fant': 0.358}, {'p': 'Dwayne Washington', 'y': 2016, 'sim': 59.0, 'fant': 0.345}, {'p': 'Joe Williams', 'y': 2017, 'sim': 59.0, 'fant': 0.092}, {'p': 'Chris Carson', 'y': 2017, 'sim': 56.0, 'fant': 0.882}, {'p': 'Raheim Sanders', 'y': 2025, 'sim': 55.0, 'fant': None}]"
Braelon Allen,2024,prediction,0,,7,0.6993464052287581,0.6339869281045751,30.031553584905076,10.720942430309616,0.30646852192606544,0,0,0,0,,,134.0,19.94798083504449,17.73579739904175,0.2973504120587281,0.0457721872816212,5.854026845637584,0.1996666666666666,0.2056881211470583,1341.0,0.4607645875251509,,"[{'p': 'Elijah Hood', 'y': 2017, 'sim': 65.0, 'fant': 0.092}, {'p': 'Qadree Ollison', 'y': 2019, 'sim': 64.0, 'fant': 0.349}, {'p': ""D'Onta Foreman"", 'y': 2017, 'sim': 64.0, 'fant': 0.389}, {'p': 'James Conner', 'y': 2017, 'sim': 64.0, 'fant': 0.943}, {'p': 'Jordan Howard', 'y': 2016, 'sim': 62.0, 'fant': 0.86}, {'p': 'T.J. Yeldon', 'y': 2015, 'sim': 61.0, 'fant': 0.764}]"
Audric Estime,2024,prediction,0,,6,0.5490196078431373,0.6862745098039216,26.41760474535039,10.803892152307562,0.8367527588513465,1,0,0,0,,,147.0,20.32032854209445,19.107460643394933,0.2842241345577899,0.0501299665800222,6.222520107238606,0.4193333333333333,0.5661838938148497,1483.0,0.4677060133630289,4.0,"[{'p': 'Derrius Guice', 'y': 2018, 'sim': 66.0, 'fant': 0.782}, {'p': 'Kendre Miller', 'y': 2023, 'sim': 66.0, 'fant': 0.441}, {'p': 'Ezekiel Elliott', 'y': 2016, 'sim': 62.0, 'fant': 0.991}, {'p': 'Damien Martinez', 'y': 2025, 'sim': 62.0, 'fant': None}, {'p': 'Jonathon Brooks', 'y': 2024, 'sim': 58.0, 'fant': None}, {'p': 'Alexander Mattison', 'y': 2019, 'sim': 58.0, 'fant': 0.59}]"
Rasheen Ali,2024,prediction,0,,6,0.5620915032679739,0.6405228758169934,26.603189652240403,10.73313485189411,0.2873663929863898,0,0,0,0,,,165.0,22.87200547570157,20.65982203969884,0.3869137768112565,0.0893650378886856,5.517509727626459,0.27275,,1743.0,0.5630630630630631,2.0,"[{'p': 'Jeremy Langford', 'y': 2015, 'sim': 67.0, 'fant': 0.62}, {'p': 'Chuba Hubbard', 'y': 2021, 'sim': 62.0, 'fant': 0.712}, {'p': 'Emmett Johnson', 'y': 2026, 'sim': 62.0, 'fant': None}, {'p': 'Joshua Kelley', 'y': 2020, 'sim': 58.0, 'fant': 0.463}, {'p': 'Jerome Ford', 'y': 2022, 'sim': 57.0, 'fant': 0.755}, {'p': 'Tevin Coleman', 'y': 2015, 'sim': 57.0, 'fant': 0.838}]"
Tyrone Tracy Jr.,2024,prediction,0,,6,0.5359477124183006,0.16339869281045752,26.098285732172066,9.517783122834512,0.010614621775039211,0,0,0,0,,,166.0,24.10677618069815,23.89322381930185,0.2070038424291649,0.1979166666666666,6.452054794520548,0.5228333333333334,0.7636823222595696,848.0,0.2478070175438596,3.0,"[{'p': 'Rachaad White', 'y': 2022, 'sim': 63.0, 'fant': 0.878}, {'p': 'Trestan Ebner', 'y': 2022, 'sim': 55.0, 'fant': 0.197}, {'p': 'Elijah Mitchell', 'y': 2021, 'sim': 54.0, 'fant': 0.808}, {'p': 'Tony Pollard', 'y': 2019, 'sim': 53.0, 'fant': 0.672}, {'p': 'C.J. Prosise', 'y': 2016, 'sim': 52.0, 'fant': 0.581}, {'p': 'Chris Evans', 'y': 2021, 'sim': 51.0, 'fant': 0.358}]"
Keilan Robinson,2024,prediction,0,,5,0.45751633986928103,0.05228758169934641,25.058360992899672,8.240295407007949,-0.24915524432250719,0,0,0,0,,,167.0,23.874058863791923,99.0,0.0649419276110784,0.0704270235818993,6.578512396694215,0.3062499999999999,0.5072725295326413,379.0,0.0993377483443708,4.0,"[{'p': 'Corey Grant', 'y': 2015, 'sim': 64.0, 'fant': 0.507}, {'p': 'T.J. Logan', 'y': 2017, 'sim': 62.0, 'fant': 0.201}, {'p': 'Raymond Calais', 'y': 2020, 'sim': 61.0, 'fant': 0.092}, {'p': 'Jawhar Jordan', 'y': 2024, 'sim': 59.0, 'fant': None}, {'p': 'Robert Henry Jr.', 'y': 2026, 'sim': 57.0, 'fant': None}, {'p': 'Marcus Murphy', 'y': 2015, 'sim': 57.0, 'fant': 0.092}]"
Isaiah Davis,2024,prediction,0,,6,0.5228758169934641,0.8431372549019608,25.913462975950644,10.96033265705912,0.4921020794700196,1,0,0,0,,,173.0,21.859000684462696,20.64613278576317,0.277183627264061,0.0659801678108314,6.219148936170213,0.31,0.4080328401631802,1719.0,0.4789915966386555,,"[{'p': 'Damien Martinez', 'y': 2025, 'sim': 62.0, 'fant': None}, {'p': 'Trey Benson', 'y': 2024, 'sim': 61.0, 'fant': None}, {'p': 'Rodney Anderson', 'y': 2019, 'sim': 59.0, 'fant': 0.092}, {'p': 'Kendre Miller', 'y': 2023, 'sim': 58.0, 'fant': 0.441}, {'p': 'Wayne Gallman', 'y': 2017, 'sim': 57.0, 'fant': 0.546}, {'p': 'Brian Hill', 'y': 2017, 'sim': 57.0, 'fant': 0.428}]"
Kimani Vidal,2024,prediction,0,,4,0.35947712418300654,0.4444444444444444,23.202088604883354,10.399477779341023,-0.025437744392828136,0,0,0,0,,,181.0,22.34360027378508,20.13141683778234,0.3148031914893617,0.0704887218045112,5.154043645699615,0.1347499999999999,0.6592270148678219,1863.0,0.6166666666666667,3.0,"[{'p': 'Tahj Brooks', 'y': 2025, 'sim': 69.0, 'fant': None}, {'p': 'Jeremy McNichols', 'y': 2017, 'sim': 59.0, 'fant': 0.354}, {'p': 'Kyle Monangai', 'y': 2025, 'sim': 59.0, 'fant': None}, {'p': 'Blake Corum', 'y': 2024, 'sim': 58.0, 'fant': None}, {'p': 'Clyde Edwards-Helaire', 'y': 2020, 'sim': 58.0, 'fant': 0.834}, {'p': 'Jonah Coleman', 'y': 2026, 'sim': 57.0, 'fant': None}]"
Jase McClellan,2024,prediction,0,,4,0.33986928104575165,0.42483660130718953,22.980542701100763,10.357286650217606,-0.13400557574748284,0,0,0,0,,,186.0,21.51950718685832,21.305954825462013,0.1648514205564797,0.0475409836065573,5.580281690140845,0.34325,,1027.0,0.3296703296703296,4.0,"[{'p': 'Dameon Pierce', 'y': 2022, 'sim': 65.0, 'fant': 0.707}, {'p': 'DeeJay Dallas', 'y': 2020, 'sim': 64.0, 'fant': 0.502}, {'p': 'Damien Harris', 'y': 2019, 'sim': 63.0, 'fant': 0.79}, {'p': 'Jonathan Williams', 'y': 2016, 'sim': 62.0, 'fant': 0.467}, {'p': 'Keith Marshall', 'y': 2016, 'sim': 59.0, 'fant': 0.092}, {'p': 'Gerrid Doaks', 'y': 2021, 'sim': 58.0, 'fant': 0.092}]"
Jawhar Jordan,2024,prediction,0,,4,0.33986928104575165,0.1437908496732026,22.768143569850594,9.314929238208531,-0.4009110462383531,0,0,0,0,,,205.0,24.372347707049965,24.15879534565366,0.2505850456156567,0.0749314651233627,5.811023622047244,0.2413999999999999,0.3756354393609296,1374.0,0.348747591522158,,"[{'p': 'Robert Henry Jr.', 'y': 2026, 'sim': 68.0, 'fant': None}, {'p': 'Marcus Murphy', 'y': 2015, 'sim': 66.0, 'fant': 0.092}, {'p': 'T.J. Logan', 'y': 2017, 'sim': 61.0, 'fant': 0.201}, {'p': 'Ulysses Bentley IV', 'y': 2025, 'sim': 61.0, 'fant': None}, {'p': ""J'Mari Taylor"", 'y': 2026, 'sim': 60.0, 'fant': None}, {'p': 'Ty Chandler', 'y': 2022, 'sim': 55.0, 'fant': 0.424}]"
Dylan Laube,2024,prediction,0,,4,0.30718954248366015,0.13071895424836602,22.245019102730524,9.029844454543195,0.03048860599398541,0,0,0,0,,,208.0,24.04928131416838,22.83641341546885,0.3702793834296725,0.2418685121107266,4.697841726618705,0.248,0.436383410372233,1669.0,0.5791962174940898,,"[{'p': 'Evan Hull', 'y': 2023, 'sim': 66.0, 'fant': 0.192}, {'p': 'Eric Gray', 'y': 2023, 'sim': 54.0, 'fant': 0.245}, {'p': 'Patrick Laird', 'y': 2019, 'sim': 54.0, 'fant': 0.437}, {'p': 'Devontae Booker', 'y': 2016, 'sim': 54.0, 'fant': 0.624}, {'p': 'Jaleel McLaughlin', 'y': 2023, 'sim': 53.0, 'fant': 0.498}, {'p': ""J'Mari Taylor"", 'y': 2026, 'sim': 53.0, 'fant': None}]"
Ashton Jeanty,2025,prediction,0,,10,1.0,0.9869281045751634,74.93585445722354,11.273834871531676,1.0006565022052627,0,1,1,0,,,6.0,21.08418891170432,18.869267624914443,0.436324780394388,0.183666881859264,6.35372340425532,0.2833333333333334,,2739.0,0.6951672862453532,3.0,"[{'p': 'Jeremy McNichols', 'y': 2017, 'sim': 64.0, 'fant': 0.354}, {'p': 'Aaron Jones', 'y': 2017, 'sim': 62.0, 'fant': 0.934}, {'p': 'Sean Tucker', 'y': 2023, 'sim': 60.0, 'fant': 0.459}, {'p': 'Elijah McGuire', 'y': 2017, 'sim': 60.0, 'fant': 0.611}, {'p': ""Ke'Shawn Vaughn"", 'y': 2020, 'sim': 57.0, 'fant': 0.402}, {'p': 'Trayveon Williams', 'y': 2019, 'sim': 56.0, 'fant': 0.262}]"
Omarion Hampton,2025,prediction,0,,10,0.9673202614379085,0.6209150326797386,72.32045056455611,10.700145943932078,0.6993315158435183,0,0,1,0,,,22.0,21.79876796714579,20.583162217659137,0.3852279168026381,0.1278711004456633,5.731511254019293,0.2203333333333333,0.87974800258593,2033.0,0.5699797160243407,4.0,"[{'p': 'Jay Ajayi', 'y': 2015, 'sim': 68.0, 'fant': 0.817}, {'p': 'Breece Hall', 'y': 2022, 'sim': 63.0, 'fant': 0.93}, {'p': 'Bijan Robinson', 'y': 2023, 'sim': 63.0, 'fant': 0.978}, {'p': 'Zach Charbonnet', 'y': 2023, 'sim': 61.0, 'fant': 0.76}, {'p': 'Kaleb Johnson', 'y': 2025, 'sim': 60.0, 'fant': None}, {'p': 'Javorius Allen', 'y': 2015, 'sim': 58.0, 'fant': 0.716}]"
Quinshon Judkins,2025,prediction,0,,10,0.9019607843137255,0.3137254901960784,51.038051665658855,10.048503640470745,0.5384207155804799,1,0,1,0,,,36.0,21.177275838466805,18.96235455167693,0.2859249782076877,0.0423348300192431,5.121786197564276,0.19,0.8902581751970783,1699.0,0.5122873345935728,3.0,"[{'p': 'Damien Martinez', 'y': 2025, 'sim': 63.0, 'fant': None}, {'p': 'Kerryon Johnson', 'y': 2018, 'sim': 63.0, 'fant': 0.821}, {'p': 'Breece Hall', 'y': 2022, 'sim': 60.0, 'fant': 0.93}, {'p': 'Kendre Miller', 'y': 2023, 'sim': 59.0, 'fant': 0.441}, {'p': 'Zach Charbonnet', 'y': 2023, 'sim': 59.0, 'fant': 0.76}, {'p': 'Audric Estime', 'y': 2024, 'sim': 58.0, 'fant': None}]"
TreVeyon Henderson,2025,prediction,0,,10,0.9150326797385621,0.9738562091503268,53.69602232097491,11.244517737135379,0.35709301248972136,0,1,1,0,,,38.0,22.195756331279945,18.981519507186857,0.2429549098588244,0.0674904942965779,6.375634517766497,0.30125,0.8031848273394168,1567.0,0.4444444444444444,5.0,"[{'p': 'Will Shipley', 'y': 2024, 'sim': 64.0, 'fant': None}, {'p': 'Darrynton Evans', 'y': 2020, 'sim': 60.0, 'fant': 0.332}, {'p': 'Tyjae Spears', 'y': 2023, 'sim': 59.0, 'fant': 0.686}, {'p': 'Travis Homer', 'y': 2019, 'sim': 59.0, 'fant': 0.485}, {'p': 'Elijah Mitchell', 'y': 2021, 'sim': 57.0, 'fant': 0.808}, {'p': 'Donovan Edwards', 'y': 2025, 'sim': 55.0, 'fant': None}]"
RJ Harvey,2025,prediction,0,,9,0.8496732026143791,0.13725490196078433,40.66422397453721,9.21128088025143,0.42790384463330133,1,0,0,0,,,60.0,23.906913073237508,22.691307323750856,0.4375561812213154,0.1114357262103505,6.549222797927461,0.0665,0.8313335750865353,1844.0,0.4496124031007752,,"[{'p': 'Bhayshul Tuten', 'y': 2025, 'sim': 61.0, 'fant': None}, {'p': 'Eric Gray', 'y': 2023, 'sim': 57.0, 'fant': 0.245}, {'p': 'Chase Brown', 'y': 2023, 'sim': 57.0, 'fant': 0.917}, {'p': 'Ito Smith', 'y': 2018, 'sim': 55.0, 'fant': 0.511}, {'p': 'Tyler Badie', 'y': 2022, 'sim': 55.0, 'fant': 0.236}, {'p': 'Blake Corum', 'y': 2024, 'sim': 54.0, 'fant': None}]"
Kaleb Johnson,2025,prediction,0,,8,0.7581699346405228,0.5359477124183006,33.87675283852126,10.562810725292138,0.49281526035805306,1,0,0,0,,,83.0,21.38535249828884,19.17043121149897,0.488268156424581,0.1099415204678362,5.4704724409448815,0.0439999999999999,0.5607843137254902,1725.0,0.4838709677419355,3.0,"[{'p': 'Brian Hill', 'y': 2017, 'sim': 65.0, 'fant': 0.428}, {'p': 'Ollie Gordon', 'y': 2025, 'sim': 64.0, 'fant': None}, {'p': 'Jay Ajayi', 'y': 2015, 'sim': 63.0, 'fant': 0.817}, {'p': 'Omarion Hampton', 'y': 2025, 'sim': 60.0, 'fant': None}, {'p': 'Zach Charbonnet', 'y': 2023, 'sim': 56.0, 'fant': 0.76}, {'p': 'James Conner', 'y': 2017, 'sim': 54.0, 'fant': 0.943}]"
Bhayshul Tuten,2025,prediction,0,,8,0.7581699346405228,0.6862745098039216,32.425554784632624,10.800120488121905,0.5221568963581692,1,0,0,0,,,104.0,22.88021902806297,20.6652977412731,0.4381253291205897,0.1560218978102189,6.021015761821366,0.2336666666666666,0.9592204766875602,1705.0,0.5187032418952618,,"[{'p': 'Aaron Jones', 'y': 2017, 'sim': 63.0, 'fant': 0.934}, {'p': 'RJ Harvey', 'y': 2025, 'sim': 60.0, 'fant': None}, {'p': 'Chase Brown', 'y': 2023, 'sim': 60.0, 'fant': 0.917}, {'p': 'Ito Smith', 'y': 2018, 'sim': 58.0, 'fant': 0.511}, {'p': 'Elijah McGuire', 'y': 2017, 'sim': 58.0, 'fant': 0.611}, {'p': 'Sean Tucker', 'y': 2023, 'sim': 57.0, 'fant': 0.459}]"
Trevor Etienne,2025,prediction,0,,7,0.6143790849673203,0.5947712418300654,27.716837886870422,10.663346913141773,0.12780040822795788,0,0,0,0,,,114.0,20.48186173853525,19.266255989048595,0.203228207504387,0.0557355800388852,5.609164420485175,0.1996666666666666,0.6181063580135286,925.0,0.3171912832929782,4.0,"[{'p': 'Jaydon Blue', 'y': 2025, 'sim': 68.0, 'fant': None}, {'p': 'Travis Homer', 'y': 2019, 'sim': 64.0, 'fant': 0.485}, {'p': 'T.J. Logan', 'y': 2017, 'sim': 60.0, 'fant': 0.201}, {'p': 'Tyler Goodson', 'y': 2022, 'sim': 57.0, 'fant': 0.328}, {'p': 'Darrynton Evans', 'y': 2020, 'sim': 56.0, 'fant': 0.332}, {'p': 'Dylan Sampson', 'y': 2025, 'sim': 56.0, 'fant': None}]"
Jarquez Hunter,2025,prediction,0,,8,0.7058823529411765,0.7516339869281046,30.57821242061212,10.948777962025975,-0.013657860167763358,0,0,0,0,,,117.0,22.00958247775496,19.79466119096509,0.2439208179879821,0.1081081081081081,6.267161410018553,0.2402499999999999,0.4855309751871275,1356.0,0.4686716791979949,3.0,"[{'p': 'Myles Gaskin', 'y': 2019, 'sim': 65.0, 'fant': 0.843}, {'p': 'Eric Gray', 'y': 2023, 'sim': 64.0, 'fant': 0.245}, {'p': 'Ito Smith', 'y': 2018, 'sim': 62.0, 'fant': 0.511}, {'p': 'Matthew Dayes', 'y': 2017, 'sim': 61.0, 'fant': 0.092}, {'p': 'Ameer Abdullah', 'y': 2015, 'sim': 60.0, 'fant': 0.638}, {'p': 'Sean Tucker', 'y': 2023, 'sim': 60.0, 'fant': 0.459}]"
Dylan Sampson,2025,prediction,0,,7,0.6209150326797386,0.7189542483660131,27.87993538750981,10.904929999162864,0.6593809725805246,1,0,0,0,,,126.0,20.2984257357974,19.082819986310746,0.3397536777283613,0.0553272209927284,5.902843601895735,0.2766666666666666,0.6212771840791165,1634.0,0.4479166666666667,3.0,"[{'p': 'Trayveon Williams', 'y': 2019, 'sim': 62.0, 'fant': 0.262}, {'p': 'J.K. Dobbins', 'y': 2020, 'sim': 62.0, 'fant': 0.751}, {'p': 'Bryce Love', 'y': 2019, 'sim': 61.0, 'fant': 0.092}, {'p': 'Devin Singletary', 'y': 2019, 'sim': 61.0, 'fant': 0.812}, {'p': 'Ameer Abdullah', 'y': 2015, 'sim': 60.0, 'fant': 0.638}, {'p': 'Myles Gaskin', 'y': 2019, 'sim': 59.0, 'fant': 0.843}]"
Jordan James,2025,prediction,0,,6,0.5359477124183006,0.6013071895424836,26.199786107628206,10.669846432906816,0.43176537560883216,1,0,0,0,,,147.0,20.761122518822724,20.54757015742642,0.2450585651537335,0.0534117045744952,5.738341968911917,0.361,0.2313604454127329,1476.0,0.4824016563146998,4.0,"[{'p': 'Mark Walton', 'y': 2018, 'sim': 63.0, 'fant': 0.092}, {'p': 'Jermar Jefferson', 'y': 2021, 'sim': 60.0, 'fant': 0.515}, {'p': 'Jerome Ford', 'y': 2022, 'sim': 58.0, 'fant': 0.755}, {'p': 'Dylan Sampson', 'y': 2025, 'sim': 54.0, 'fant': None}, {'p': 'J.K. Dobbins', 'y': 2020, 'sim': 54.0, 'fant': 0.751}, {'p': 'Mike Weber', 'y': 2019, 'sim': 53.0, 'fant': 0.092}]"
Jaydon Blue,2025,prediction,0,,5,0.45751633986928103,0.40522875816993464,24.874016936280682,10.301042038679025,-0.05550551262400692,0,0,0,0,,,149.0,20.982888432580424,20.76933607118412,0.184849354625474,0.0834467120181405,5.425233644859813,0.0353333333333333,0.7294117647058823,1098.0,0.2350877192982456,4.0,"[{'p': 'Trevor Etienne', 'y': 2025, 'sim': 69.0, 'fant': None}, {'p': 'T.J. Logan', 'y': 2017, 'sim': 65.0, 'fant': 0.201}, {'p': 'Travis Homer', 'y': 2019, 'sim': 61.0, 'fant': 0.485}, {'p': 'Donovan Edwards', 'y': 2025, 'sim': 57.0, 'fant': None}, {'p': 'Kerrith Whyte Jr', 'y': 2019, 'sim': 57.0, 'fant': 0.249}, {'p': 'Tyler Goodson', 'y': 2022, 'sim': 57.0, 'fant': 0.328}]"
DJ Giddens,2025,prediction,0,,7,0.6143790849673203,0.7124183006535948,27.655060278471552,10.876056056053702,0.4702325253092512,1,0,0,0,,,151.0,21.352498288843258,20.136892539356605,0.2372545072496539,0.103030303030303,5.970986460348162,0.2856666666666667,0.9009213731199144,1601.0,0.4586129753914988,,"[{'p': 'Jeremiyah Love', 'y': 2026, 'sim': 69.0, 'fant': None}, {'p': 'Kerryon Johnson', 'y': 2018, 'sim': 63.0, 'fant': 0.821}, {'p': 'Trey Benson', 'y': 2024, 'sim': 62.0, 'fant': None}, {'p': 'Raheim Sanders', 'y': 2025, 'sim': 61.0, 'fant': None}, {'p': 'Montrell Johnson Jr.', 'y': 2025, 'sim': 60.0, 'fant': None}, {'p': 'Damien Martinez', 'y': 2025, 'sim': 58.0, 'fant': None}]"
Ollie Gordon,2025,prediction,0,,5,0.45751633986928103,0.5947712418300654,25.103237469092743,10.642779280478731,0.5828079324978805,1,0,0,0,,,179.0,20.9637234770705,19.74811772758385,0.4030323859235326,0.0852492895892534,5.404850746268656,0.1886666666666666,0.44004284581153,2061.0,0.6612529002320185,4.0,"[{'p': 'Kaleb Johnson', 'y': 2025, 'sim': 66.0, 'fant': None}, {'p': 'Brian Hill', 'y': 2017, 'sim': 63.0, 'fant': 0.428}, {'p': 'T.J. Yeldon', 'y': 2015, 'sim': 60.0, 'fant': 0.764}, {'p': 'Jay Ajayi', 'y': 2015, 'sim': 60.0, 'fant': 0.817}, {'p': 'Isaiah Davis', 'y': 2024, 'sim': 59.0, 'fant': None}, {'p': 'James Conner', 'y': 2017, 'sim': 59.0, 'fant': 0.943}]"
Devin Neal,2025,prediction,0,,7,0.6862745098039216,0.9411764705882353,29.714854477980282,11.18000681057304,0.2601462045800049,0,1,0,0,,,184.0,21.39082819986311,18.17659137577002,0.3431423548826864,0.1013972055888223,5.714473684210526,0.2145,0.6018155729247895,1520.0,0.4910313901345291,3.0,"[{'p': 'Marlon Mack', 'y': 2017, 'sim': 65.0, 'fant': 0.856}, {'p': 'Kenneth Dixon', 'y': 2016, 'sim': 65.0, 'fant': 0.659}, {'p': 'Kareem Hunt', 'y': 2017, 'sim': 64.0, 'fant': 0.974}, {'p': 'Paul Perkins', 'y': 2016, 'sim': 63.0, 'fant': 0.362}, {'p': 'Tank Bigsby', 'y': 2023, 'sim': 61.0, 'fant': 0.489}, {'p': 'Dontrell Hilliard', 'y': 2018, 'sim': 61.0, 'fant': 0.371}]"
Kalel Mullings,2025,prediction,0,,2,0.17647058823529413,0.13071895424836602,20.031902317284118,8.984205142561937,-0.1278107820811289,0,0,0,0,,,188.0,22.245037645448324,22.031485284052017,0.3316988210075027,0.0208581644815256,5.1063829787234045,0.2523333333333333,,983.0,0.3878406708595387,,"[{'p': 'Hassan Haskins', 'y': 2022, 'sim': 77.0, 'fant': 0.297}, {'p': 'CJ Donaldson', 'y': 2026, 'sim': 68.0, 'fant': None}, {'p': 'Kendall Milton', 'y': 2024, 'sim': 62.0, 'fant': None}, {'p': 'Phil Mafah', 'y': 2025, 'sim': 62.0, 'fant': None}, {'p': ""Ja'Quinden Jackson"", 'y': 2025, 'sim': 62.0, 'fant': None}, {'p': 'Rodney Anderson', 'y': 2019, 'sim': 62.0, 'fant': 0.092}]"
Tahj Brooks,2025,prediction,0,,3,0.28104575163398693,0.3333333333333333,21.660622376689595,10.07503221375039,0.03361516194375768,0,0,0,0,,,193.0,22.639288158795345,21.423682409308693,0.3022079226868242,0.0485436893203883,5.182746878547105,0.2166,0.4977400221787831,1690.0,0.6258064516129033,3.0,"[{'p': 'Kimani Vidal', 'y': 2024, 'sim': 66.0, 'fant': None}, {'p': 'Kyle Monangai', 'y': 2025, 'sim': 60.0, 'fant': None}, {'p': 'Kenneth Walker III', 'y': 2022, 'sim': 58.0, 'fant': 0.886}, {'p': 'Blake Corum', 'y': 2024, 'sim': 58.0, 'fant': None}, {'p': 'DeAndre Washington', 'y': 2016, 'sim': 58.0, 'fant': 0.493}, {'p': 'David Montgomery', 'y': 2019, 'sim': 57.0, 'fant': 0.921}]"
Damien Martinez,2025,prediction,0,,5,0.40522875816993464,0.5947712418300654,23.583427334728512,10.628144579296464,0.39663483483302703,0,0,0,0,,,223.0,20.919917864476385,18.704996577686515,0.2082880900674362,0.0450629555997349,6.165369649805448,0.2616666666666666,0.6377142011507835,1311.0,0.4501160092807424,3.0,"[{'p': 'Kendre Miller', 'y': 2023, 'sim': 68.0, 'fant': 0.441}, {'p': 'Trey Benson', 'y': 2024, 'sim': 66.0, 'fant': None}, {'p': 'Isaiah Davis', 'y': 2024, 'sim': 63.0, 'fant': None}, {'p': 'Montrell Johnson Jr.', 'y': 2025, 'sim': 62.0, 'fant': None}, {'p': 'Audric Estime', 'y': 2024, 'sim': 60.0, 'fant': None}, {'p': 'Quinshon Judkins', 'y': 2025, 'sim': 60.0, 'fant': None}]"
Brashard Smith,2025,prediction,0,,5,0.45751633986928103,0.8431372549019608,25.119668542310695,10.96033265705912,0.17673748356214486,0,0,0,0,,,228.0,21.72758384668036,21.51403148528405,0.2958860759493671,0.1069815908301493,5.98015873015873,0.5322500000000001,0.3666250136743648,1657.0,0.444022770398482,,"[{'p': 'Marcus Yarns', 'y': 2025, 'sim': 65.0, 'fant': None}, {'p': ""De'Von Achane"", 'y': 2023, 'sim': 62.0, 'fant': 0.956}, {'p': 'Kyren Williams', 'y': 2022, 'sim': 61.0, 'fant': 0.961}, {'p': 'Tyjae Spears', 'y': 2023, 'sim': 60.0, 'fant': 0.686}, {'p': 'Emmett Johnson', 'y': 2026, 'sim': 59.0, 'fant': None}, {'p': 'James Cook', 'y': 2022, 'sim': 57.0, 'fant': 0.895}]"
Kyle Monangai,2025,prediction,0,,1,0.0915032679738562,0.17647058823529413,18.71798504866536,9.62896096705164,-0.41088784096664205,0,0,0,0,,,233.0,22.573579739904176,21.357973990417523,0.2873576191137658,0.0436241610738255,4.835575485799701,0.12775,0.2762971829373269,1354.0,0.5009784735812133,3.0,"[{'p': 'Corey Kiner', 'y': 2025, 'sim': 67.0, 'fant': None}, {'p': 'Thomas Rawls', 'y': 2015, 'sim': 66.0, 'fant': 0.703}, {'p': 'Jaylen Warren', 'y': 2022, 'sim': 65.0, 'fant': 0.725}, {'p': 'Tahj Brooks', 'y': 2025, 'sim': 63.0, 'fant': None}, {'p': 'Emani Bailey', 'y': 2024, 'sim': 63.0, 'fant': None}, {'p': 'Khalil Herbert', 'y': 2021, 'sim': 60.0, 'fant': 0.677}]"
LeQuint Allen,2025,prediction,0,,3,0.2875816993464052,0.5555555555555556,21.722748628867862,10.57383246410987,0.23058196451575697,0,0,0,0,,,236.0,20.407939767282684,19.19233401779603,0.3055789670833918,0.1099792099792099,4.596491228070176,0.1893333333333333,0.4721002293466061,1550.0,0.5861182519280206,3.0,"[{'p': 'Justin Jackson', 'y': 2018, 'sim': 63.0, 'fant': 0.607}, {'p': 'Chuba Hubbard', 'y': 2021, 'sim': 58.0, 'fant': 0.712}, {'p': 'Jamaal Williams', 'y': 2017, 'sim': 56.0, 'fant': 0.738}, {'p': 'DJ Giddens', 'y': 2025, 'sim': 56.0, 'fant': None}, {'p': 'Travis Homer', 'y': 2019, 'sim': 56.0, 'fant': 0.485}, {'p': 'Rasheen Ali', 'y': 2024, 'sim': 56.0, 'fant': None}]"
Phil Mafah,2025,prediction,0,,1,0.0718954248366013,0.1503267973856209,18.20843677061169,9.402040169930423,-0.332878028444678,0,0,0,0,,,239.0,22.190280629705683,20.974674880219027,0.2497622670216812,0.0363758841360727,5.146167557932264,0.12,,1218.0,0.4625267665952891,4.0,"[{'p': 'CJ Donaldson', 'y': 2026, 'sim': 66.0, 'fant': None}, {'p': 'Hassan Haskins', 'y': 2022, 'sim': 66.0, 'fant': 0.297}, {'p': 'Kalel Mullings', 'y': 2025, 'sim': 62.0, 'fant': None}, {'p': 'Gerrid Doaks', 'y': 2021, 'sim': 59.0, 'fant': 0.092}, {'p': 'Qadree Ollison', 'y': 2019, 'sim': 59.0, 'fant': 0.349}, {'p': 'Keaontay Ingram', 'y': 2022, 'sim': 59.0, 'fant': 0.21}]"
Jeremiyah Love,2026,prediction,0,,10,0.9738562091503268,0.9215686274509803,74.1279159095964,11.141550240719116,0.9829953047560309,0,1,1,0,,,3.0,20.588637919233403,19.37577002053388,0.3159527682390505,0.0914733747141457,6.655889145496536,0.2526666666666666,0.9607843137254902,1652.0,0.4865525672371638,4.0,"[{'p': 'DJ Giddens', 'y': 2025, 'sim': 71.0, 'fant': None}, {'p': 'Kerryon Johnson', 'y': 2018, 'sim': 66.0, 'fant': 0.821}, {'p': 'Bijan Robinson', 'y': 2023, 'sim': 63.0, 'fant': 0.978}, {'p': 'Breece Hall', 'y': 2022, 'sim': 61.0, 'fant': 0.93}, {'p': 'Trey Benson', 'y': 2024, 'sim': 61.0, 'fant': None}, {'p': 'Marlon Mack', 'y': 2017, 'sim': 59.0, 'fant': 0.856}]"
Jadarian Price,2026,prediction,0,,10,0.9215686274509803,0.16339869281045752,54.849465631362904,9.505028289405256,-0.15330327018515066,0,0,1,0,,,32.0,22.23134839151266,22.01779603011636,0.1719438061386371,0.0284220842861809,6.042857142857143,0.2303333333333333,0.5566684495167966,761.0,0.2762836185819071,4.0,"[{'p': 'Dexter Williams', 'y': 2019, 'sim': 62.0, 'fant': 0.092}, {'p': 'Zach Evans', 'y': 2023, 'sim': 60.0, 'fant': 0.183}, {'p': 'T.J. Logan', 'y': 2017, 'sim': 60.0, 'fant': 0.201}, {'p': ""Le'Veon Moss"", 'y': 2026, 'sim': 59.0, 'fant': None}, {'p': 'Trey Sermon', 'y': 2021, 'sim': 57.0, 'fant': 0.336}, {'p': 'James Cook', 'y': 2022, 'sim': 57.0, 'fant': 0.895}]"
Kaelon Black,2026,prediction,0,,7,0.673202614379085,0.12418300653594772,29.195133334222838,8.961355000740593,-0.7203525295227843,0,0,0,1,no athletic testing at all,,90.0,24.20807665982204,99.0,0.1352276429764008,0.064064602960969,5.09009009009009,0.14725,,1075.0,0.3302325581395349,3.0,"[{'p': 'Noah Whittington', 'y': 2026, 'sim': 71.0, 'fant': None}, {'p': 'Cameron Artis-Payne', 'y': 2015, 'sim': 61.0, 'fant': 0.367}, {'p': 'Emari Demercado', 'y': 2023, 'sim': 60.0, 'fant': 0.454}, {'p': 'Malik Davis', 'y': 2022, 'sim': 60.0, 'fant': 0.393}, {'p': 'JaMycal Hasty', 'y': 2020, 'sim': 60.0, 'fant': 0.419}, {'p': 'Jaylen Warren', 'y': 2022, 'sim': 59.0, 'fant': 0.725}]"
Jonah Coleman,2026,prediction,0,,8,0.7124183006535948,0.6013071895424836,30.726147494777656,10.675361919950891,-0.026312432182303978,0,0,0,0,,,108.0,22.368240930869263,20.1533196440794,0.2594771241830065,0.1113908118313404,5.532608695652174,0.23675,,1230.0,0.4628297362110312,3.0,"[{'p': 'Zack Moss', 'y': 2020, 'sim': 69.0, 'fant': 0.616}, {'p': 'Mike Davis', 'y': 2015, 'sim': 64.0, 'fant': 0.48}, {'p': 'MarShawn Lloyd', 'y': 2024, 'sim': 63.0, 'fant': None}, {'p': 'Josh Robinson', 'y': 2015, 'sim': 63.0, 'fant': 0.24}, {'p': 'Kimani Vidal', 'y': 2024, 'sim': 60.0, 'fant': None}, {'p': ""D'Andre Swift"", 'y': 2020, 'sim': 58.0, 'fant': 0.904}]"
Emmett Johnson,2026,prediction,0,,6,0.5163398692810458,0.5098039215686274,25.74660779995464,10.522951227929795,-0.15784806355984712,0,0,0,0,,,161.0,22.22861054072553,22.015058179329227,0.3618028400905536,0.1267123287671233,5.37117903930131,0.173,0.3959755746342845,1821.0,0.5743707093821511,3.0,"[{'p': ""J'Mari Taylor"", 'y': 2026, 'sim': 64.0, 'fant': None}, {'p': 'Rasheen Ali', 'y': 2024, 'sim': 63.0, 'fant': None}, {'p': 'Jaleel McLaughlin', 'y': 2023, 'sim': 59.0, 'fant': 0.498}, {'p': 'Ito Smith', 'y': 2018, 'sim': 58.0, 'fant': 0.511}, {'p': 'Paul Perkins', 'y': 2016, 'sim': 58.0, 'fant': 0.362}, {'p': 'Jeremy Langford', 'y': 2015, 'sim': 57.0, 'fant': 0.62}]"
Nicholas Singleton,2026,prediction,0,,6,0.5947712418300654,0.8431372549019608,27.05650666684911,10.983525198062004,-0.01984576555027813,0,0,0,0,,,165.0,21.987679671457904,18.77344284736482,0.2375344053310155,0.1101967799642218,5.55877616747182,0.215,,1474.0,0.333984375,,"[{'p': 'Zach Charbonnet', 'y': 2023, 'sim': 68.0, 'fant': 0.76}, {'p': 'Raheim Sanders', 'y': 2025, 'sim': 61.0, 'fant': None}, {'p': 'Montrell Johnson Jr.', 'y': 2025, 'sim': 61.0, 'fant': None}, {'p': 'Trey Benson', 'y': 2024, 'sim': 59.0, 'fant': None}, {'p': 'Dontrell Hilliard', 'y': 2018, 'sim': 59.0, 'fant': 0.371}, {'p': 'Jamaal Williams', 'y': 2017, 'sim': 58.0, 'fant': 0.738}]"
Adam Randall,2026,prediction,0,,5,0.48366013071895425,0.5947712418300654,25.271285556765864,10.639916889588687,-0.09404811480914908,0,0,0,0,,,174.0,21.46748802190281,21.253935660506503,0.2594267420806033,0.0842034355001684,4.959537572254336,0.3049999999999999,0.7879609138015882,1068.0,0.4127764127764127,,"[{'p': 'Hassan Haskins', 'y': 2022, 'sim': 64.0, 'fant': 0.297}, {'p': 'CJ Donaldson', 'y': 2026, 'sim': 61.0, 'fant': None}, {'p': 'Brian Robinson Jr.', 'y': 2022, 'sim': 60.0, 'fant': 0.825}, {'p': 'Kalel Mullings', 'y': 2025, 'sim': 59.0, 'fant': None}, {'p': 'Karlos Williams', 'y': 2015, 'sim': 59.0, 'fant': 0.777}, {'p': 'Kalen Ballage', 'y': 2018, 'sim': 57.0, 'fant': 0.52}]"
Kaytron Allen,2026,prediction,0,,4,0.33986928104575165,0.46405228758169936,22.65323567874712,10.470735755334012,-0.05310290909964769,0,0,0,0,,,187.0,22.981519507186857,19.76728268309377,0.3083997123575617,0.0572646969235455,5.435630689206762,0.19075,,1371.0,0.4477611940298507,4.0,"[{'p': 'Kylin Hill', 'y': 2021, 'sim': 64.0, 'fant': 0.188}, {'p': 'Dontrell Hilliard', 'y': 2018, 'sim': 60.0, 'fant': 0.371}, {'p': ""La'Mical Perine"", 'y': 2020, 'sim': 60.0, 'fant': 0.472}, {'p': 'Keaontay Ingram', 'y': 2022, 'sim': 59.0, 'fant': 0.21}, {'p': 'Jalen Richard', 'y': 2016, 'sim': 58.0, 'fant': 0.651}, {'p': 'Montrell Johnson Jr.', 'y': 2025, 'sim': 58.0, 'fant': None}]"
Demond Claiborne,2026,prediction,0,,3,0.23529411764705882,0.2679738562091503,20.85114761203484,9.901294108824317,-0.2991059687947945,0,0,0,0,,,198.0,22.23134839151266,20.0164271047228,0.3311566449636155,0.0881638320027768,4.652329749103942,-0.0857499999999999,0.5907044299201162,1302.0,0.5277777777777778,4.0,"[{'p': 'Tyler Ervin', 'y': 2016, 'sim': 64.0, 'fant': 0.092}, {'p': 'Keenan Reynolds', 'y': 2016, 'sim': 63.0, 'fant': 0.092}, {'p': 'Tyler Goodson', 'y': 2022, 'sim': 61.0, 'fant': 0.328}, {'p': 'Justin Jackson', 'y': 2018, 'sim': 58.0, 'fant': 0.607}, {'p': 'Salvon Ahmed', 'y': 2020, 'sim': 57.0, 'fant': 0.598}, {'p': 'Keaton Mitchell', 'y': 2023, 'sim': 56.0, 'fant': 0.572}]"
Seth McGowan,2026,prediction,0,,3,0.24836601307189543,0.13071895424836602,21.126698678202004,9.071770543645812,-0.1769043263705506,0,0,0,0,,,237.0,24.191649555099247,22.978781656399725,0.2802510760401722,0.1612339930151339,5.074468085106383,0.214,0.9375160145549462,1090.0,0.3864168618266979,4.0,"[{'p': 'Raheim Sanders', 'y': 2025, 'sim': 59.0, 'fant': None}, {'p': 'Javorius Allen', 'y': 2015, 'sim': 58.0, 'fant': 0.716}, {'p': 'Kalen Ballage', 'y': 2018, 'sim': 56.0, 'fant': 0.52}, {'p': 'Devontae Booker', 'y': 2016, 'sim': 56.0, 'fant': 0.624}, {'p': 'Patrick Laird', 'y': 2019, 'sim': 53.0, 'fant': 0.437}, {'p': 'Rachaad White', 'y': 2022, 'sim': 53.0, 'fant': 0.878}]"
Josh Adams,2018,historical,1,retro,4,0.32679738562091504,0.9803921568627451,22.378049720578428,11.25023815360295,0.30323960326536986,0,1,0,0,,0.5327510917030568,270.0,21.17453798767967,18.9596167008898,0.2128296485304871,0.0632579482137004,6.648648648648648,0.246,0.5196574057329953,1531.0,0.3738656987295826,4.0,"[{'p': 'Patrick Taylor', 'y': 2020, 'sim': 61.0, 'fant': 0.31}, {'p': 'Trey Benson', 'y': 2024, 'sim': 61.0, 'fant': None}, {'p': 'Trey Sermon', 'y': 2021, 'sim': 59.0, 'fant': 0.336}, {'p': 'Jonathon Brooks', 'y': 2024, 'sim': 58.0, 'fant': None}, {'p': 'Damien Martinez', 'y': 2025, 'sim': 57.0, 'fant': None}, {'p': 'Isaiah Davis', 'y': 2024, 'sim': 57.0, 'fant': None}]"
Salvon Ahmed,2020,historical,1,retro,2,0.16339869281045752,0.40522875816993464,19.75801300551155,10.268007232942075,0.041017195346600824,0,0,0,0,,0.5982532751091703,270.0,21.00752908966461,20.79397672826831,0.2222276391055642,0.051375037775763,5.721590909090909,0.178,0.3060559177069549,1104.0,0.4224719101123595,4.0,"[{'p': ""Le'Veon Moss"", 'y': 2026, 'sim': 67.0, 'fant': None}, {'p': 'Kyren Williams', 'y': 2022, 'sim': 58.0, 'fant': 0.961}, {'p': 'Mark Walton', 'y': 2018, 'sim': 56.0, 'fant': 0.092}, {'p': 'Ronald Jones II', 'y': 2018, 'sim': 56.0, 'fant': 0.803}, {'p': 'Brashard Smith', 'y': 2025, 'sim': 56.0, 'fant': None}, {'p': 'Jadarian Price', 'y': 2026, 'sim': 56.0, 'fant': None}]"
Peyton Barber,2016,historical,1,retro,1,0.058823529411764705,0.2549019607843137,17.90230049639862,9.873513954076682,-0.22671044797142426,0,0,0,0,,0.6550218340611353,270.0,21.842573579739906,21.6290212183436,0.2909803987342479,0.0530052058684335,4.318548387096774,0.127,0.2083582501788431,1129.0,0.4110535405872193,3.0,"[{'p': 'Snoop Conner', 'y': 2022, 'sim': 63.0, 'fant': 0.223}, {'p': 'Corey Clement', 'y': 2017, 'sim': 63.0, 'fant': 0.555}, {'p': 'David Montgomery', 'y': 2019, 'sim': 62.0, 'fant': 0.921}, {'p': 'Thomas Rawls', 'y': 2015, 'sim': 59.0, 'fant': 0.703}, {'p': 'Dameon Pierce', 'y': 2022, 'sim': 59.0, 'fant': 0.707}, {'p': 'Tony Jones', 'y': 2020, 'sim': 58.0, 'fant': 0.231}]"
Mike Boone,2018,historical,1,retro,3,0.26143790849673204,0.49673202614379086,21.234259208432192,10.511918673029879,-0.46302799390617727,0,0,0,1,no athletic testing at all,0.537117903930131,270.0,22.42573579739904,22.21218343600274,0.1552546273663309,0.081081081081081,5.357142857142857,0.16875,,857.0,0.3064066852367688,,"[{'p': 'Gus Edwards', 'y': 2018, 'sim': 72.0, 'fant': 0.633}, {'p': 'Dare Ogunbowale', 'y': 2017, 'sim': 71.0, 'fant': 0.38}, {'p': 'Boston Scott', 'y': 2018, 'sim': 66.0, 'fant': 0.799}, {'p': 'Malik Davis', 'y': 2022, 'sim': 65.0, 'fant': 0.393}, {'p': 'Michael Wiley', 'y': 2024, 'sim': 63.0, 'fant': None}, {'p': 'Jalen Richard', 'y': 2016, 'sim': 63.0, 'fant': 0.651}]"
Matt Breida,2017,historical,1,retro,5,0.4117647058823529,0.8954248366013072,23.91498541178476,11.075765451342058,0.703275049601488,1,0,0,1,no athletic testing at all,0.7292576419213974,270.0,21.842573579739906,19.627652292950035,0.3593218350346122,0.0754276827371695,6.898523985239852,0.2609999999999999,,1614.0,0.3664259927797834,2.0,"[{'p': 'Devin Neal', 'y': 2025, 'sim': 60.0, 'fant': None}, {'p': 'Ty Johnson', 'y': 2019, 'sim': 59.0, 'fant': 0.563}, {'p': 'Marlon Mack', 'y': 2017, 'sim': 58.0, 'fant': 0.856}, {'p': 'Joshua Kelley', 'y': 2020, 'sim': 57.0, 'fant': 0.463}, {'p': 'J.K. Dobbins', 'y': 2020, 'sim': 57.0, 'fant': 0.751}, {'p': 'Jerome Ford', 'y': 2022, 'sim': 56.0, 'fant': 0.755}]"
Malcolm Brown,2015,historical,1,retro,4,0.3137254901960784,0.43790849673202614,22.274300025985017,10.359153604183625,-0.7230325158400305,0,0,0,0,,0.2663755458515284,270.0,21.631759069130734,18.417522245037645,0.2312352956610721,0.0706010137581462,4.250793650793651,0.0,0.3311991437216406,1099.0,0.3901918976545842,5.0,"[{'p': 'Jonathan Williams', 'y': 2016, 'sim': 64.0, 'fant': 0.467}, {'p': 'Keaontay Ingram', 'y': 2022, 'sim': 61.0, 'fant': 0.21}, {'p': 'Ryquell Armstead', 'y': 2019, 'sim': 57.0, 'fant': 0.314}, {'p': ""La'Mical Perine"", 'y': 2020, 'sim': 57.0, 'fant': 0.472}, {'p': 'Qadree Ollison', 'y': 2019, 'sim': 56.0, 'fant': 0.349}, {'p': 'Corey Clement', 'y': 2017, 'sim': 55.0, 'fant': 0.555}]"
Corey Clement,2017,historical,1,retro,2,0.10457516339869281,0.21568627450980393,19.303854881401573,9.740044815586174,-0.191106915549939,0,0,0,0,,0.5545851528384279,270.0,22.16563997262149,19.95071868583162,0.3057144614627545,0.0571565802113352,5.368055555555555,0.1325,0.0862103080631071,1507.0,0.4883359253499222,4.0,"[{'p': 'Alex Collins', 'y': 2016, 'sim': 73.0, 'fant': 0.769}, {'p': 'Jonathan Williams', 'y': 2016, 'sim': 65.0, 'fant': 0.467}, {'p': 'David Montgomery', 'y': 2019, 'sim': 61.0, 'fant': 0.921}, {'p': 'Ryquell Armstead', 'y': 2019, 'sim': 59.0, 'fant': 0.314}, {'p': 'Benny Snell Jr.', 'y': 2019, 'sim': 59.0, 'fant': 0.415}, {'p': 'Mike Davis', 'y': 2015, 'sim': 58.0, 'fant': 0.48}]"
Malik Davis,2022,historical,1,retro,2,0.1830065359477124,0.2549019607843137,20.190937258731346,9.876158866125294,-0.9429744851247066,0,0,0,1,no athletic testing at all,0.3930131004366812,270.0,23.09924709103354,99.0,0.1243835008084466,0.0829848117983711,5.176056338028169,0.1038,,704.0,0.1984924623115578,3.0,"[{'p': 'Emari Demercado', 'y': 2023, 'sim': 77.0, 'fant': 0.454}, {'p': 'Mike Boone', 'y': 2018, 'sim': 70.0, 'fant': 0.537}, {'p': 'Rod Smith', 'y': 2015, 'sim': 66.0, 'fant': 0.681}, {'p': 'Gus Edwards', 'y': 2018, 'sim': 64.0, 'fant': 0.633}, {'p': 'Kene Nwangwu', 'y': 2021, 'sim': 64.0, 'fant': 0.323}, {'p': 'Dare Ogunbowale', 'y': 2017, 'sim': 61.0, 'fant': 0.38}]"
Emari Demercado,2023,historical,1,retro,1,0.032679738562091505,0.0457516339869281,15.9855482129977,8.01191897999891,-1.0877715727522823,0,0,0,1,no athletic testing at all,0.45414847161572053,270.0,23.94798083504449,99.0,0.1043731778425656,0.0569063631660631,4.704142011834319,-0.0012,,746.0,0.22,,"[{'p': 'Malik Davis', 'y': 2022, 'sim': 79.0, 'fant': 0.393}, {'p': 'Rod Smith', 'y': 2015, 'sim': 70.0, 'fant': 0.681}, {'p': 'Kene Nwangwu', 'y': 2021, 'sim': 70.0, 'fant': 0.323}, {'p': 'Brandon Wilson', 'y': 2017, 'sim': 63.0, 'fant': 0.092}, {'p': 'Mike Boone', 'y': 2018, 'sim': 63.0, 'fant': 0.537}, {'p': 'Deneric Prince', 'y': 2023, 'sim': 63.0, 'fant': 0.092}]"
Rico Dowdle,2020,historical,1,retro,4,0.35947712418300654,0.6143790849673203,23.166108962434652,10.69745609269512,-0.5946180035637808,0,0,0,0,,0.6681222707423581,270.0,21.54962354551677,18.338124572210816,0.1997524001324211,0.0626171728533933,5.063084112149533,0.059,0.7228368430603914,819.0,0.2841880341880342,3.0,"[{'p': 'Montrell Johnson Jr.', 'y': 2025, 'sim': 66.0, 'fant': None}, {'p': 'Trey Benson', 'y': 2024, 'sim': 62.0, 'fant': None}, {'p': 'Keith Marshall', 'y': 2016, 'sim': 61.0, 'fant': 0.092}, {'p': 'Keaontay Ingram', 'y': 2022, 'sim': 60.0, 'fant': 0.21}, {'p': 'Donovan Edwards', 'y': 2025, 'sim': 60.0, 'fant': None}, {'p': 'Jalen Richard', 'y': 2016, 'sim': 59.0, 'fant': 0.651}]"
Gus Edwards,2018,historical,1,retro,2,0.13725490196078433,0.35947712418300654,19.57584492218843,10.191371108904043,-0.47708509590915893,0,0,0,1,no athletic testing at all,0.6331877729257642,270.0,22.72142368240931,22.50787132101301,0.2621552408204487,0.0742609949531362,4.828571428571428,0.064,,816.0,0.3840749414519906,3.0,"[{'p': 'Mike Boone', 'y': 2018, 'sim': 73.0, 'fant': 0.537}, {'p': 'Dare Ogunbowale', 'y': 2017, 'sim': 71.0, 'fant': 0.38}, {'p': 'Darius Jackson', 'y': 2016, 'sim': 70.0, 'fant': 0.092}, {'p': 'Jordan Mason', 'y': 2022, 'sim': 69.0, 'fant': 0.585}, {'p': 'Patrick Laird', 'y': 2019, 'sim': 63.0, 'fant': 0.437}, {'p': 'Jalen Richard', 'y': 2016, 'sim': 61.0, 'fant': 0.651}]"
Tyler Goodson,2022,historical,1,retro,2,0.17647058823529413,0.46405228758169936,20.053317863006868,10.46195977736036,0.05249913169143078,0,0,0,0,,0.32751091703056767,270.0,21.14168377823409,18.92676249144421,0.2832430750077809,0.0979769932566441,4.786116322701688,0.0543333333333333,0.6469825660220659,1398.0,0.5182186234817814,3.0,"[{'p': 'Ito Smith', 'y': 2018, 'sim': 60.0, 'fant': 0.511}, {'p': 'Darrynton Evans', 'y': 2020, 'sim': 59.0, 'fant': 0.332}, {'p': 'Travis Homer', 'y': 2019, 'sim': 59.0, 'fant': 0.485}, {'p': 'Jarquez Hunter', 'y': 2025, 'sim': 58.0, 'fant': None}, {'p': 'Trevor Etienne', 'y': 2025, 'sim': 57.0, 'fant': None}, {'p': 'Sean Tucker', 'y': 2023, 'sim': 56.0, 'fant': 0.459}]"
Corey Grant,2015,historical,1,retro,2,0.19607843137254902,0.1437908496732026,20.275070872457913,9.216587017131758,-0.18787122075760274,0,0,0,0,,0.5065502183406113,270.0,23.0362765229295,99.0,0.0917699492207494,0.0408163265306122,7.703703703703703,0.216,0.8546356495395049,655.0,0.0996677740863787,,"[{'p': 'Jake Funk', 'y': 2021, 'sim': 62.0, 'fant': 0.092}, {'p': 'Keilan Robinson', 'y': 2024, 'sim': 61.0, 'fant': None}, {'p': 'JaMycal Hasty', 'y': 2020, 'sim': 60.0, 'fant': 0.419}, {'p': 'Raymond Calais', 'y': 2020, 'sim': 58.0, 'fant': 0.092}, {'p': 'T.J. Logan', 'y': 2017, 'sim': 57.0, 'fant': 0.201}, {'p': 'Rod Smith', 'y': 2015, 'sim': 57.0, 'fant': 0.681}]"
JaMycal Hasty,2020,historical,1,retro,1,0.0457516339869281,0.1111111111111111,17.595567178473402,8.904422395517784,-0.8500202538467857,0,0,0,0,,0.4192139737991266,270.0,23.301848049281315,99.0,0.1280042832207983,0.051526183141977,5.176165803108808,0.082,0.6037135588144397,811.0,0.2171314741035856,,"[{'p': 'Kaelon Black', 'y': 2026, 'sim': 63.0, 'fant': None}, {'p': 'Noah Whittington', 'y': 2026, 'sim': 62.0, 'fant': None}, {'p': 'Corey Grant', 'y': 2015, 'sim': 58.0, 'fant': 0.507}, {'p': 'Emari Demercado', 'y': 2023, 'sim': 58.0, 'fant': 0.454}, {'p': 'Malik Davis', 'y': 2022, 'sim': 58.0, 'fant': 0.393}, {'p': 'Jaylen Warren', 'y': 2022, 'sim': 57.0, 'fant': 0.725}]"
Dontrell Hilliard,2018,historical,1,retro,4,0.3006535947712418,0.6013071895424836,21.860586534292505,10.663673061643625,-0.1491866844629613,0,0,0,1,no athletic testing at all,0.37117903930131,270.0,22.847364818617383,19.633127994524298,0.2935909980430529,0.1134239592183517,5.292639138240575,0.20075,,1206.0,0.3723404255319149,3.0,"[{'p': 'Michael Wiley', 'y': 2024, 'sim': 65.0, 'fant': None}, {'p': 'Eric Gray', 'y': 2023, 'sim': 61.0, 'fant': 0.245}, {'p': 'Patrick Laird', 'y': 2019, 'sim': 60.0, 'fant': 0.437}, {'p': ""La'Mical Perine"", 'y': 2020, 'sim': 60.0, 'fant': 0.472}, {'p': 'Montrell Johnson Jr.', 'y': 2025, 'sim': 60.0, 'fant': None}, {'p': 'Kaytron Allen', 'y': 2026, 'sim': 60.0, 'fant': None}]"
Deon Jackson,2021,historical,1,retro,1,0.0915032679738562,0.30718954248366015,18.605829247175834,10.025079425502028,-0.6073883977001466,0,0,0,0,,0.5589519650655022,270.0,21.869952087611225,19.65503080082136,0.2217200223417703,0.0892193308550185,4.309885931558935,-0.0155,0.7468740641232827,1100.0,0.3709677419354839,3.0,"[{'p': 'Keaontay Ingram', 'y': 2022, 'sim': 61.0, 'fant': 0.21}, {'p': 'Jalen Richard', 'y': 2016, 'sim': 60.0, 'fant': 0.651}, {'p': ""La'Mical Perine"", 'y': 2020, 'sim': 60.0, 'fant': 0.472}, {'p': 'Montrell Johnson Jr.', 'y': 2025, 'sim': 59.0, 'fant': None}, {'p': 'Gus Edwards', 'y': 2018, 'sim': 56.0, 'fant': 0.633}, {'p': 'Dontrell Hilliard', 'y': 2018, 'sim': 56.0, 'fant': 0.371}]"
D'Ernest Johnson,2019,historical,1,retro,3,0.2222222222222222,0.3660130718954248,20.644832429378944,10.199243314641251,-0.7436883393633101,0,0,0,0,,0.44541484716157204,270.0,22.84462696783025,21.631759069130734,0.1587474943992453,0.140378548895899,4.26603325415677,0.26475,0.1094470963941457,949.0,0.3083067092651757,3.0,"[{'p': 'Trestan Ebner', 'y': 2022, 'sim': 71.0, 'fant': 0.197}, {'p': 'Michael Wiley', 'y': 2024, 'sim': 57.0, 'fant': None}, {'p': 'Marcus Murphy', 'y': 2015, 'sim': 57.0, 'fant': 0.092}, {'p': ""Le'Veon Moss"", 'y': 2026, 'sim': 57.0, 'fant': None}, {'p': 'Demetric Felton', 'y': 2021, 'sim': 56.0, 'fant': 0.258}, {'p': 'Ulysses Bentley IV', 'y': 2025, 'sim': 55.0, 'fant': None}]"
Tony Jones,2020,historical,1,retro,1,0.09803921568627451,0.3137254901960784,18.97756083161537,10.047953361674292,-0.6499596005176123,0,0,0,0,,0.2314410480349345,270.0,22.102669404517453,99.0,0.1467801967605581,0.0470341521869382,5.464944649446495,0.1929999999999999,0.2375763571747279,961.0,0.3123644251626898,4.0,"[{'p': 'Dameon Pierce', 'y': 2022, 'sim': 65.0, 'fant': 0.707}, {'p': 'Snoop Conner', 'y': 2022, 'sim': 64.0, 'fant': 0.223}, {'p': 'DeeJay Dallas', 'y': 2020, 'sim': 64.0, 'fant': 0.502}, {'p': 'Gary Brightwell', 'y': 2021, 'sim': 61.0, 'fant': 0.301}, {'p': 'Josh Jacobs', 'y': 2019, 'sim': 60.0, 'fant': 0.9}, {'p': 'Kenny Hilliard', 'y': 2015, 'sim': 58.0, 'fant': 0.092}]"
Rob Kelley,2016,historical,1,retro,1,0.0392156862745098,0.12418300653594772,17.493449907812817,8.923649097450006,-1.1651201355021592,0,0,0,1,no athletic testing at all,0.6026200873362445,270.0,23.24435318275154,20.032854209445585,0.1598150260756193,0.1036269430051813,3.993710691823899,-0.0375,,626.0,0.313953488372093,,"[{'p': 'Dare Ogunbowale', 'y': 2017, 'sim': 66.0, 'fant': 0.38}, {'p': 'Gus Edwards', 'y': 2018, 'sim': 66.0, 'fant': 0.633}, {'p': 'Mike Boone', 'y': 2018, 'sim': 63.0, 'fant': 0.537}, {'p': 'Michael Wiley', 'y': 2024, 'sim': 59.0, 'fant': None}, {'p': 'Deon Jackson', 'y': 2021, 'sim': 59.0, 'fant': 0.559}, {'p': 'Malik Davis', 'y': 2022, 'sim': 58.0, 'fant': 0.393}]"
Patrick Laird,2019,historical,1,retro,2,0.17647058823529413,0.13071895424836602,20.006658340203963,8.973487638834335,-0.17688061709832562,0,0,0,1,no athletic testing at all,0.4366812227074236,270.0,23.37577002053388,22.16290212183436,0.2872134431337636,0.1183063511830635,5.047169811320755,0.072,,1449.0,0.4673684210526316,,"[{'p': 'Eric Gray', 'y': 2023, 'sim': 68.0, 'fant': 0.245}, {'p': 'Dare Ogunbowale', 'y': 2017, 'sim': 65.0, 'fant': 0.38}, {'p': 'Devontae Booker', 'y': 2016, 'sim': 65.0, 'fant': 0.624}, {'p': 'Darius Jackson', 'y': 2016, 'sim': 64.0, 'fant': 0.092}, {'p': 'Gus Edwards', 'y': 2018, 'sim': 63.0, 'fant': 0.633}, {'p': 'Dontrell Hilliard', 'y': 2018, 'sim': 61.0, 'fant': 0.371}]"
Phillip Lindsay,2018,historical,1,retro,2,0.1895424836601307,0.0915032679738562,20.262007167095465,8.826075588082421,-0.020752390279814664,0,0,0,0,,0.851528384279476,270.0,23.44147843942505,21.22655715263518,0.3795160864978903,0.1383665450463093,4.93455497382199,,0.5686294921683763,1745.0,0.6193415637860082,,"[{'p': 'Tyler Badie', 'y': 2022, 'sim': 66.0, 'fant': 0.236}, {'p': 'Ronnie Rivers', 'y': 2022, 'sim': 62.0, 'fant': 0.293}, {'p': ""De'Von Achane"", 'y': 2023, 'sim': 59.0, 'fant': 0.956}, {'p': 'Ito Smith', 'y': 2018, 'sim': 59.0, 'fant': 0.511}, {'p': 'Tyler Ervin', 'y': 2016, 'sim': 59.0, 'fant': 0.092}, {'p': ""J'Mari Taylor"", 'y': 2026, 'sim': 59.0, 'fant': None}]"
Jordan Mason,2022,historical,1,retro,1,0.032679738562091505,0.1437908496732026,17.325393227797342,9.288458195459995,-0.4739897799258657,0,0,0,1,no athletic testing at all,0.5851528384279476,270.0,22.60917180013689,20.39425051334702,0.2693589372088357,0.0336842105263157,5.17960088691796,0.11275,,930.0,0.3931818181818182,3.0,"[{'p': 'Gus Edwards', 'y': 2018, 'sim': 70.0, 'fant': 0.633}, {'p': 'Jalen Richard', 'y': 2016, 'sim': 67.0, 'fant': 0.651}, {'p': 'Darius Jackson', 'y': 2016, 'sim': 63.0, 'fant': 0.092}, {'p': 'Ryquell Armstead', 'y': 2019, 'sim': 63.0, 'fant': 0.314}, {'p': 'Rahsul Faison', 'y': 2026, 'sim': 62.0, 'fant': None}, {'p': 'Mike Boone', 'y': 2018, 'sim': 62.0, 'fant': 0.537}]"
J.D. McKissic,2016,historical,1,retro,5,0.40522875816993464,0.8431372549019608,23.559820917407652,10.96033265705912,-0.10098555226622682,0,0,0,1,no athletic testing at all,0.6419213973799127,270.0,22.379192334017795,99.0,0.130611777444611,0.3018310691080921,8.063829787234043,0.5895,,1035.0,0.0319148936170212,,"[{'p': 'Tyrone Tracy Jr.', 'y': 2024, 'sim': 58.0, 'fant': None}, {'p': 'C.J. Prosise', 'y': 2016, 'sim': 56.0, 'fant': 0.581}, {'p': 'Tony Pollard', 'y': 2019, 'sim': 54.0, 'fant': 0.672}, {'p': 'Rachaad White', 'y': 2022, 'sim': 52.0, 'fant': 0.878}, {'p': 'Trestan Ebner', 'y': 2022, 'sim': 50.0, 'fant': 0.197}, {'p': 'Evan Hull', 'y': 2023, 'sim': 50.0, 'fant': 0.192}]"
Jaleel McLaughlin,2023,historical,1,retro,5,0.41830065359477125,0.7516339869281046,24.139290613025505,10.943811589659212,0.32659574702144323,0,0,0,1,no athletic testing at all,0.4978165938864629,270.0,22.299794661190965,22.086242299794662,0.4164224219691732,0.1388888888888889,6.758333333333334,0.203,,1888.0,0.5523114355231143,,"[{'p': 'Jason Huntley', 'y': 2020, 'sim': 60.0, 'fant': 0.092}, {'p': 'Lew Nichols', 'y': 2023, 'sim': 58.0, 'fant': 0.092}, {'p': 'Emmett Johnson', 'y': 2026, 'sim': 58.0, 'fant': None}, {'p': 'Jerome Ford', 'y': 2022, 'sim': 56.0, 'fant': 0.755}, {'p': 'Paul Perkins', 'y': 2016, 'sim': 56.0, 'fant': 0.362}, {'p': 'Eric Gray', 'y': 2023, 'sim': 56.0, 'fant': 0.245}]"
Keaton Mitchell,2023,historical,1,retro,4,0.33986928104575165,0.7189542483660131,22.897849311686837,10.898968500398631,0.4981996872721463,1,0,0,0,,0.5720524017467249,270.0,20.955509924709105,19.742642026009584,0.2846305493662621,0.0778701138811942,6.537796976241901,0.1613333333333333,0.6601966429474245,1704.0,0.4843373493975904,,"[{'p': ""De'Von Achane"", 'y': 2023, 'sim': 69.0, 'fant': 0.956}, {'p': 'Jaden Shirden', 'y': 2024, 'sim': 66.0, 'fant': None}, {'p': 'Demond Claiborne', 'y': 2026, 'sim': 60.0, 'fant': None}, {'p': 'Tyler Ervin', 'y': 2016, 'sim': 60.0, 'fant': 0.092}, {'p': 'Keenan Reynolds', 'y': 2016, 'sim': 58.0, 'fant': 0.092}, {'p': 'Tyler Goodson', 'y': 2022, 'sim': 58.0, 'fant': 0.328}]"
Raheem Mostert,2015,historical,1,retro,1,0.0784313725490196,0.27450980392156865,18.22177960331758,9.946574997522944,-0.685847790425234,0,0,0,0,,0.5240174672489083,270.0,22.729637234770703,99.0,0.123184118845724,0.051578479324144,5.580882352941177,0.0494999999999999,0.8918030355654681,645.0,0.2360406091370558,,"[{'p': 'Kerrith Whyte Jr', 'y': 2019, 'sim': 66.0, 'fant': 0.249}, {'p': 'Zac Brooks', 'y': 2016, 'sim': 64.0, 'fant': 0.092}, {'p': 'T.J. Logan', 'y': 2017, 'sim': 61.0, 'fant': 0.201}, {'p': 'James Cook', 'y': 2022, 'sim': 58.0, 'fant': 0.895}, {'p': 'Keilan Robinson', 'y': 2024, 'sim': 56.0, 'fant': None}, {'p': 'Jadarian Price', 'y': 2026, 'sim': 56.0, 'fant': None}]"
Dare Ogunbowale,2017,historical,1,retro,3,0.20915032679738563,0.4117647058823529,20.467712516075792,10.314068758413715,-0.6390835697426239,0,0,0,0,,0.3799126637554585,270.0,22.663928815879533,21.44832306639288,0.2106273186518273,0.1007412398921832,4.758620689655173,0.1463333333333333,0.3513347934206132,1118.0,0.3841584158415841,,"[{'p': 'Gus Edwards', 'y': 2018, 'sim': 71.0, 'fant': 0.633}, {'p': 'Mike Boone', 'y': 2018, 'sim': 71.0, 'fant': 0.537}, {'p': 'Michael Wiley', 'y': 2024, 'sim': 70.0, 'fant': None}, {'p': 'Patrick Laird', 'y': 2019, 'sim': 65.0, 'fant': 0.437}, {'p': 'Jalen Richard', 'y': 2016, 'sim': 63.0, 'fant': 0.651}, {'p': 'Darius Jackson', 'y': 2016, 'sim': 62.0, 'fant': 0.092}]"
Jaret Patterson,2021,historical,1,retro,5,0.49673202614379086,0.9869281045751634,25.474410196764037,11.28885096475905,0.7838245930539176,1,1,0,0,,0.3406113537117904,270.0,21.026694045174537,18.811772758384667,0.403541996648532,0.1166945840312674,6.1069182389937104,0.352,0.1198219446206563,2008.0,0.484472049689441,2.0,"[{'p': 'Devin Singletary', 'y': 2019, 'sim': 68.0, 'fant': 0.812}, {'p': 'Trayveon Williams', 'y': 2019, 'sim': 62.0, 'fant': 0.262}, {'p': 'Ronnie Rivers', 'y': 2022, 'sim': 61.0, 'fant': 0.293}, {'p': 'Tyler Badie', 'y': 2022, 'sim': 59.0, 'fant': 0.236}, {'p': 'Dylan Sampson', 'y': 2025, 'sim': 58.0, 'fant': None}, {'p': 'Michael Carter', 'y': 2021, 'sim': 57.0, 'fant': 0.699}]"
Thomas Rawls,2015,historical,1,retro,1,0.0196078431372549,0.0784313725490196,15.102709410775354,8.749057186634168,-0.5425287465912542,0,0,0,0,,0.7030567685589519,270.0,21.412731006160165,21.19917864476386,0.2239394371035719,0.0294583465315172,5.074204946996466,-0.0845,0.2855745417931645,1196.0,0.4242424242424242,3.0,"[{'p': 'Kyle Monangai', 'y': 2025, 'sim': 65.0, 'fant': None}, {'p': 'Corey Kiner', 'y': 2025, 'sim': 62.0, 'fant': None}, {'p': 'Snoop Conner', 'y': 2022, 'sim': 60.0, 'fant': 0.223}, {'p': 'Corey Clement', 'y': 2017, 'sim': 59.0, 'fant': 0.555}, {'p': 'DeeJay Dallas', 'y': 2020, 'sim': 59.0, 'fant': 0.502}, {'p': 'Alex Collins', 'y': 2016, 'sim': 57.0, 'fant': 0.769}]"
Jalen Richard,2016,historical,1,retro,2,0.13071895424836602,0.6209150326797386,19.520735456954387,10.699759437592249,-0.3998715313063045,0,0,0,1,no athletic testing at all,0.6506550218340611,270.0,22.21218343600274,19.000684462696785,0.2091979169330833,0.0615251299826689,5.242424242424242,0.1333333333333333,,1382.0,0.3760162601626016,3.0,"[{'p': 'Kylin Hill', 'y': 2021, 'sim': 66.0, 'fant': 0.188}, {'p': 'Jordan Mason', 'y': 2022, 'sim': 65.0, 'fant': 0.585}, {'p': 'Montrell Johnson Jr.', 'y': 2025, 'sim': 65.0, 'fant': None}, {'p': ""La'Mical Perine"", 'y': 2020, 'sim': 64.0, 'fant': 0.472}, {'p': 'Michael Wiley', 'y': 2024, 'sim': 63.0, 'fant': None}, {'p': 'Mike Boone', 'y': 2018, 'sim': 61.0, 'fant': 0.537}]"
Ronnie Rivers,2022,historical,1,retro,3,0.28104575163398693,0.5294117647058824,21.5020524405368,10.554429153491544,-0.049154196944258,0,0,0,0,,0.2925764192139738,270.0,22.91854893908282,19.704312114989733,0.3166943927977297,0.130194924604634,5.092399403874814,0.179,0.3635806455831085,1253.0,0.4830917874396135,2.0,"[{'p': 'Tyler Badie', 'y': 2022, 'sim': 69.0, 'fant': 0.236}, {'p': 'Matthew Dayes', 'y': 2017, 'sim': 65.0, 'fant': 0.092}, {'p': 'Ito Smith', 'y': 2018, 'sim': 64.0, 'fant': 0.511}, {'p': 'Jarquez Hunter', 'y': 2025, 'sim': 60.0, 'fant': None}, {'p': 'Myles Gaskin', 'y': 2019, 'sim': 58.0, 'fant': 0.843}, {'p': 'Tyler Goodson', 'y': 2022, 'sim': 56.0, 'fant': 0.328}]"
James Robinson,2020,historical,1,retro,2,0.1437908496732026,0.3464052287581699,19.5776942301049,10.14285134743588,0.2556639945089594,0,0,0,1,no reliable college production data (thin CFBD team-season),0.8908296943231441,270.0,21.39630390143737,99.0,,,5.714285714285714,-0.1016666666666666,0.6410243701898528,195.0,0.5909090909090909,3.0,"[{'p': 'Thomas Rawls', 'y': 2015, 'sim': 55.0, 'fant': 0.703}, {'p': 'Dameon Pierce', 'y': 2022, 'sim': 54.0, 'fant': 0.707}, {'p': 'MarShawn Lloyd', 'y': 2024, 'sim': 53.0, 'fant': None}, {'p': 'Peyton Barber', 'y': 2016, 'sim': 52.0, 'fant': 0.655}, {'p': 'Tony Jones', 'y': 2020, 'sim': 52.0, 'fant': 0.231}, {'p': 'David Montgomery', 'y': 2019, 'sim': 52.0, 'fant': 0.921}]"
Rod Smith,2015,historical,1,retro,1,0.032679738562091505,0.032679738562091505,15.811247815246862,7.369279404996482,-0.7175952014064904,0,0,0,1,no athletic testing at all,0.6812227074235808,270.0,22.9760438056126,99.0,0.0539913700107874,0.0252525252525252,5.130841121495327,0.106,,270.0,0.059040590405904,,"[{'p': 'Brandon Wilson', 'y': 2017, 'sim': 87.0, 'fant': 0.092}, {'p': 'Kene Nwangwu', 'y': 2021, 'sim': 85.0, 'fant': 0.323}, {'p': 'Emari Demercado', 'y': 2023, 'sim': 72.0, 'fant': 0.454}, {'p': 'Malik Davis', 'y': 2022, 'sim': 70.0, 'fant': 0.393}, {'p': 'Nick Bawden', 'y': 2018, 'sim': 65.0, 'fant': 0.092}, {'p': 'Deneric Prince', 'y': 2023, 'sim': 63.0, 'fant': 0.092}]"
Patrick Taylor,2020,historical,1,retro,2,0.1568627450980392,0.5751633986928104,19.74138716237855,10.599173137879252,-0.24272982785332775,0,0,0,0,,0.31004366812227074,270.0,21.675564681724847,19.463381245722108,0.2077725884677564,0.0580949572397522,5.392120075046904,0.16975,0.4815068368634723,1309.0,0.360091743119266,3.0,"[{'p': 'Josh Adams', 'y': 2018, 'sim': 65.0, 'fant': 0.533}, {'p': 'Camerun Peoples', 'y': 2023, 'sim': 64.0, 'fant': 0.092}, {'p': 'Wayne Gallman', 'y': 2017, 'sim': 56.0, 'fant': 0.546}, {'p': 'Tyrion Davis-Price', 'y': 2022, 'sim': 55.0, 'fant': 0.218}, {'p': 'Adam Randall', 'y': 2026, 'sim': 55.0, 'fant': None}, {'p': 'Trey Benson', 'y': 2024, 'sim': 55.0, 'fant': None}]"
Sean Tucker,2023,historical,1,retro,3,0.29411764705882354,0.673202614379085,21.8254111324554,10.769313486828832,0.3623972540191013,0,0,0,0,,0.4585152838427948,270.0,21.1854893908282,18.973305954825463,0.3814840729584212,0.1388888888888889,5.410169491525424,0.1436666666666666,,1751.0,0.5093167701863354,3.0,"[{'p': 'Paul Perkins', 'y': 2016, 'sim': 70.0, 'fant': 0.362}, {'p': 'Eno Benjamin', 'y': 2020, 'sim': 65.0, 'fant': 0.45}, {'p': 'Myles Gaskin', 'y': 2019, 'sim': 63.0, 'fant': 0.843}, {'p': 'Ito Smith', 'y': 2018, 'sim': 63.0, 'fant': 0.511}, {'p': 'Jarquez Hunter', 'y': 2025, 'sim': 62.0, 'fant': None}, {'p': 'Kenneth Dixon', 'y': 2016, 'sim': 61.0, 'fant': 0.659}]"
Terron Ward,2015,historical,1,retro,2,0.12418300653594772,0.39869281045751637,19.499911621059134,10.26743066068439,-0.6319952078445241,0,0,0,0,,0.3056768558951965,270.0,22.87748117727584,22.663928815879533,0.2444887792909453,0.0692889561270801,4.888594164456234,0.099,0.1199035602464606,925.0,0.3643835616438356,,"[{'p': 'Emani Bailey', 'y': 2024, 'sim': 67.0, 'fant': None}, {'p': 'Jaylen Warren', 'y': 2022, 'sim': 66.0, 'fant': 0.725}, {'p': 'Kyle Monangai', 'y': 2025, 'sim': 61.0, 'fant': None}, {'p': 'Noah Whittington', 'y': 2026, 'sim': 58.0, 'fant': None}, {'p': 'DeAndre Washington', 'y': 2016, 'sim': 57.0, 'fant': 0.493}, {'p': 'Corey Kiner', 'y': 2025, 'sim': 56.0, 'fant': None}]"
Jaylen Warren,2022,historical,1,retro,1,0.0915032679738562,0.16993464052287582,18.888625174781758,9.558359906166135,-0.6421249617986879,0,0,0,0,,0.7248908296943232,270.0,23.16769336071184,22.954140999315538,0.2312758794815687,0.0693160813308687,5.004914004914005,0.042,0.2498086545732657,1441.0,0.4280936454849498,2.0,"[{'p': 'Kyle Monangai', 'y': 2025, 'sim': 65.0, 'fant': None}, {'p': 'Emani Bailey', 'y': 2024, 'sim': 63.0, 'fant': None}, {'p': 'Corey Kiner', 'y': 2025, 'sim': 63.0, 'fant': None}, {'p': 'Cody Schrader', 'y': 2024, 'sim': 62.0, 'fant': None}, {'p': 'DeAndre Washington', 'y': 2016, 'sim': 60.0, 'fant': 0.493}, {'p': 'Kaelon Black', 'y': 2026, 'sim': 60.0, 'fant': None}]"
Darrel Williams,2018,historical,1,retro,3,0.27450980392156865,0.42483660130718953,21.29462446450498,10.333895557829571,-0.6957807198002677,0,0,0,0,,0.4759825327510917,270.0,22.715947980835043,22.50239561943874,0.2144722118612458,0.1251417769376181,5.143302180685359,0.186,0.1113770077396107,1151.0,0.2626811594202898,4.0,"[{'p': 'Dare Ogunbowale', 'y': 2017, 'sim': 58.0, 'fant': 0.38}, {'p': 'Kenny McIntosh', 'y': 2023, 'sim': 56.0, 'fant': 0.284}, {'p': 'David Williams', 'y': 2018, 'sim': 56.0, 'fant': 0.092}, {'p': 'Karlos Williams', 'y': 2015, 'sim': 54.0, 'fant': 0.777}, {'p': 'Gerrid Doaks', 'y': 2021, 'sim': 54.0, 'fant': 0.092}, {'p': 'Jonathan Williams', 'y': 2016, 'sim': 54.0, 'fant': 0.467}]"
Zach Zenner,2015,historical,1,retro,4,0.38562091503267976,0.2679738562091503,23.35619156874699,9.900584811581751,0.5570546616619115,1,0,0,1,no reliable college production data (thin CFBD team-season); no athletic testing at all,0.43231441048034935,270.0,23.301848049281315,99.0,,,7.5606060606060606,0.1659999999999999,,223.0,0.9583333333333334,,"[{'p': 'Chase Edmonds', 'y': 2018, 'sim': 54.0, 'fant': 0.694}, {'p': 'David Johnson', 'y': 2015, 'sim': 52.0, 'fant': 0.969}, {'p': 'Jerome Ford', 'y': 2022, 'sim': 49.0, 'fant': 0.755}, {'p': 'Dillon Johnson', 'y': 2024, 'sim': 48.0, 'fant': None}, {'p': 'Pierre Strong', 'y': 2022, 'sim': 48.0, 'fant': 0.41}, {'p': 'Darius Jackson', 'y': 2016, 'sim': 48.0, 'fant': 0.092}]"
Travis Dye,2023,historical,1,projected,3,0.24836601307189543,0.08496732026143791,21.137417597539358,8.818942959528295,-0.21439865839619382,0,0,0,1,no verified birth date,0.09170305676855896,270.0,,,0.3009489881451323,0.1402582159624413,6.004511278195489,0.3001999999999999,0.0080200189511546,1673.0,0.3996212121212121,3.0,"[{'p': 'Matthew Dayes', 'y': 2017, 'sim': 63.0, 'fant': 0.092}, {'p': 'Michael Wiley', 'y': 2024, 'sim': 57.0, 'fant': None}, {'p': 'Paul Perkins', 'y': 2016, 'sim': 54.0, 'fant': 0.362}, {'p': 'Eric Gray', 'y': 2023, 'sim': 54.0, 'fant': 0.245}, {'p': 'Dare Ogunbowale', 'y': 2017, 'sim': 53.0, 'fant': 0.38}, {'p': 'Sean Tucker', 'y': 2023, 'sim': 53.0, 'fant': 0.459}]"
Tiyon Evans,2023,historical,1,projected,1,0.0915032679738562,0.1437908496732026,18.62904516091246,9.36922899341996,-0.31400552212950417,0,0,0,1,no verified birth date,0.09170305676855896,270.0,,,0.1302124741612338,0.0221424296828246,6.402439024390244,0.245,0.4445749050608386,599.0,0.162109375,3.0,"[{'p': 'Snoop Conner', 'y': 2022, 'sim': 71.0, 'fant': 0.223}, {'p': 'Miyan Williams', 'y': 2024, 'sim': 68.0, 'fant': None}, {'p': 'Dameon Pierce', 'y': 2022, 'sim': 61.0, 'fant': 0.707}, {'p': 'DeeJay Dallas', 'y': 2020, 'sim': 61.0, 'fant': 0.502}, {'p': 'MarShawn Lloyd', 'y': 2024, 'sim': 61.0, 'fant': None}, {'p': 'Tony Jones', 'y': 2020, 'sim': 60.0, 'fant': 0.231}]"
Mohamed Ibrahim,2023,historical,1,projected,2,0.10457516339869281,0.12418300653594772,19.42731361896551,8.972436998787053,0.4175002682748291,1,0,0,0,,0.09170305676855896,270.0,23.31553730321697,19.10198494182067,0.4941301431127012,0.0401721664275466,5.385236447520184,0.2372,,1715.0,0.6931034482758621,3.0,"[{'p': 'Blake Corum', 'y': 2024, 'sim': 60.0, 'fant': None}, {'p': 'Kyle Monangai', 'y': 2025, 'sim': 57.0, 'fant': None}, {'p': 'Trayveon Williams', 'y': 2019, 'sim': 57.0, 'fant': 0.262}, {'p': 'Cody Schrader', 'y': 2024, 'sim': 57.0, 'fant': None}, {'p': 'Devin Singletary', 'y': 2019, 'sim': 56.0, 'fant': 0.812}, {'p': 'Myles Gaskin', 'y': 2019, 'sim': 56.0, 'fant': 0.843}]"
Camerun Peoples,2023,historical,1,projected,1,0.0718954248366013,0.13071895424836602,18.184155269235347,9.016581216350271,0.04461804590478983,0,0,0,1,no verified birth date,0.09170305676855896,270.0,,,0.2270637984923699,0.0143094841930116,6.232967032967033,0.2524,0.5101266525250612,1138.0,0.3116883116883117,2.0,"[{'p': 'Kendall Milton', 'y': 2024, 'sim': 61.0, 'fant': None}, {'p': 'Trey Sermon', 'y': 2021, 'sim': 60.0, 'fant': 0.336}, {'p': 'Jordan Wilkins', 'y': 2018, 'sim': 60.0, 'fant': 0.384}, {'p': 'Patrick Taylor', 'y': 2020, 'sim': 59.0, 'fant': 0.31}, {'p': 'Damien Martinez', 'y': 2025, 'sim': 59.0, 'fant': None}, {'p': 'Kalel Mullings', 'y': 2025, 'sim': 59.0, 'fant': None}]"
Deneric Prince,2023,historical,1,projected,1,0.032679738562091505,0.13071895424836602,16.54845252990431,9.00769096309146,-0.5206535556240763,0,0,0,0,,0.09170305676855896,270.0,22.72416153319644,99.0,0.1484245105926522,0.0256253813300793,5.536507936507936,0.0857499999999999,0.746407269946154,813.0,0.3007159904534606,3.0,"[{'p': 'Chris Carson', 'y': 2017, 'sim': 79.0, 'fant': 0.882}, {'p': 'Roschon Johnson', 'y': 2023, 'sim': 62.0, 'fant': 0.541}, {'p': 'Kene Nwangwu', 'y': 2021, 'sim': 62.0, 'fant': 0.323}, {'p': 'Joe Williams', 'y': 2017, 'sim': 62.0, 'fant': 0.092}, {'p': 'Emari Demercado', 'y': 2023, 'sim': 62.0, 'fant': 0.454}, {'p': 'Isaac Guerendo', 'y': 2024, 'sim': 61.0, 'fant': None}]"
Tavion Thomas,2023,historical,1,projected,1,0.032679738562091505,0.0718954248366013,16.420589571431183,8.573559499145727,-0.29171876878819103,0,0,0,1,no verified birth date,0.09170305676855896,270.0,,,0.2635413828544606,0.0123244482659787,5.229473684210526,0.19725,0.1811146098348902,1111.0,0.3856332703213611,3.0,"[{'p': 'Elijah Hood', 'y': 2017, 'sim': 66.0, 'fant': 0.092}, {'p': 'Jordan Howard', 'y': 2016, 'sim': 61.0, 'fant': 0.86}, {'p': 'Peyton Barber', 'y': 2016, 'sim': 58.0, 'fant': 0.655}, {'p': 'Samaje Perine', 'y': 2017, 'sim': 57.0, 'fant': 0.406}, {'p': 'Qadree Ollison', 'y': 2019, 'sim': 57.0, 'fant': 0.349}, {'p': 'Snoop Conner', 'y': 2022, 'sim': 57.0, 'fant': 0.223}]"
SaRodorick Thompson,2023,historical,1,projected,1,0.05228758169934641,0.12418300653594772,17.876359445633238,8.937158346987506,-0.4028174348598513,0,0,0,0,,0.09170305676855896,270.0,23.252566735112936,20.03832991101985,0.2170484476015643,0.0468101170252925,4.922651933701657,0.1586,0.2408281928884372,919.0,0.399002493765586,3.0,"[{'p': 'Jordan Scarlett', 'y': 2019, 'sim': 64.0, 'fant': 0.092}, {'p': 'Ty Chandler', 'y': 2022, 'sim': 62.0, 'fant': 0.424}, {'p': 'Ulysses Bentley IV', 'y': 2025, 'sim': 60.0, 'fant': None}, {'p': ""Le'Veon Moss"", 'y': 2026, 'sim': 60.0, 'fant': None}, {'p': 'Roman Hemby', 'y': 2026, 'sim': 60.0, 'fant': None}, {'p': 'Wayne Gallman', 'y': 2017, 'sim': 59.0, 'fant': 0.546}]"
Emani Bailey,2024,prediction,1,projected,3,0.20261437908496732,0.42483660130718953,20.3375444369733,10.3552993126989,-0.2574781735984874,0,0,0,0,,,270.0,22.091718001368925,21.87816563997262,0.222156683172159,0.05,5.904371584699454,0.23325,0.1901626220845696,1393.0,0.551980198019802,3.0,"[{'p': 'Jaylen Warren', 'y': 2022, 'sim': 65.0, 'fant': 0.725}, {'p': 'Kyle Monangai', 'y': 2025, 'sim': 64.0, 'fant': None}, {'p': 'DeAndre Washington', 'y': 2016, 'sim': 62.0, 'fant': 0.493}, {'p': 'Terron Ward', 'y': 2015, 'sim': 61.0, 'fant': 0.306}, {'p': 'Corey Kiner', 'y': 2025, 'sim': 61.0, 'fant': None}, {'p': 'Cody Schrader', 'y': 2024, 'sim': 60.0, 'fant': None}]"
George Holani,2024,prediction,1,projected,2,0.10457516339869281,0.13725490196078433,19.415798152714494,9.18333779232466,-0.26474037539713874,0,0,0,0,,,270.0,24.04380561259412,19.83025325119781,0.2581000339084783,0.0642349903163331,5.262536873156342,0.2133999999999999,0.7177940881455137,1308.0,0.4123134328358209,3.0,"[{'p': 'Brittain Brown', 'y': 2022, 'sim': 65.0, 'fant': 0.092}, {'p': 'Jordan Mason', 'y': 2022, 'sim': 61.0, 'fant': 0.585}, {'p': 'Jalen Richard', 'y': 2016, 'sim': 60.0, 'fant': 0.651}, {'p': 'Patrick Laird', 'y': 2019, 'sim': 58.0, 'fant': 0.437}, {'p': 'Ty Chandler', 'y': 2022, 'sim': 58.0, 'fant': 0.424}, {'p': 'Gus Edwards', 'y': 2018, 'sim': 58.0, 'fant': 0.633}]"
Dillon Johnson,2024,prediction,1,projected,3,0.2549019607843137,0.46405228758169936,21.206964678086557,10.461997217604356,-0.39208601931354903,0,0,0,0,,,270.0,22.546201232032853,22.33264887063655,0.2207521528349471,0.0858072387149247,5.1922246220302375,0.16525,0.1585958731644059,1385.0,0.5959079283887468,3.0,"[{'p': 'Dare Ogunbowale', 'y': 2017, 'sim': 62.0, 'fant': 0.38}, {'p': 'Jerome Ford', 'y': 2022, 'sim': 59.0, 'fant': 0.755}, {'p': 'Wayne Gallman', 'y': 2017, 'sim': 59.0, 'fant': 0.546}, {'p': 'Darius Jackson', 'y': 2016, 'sim': 56.0, 'fant': 0.092}, {'p': 'Kylin Hill', 'y': 2021, 'sim': 54.0, 'fant': 0.188}, {'p': 'Patrick Laird', 'y': 2019, 'sim': 54.0, 'fant': 0.437}]"
Kendall Milton,2024,prediction,1,projected,1,0.032679738562091505,0.11764705882352941,17.46594011838076,8.914387858281536,-0.16346197689131553,0,0,0,0,,,270.0,21.88911704312115,21.675564681724847,0.1599141247166947,0.0144241604687852,6.191919191919192,0.1965,0.5634007339984417,815.0,0.25,4.0,"[{'p': 'Bo Scarbrough', 'y': 2018, 'sim': 68.0, 'fant': 0.576}, {'p': ""Ja'Quinden Jackson"", 'y': 2025, 'sim': 64.0, 'fant': None}, {'p': 'CJ Donaldson', 'y': 2026, 'sim': 63.0, 'fant': None}, {'p': 'Kalel Mullings', 'y': 2025, 'sim': 63.0, 'fant': None}, {'p': 'Chris Carson', 'y': 2017, 'sim': 63.0, 'fant': 0.882}, {'p': 'Camerun Peoples', 'y': 2023, 'sim': 62.0, 'fant': 0.092}]"
Cody Schrader,2024,prediction,1,projected,1,0.0718954248366013,0.08496732026143791,18.070779032160072,8.809068308301022,-0.3213003809899073,0,0,0,0,,,270.0,24.314852840520192,23.10198494182067,0.3050162880788871,0.0562592047128129,5.29372197309417,0.1185,0.1223616927699526,1808.0,0.575,,"[{'p': 'Jaylen Warren', 'y': 2022, 'sim': 64.0, 'fant': 0.725}, {'p': 'Corey Kiner', 'y': 2025, 'sim': 61.0, 'fant': None}, {'p': 'Emani Bailey', 'y': 2024, 'sim': 60.0, 'fant': None}, {'p': 'Matthew Dayes', 'y': 2017, 'sim': 59.0, 'fant': 0.092}, {'p': 'Cameron Artis-Payne', 'y': 2015, 'sim': 58.0, 'fant': 0.367}, {'p': 'Ulysses Bentley IV', 'y': 2025, 'sim': 57.0, 'fant': None}]"
Jaden Shirden,2024,prediction,1,projected,3,0.28104575163398693,0.43790849673202614,21.42535674149828,10.3788005737151,0.32283649849040064,0,0,0,1,no verified birth date,,270.0,,,0.2918073435128914,0.0458786936236391,7.457345971563981,0.2896666666666667,0.2945978365320982,1749.0,0.5606469002695418,,"[{'p': ""De'Von Achane"", 'y': 2023, 'sim': 66.0, 'fant': 0.956}, {'p': 'Keaton Mitchell', 'y': 2023, 'sim': 61.0, 'fant': 0.572}, {'p': 'Bryce Love', 'y': 2019, 'sim': 59.0, 'fant': 0.092}, {'p': 'Keenan Reynolds', 'y': 2016, 'sim': 57.0, 'fant': 0.092}, {'p': 'Brashard Smith', 'y': 2025, 'sim': 57.0, 'fant': None}, {'p': 'Kyren Williams', 'y': 2022, 'sim': 57.0, 'fant': 0.961}]"
Michael Wiley,2024,prediction,1,projected,3,0.28104575163398693,0.5098039215686274,21.43810166058194,10.5366457917903,-0.34992785087488976,0,0,0,0,,,270.0,22.140999315537304,19.928815879534564,0.2363340311700395,0.1093519882179676,5.076923076923077,0.2052,0.3999261982969475,1120.0,0.3284883720930232,3.0,"[{'p': 'Dare Ogunbowale', 'y': 2017, 'sim': 69.0, 'fant': 0.38}, {'p': 'Dontrell Hilliard', 'y': 2018, 'sim': 65.0, 'fant': 0.371}, {'p': 'Jalen Richard', 'y': 2016, 'sim': 64.0, 'fant': 0.651}, {'p': 'Mike Boone', 'y': 2018, 'sim': 63.0, 'fant': 0.537}, {'p': ""La'Mical Perine"", 'y': 2020, 'sim': 60.0, 'fant': 0.472}, {'p': 'Kylin Hill', 'y': 2021, 'sim': 60.0, 'fant': 0.188}]"
Miyan Williams,2024,prediction,1,projected,1,0.0784313725490196,0.13071895424836602,18.270131431616047,9.093024480516224,-0.12894819115776018,0,0,0,1,no verified birth date,,270.0,,,0.163753535669044,0.0149434571890145,6.027237354085603,0.31375,,852.0,0.2813186813186813,3.0,"[{'p': 'Tiyon Evans', 'y': 2023, 'sim': 72.0, 'fant': 0.092}, {'p': 'MarShawn Lloyd', 'y': 2024, 'sim': 63.0, 'fant': None}, {'p': 'Devante Mays', 'y': 2017, 'sim': 61.0, 'fant': 0.092}, {'p': 'Peyton Barber', 'y': 2016, 'sim': 61.0, 'fant': 0.655}, {'p': 'Snoop Conner', 'y': 2022, 'sim': 60.0, 'fant': 0.223}, {'p': 'Jonah Coleman', 'y': 2026, 'sim': 57.0, 'fant': None}]"
Donovan Edwards,2025,prediction,1,projected,3,0.23529411764705882,0.5294117647058824,20.95590262119962,10.554708585726733,-0.4258028077553775,0,0,0,0,,,270.0,21.8507871321013,19.63586584531143,0.1733654876741693,0.0827607745159275,5.334123222748815,0.13125,0.7729326513213981,1191.0,0.2683438155136268,4.0,"[{'p': 'Montrell Johnson Jr.', 'y': 2025, 'sim': 66.0, 'fant': None}, {'p': 'Travis Homer', 'y': 2019, 'sim': 65.0, 'fant': 0.485}, {'p': 'Will Shipley', 'y': 2024, 'sim': 62.0, 'fant': None}, {'p': 'Ty Chandler', 'y': 2022, 'sim': 60.0, 'fant': 0.424}, {'p': 'Rico Dowdle', 'y': 2020, 'sim': 60.0, 'fant': 0.668}, {'p': 'Chris Evans', 'y': 2021, 'sim': 58.0, 'fant': 0.358}]"
Ulysses Bentley IV,2025,prediction,1,projected,1,0.09803921568627451,0.13071895424836602,19.161115983461855,9.079725603783771,-0.24281541356948613,0,0,0,0,,,270.0,24.005475701574262,19.79192334017796,0.2359424027509133,0.0547169811320754,5.516059957173447,0.2361666666666666,0.1718537718442994,1072.0,0.4555256064690027,3.0,"[{'p': 'Jordan Scarlett', 'y': 2019, 'sim': 62.0, 'fant': 0.092}, {'p': 'SaRodorick Thompson', 'y': 2023, 'sim': 61.0, 'fant': 0.092}, {'p': 'Robert Henry Jr.', 'y': 2026, 'sim': 60.0, 'fant': None}, {'p': 'Marcus Murphy', 'y': 2015, 'sim': 60.0, 'fant': 0.092}, {'p': 'Jawhar Jordan', 'y': 2024, 'sim': 58.0, 'fant': None}, {'p': ""J'Mari Taylor"", 'y': 2026, 'sim': 58.0, 'fant': None}]"
Ja'Quinden Jackson,2025,prediction,1,projected,2,0.13071895424836602,0.12418300653594772,19.57037573807061,8.930906432157752,-0.09361806126774878,0,0,0,0,,,270.0,23.30458590006845,22.0889801505818,0.2275977280320748,0.038946483608854,5.451776649746193,0.35925,0.2797621952211324,929.0,0.3072164948453608,,"[{'p': 'Kendall Milton', 'y': 2024, 'sim': 63.0, 'fant': None}, {'p': 'Kalel Mullings', 'y': 2025, 'sim': 61.0, 'fant': None}, {'p': 'Hassan Haskins', 'y': 2022, 'sim': 61.0, 'fant': 0.297}, {'p': 'Brian Robinson Jr.', 'y': 2022, 'sim': 61.0, 'fant': 0.825}, {'p': 'Rodney Anderson', 'y': 2019, 'sim': 61.0, 'fant': 0.092}, {'p': 'David Williams', 'y': 2018, 'sim': 61.0, 'fant': 0.092}]"
Montrell Johnson Jr.,2025,prediction,1,projected,3,0.2549019607843137,0.6928104575163399,21.227247705525,10.822486721173341,-0.16838538033868594,0,0,0,0,,,270.0,22.220396988364133,19.006160164271048,0.1980414640506834,0.0764744005184705,5.428822495606327,0.17675,0.7133805613203169,1053.0,0.3680387409200968,3.0,"[{'p': 'Jalen Richard', 'y': 2016, 'sim': 67.0, 'fant': 0.651}, {'p': 'Rico Dowdle', 'y': 2020, 'sim': 63.0, 'fant': 0.668}, {'p': 'Donovan Edwards', 'y': 2025, 'sim': 63.0, 'fant': None}, {'p': 'Damien Martinez', 'y': 2025, 'sim': 61.0, 'fant': None}, {'p': 'Dontrell Hilliard', 'y': 2018, 'sim': 61.0, 'fant': 0.371}, {'p': 'Trey Benson', 'y': 2024, 'sim': 61.0, 'fant': None}]"
Corey Kiner,2025,prediction,1,projected,1,0.032679738562091505,0.1437908496732026,17.00294505657753,9.369365813623777,-0.6451840310391591,0,0,0,0,,,270.0,22.94592744695414,21.730321697467488,0.1783345409954851,0.0369978858350951,5.190647482014389,0.07925,0.2705882352941176,1258.0,0.4857142857142857,4.0,"[{'p': 'Kyle Monangai', 'y': 2025, 'sim': 64.0, 'fant': None}, {'p': 'Thomas Rawls', 'y': 2015, 'sim': 60.0, 'fant': 0.703}, {'p': 'Jaylen Warren', 'y': 2022, 'sim': 60.0, 'fant': 0.725}, {'p': 'Jordan Scarlett', 'y': 2019, 'sim': 59.0, 'fant': 0.092}, {'p': 'DeAndre Washington', 'y': 2016, 'sim': 59.0, 'fant': 0.493}, {'p': 'Khalil Herbert', 'y': 2021, 'sim': 57.0, 'fant': 0.677}]"
Raheim Sanders,2025,prediction,1,projected,3,0.28104575163398693,0.5098039215686274,21.618618702235636,10.52667956961822,-0.21843249144850926,0,0,0,0,,,270.0,22.56810403832991,20.35318275154004,0.2526024723487313,0.1090783569209527,5.354561101549053,0.17775,0.757583507711385,1714.0,0.3693843594009983,4.0,"[{'p': 'Zach Charbonnet', 'y': 2023, 'sim': 62.0, 'fant': 0.76}, {'p': 'Javorius Allen', 'y': 2015, 'sim': 62.0, 'fant': 0.716}, {'p': 'Nicholas Singleton', 'y': 2026, 'sim': 61.0, 'fant': None}, {'p': 'Montrell Johnson Jr.', 'y': 2025, 'sim': 61.0, 'fant': None}, {'p': 'Keaontay Ingram', 'y': 2022, 'sim': 60.0, 'fant': 0.21}, {'p': 'DJ Giddens', 'y': 2025, 'sim': 60.0, 'fant': None}]"
Marcus Yarns,2025,prediction,1,projected,5,0.4117647058823529,0.8431372549019608,24.080153520240987,10.96033265705912,0.39335340256642476,0,0,0,1,no verified birth date,,270.0,,,0.2920043894912971,0.1066044508255563,6.666666666666667,0.3939999999999999,0.5788348580050768,1251.0,0.3481675392670157,,"[{'p': 'Brashard Smith', 'y': 2025, 'sim': 67.0, 'fant': None}, {'p': 'James Cook', 'y': 2022, 'sim': 66.0, 'fant': 0.895}, {'p': 'Elijah Mitchell', 'y': 2021, 'sim': 60.0, 'fant': 0.808}, {'p': 'Salvon Ahmed', 'y': 2020, 'sim': 57.0, 'fant': 0.598}, {'p': ""De'Von Achane"", 'y': 2023, 'sim': 57.0, 'fant': 0.956}, {'p': 'Tyjae Spears', 'y': 2023, 'sim': 57.0, 'fant': 0.686}]"
CJ Donaldson,2026,prediction,1,projected,1,0.0718954248366013,0.2222222222222222,18.02655051673455,9.795332242310504,-0.25743687008513394,0,0,0,0,,,270.0,21.481177275838466,19.266255989048595,0.2066565578768332,0.0380395025603511,4.678916827852998,0.25975,,857.0,0.3152804642166344,,"[{'p': 'Kalel Mullings', 'y': 2025, 'sim': 69.0, 'fant': None}, {'p': 'Hassan Haskins', 'y': 2022, 'sim': 67.0, 'fant': 0.297}, {'p': 'Phil Mafah', 'y': 2025, 'sim': 66.0, 'fant': None}, {'p': 'Kendall Milton', 'y': 2024, 'sim': 63.0, 'fant': None}, {'p': 'Bo Scarbrough', 'y': 2018, 'sim': 62.0, 'fant': 0.576}, {'p': ""Ja'Quinden Jackson"", 'y': 2025, 'sim': 61.0, 'fant': None}]"
Rahsul Faison,2026,prediction,1,projected,1,0.0915032679738562,0.24183006535947713,18.617906420256933,9.861562235105524,-0.4187838514694185,0,0,0,1,no verified birth date,,270.0,,,0.1873014745070172,0.0436551979282279,5.618932038834951,0.141,0.5108610017959264,1208.0,0.4725536992840095,2.0,"[{'p': 'Jordan Mason', 'y': 2022, 'sim': 63.0, 'fant': 0.585}, {'p': 'Jalen Richard', 'y': 2016, 'sim': 62.0, 'fant': 0.651}, {'p': 'Wendell Smallwood', 'y': 2016, 'sim': 60.0, 'fant': 0.594}, {'p': 'Jerome Ford', 'y': 2022, 'sim': 59.0, 'fant': 0.755}, {'p': 'Joshua Kelley', 'y': 2020, 'sim': 58.0, 'fant': 0.463}, {'p': 'Gus Edwards', 'y': 2018, 'sim': 57.0, 'fant': 0.633}]"
Eli Heidenreich,2026,prediction,1,projected,5,0.40522875816993464,0.8431372549019608,23.838701677634692,10.96033265705912,0.2636755693196927,0,0,0,0,,,270.0,22.431211498973305,20.216290212183434,0.2171127848724007,0.5,6.846153846153846,0.6826666666666666,0.5136226334578139,1440.0,0.1230031948881789,,"[{'p': 'Malcolm Perry', 'y': 2020, 'sim': 59.0, 'fant': 0.279}, {'p': 'J.D. McKissic', 'y': 2016, 'sim': 57.0, 'fant': 0.642}, {'p': 'Christian McCaffrey', 'y': 2017, 'sim': 50.0, 'fant': 1.0}, {'p': 'Dylan Laube', 'y': 2024, 'sim': 49.0, 'fant': None}, {'p': 'Tyrone Tracy Jr.', 'y': 2024, 'sim': 49.0, 'fant': None}, {'p': 'Evan Hull', 'y': 2023, 'sim': 48.0, 'fant': 0.192}]"
Roman Hemby,2026,prediction,1,projected,3,0.20915032679738563,0.13071895424836602,20.514542293317138,9.098543142732368,-0.34107581608803395,0,0,0,0,,,270.0,23.378507871321013,20.164271047227928,0.2477116704805492,0.0962493105350248,4.86938202247191,0.1774,,1287.0,0.4095860566448802,3.0,"[{'p': 'Ty Chandler', 'y': 2022, 'sim': 74.0, 'fant': 0.424}, {'p': 'Montrell Johnson Jr.', 'y': 2025, 'sim': 60.0, 'fant': None}, {'p': 'Jeremy Langford', 'y': 2015, 'sim': 60.0, 'fant': 0.62}, {'p': 'George Holani', 'y': 2024, 'sim': 58.0, 'fant': None}, {'p': 'Daniel Lasco', 'y': 2016, 'sim': 58.0, 'fant': 0.092}, {'p': 'SaRodorick Thompson', 'y': 2023, 'sim': 58.0, 'fant': 0.092}]"
Robert Henry Jr.,2026,prediction,1,projected,1,0.0915032679738562,0.11764705882352941,18.732903836327566,8.919857008019981,-0.17591915314999038,0,0,0,0,,,270.0,24.00273785078713,21.78781656399726,0.2054211388029834,0.0540027137042062,5.732843137254902,0.1686666666666666,0.5474380379845948,1159.0,0.347926267281106,,"[{'p': 'Jawhar Jordan', 'y': 2024, 'sim': 65.0, 'fant': None}, {'p': 'T.J. Logan', 'y': 2017, 'sim': 65.0, 'fant': 0.201}, {'p': 'Ulysses Bentley IV', 'y': 2025, 'sim': 59.0, 'fant': None}, {'p': 'Ty Chandler', 'y': 2022, 'sim': 59.0, 'fant': 0.424}, {'p': 'George Holani', 'y': 2024, 'sim': 58.0, 'fant': None}, {'p': 'Marcus Murphy', 'y': 2015, 'sim': 55.0, 'fant': 0.092}]"
Le'Veon Moss,2026,prediction,1,projected,1,0.0915032679738562,0.33986928104575165,18.972774654121213,10.127338327827655,-0.5146442615448422,0,0,0,1,no verified birth date,,270.0,,,0.1943451133196873,0.0515727871250914,5.506211180124224,0.12475,0.2171289160111742,906.0,0.2335907335907336,4.0,"[{'p': 'Salvon Ahmed', 'y': 2020, 'sim': 65.0, 'fant': 0.598}, {'p': 'Jadarian Price', 'y': 2026, 'sim': 60.0, 'fant': None}, {'p': 'SaRodorick Thompson', 'y': 2023, 'sim': 59.0, 'fant': 0.092}, {'p': 'Ty Chandler', 'y': 2022, 'sim': 57.0, 'fant': 0.424}, {'p': 'Jordan Scarlett', 'y': 2019, 'sim': 57.0, 'fant': 0.092}, {'p': 'T.J. Logan', 'y': 2017, 'sim': 56.0, 'fant': 0.201}]"
Desmond Reid,2026,prediction,1,projected,5,0.40522875816993464,0.8431372549019608,23.689646452626686,10.96033265705912,-0.013790779526007917,0,0,0,1,no verified birth date,,270.0,,,0.2453160270880361,0.1670031727718488,6.069815195071868,0.32225,0.2588467798186468,1545.0,0.4412470023980815,3.0,"[{'p': 'Donnel Pumphrey', 'y': 2017, 'sim': 63.0, 'fant': 0.092}, {'p': 'Demetric Felton', 'y': 2021, 'sim': 63.0, 'fant': 0.258}, {'p': 'Phillip Lindsay', 'y': 2018, 'sim': 63.0, 'fant': 0.852}, {'p': ""De'Von Achane"", 'y': 2023, 'sim': 62.0, 'fant': 0.956}, {'p': 'Deuce Vaughn', 'y': 2023, 'sim': 62.0, 'fant': 0.253}, {'p': 'Keaton Mitchell', 'y': 2023, 'sim': 60.0, 'fant': 0.572}]"
J'Mari Taylor,2026,prediction,1,projected,3,0.21568627450980393,0.13071895424836602,20.623974294280444,8.989538738862688,-0.04956619185918891,0,0,0,0,,,270.0,23.80013689253936,22.587268993839835,0.3640886890886891,0.1199253383107792,5.094405594405594,0.163,0.2770214219489582,1403.0,0.5957446808510638,,"[{'p': 'Emmett Johnson', 'y': 2026, 'sim': 67.0, 'fant': None}, {'p': 'Matthew Dayes', 'y': 2017, 'sim': 59.0, 'fant': 0.092}, {'p': 'Ulysses Bentley IV', 'y': 2025, 'sim': 59.0, 'fant': None}, {'p': 'Jawhar Jordan', 'y': 2024, 'sim': 58.0, 'fant': None}, {'p': 'Rasheen Ali', 'y': 2024, 'sim': 58.0, 'fant': None}, {'p': 'Tyler Badie', 'y': 2022, 'sim': 58.0, 'fant': 0.236}]"
Noah Whittington,2026,prediction,1,projected,1,0.05228758169934641,0.058823529411764705,17.842324899199514,8.489851892850666,-0.5740413027163055,0,0,0,0,,,270.0,24.05201916495551,99.0,0.1216528387831462,0.045638671347556,5.644359464627151,0.1913333333333333,,950.0,0.2953216374269006,,"[{'p': 'Kaelon Black', 'y': 2026, 'sim': 74.0, 'fant': None}, {'p': 'Jaylen Warren', 'y': 2022, 'sim': 62.0, 'fant': 0.725}, {'p': 'JaMycal Hasty', 'y': 2020, 'sim': 62.0, 'fant': 0.419}, {'p': 'Corey Kiner', 'y': 2025, 'sim': 59.0, 'fant': None}, {'p': 'Ray Davis', 'y': 2024, 'sim': 58.0, 'fant': None}, {'p': 'Cameron Artis-Payne', 'y': 2015, 'sim': 55.0, 'fant': 0.367}]"
